Exp Num,agent:svo_convergence_factor,agent:params:metabolism,agent:params:consumption_factor,agent:params:procreate_cost_factor,agent:params:procreate_req_factor,agent:params:start_energy_factor,agent:params:caught_chance,agent:params:caught_cooldown_factor,agent:params:maximum_age,Epoch,Resource,A,B,C,D,E
182592,3.0,15.0,1.0,5.0,1.0,3.0,0.4,0.4,30.0,0,3500.0,15,30,11,32,68
182592,3.0,15.0,1.0,5.0,1.0,3.0,0.4,0.4,30.0,1,2950.0,15,30,11,32,68
182592,3.0,15.0,1.0,5.0,1.0,3.0,0.4,0.4,30.0,2,2787.5,15,30,11,32,68
182592,3.0,15.0,1.0,5.0,1.0,3.0,0.4,0.4,30.0,3,2764.375,15,29,10,31,66
182592,3.0,15.0,1.0,5.0,1.0,3.0,0.4,0.4,30.0,4,2735.46875,12,24,9,30,57
182592,3.0,15.0,1.0,5.0,1.0,3.0,0.4,0.4,30.0,5,2714.3359375,9,18,7,26,46
182592,3.0,15.0,1.0,5.0,1.0,3.0,0.4,0.4,30.0,6,2522.919921875,7,16,7,26,41
182592,3.0,15.0,1.0,5.0,1.0,3.0,0.4,0.4,30.0,7,2268.64990234375,6,15,7,26,39
182592,3.0,15.0,1.0,5.0,1.0,3.0,0.4,0.4,30.0,8,1935.8123779296875,5,15,7,26,38
182592,3.0,15.0,1.0,5.0,1.0,3.0,0.4,0.4,30.0,9,1639.7654724121094,4,13,7,26,35
182592,3.0,15.0,1.0,5.0,1.0,3.0,0.4,0.4,30.0,10,1404.7068405151367,4,13,7,26,35
182592,3.0,15.0,1.0,5.0,1.0,3.0,0.4,0.4,30.0,11,1230.883550643921,4,10,7,26,32
182592,3.0,15.0,1.0,5.0,1.0,3.0,0.4,0.4,30.0,12,923.6044383049011,3,9,7,25,29
182592,3.0,15.0,1.0,5.0,1.0,3.0,0.4,0.4,30.0,13,524.5055478811264,3,8,6,22,27
182592,3.0,15.0,1.0,5.0,1.0,3.0,0.4,0.4,30.0,14,0,3,7,6,21,25
182592,3.0,15.0,1.0,5.0,1.0,3.0,0.4,0.4,30.0,15,0,1,4,2,10,13
182592,3.0,15.0,1.0,5.0,1.0,3.0,0.4,0.4,30.0,16,0,1,3,1,2,9
182592,3.0,15.0,1.0,5.0,1.0,3.0,0.4,0.4,30.0,17,0,0,2,1,0,5
182592,3.0,15.0,1.0,5.0,1.0,3.0,0.4,0.4,30.0,18,0,0,2,0,0,2
182592,3.0,15.0,1.0,5.0,1.0,3.0,0.4,0.4,30.0,19,0,0,1,0,0,1