Exp Num,agent:svo_convergence_factor,agent:params:metabolism,agent:params:consumption_factor,agent:params:procreate_cost_factor,agent:params:procreate_req_factor,agent:params:start_energy_factor,agent:params:caught_chance,agent:params:caught_cooldown_factor,agent:params:maximum_age,Epoch,Resource,A,B,C,D,E
193832,3.0,15.0,3.0,5.0,1.0,3.0,0.4,0.2,30.0,0,4145.0,11,28,16,34,75
193832,3.0,15.0,3.0,5.0,1.0,3.0,0.4,0.2,30.0,1,3336.25,12,29,17,36,78
193832,3.0,15.0,3.0,5.0,1.0,3.0,0.4,0.2,30.0,2,2370.3125,12,20,12,33,63
193832,3.0,15.0,3.0,5.0,1.0,3.0,0.4,0.2,30.0,3,1882.890625,11,18,15,32,63
193832,3.0,15.0,3.0,5.0,1.0,3.0,0.4,0.2,30.0,4,1048.61328125,12,16,19,33,66
193832,3.0,15.0,3.0,5.0,1.0,3.0,0.4,0.2,30.0,5,0,13,12,17,32,60
193832,3.0,15.0,3.0,5.0,1.0,3.0,0.4,0.2,30.0,6,0,12,10,19,24,54
193832,3.0,15.0,3.0,5.0,1.0,3.0,0.4,0.2,30.0,7,0,8,6,15,18,39
193832,3.0,15.0,3.0,5.0,1.0,3.0,0.4,0.2,30.0,8,0,7,6,15,15,34
193832,3.0,15.0,3.0,5.0,1.0,3.0,0.4,0.2,30.0,9,0,7,4,12,9,24
193832,3.0,15.0,3.0,5.0,1.0,3.0,0.4,0.2,30.0,10,0,6,4,9,5,19
193832,3.0,15.0,3.0,5.0,1.0,3.0,0.4,0.2,30.0,11,0,4,4,7,4,15
193832,3.0,15.0,3.0,5.0,1.0,3.0,0.4,0.2,30.0,12,0,2,2,6,1,10
193832,3.0,15.0,3.0,5.0,1.0,3.0,0.4,0.2,30.0,13,0,1,0,5,0,6
193832,3.0,15.0,3.0,5.0,1.0,3.0,0.4,0.2,30.0,14,0,0,0,5,0,5
193832,3.0,15.0,3.0,5.0,1.0,3.0,0.4,0.2,30.0,15,0,0,0,3,0,3
193832,3.0,15.0,3.0,5.0,1.0,3.0,0.4,0.2,30.0,16,55.0,0,0,2,0,2
193832,3.0,15.0,3.0,5.0,1.0,3.0,0.4,0.2,30.0,17,23.75,0,0,2,0,2
193832,3.0,15.0,3.0,5.0,1.0,3.0,0.4,0.2,30.0,18,0,0,0,2,0,2
193832,3.0,15.0,3.0,5.0,1.0,3.0,0.4,0.2,30.0,19,0,0,0,1,0,1