Exp Num,agent:svo_convergence_factor,agent:params:metabolism,agent:params:consumption_factor,agent:params:procreate_cost_factor,agent:params:procreate_req_factor,agent:params:start_energy_factor,agent:params:caught_chance,agent:params:caught_cooldown_factor,agent:params:maximum_age,Epoch,Resource,A,B,C,D,E
12124,1.0,5.0,3.0,1.0,3.0,1.0,0.5,0.5,50.0,0,3500.0,16,36,31,48,102
12124,1.0,5.0,3.0,1.0,3.0,1.0,0.5,0.5,50.0,1,3865.0,16,44,38,50,117
12124,1.0,5.0,3.0,1.0,3.0,1.0,0.5,0.5,50.0,2,3766.25,9,44,39,56,113
12124,1.0,5.0,3.0,1.0,3.0,1.0,0.5,0.5,50.0,3,4002.8125,7,50,43,61,122
12124,1.0,5.0,3.0,1.0,3.0,1.0,0.5,0.5,50.0,4,4043.515625,5,41,48,70,117
12124,1.0,5.0,3.0,1.0,3.0,1.0,0.5,0.5,50.0,5,4214.39453125,3,39,55,78,121
12124,1.0,5.0,3.0,1.0,3.0,1.0,0.5,0.5,50.0,6,4277.9931640625,0,32,61,88,121
12124,1.0,5.0,3.0,1.0,3.0,1.0,0.5,0.5,50.0,7,4372.491455078125,0,29,65,96,126
12124,1.0,5.0,3.0,1.0,3.0,1.0,0.5,0.5,50.0,8,4280.614318847656,0,26,72,109,133
12124,1.0,5.0,3.0,1.0,3.0,1.0,0.5,0.5,50.0,9,4075.7678985595703,0,20,80,124,136
12124,1.0,5.0,3.0,1.0,3.0,1.0,0.5,0.5,50.0,10,3489.709873199463,0,16,97,142,155
12124,1.0,5.0,3.0,1.0,3.0,1.0,0.5,0.5,50.0,11,2997.1373414993286,0,14,99,164,160
12124,1.0,5.0,3.0,1.0,3.0,1.0,0.5,0.5,50.0,12,1781.4216768741608,0,10,108,190,174
12124,1.0,5.0,3.0,1.0,3.0,1.0,0.5,0.5,50.0,13,651.777096092701,0,10,108,203,178
12124,1.0,5.0,3.0,1.0,3.0,1.0,0.5,0.5,50.0,14,0,0,7,84,174,145
12124,1.0,5.0,3.0,1.0,3.0,1.0,0.5,0.5,50.0,15,0,0,5,58,109,100
12124,1.0,5.0,3.0,1.0,3.0,1.0,0.5,0.5,50.0,16,0,0,4,27,69,51
12124,1.0,5.0,3.0,1.0,3.0,1.0,0.5,0.5,50.0,17,0,0,2,17,42,29
12124,1.0,5.0,3.0,1.0,3.0,1.0,0.5,0.5,50.0,18,0,0,2,10,21,17
12124,1.0,5.0,3.0,1.0,3.0,1.0,0.5,0.5,50.0,19,0,0,1,8,8,12
12124,1.0,5.0,3.0,1.0,3.0,1.0,0.5,0.5,50.0,20,0,0,0,6,5,7
12124,1.0,5.0,3.0,1.0,3.0,1.0,0.5,0.5,50.0,21,0,0,0,3,3,3
12124,1.0,5.0,3.0,1.0,3.0,1.0,0.5,0.5,50.0,22,0,0,0,1,2,1
12124,1.0,5.0,3.0,1.0,3.0,1.0,0.5,0.5,50.0,23,0,0,0,0,1,0