Exp Num,agent:svo_convergence_factor,agent:params:metabolism,agent:params:consumption_factor,agent:params:procreate_cost_factor,agent:params:procreate_req_factor,agent:params:start_energy_factor,agent:params:caught_chance,agent:params:caught_cooldown_factor,agent:params:maximum_age,Epoch,Resource,A,B,C,D,E
196043,3.0,15.0,3.0,9.0,1.0,3.0,0.2,0.4,40.0,0,3290.0,16,27,11,37,63
196043,3.0,15.0,3.0,9.0,1.0,3.0,0.2,0.4,40.0,1,2762.5,16,27,11,37,63
196043,3.0,15.0,3.0,9.0,1.0,3.0,0.2,0.4,40.0,2,1608.125,10,23,11,35,53
196043,3.0,15.0,3.0,9.0,1.0,3.0,0.2,0.4,40.0,3,660.15625,10,22,10,34,51
196043,3.0,15.0,3.0,9.0,1.0,3.0,0.2,0.4,40.0,4,0,10,24,10,34,53
196043,3.0,15.0,3.0,9.0,1.0,3.0,0.2,0.4,40.0,5,0,7,21,7,21,43
196043,3.0,15.0,3.0,9.0,1.0,3.0,0.2,0.4,40.0,6,0,7,16,6,17,33
196043,3.0,15.0,3.0,9.0,1.0,3.0,0.2,0.4,40.0,7,0,7,16,6,14,32
196043,3.0,15.0,3.0,9.0,1.0,3.0,0.2,0.4,40.0,8,0,7,14,6,7,29
196043,3.0,15.0,3.0,9.0,1.0,3.0,0.2,0.4,40.0,9,0,6,12,4,5,23
196043,3.0,15.0,3.0,9.0,1.0,3.0,0.2,0.4,40.0,10,0,6,11,2,5,19
196043,3.0,15.0,3.0,9.0,1.0,3.0,0.2,0.4,40.0,11,0,5,9,2,3,16
196043,3.0,15.0,3.0,9.0,1.0,3.0,0.2,0.4,40.0,12,0,5,6,1,2,12
196043,3.0,15.0,3.0,9.0,1.0,3.0,0.2,0.4,40.0,13,0,4,5,1,0,10
196043,3.0,15.0,3.0,9.0,1.0,3.0,0.2,0.4,40.0,14,0,3,4,0,0,7
196043,3.0,15.0,3.0,9.0,1.0,3.0,0.2,0.4,40.0,15,55.0,1,4,0,0,5
196043,3.0,15.0,3.0,9.0,1.0,3.0,0.2,0.4,40.0,16,68.75,0,3,0,0,3
196043,3.0,15.0,3.0,9.0,1.0,3.0,0.2,0.4,40.0,17,85.9375,0,2,0,0,2
196043,3.0,15.0,3.0,9.0,1.0,3.0,0.2,0.4,40.0,18,107.421875,0,2,0,0,2
196043,3.0,15.0,3.0,9.0,1.0,3.0,0.2,0.4,40.0,19,134.27734375,0,1,0,0,1