Exp Num,agent:svo_convergence_factor,agent:params:metabolism,agent:params:consumption_factor,agent:params:procreate_cost_factor,agent:params:procreate_req_factor,agent:params:start_energy_factor,agent:params:caught_chance,agent:params:caught_cooldown_factor,agent:params:maximum_age,Epoch,Resource,A,B,C,D,E
192699,3.0,15.0,3.0,3.0,1.0,3.0,0.30000000000000004,0.5,50.0,0,3335.0,18,35,13,34,84
192699,3.0,15.0,3.0,3.0,1.0,3.0,0.30000000000000004,0.5,50.0,1,2683.75,23,41,20,38,102
192699,3.0,15.0,3.0,3.0,1.0,3.0,0.30000000000000004,0.5,50.0,2,159.6875,20,39,28,51,108
192699,3.0,15.0,3.0,3.0,1.0,3.0,0.30000000000000004,0.5,50.0,3,0,16,31,31,35,90
192699,3.0,15.0,3.0,3.0,1.0,3.0,0.30000000000000004,0.5,50.0,4,0,10,27,29,29,76
192699,3.0,15.0,3.0,3.0,1.0,3.0,0.30000000000000004,0.5,50.0,5,0,7,18,22,19,56
192699,3.0,15.0,3.0,3.0,1.0,3.0,0.30000000000000004,0.5,50.0,6,0,4,17,21,14,47
192699,3.0,15.0,3.0,3.0,1.0,3.0,0.30000000000000004,0.5,50.0,7,0,1,15,13,8,34
192699,3.0,15.0,3.0,3.0,1.0,3.0,0.30000000000000004,0.5,50.0,8,0,0,7,11,9,21
192699,3.0,15.0,3.0,3.0,1.0,3.0,0.30000000000000004,0.5,50.0,9,0,0,4,7,7,13
192699,3.0,15.0,3.0,3.0,1.0,3.0,0.30000000000000004,0.5,50.0,10,0,0,2,4,6,7
192699,3.0,15.0,3.0,3.0,1.0,3.0,0.30000000000000004,0.5,50.0,11,0,0,2,2,3,5
192699,3.0,15.0,3.0,3.0,1.0,3.0,0.30000000000000004,0.5,50.0,12,0,0,2,1,3,5
192699,3.0,15.0,3.0,3.0,1.0,3.0,0.30000000000000004,0.5,50.0,13,0,0,2,1,3,4
192699,3.0,15.0,3.0,3.0,1.0,3.0,0.30000000000000004,0.5,50.0,14,0,0,0,2,3,3
192699,3.0,15.0,3.0,3.0,1.0,3.0,0.30000000000000004,0.5,50.0,15,0,0,0,2,2,2
192699,3.0,15.0,3.0,3.0,1.0,3.0,0.30000000000000004,0.5,50.0,16,0,0,0,2,2,2
192699,3.0,15.0,3.0,3.0,1.0,3.0,0.30000000000000004,0.5,50.0,17,0,0,0,2,1,3
192699,3.0,15.0,3.0,3.0,1.0,3.0,0.30000000000000004,0.5,50.0,18,0,0,0,1,1,2
192699,3.0,15.0,3.0,3.0,1.0,3.0,0.30000000000000004,0.5,50.0,19,0,0,0,0,1,1
192699,3.0,15.0,3.0,3.0,1.0,3.0,0.30000000000000004,0.5,50.0,20,0,0,0,0,0,1