Exp Num,agent:svo_convergence_factor,agent:params:metabolism,agent:params:consumption_factor,agent:params:procreate_cost_factor,agent:params:procreate_req_factor,agent:params:start_energy_factor,agent:params:caught_chance,agent:params:caught_cooldown_factor,agent:params:maximum_age,Epoch,Resource,A,B,C,D,E
12284,1.0,5.0,3.0,1.0,3.0,3.0,0.2,0.2,50.0,0,3500.0,17,49,26,39,111
12284,1.0,5.0,3.0,1.0,3.0,3.0,0.2,0.2,50.0,1,3550.0,19,73,45,50,160
12284,1.0,5.0,3.0,1.0,3.0,3.0,0.2,0.2,50.0,2,3117.5,23,93,58,60,197
12284,1.0,5.0,3.0,1.0,3.0,3.0,0.2,0.2,50.0,3,2261.875,21,112,65,70,224
12284,1.0,5.0,3.0,1.0,3.0,3.0,0.2,0.2,50.0,4,877.34375,22,136,95,77,279
12284,1.0,5.0,3.0,1.0,3.0,3.0,0.2,0.2,50.0,5,0,20,143,96,69,274
12284,1.0,5.0,3.0,1.0,3.0,3.0,0.2,0.2,50.0,6,0,14,127,66,46,216
12284,1.0,5.0,3.0,1.0,3.0,3.0,0.2,0.2,50.0,7,0,11,96,44,21,158
12284,1.0,5.0,3.0,1.0,3.0,3.0,0.2,0.2,50.0,8,0,7,66,25,13,101
12284,1.0,5.0,3.0,1.0,3.0,3.0,0.2,0.2,50.0,9,0,6,36,16,7,59
12284,1.0,5.0,3.0,1.0,3.0,3.0,0.2,0.2,50.0,10,0,5,23,5,5,33
12284,1.0,5.0,3.0,1.0,3.0,3.0,0.2,0.2,50.0,11,0,1,13,5,1,19
12284,1.0,5.0,3.0,1.0,3.0,3.0,0.2,0.2,50.0,12,0,1,6,2,1,9
12284,1.0,5.0,3.0,1.0,3.0,3.0,0.2,0.2,50.0,13,0,2,3,2,1,7
12284,1.0,5.0,3.0,1.0,3.0,3.0,0.2,0.2,50.0,14,0,2,2,1,0,5
12284,1.0,5.0,3.0,1.0,3.0,3.0,0.2,0.2,50.0,15,0,2,0,1,0,3
12284,1.0,5.0,3.0,1.0,3.0,3.0,0.2,0.2,50.0,16,70.0,2,1,1,0,4
12284,1.0,5.0,3.0,1.0,3.0,3.0,0.2,0.2,50.0,17,72.5,1,1,1,0,3
12284,1.0,5.0,3.0,1.0,3.0,3.0,0.2,0.2,50.0,18,45.625,2,1,1,0,4
12284,1.0,5.0,3.0,1.0,3.0,3.0,0.2,0.2,50.0,19,12.03125,2,2,1,0,5
12284,1.0,5.0,3.0,1.0,3.0,3.0,0.2,0.2,50.0,20,0,2,3,1,0,6
12284,1.0,5.0,3.0,1.0,3.0,3.0,0.2,0.2,50.0,21,0,1,3,1,0,5
12284,1.0,5.0,3.0,1.0,3.0,3.0,0.2,0.2,50.0,22,0,1,1,1,0,3
12284,1.0,5.0,3.0,1.0,3.0,3.0,0.2,0.2,50.0,23,0,0,1,1,0,2
12284,1.0,5.0,3.0,1.0,3.0,3.0,0.2,0.2,50.0,24,0,0,1,1,0,2
12284,1.0,5.0,3.0,1.0,3.0,3.0,0.2,0.2,50.0,25,0,0,0,1,0,1