Exp Num,agent:svo_convergence_factor,agent:params:metabolism,agent:params:consumption_factor,agent:params:procreate_cost_factor,agent:params:procreate_req_factor,agent:params:start_energy_factor,agent:params:caught_chance,agent:params:caught_cooldown_factor,agent:params:maximum_age,Epoch,Resource,A,B,C,D,E
123710,2.0,15.0,2.0,9.0,3.0,3.0,0.4,0.30000000000000004,10.0,0,4190.0,17,30,7,28,72
123710,2.0,15.0,2.0,9.0,3.0,3.0,0.4,0.30000000000000004,10.0,1,4397.5,17,30,7,28,72
123710,2.0,15.0,2.0,9.0,3.0,3.0,0.4,0.30000000000000004,10.0,2,4206.875,13,21,7,19,58
123710,2.0,15.0,2.0,9.0,3.0,3.0,0.4,0.30000000000000004,10.0,3,4718.59375,13,18,6,18,54
123710,2.0,15.0,2.0,9.0,3.0,3.0,0.4,0.30000000000000004,10.0,4,4968.2421875,10,17,4,16,48
123710,2.0,15.0,2.0,9.0,3.0,3.0,0.4,0.30000000000000004,10.0,5,5310.302734375,9,15,4,16,45
123710,2.0,15.0,2.0,9.0,3.0,3.0,0.4,0.30000000000000004,10.0,6,5257.87841796875,8,13,3,16,41
123710,2.0,15.0,2.0,9.0,3.0,3.0,0.4,0.30000000000000004,10.0,7,5102.3480224609375,8,12,3,16,40
123710,2.0,15.0,2.0,9.0,3.0,3.0,0.4,0.30000000000000004,10.0,8,4847.935028076172,8,11,3,16,39
123710,2.0,15.0,2.0,9.0,3.0,3.0,0.4,0.30000000000000004,10.0,9,4499.918785095215,8,11,3,16,39
123710,2.0,15.0,2.0,9.0,3.0,3.0,0.4,0.30000000000000004,10.0,10,4544.898481369019,4,6,3,10,26
123710,2.0,15.0,2.0,9.0,3.0,3.0,0.4,0.30000000000000004,10.0,11,5021.123101711273,2,4,2,8,14
123710,2.0,15.0,2.0,9.0,3.0,3.0,0.4,0.30000000000000004,10.0,12,5916.4038771390915,0,4,0,6,6
123710,2.0,15.0,2.0,9.0,3.0,3.0,0.4,0.30000000000000004,10.0,13,7155.504846423864,0,3,0,3,5
123710,2.0,15.0,2.0,9.0,3.0,3.0,0.4,0.30000000000000004,10.0,14,8824.38105802983,0,2,0,1,3
123710,2.0,15.0,2.0,9.0,3.0,3.0,0.4,0.30000000000000004,10.0,15,9940.0,0,1,0,0,2
123710,2.0,15.0,2.0,9.0,3.0,3.0,0.4,0.30000000000000004,10.0,16,9940.0,0,0,0,0,1