Exp Num,agent:svo_convergence_factor,agent:params:metabolism,agent:params:consumption_factor,agent:params:procreate_cost_factor,agent:params:procreate_req_factor,agent:params:start_energy_factor,agent:params:caught_chance,agent:params:caught_cooldown_factor,agent:params:maximum_age,Epoch,Resource,A,B,C,D,E
198788,3.0,15.0,4.0,3.0,3.0,1.0,0.2,0.30000000000000004,40.0,0,0,14,22,6,30,61
198788,3.0,15.0,4.0,3.0,3.0,1.0,0.2,0.30000000000000004,40.0,1,0,14,19,5,28,56
198788,3.0,15.0,4.0,3.0,3.0,1.0,0.2,0.30000000000000004,40.0,2,0,13,19,5,28,55
198788,3.0,15.0,4.0,3.0,3.0,1.0,0.2,0.30000000000000004,40.0,3,0,13,19,5,28,55
198788,3.0,15.0,4.0,3.0,3.0,1.0,0.2,0.30000000000000004,40.0,4,0,9,8,3,14,29
198788,3.0,15.0,4.0,3.0,3.0,1.0,0.2,0.30000000000000004,40.0,5,0,5,4,2,7,16
198788,3.0,15.0,4.0,3.0,3.0,1.0,0.2,0.30000000000000004,40.0,6,0,4,1,0,3,8
198788,3.0,15.0,4.0,3.0,3.0,1.0,0.2,0.30000000000000004,40.0,7,0,4,0,0,1,4
198788,3.0,15.0,4.0,3.0,3.0,1.0,0.2,0.30000000000000004,40.0,8,0,2,0,0,1,2
198788,3.0,15.0,4.0,3.0,3.0,1.0,0.2,0.30000000000000004,40.0,9,0,1,0,0,0,1