Exp Num,agent:svo_convergence_factor,agent:params:metabolism,agent:params:consumption_factor,agent:params:procreate_cost_factor,agent:params:procreate_req_factor,agent:params:start_energy_factor,agent:params:caught_chance,agent:params:caught_cooldown_factor,agent:params:maximum_age,Epoch,Resource,A,B,C,D,E
123635,2.0,15.0,2.0,9.0,3.0,3.0,0.1,0.30000000000000004,10.0,0,3590.0,18,31,13,28,72
123635,2.0,15.0,2.0,9.0,3.0,3.0,0.1,0.30000000000000004,10.0,1,3287.5,18,31,13,28,72
123635,2.0,15.0,2.0,9.0,3.0,3.0,0.1,0.30000000000000004,10.0,2,2609.375,15,29,12,25,66
123635,2.0,15.0,2.0,9.0,3.0,3.0,0.1,0.30000000000000004,10.0,3,2001.71875,14,29,12,25,65
123635,2.0,15.0,2.0,9.0,3.0,3.0,0.1,0.30000000000000004,10.0,4,1212.1484375,9,28,11,24,58
123635,2.0,15.0,2.0,9.0,3.0,3.0,0.1,0.30000000000000004,10.0,5,555.185546875,9,28,11,24,58
123635,2.0,15.0,2.0,9.0,3.0,3.0,0.1,0.30000000000000004,10.0,6,0,8,25,10,19,52
123635,2.0,15.0,2.0,9.0,3.0,3.0,0.1,0.30000000000000004,10.0,7,0,7,23,9,12,47
123635,2.0,15.0,2.0,9.0,3.0,3.0,0.1,0.30000000000000004,10.0,8,0,7,19,6,9,33
123635,2.0,15.0,2.0,9.0,3.0,3.0,0.1,0.30000000000000004,10.0,9,0,7,18,5,4,31
123635,2.0,15.0,2.0,9.0,3.0,3.0,0.1,0.30000000000000004,10.0,10,0,5,12,4,2,21
123635,2.0,15.0,2.0,9.0,3.0,3.0,0.1,0.30000000000000004,10.0,11,0,5,7,2,2,14
123635,2.0,15.0,2.0,9.0,3.0,3.0,0.1,0.30000000000000004,10.0,12,0,3,3,1,2,7
123635,2.0,15.0,2.0,9.0,3.0,3.0,0.1,0.30000000000000004,10.0,13,0,3,1,0,1,4
123635,2.0,15.0,2.0,9.0,3.0,3.0,0.1,0.30000000000000004,10.0,14,0,1,1,0,1,2
123635,2.0,15.0,2.0,9.0,3.0,3.0,0.1,0.30000000000000004,10.0,15,0,0,1,0,1,1
123635,2.0,15.0,2.0,9.0,3.0,3.0,0.1,0.30000000000000004,10.0,16,0,0,1,0,0,1