Exp Num,agent:svo_convergence_factor,agent:params:metabolism,agent:params:consumption_factor,agent:params:procreate_cost_factor,agent:params:procreate_req_factor,agent:params:start_energy_factor,agent:params:caught_chance,agent:params:caught_cooldown_factor,agent:params:maximum_age,Epoch,Resource,A,B,C,D,E
167646,3.0,10.0,2.0,9.0,1.0,1.0,0.1,0.5,20.0,0,3000.0,18,25,11,33,67
167646,3.0,10.0,2.0,9.0,1.0,1.0,0.1,0.5,20.0,1,2790.0,18,25,11,33,67
167646,3.0,10.0,2.0,9.0,1.0,1.0,0.1,0.5,20.0,2,2087.5,15,25,10,32,63
167646,3.0,10.0,2.0,9.0,1.0,1.0,0.1,0.5,20.0,3,1769.375,15,25,10,32,63
167646,3.0,10.0,2.0,9.0,1.0,1.0,0.1,0.5,20.0,4,971.71875,12,23,9,31,56
167646,3.0,10.0,2.0,9.0,1.0,1.0,0.1,0.5,20.0,5,474.6484375,12,23,9,31,56
167646,3.0,10.0,2.0,9.0,1.0,1.0,0.1,0.5,20.0,6,0,11,23,8,27,50
167646,3.0,10.0,2.0,9.0,1.0,1.0,0.1,0.5,20.0,7,0,11,22,8,22,47
167646,3.0,10.0,2.0,9.0,1.0,1.0,0.1,0.5,20.0,8,0,10,19,7,9,40
167646,3.0,10.0,2.0,9.0,1.0,1.0,0.1,0.5,20.0,9,0,9,17,4,4,33
167646,3.0,10.0,2.0,9.0,1.0,1.0,0.1,0.5,20.0,10,0,8,10,3,2,22
167646,3.0,10.0,2.0,9.0,1.0,1.0,0.1,0.5,20.0,11,0,6,9,2,1,17
167646,3.0,10.0,2.0,9.0,1.0,1.0,0.1,0.5,20.0,12,0,4,6,2,1,12
167646,3.0,10.0,2.0,9.0,1.0,1.0,0.1,0.5,20.0,13,0,3,3,2,1,8
167646,3.0,10.0,2.0,9.0,1.0,1.0,0.1,0.5,20.0,14,0,2,2,1,1,5
167646,3.0,10.0,2.0,9.0,1.0,1.0,0.1,0.5,20.0,15,0,1,0,1,1,2
167646,3.0,10.0,2.0,9.0,1.0,1.0,0.1,0.5,20.0,16,0,0,0,0,1,0