Exp Num,agent:svo_convergence_factor,agent:params:metabolism,agent:params:consumption_factor,agent:params:procreate_cost_factor,agent:params:procreate_req_factor,agent:params:start_energy_factor,agent:params:caught_chance,agent:params:caught_cooldown_factor,agent:params:maximum_age,Epoch,Resource,A,B,C,D,E
165382,3.0,10.0,2.0,5.0,1.0,1.0,0.1,0.2,30.0,0,3000.0,15,24,11,29,71
165382,3.0,10.0,2.0,5.0,1.0,1.0,0.1,0.2,30.0,1,2970.0,15,24,11,29,71
165382,3.0,10.0,2.0,5.0,1.0,1.0,0.1,0.2,30.0,2,2212.5,14,23,10,29,68
165382,3.0,10.0,2.0,5.0,1.0,1.0,0.1,0.2,30.0,3,1945.625,16,27,10,29,74
165382,3.0,10.0,2.0,5.0,1.0,1.0,0.1,0.2,30.0,4,852.03125,17,28,10,28,76
165382,3.0,10.0,2.0,5.0,1.0,1.0,0.1,0.2,30.0,5,145.0390625,19,32,11,29,83
165382,3.0,10.0,2.0,5.0,1.0,1.0,0.1,0.2,30.0,6,0,14,29,8,15,64
165382,3.0,10.0,2.0,5.0,1.0,1.0,0.1,0.2,30.0,7,0,12,24,5,8,51
165382,3.0,10.0,2.0,5.0,1.0,1.0,0.1,0.2,30.0,8,0,9,16,5,6,35
165382,3.0,10.0,2.0,5.0,1.0,1.0,0.1,0.2,30.0,9,0,9,11,4,5,25
165382,3.0,10.0,2.0,5.0,1.0,1.0,0.1,0.2,30.0,10,0,8,10,2,3,20
165382,3.0,10.0,2.0,5.0,1.0,1.0,0.1,0.2,30.0,11,0,5,9,2,1,16
165382,3.0,10.0,2.0,5.0,1.0,1.0,0.1,0.2,30.0,12,0,4,6,2,1,12
165382,3.0,10.0,2.0,5.0,1.0,1.0,0.1,0.2,30.0,13,0,3,5,1,1,9
165382,3.0,10.0,2.0,5.0,1.0,1.0,0.1,0.2,30.0,14,0,2,2,1,0,5
165382,3.0,10.0,2.0,5.0,1.0,1.0,0.1,0.2,30.0,15,0,1,2,0,0,3
165382,3.0,10.0,2.0,5.0,1.0,1.0,0.1,0.2,30.0,16,0,0,2,0,0,2
165382,3.0,10.0,2.0,5.0,1.0,1.0,0.1,0.2,30.0,17,60.0,0,2,0,0,2
165382,3.0,10.0,2.0,5.0,1.0,1.0,0.1,0.2,30.0,18,35.0,0,2,0,0,2
165382,3.0,10.0,2.0,5.0,1.0,1.0,0.1,0.2,30.0,19,43.75,0,2,0,0,2
165382,3.0,10.0,2.0,5.0,1.0,1.0,0.1,0.2,30.0,20,14.6875,0,2,0,0,2
165382,3.0,10.0,2.0,5.0,1.0,1.0,0.1,0.2,30.0,21,0,0,2,0,0,2
165382,3.0,10.0,2.0,5.0,1.0,1.0,0.1,0.2,30.0,22,0,0,2,0,0,2
165382,3.0,10.0,2.0,5.0,1.0,1.0,0.1,0.2,30.0,23,0,0,1,0,0,1