Exp Num,agent:svo_convergence_factor,agent:params:metabolism,agent:params:consumption_factor,agent:params:procreate_cost_factor,agent:params:procreate_req_factor,agent:params:start_energy_factor,agent:params:caught_chance,agent:params:caught_cooldown_factor,agent:params:maximum_age,Epoch,Resource,A,B,C,D,E
124947,2.0,15.0,3.0,3.0,1.0,1.0,0.30000000000000004,0.5,30.0,0,500.0,25,39,32,31,119
124947,2.0,15.0,3.0,3.0,1.0,1.0,0.30000000000000004,0.5,30.0,1,0,19,28,31,24,91
124947,2.0,15.0,3.0,3.0,1.0,1.0,0.30000000000000004,0.5,30.0,2,0,16,25,31,20,79
124947,2.0,15.0,3.0,3.0,1.0,1.0,0.30000000000000004,0.5,30.0,3,0,12,19,23,15,60
124947,2.0,15.0,3.0,3.0,1.0,1.0,0.30000000000000004,0.5,30.0,4,0,7,18,20,11,47
124947,2.0,15.0,3.0,3.0,1.0,1.0,0.30000000000000004,0.5,30.0,5,0,5,15,13,5,34
124947,2.0,15.0,3.0,3.0,1.0,1.0,0.30000000000000004,0.5,30.0,6,0,3,12,8,3,23
124947,2.0,15.0,3.0,3.0,1.0,1.0,0.30000000000000004,0.5,30.0,7,0,2,10,6,2,18
124947,2.0,15.0,3.0,3.0,1.0,1.0,0.30000000000000004,0.5,30.0,8,0,1,7,5,1,13
124947,2.0,15.0,3.0,3.0,1.0,1.0,0.30000000000000004,0.5,30.0,9,0,0,5,5,1,10
124947,2.0,15.0,3.0,3.0,1.0,1.0,0.30000000000000004,0.5,30.0,10,0,0,2,4,1,6
124947,2.0,15.0,3.0,3.0,1.0,1.0,0.30000000000000004,0.5,30.0,11,0,0,0,4,0,4
124947,2.0,15.0,3.0,3.0,1.0,1.0,0.30000000000000004,0.5,30.0,12,10.0,0,0,6,0,6
124947,2.0,15.0,3.0,3.0,1.0,1.0,0.30000000000000004,0.5,30.0,13,0,0,0,5,0,5
124947,2.0,15.0,3.0,3.0,1.0,1.0,0.30000000000000004,0.5,30.0,14,0,0,0,4,0,4
124947,2.0,15.0,3.0,3.0,1.0,1.0,0.30000000000000004,0.5,30.0,15,0,0,0,2,0,2
124947,2.0,15.0,3.0,3.0,1.0,1.0,0.30000000000000004,0.5,30.0,16,0,0,0,1,0,1