Exp Num,agent:svo_convergence_factor,agent:params:metabolism,agent:params:consumption_factor,agent:params:procreate_cost_factor,agent:params:procreate_req_factor,agent:params:start_energy_factor,agent:params:caught_chance,agent:params:caught_cooldown_factor,agent:params:maximum_age,Epoch,Resource,A,B,C,D,E
172013,3.0,10.0,3.0,5.0,3.0,3.0,0.1,0.30000000000000004,40.0,0,3710.0,23,23,14,24,76
172013,3.0,10.0,3.0,5.0,3.0,3.0,0.1,0.30000000000000004,40.0,1,3227.5,23,23,14,24,76
172013,3.0,10.0,3.0,5.0,3.0,3.0,0.1,0.30000000000000004,40.0,2,2354.375,20,21,13,24,69
172013,3.0,10.0,3.0,5.0,3.0,3.0,0.1,0.30000000000000004,40.0,3,1892.96875,20,21,13,24,69
172013,3.0,10.0,3.0,5.0,3.0,3.0,0.1,0.30000000000000004,40.0,4,1286.2109375,20,21,13,24,69
172013,3.0,10.0,3.0,5.0,3.0,3.0,0.1,0.30000000000000004,40.0,5,497.763671875,19,21,12,21,67
172013,3.0,10.0,3.0,5.0,3.0,3.0,0.1,0.30000000000000004,40.0,6,0,18,21,12,19,66
172013,3.0,10.0,3.0,5.0,3.0,3.0,0.1,0.30000000000000004,40.0,7,0,18,21,12,19,66
172013,3.0,10.0,3.0,5.0,3.0,3.0,0.1,0.30000000000000004,40.0,8,0,18,17,11,10,49
172013,3.0,10.0,3.0,5.0,3.0,3.0,0.1,0.30000000000000004,40.0,9,0,17,16,10,7,43
172013,3.0,10.0,3.0,5.0,3.0,3.0,0.1,0.30000000000000004,40.0,10,0,17,15,10,6,42
172013,3.0,10.0,3.0,5.0,3.0,3.0,0.1,0.30000000000000004,40.0,11,0,16,13,8,4,37
172013,3.0,10.0,3.0,5.0,3.0,3.0,0.1,0.30000000000000004,40.0,12,0,15,11,6,3,32
172013,3.0,10.0,3.0,5.0,3.0,3.0,0.1,0.30000000000000004,40.0,13,0,14,10,5,3,29
172013,3.0,10.0,3.0,5.0,3.0,3.0,0.1,0.30000000000000004,40.0,14,0,13,8,4,3,25
172013,3.0,10.0,3.0,5.0,3.0,3.0,0.1,0.30000000000000004,40.0,15,0,13,4,3,1,20
172013,3.0,10.0,3.0,5.0,3.0,3.0,0.1,0.30000000000000004,40.0,16,0,9,4,3,1,16
172013,3.0,10.0,3.0,5.0,3.0,3.0,0.1,0.30000000000000004,40.0,17,0,9,2,3,1,14
172013,3.0,10.0,3.0,5.0,3.0,3.0,0.1,0.30000000000000004,40.0,18,0,8,1,2,1,11
172013,3.0,10.0,3.0,5.0,3.0,3.0,0.1,0.30000000000000004,40.0,19,0,6,1,1,1,8
172013,3.0,10.0,3.0,5.0,3.0,3.0,0.1,0.30000000000000004,40.0,20,0,5,1,1,1,7
172013,3.0,10.0,3.0,5.0,3.0,3.0,0.1,0.30000000000000004,40.0,21,0,4,0,1,1,5
172013,3.0,10.0,3.0,5.0,3.0,3.0,0.1,0.30000000000000004,40.0,22,0,3,0,0,0,3
172013,3.0,10.0,3.0,5.0,3.0,3.0,0.1,0.30000000000000004,40.0,23,0,3,0,0,0,3
172013,3.0,10.0,3.0,5.0,3.0,3.0,0.1,0.30000000000000004,40.0,24,0,2,0,0,0,2
172013,3.0,10.0,3.0,5.0,3.0,3.0,0.1,0.30000000000000004,40.0,25,0,1,0,0,0,1