Exp Num,agent:svo_convergence_factor,agent:params:metabolism,agent:params:consumption_factor,agent:params:procreate_cost_factor,agent:params:procreate_req_factor,agent:params:start_energy_factor,agent:params:caught_chance,agent:params:caught_cooldown_factor,agent:params:maximum_age,Epoch,Resource,A,B,C,D,E
118414,2.0,15.0,2.0,1.0,1.0,3.0,0.2,0.30000000000000004,50.0,0,3860.0,24,42,24,38,112
118414,2.0,15.0,2.0,1.0,1.0,3.0,0.2,0.30000000000000004,50.0,1,2155.0,24,60,38,57,148
118414,2.0,15.0,2.0,1.0,1.0,3.0,0.2,0.30000000000000004,50.0,2,0,23,83,65,71,195
118414,2.0,15.0,2.0,1.0,1.0,3.0,0.2,0.30000000000000004,50.0,3,0,13,75,61,45,160
118414,2.0,15.0,2.0,1.0,1.0,3.0,0.2,0.30000000000000004,50.0,4,0,9,57,55,29,125
118414,2.0,15.0,2.0,1.0,1.0,3.0,0.2,0.30000000000000004,50.0,5,0,4,44,45,18,95
118414,2.0,15.0,2.0,1.0,1.0,3.0,0.2,0.30000000000000004,50.0,6,0,2,29,37,10,69
118414,2.0,15.0,2.0,1.0,1.0,3.0,0.2,0.30000000000000004,50.0,7,0,0,22,27,6,49
118414,2.0,15.0,2.0,1.0,1.0,3.0,0.2,0.30000000000000004,50.0,8,0,0,17,17,3,34
118414,2.0,15.0,2.0,1.0,1.0,3.0,0.2,0.30000000000000004,50.0,9,0,0,13,15,0,28
118414,2.0,15.0,2.0,1.0,1.0,3.0,0.2,0.30000000000000004,50.0,10,0,0,12,6,0,18
118414,2.0,15.0,2.0,1.0,1.0,3.0,0.2,0.30000000000000004,50.0,11,0,0,10,1,0,11
118414,2.0,15.0,2.0,1.0,1.0,3.0,0.2,0.30000000000000004,50.0,12,0,0,8,0,0,8
118414,2.0,15.0,2.0,1.0,1.0,3.0,0.2,0.30000000000000004,50.0,13,0,0,8,0,0,8
118414,2.0,15.0,2.0,1.0,1.0,3.0,0.2,0.30000000000000004,50.0,14,0,0,4,0,0,4
118414,2.0,15.0,2.0,1.0,1.0,3.0,0.2,0.30000000000000004,50.0,15,0,0,4,0,0,4
118414,2.0,15.0,2.0,1.0,1.0,3.0,0.2,0.30000000000000004,50.0,16,0,0,2,0,0,2
118414,2.0,15.0,2.0,1.0,1.0,3.0,0.2,0.30000000000000004,50.0,17,0,0,1,0,0,1