Exp Num,agent:svo_convergence_factor,agent:params:metabolism,agent:params:consumption_factor,agent:params:procreate_cost_factor,agent:params:procreate_req_factor,agent:params:start_energy_factor,agent:params:caught_chance,agent:params:caught_cooldown_factor,agent:params:maximum_age,Epoch,Resource,A,B,C,D,E
153676,3.0,5.0,4.0,3.0,2.0,3.0,0.30000000000000004,0.1,20.0,0,3540.0,22,30,22,38,98
153676,3.0,5.0,4.0,3.0,2.0,3.0,0.30000000000000004,0.1,20.0,1,3485.0,29,37,28,39,119
153676,3.0,5.0,4.0,3.0,2.0,3.0,0.30000000000000004,0.1,20.0,2,3196.25,34,39,34,37,132
153676,3.0,5.0,4.0,3.0,2.0,3.0,0.30000000000000004,0.1,20.0,3,2735.3125,39,39,34,36,138
153676,3.0,5.0,4.0,3.0,2.0,3.0,0.30000000000000004,0.1,20.0,4,2439.140625,43,43,39,36,151
153676,3.0,5.0,4.0,3.0,2.0,3.0,0.30000000000000004,0.1,20.0,5,1988.92578125,47,53,43,37,170
153676,3.0,5.0,4.0,3.0,2.0,3.0,0.30000000000000004,0.1,20.0,6,1006.1572265625,55,62,47,38,192
153676,3.0,5.0,4.0,3.0,2.0,3.0,0.30000000000000004,0.1,20.0,7,0,63,69,51,32,210
153676,3.0,5.0,4.0,3.0,2.0,3.0,0.30000000000000004,0.1,20.0,8,0,60,67,43,23,194
153676,3.0,5.0,4.0,3.0,2.0,3.0,0.30000000000000004,0.1,20.0,9,0,55,59,35,21,170
153676,3.0,5.0,4.0,3.0,2.0,3.0,0.30000000000000004,0.1,20.0,10,0,47,49,27,15,135
153676,3.0,5.0,4.0,3.0,2.0,3.0,0.30000000000000004,0.1,20.0,11,0,33,43,20,10,104
153676,3.0,5.0,4.0,3.0,2.0,3.0,0.30000000000000004,0.1,20.0,12,0,28,32,17,7,79
153676,3.0,5.0,4.0,3.0,2.0,3.0,0.30000000000000004,0.1,20.0,13,0,19,24,7,4,51
153676,3.0,5.0,4.0,3.0,2.0,3.0,0.30000000000000004,0.1,20.0,14,0,12,16,4,3,32
153676,3.0,5.0,4.0,3.0,2.0,3.0,0.30000000000000004,0.1,20.0,15,0,8,7,3,2,18
153676,3.0,5.0,4.0,3.0,2.0,3.0,0.30000000000000004,0.1,20.0,16,0,3,6,2,1,11
153676,3.0,5.0,4.0,3.0,2.0,3.0,0.30000000000000004,0.1,20.0,17,0,2,3,2,0,7
153676,3.0,5.0,4.0,3.0,2.0,3.0,0.30000000000000004,0.1,20.0,18,0,2,3,2,0,7
153676,3.0,5.0,4.0,3.0,2.0,3.0,0.30000000000000004,0.1,20.0,19,0,2,3,1,0,6
153676,3.0,5.0,4.0,3.0,2.0,3.0,0.30000000000000004,0.1,20.0,20,0,1,3,1,0,5
153676,3.0,5.0,4.0,3.0,2.0,3.0,0.30000000000000004,0.1,20.0,21,0,1,3,1,0,5
153676,3.0,5.0,4.0,3.0,2.0,3.0,0.30000000000000004,0.1,20.0,22,0,0,2,1,0,3
153676,3.0,5.0,4.0,3.0,2.0,3.0,0.30000000000000004,0.1,20.0,23,0,0,1,0,0,1