Exp Num,agent:svo_convergence_factor,agent:params:metabolism,agent:params:consumption_factor,agent:params:procreate_cost_factor,agent:params:procreate_req_factor,agent:params:start_energy_factor,agent:params:caught_chance,agent:params:caught_cooldown_factor,agent:params:maximum_age,Epoch,Resource,A,B,C,D,E
152735,3.0,5.0,4.0,1.0,3.0,1.0,0.5,0.30000000000000004,10.0,0,3000.0,31,29,20,41,109
152735,3.0,5.0,4.0,1.0,3.0,1.0,0.5,0.30000000000000004,10.0,1,3170.0,34,37,20,44,120
152735,3.0,5.0,4.0,1.0,3.0,1.0,0.5,0.30000000000000004,10.0,2,3002.5,36,46,23,47,138
152735,3.0,5.0,4.0,1.0,3.0,1.0,0.5,0.30000000000000004,10.0,3,2813.125,29,42,20,48,131
152735,3.0,5.0,4.0,1.0,3.0,1.0,0.5,0.30000000000000004,10.0,4,2616.40625,24,52,23,47,143
152735,3.0,5.0,4.0,1.0,3.0,1.0,0.5,0.30000000000000004,10.0,5,2190.5078125,25,54,32,48,161
152735,3.0,5.0,4.0,1.0,3.0,1.0,0.5,0.30000000000000004,10.0,6,1598.134765625,24,54,43,53,173
152735,3.0,5.0,4.0,1.0,3.0,1.0,0.5,0.30000000000000004,10.0,7,717.66845703125,25,59,52,68,187
152735,3.0,5.0,4.0,1.0,3.0,1.0,0.5,0.30000000000000004,10.0,8,0,27,65,51,64,190
152735,3.0,5.0,4.0,1.0,3.0,1.0,0.5,0.30000000000000004,10.0,9,0,22,65,40,50,158
152735,3.0,5.0,4.0,1.0,3.0,1.0,0.5,0.30000000000000004,10.0,10,0,15,42,28,30,109
152735,3.0,5.0,4.0,1.0,3.0,1.0,0.5,0.30000000000000004,10.0,11,0,8,28,17,19,69
152735,3.0,5.0,4.0,1.0,3.0,1.0,0.5,0.30000000000000004,10.0,12,0,6,20,11,9,46
152735,3.0,5.0,4.0,1.0,3.0,1.0,0.5,0.30000000000000004,10.0,13,0,4,12,7,5,29
152735,3.0,5.0,4.0,1.0,3.0,1.0,0.5,0.30000000000000004,10.0,14,0,1,8,4,3,17
152735,3.0,5.0,4.0,1.0,3.0,1.0,0.5,0.30000000000000004,10.0,15,0,1,6,2,0,12
152735,3.0,5.0,4.0,1.0,3.0,1.0,0.5,0.30000000000000004,10.0,16,0,1,3,2,0,7
152735,3.0,5.0,4.0,1.0,3.0,1.0,0.5,0.30000000000000004,10.0,17,0,1,3,0,0,4
152735,3.0,5.0,4.0,1.0,3.0,1.0,0.5,0.30000000000000004,10.0,18,0,0,2,0,0,2
152735,3.0,5.0,4.0,1.0,3.0,1.0,0.5,0.30000000000000004,10.0,19,60.0,0,1,0,0,1