Exp Num,agent:svo_convergence_factor,agent:params:metabolism,agent:params:consumption_factor,agent:params:procreate_cost_factor,agent:params:procreate_req_factor,agent:params:start_energy_factor,agent:params:caught_chance,agent:params:caught_cooldown_factor,agent:params:maximum_age,Epoch,Resource,A,B,C,D,E
112660,2.0,15.0,1.0,1.0,1.0,2.0,0.2,0.30000000000000004,10.0,0,3500.0,27,42,24,37,113
112660,2.0,15.0,1.0,1.0,1.0,2.0,0.2,0.30000000000000004,10.0,1,2485.0,35,61,50,53,172
112660,2.0,15.0,1.0,1.0,1.0,2.0,0.2,0.30000000000000004,10.0,2,1471.25,22,48,51,44,133
112660,2.0,15.0,1.0,1.0,1.0,2.0,0.2,0.30000000000000004,10.0,3,504.0625,16,42,53,27,116
112660,2.0,15.0,1.0,1.0,1.0,2.0,0.2,0.30000000000000004,10.0,4,0,12,39,39,20,92
112660,2.0,15.0,1.0,1.0,1.0,2.0,0.2,0.30000000000000004,10.0,5,0,8,31,28,15,67
112660,2.0,15.0,1.0,1.0,1.0,2.0,0.2,0.30000000000000004,10.0,6,0,2,21,20,8,43
112660,2.0,15.0,1.0,1.0,1.0,2.0,0.2,0.30000000000000004,10.0,7,0,2,15,14,4,31
112660,2.0,15.0,1.0,1.0,1.0,2.0,0.2,0.30000000000000004,10.0,8,0,0,9,11,3,20
112660,2.0,15.0,1.0,1.0,1.0,2.0,0.2,0.30000000000000004,10.0,9,0,0,8,7,1,15
112660,2.0,15.0,1.0,1.0,1.0,2.0,0.2,0.30000000000000004,10.0,10,0,0,4,6,0,10
112660,2.0,15.0,1.0,1.0,1.0,2.0,0.2,0.30000000000000004,10.0,11,0,0,3,2,0,5
112660,2.0,15.0,1.0,1.0,1.0,2.0,0.2,0.30000000000000004,10.0,12,0,0,2,1,0,3
112660,2.0,15.0,1.0,1.0,1.0,2.0,0.2,0.30000000000000004,10.0,13,0,0,2,0,0,2
112660,2.0,15.0,1.0,1.0,1.0,2.0,0.2,0.30000000000000004,10.0,14,0,0,1,0,0,1