Exp Num,agent:svo_convergence_factor,agent:params:metabolism,agent:params:consumption_factor,agent:params:procreate_cost_factor,agent:params:procreate_req_factor,agent:params:start_energy_factor,agent:params:caught_chance,agent:params:caught_cooldown_factor,agent:params:maximum_age,Epoch,Resource,A,B,C,D,E
133747,2.0,15.0,4.0,7.0,3.0,2.0,0.5,0.5,30.0,0,3620.0,19,23,14,20,80
133747,2.0,15.0,4.0,7.0,3.0,2.0,0.5,0.5,30.0,1,1645.0,11,17,12,17,64
133747,2.0,15.0,4.0,7.0,3.0,2.0,0.5,0.5,30.0,2,736.25,9,17,11,17,61
133747,2.0,15.0,4.0,7.0,3.0,2.0,0.5,0.5,30.0,3,320.3125,9,17,11,16,61
133747,2.0,15.0,4.0,7.0,3.0,2.0,0.5,0.5,30.0,4,220.390625,9,17,11,16,61
133747,2.0,15.0,4.0,7.0,3.0,2.0,0.5,0.5,30.0,5,0,4,14,8,10,40
133747,2.0,15.0,4.0,7.0,3.0,2.0,0.5,0.5,30.0,6,0,2,12,7,6,30
133747,2.0,15.0,4.0,7.0,3.0,2.0,0.5,0.5,30.0,7,0,2,10,6,3,25
133747,2.0,15.0,4.0,7.0,3.0,2.0,0.5,0.5,30.0,8,0,2,10,5,3,23
133747,2.0,15.0,4.0,7.0,3.0,2.0,0.5,0.5,30.0,9,0,2,7,5,2,18
133747,2.0,15.0,4.0,7.0,3.0,2.0,0.5,0.5,30.0,10,0,1,6,5,2,14
133747,2.0,15.0,4.0,7.0,3.0,2.0,0.5,0.5,30.0,11,0,1,6,2,2,11
133747,2.0,15.0,4.0,7.0,3.0,2.0,0.5,0.5,30.0,12,0,1,5,1,2,7
133747,2.0,15.0,4.0,7.0,3.0,2.0,0.5,0.5,30.0,13,0,1,4,1,1,6
133747,2.0,15.0,4.0,7.0,3.0,2.0,0.5,0.5,30.0,14,0,1,4,0,1,5
133747,2.0,15.0,4.0,7.0,3.0,2.0,0.5,0.5,30.0,15,0,1,3,0,1,4
133747,2.0,15.0,4.0,7.0,3.0,2.0,0.5,0.5,30.0,16,40.0,0,2,0,1,2
133747,2.0,15.0,4.0,7.0,3.0,2.0,0.5,0.5,30.0,17,50.0,0,1,0,1,1
133747,2.0,15.0,4.0,7.0,3.0,2.0,0.5,0.5,30.0,18,62.5,0,1,0,1,1
133747,2.0,15.0,4.0,7.0,3.0,2.0,0.5,0.5,30.0,19,78.125,0,1,0,1,1
133747,2.0,15.0,4.0,7.0,3.0,2.0,0.5,0.5,30.0,20,37.65625,0,1,0,1,1
133747,2.0,15.0,4.0,7.0,3.0,2.0,0.5,0.5,30.0,21,47.0703125,0,0,0,1,0