Exp Num,agent:svo_convergence_factor,agent:params:metabolism,agent:params:consumption_factor,agent:params:procreate_cost_factor,agent:params:procreate_req_factor,agent:params:start_energy_factor,agent:params:caught_chance,agent:params:caught_cooldown_factor,agent:params:maximum_age,Epoch,Resource,A,B,C,D,E
187420,3.0,15.0,2.0,3.0,2.0,3.0,0.2,0.5,10.0,0,3650.0,19,31,10,27,73
187420,3.0,15.0,2.0,3.0,2.0,3.0,0.2,0.5,10.0,1,3452.5,19,31,10,27,73
187420,3.0,15.0,2.0,3.0,2.0,3.0,0.2,0.5,10.0,2,2695.625,18,31,10,25,72
187420,3.0,15.0,2.0,3.0,2.0,3.0,0.2,0.5,10.0,3,2499.53125,19,33,10,25,75
187420,3.0,15.0,2.0,3.0,2.0,3.0,0.2,0.5,10.0,4,1444.4140625,19,31,7,24,70
187420,3.0,15.0,2.0,3.0,2.0,3.0,0.2,0.5,10.0,5,755.517578125,20,32,7,24,72
187420,3.0,15.0,2.0,3.0,2.0,3.0,0.2,0.5,10.0,6,0,17,30,6,21,63
187420,3.0,15.0,2.0,3.0,2.0,3.0,0.2,0.5,10.0,7,0,15,26,5,17,54
187420,3.0,15.0,2.0,3.0,2.0,3.0,0.2,0.5,10.0,8,0,11,20,2,8,38
187420,3.0,15.0,2.0,3.0,2.0,3.0,0.2,0.5,10.0,9,0,9,15,1,4,28
187420,3.0,15.0,2.0,3.0,2.0,3.0,0.2,0.5,10.0,10,0,6,10,1,2,19
187420,3.0,15.0,2.0,3.0,2.0,3.0,0.2,0.5,10.0,11,0,5,9,1,2,16
187420,3.0,15.0,2.0,3.0,2.0,3.0,0.2,0.5,10.0,12,0,5,3,1,2,9
187420,3.0,15.0,2.0,3.0,2.0,3.0,0.2,0.5,10.0,13,0,5,1,0,1,6
187420,3.0,15.0,2.0,3.0,2.0,3.0,0.2,0.5,10.0,14,0,3,0,0,1,3
187420,3.0,15.0,2.0,3.0,2.0,3.0,0.2,0.5,10.0,15,0,3,0,0,0,3
187420,3.0,15.0,2.0,3.0,2.0,3.0,0.2,0.5,10.0,16,0,1,0,0,0,1