Exp Num,agent:svo_convergence_factor,agent:params:metabolism,agent:params:consumption_factor,agent:params:procreate_cost_factor,agent:params:procreate_req_factor,agent:params:start_energy_factor,agent:params:caught_chance,agent:params:caught_cooldown_factor,agent:params:maximum_age,Epoch,Resource,A,B,C,D,E
103569,2.0,10.0,3.0,5.0,1.0,1.0,0.30000000000000004,0.4,50.0,0,2000.0,19,27,16,17,83
103569,2.0,10.0,3.0,5.0,1.0,1.0,0.30000000000000004,0.4,50.0,1,1510.0,22,34,20,19,97
103569,2.0,10.0,3.0,5.0,1.0,1.0,0.30000000000000004,0.4,50.0,2,177.5,22,39,21,21,103
103569,2.0,10.0,3.0,5.0,1.0,1.0,0.30000000000000004,0.4,50.0,3,0,20,39,16,16,86
103569,2.0,10.0,3.0,5.0,1.0,1.0,0.30000000000000004,0.4,50.0,4,0,12,29,9,13,57
103569,2.0,10.0,3.0,5.0,1.0,1.0,0.30000000000000004,0.4,50.0,5,0,6,25,8,11,44
103569,2.0,10.0,3.0,5.0,1.0,1.0,0.30000000000000004,0.4,50.0,6,0,5,19,8,9,34
103569,2.0,10.0,3.0,5.0,1.0,1.0,0.30000000000000004,0.4,50.0,7,0,3,16,3,9,23
103569,2.0,10.0,3.0,5.0,1.0,1.0,0.30000000000000004,0.4,50.0,8,0,2,14,1,6,18
103569,2.0,10.0,3.0,5.0,1.0,1.0,0.30000000000000004,0.4,50.0,9,0,1,10,1,4,12
103569,2.0,10.0,3.0,5.0,1.0,1.0,0.30000000000000004,0.4,50.0,10,0,1,8,1,3,10
103569,2.0,10.0,3.0,5.0,1.0,1.0,0.30000000000000004,0.4,50.0,11,0,1,7,1,0,9
103569,2.0,10.0,3.0,5.0,1.0,1.0,0.30000000000000004,0.4,50.0,12,0,0,7,0,0,7
103569,2.0,10.0,3.0,5.0,1.0,1.0,0.30000000000000004,0.4,50.0,13,0,0,4,0,0,4
103569,2.0,10.0,3.0,5.0,1.0,1.0,0.30000000000000004,0.4,50.0,14,40.0,0,4,0,0,4
103569,2.0,10.0,3.0,5.0,1.0,1.0,0.30000000000000004,0.4,50.0,15,20.0,0,3,0,0,3
103569,2.0,10.0,3.0,5.0,1.0,1.0,0.30000000000000004,0.4,50.0,16,0,0,3,0,0,3
103569,2.0,10.0,3.0,5.0,1.0,1.0,0.30000000000000004,0.4,50.0,17,0,0,2,0,0,2
103569,2.0,10.0,3.0,5.0,1.0,1.0,0.30000000000000004,0.4,50.0,18,0,0,1,0,0,1