Exp Num,agent:svo_convergence_factor,agent:params:metabolism,agent:params:consumption_factor,agent:params:procreate_cost_factor,agent:params:procreate_req_factor,agent:params:start_energy_factor,agent:params:caught_chance,agent:params:caught_cooldown_factor,agent:params:maximum_age,Epoch,Resource,A,B,C,D,E
194932,3.0,15.0,3.0,7.0,1.0,3.0,0.30000000000000004,0.2,30.0,0,3560.0,18,30,8,24,76
194932,3.0,15.0,3.0,7.0,1.0,3.0,0.30000000000000004,0.2,30.0,1,3190.0,23,33,8,24,84
194932,3.0,15.0,3.0,7.0,1.0,3.0,0.30000000000000004,0.2,30.0,2,1917.5,20,26,6,18,71
194932,3.0,15.0,3.0,7.0,1.0,3.0,0.30000000000000004,0.2,30.0,3,551.875,21,28,6,19,74
194932,3.0,15.0,3.0,7.0,1.0,3.0,0.30000000000000004,0.2,30.0,4,0,21,27,6,19,73
194932,3.0,15.0,3.0,7.0,1.0,3.0,0.30000000000000004,0.2,30.0,5,0,17,23,3,17,54
194932,3.0,15.0,3.0,7.0,1.0,3.0,0.30000000000000004,0.2,30.0,6,0,16,21,2,11,43
194932,3.0,15.0,3.0,7.0,1.0,3.0,0.30000000000000004,0.2,30.0,7,0,13,19,2,9,36
194932,3.0,15.0,3.0,7.0,1.0,3.0,0.30000000000000004,0.2,30.0,8,0,11,19,2,8,32
194932,3.0,15.0,3.0,7.0,1.0,3.0,0.30000000000000004,0.2,30.0,9,0,10,16,1,8,27
194932,3.0,15.0,3.0,7.0,1.0,3.0,0.30000000000000004,0.2,30.0,10,0,8,12,0,5,20
194932,3.0,15.0,3.0,7.0,1.0,3.0,0.30000000000000004,0.2,30.0,11,0,7,10,0,2,17
194932,3.0,15.0,3.0,7.0,1.0,3.0,0.30000000000000004,0.2,30.0,12,0,3,8,0,1,11
194932,3.0,15.0,3.0,7.0,1.0,3.0,0.30000000000000004,0.2,30.0,13,0,2,5,0,0,7
194932,3.0,15.0,3.0,7.0,1.0,3.0,0.30000000000000004,0.2,30.0,14,0,2,4,0,0,6
194932,3.0,15.0,3.0,7.0,1.0,3.0,0.30000000000000004,0.2,30.0,15,55.0,2,3,0,0,5
194932,3.0,15.0,3.0,7.0,1.0,3.0,0.30000000000000004,0.2,30.0,16,23.75,1,3,0,0,4
194932,3.0,15.0,3.0,7.0,1.0,3.0,0.30000000000000004,0.2,30.0,17,0,0,3,0,0,3
194932,3.0,15.0,3.0,7.0,1.0,3.0,0.30000000000000004,0.2,30.0,18,0,0,2,0,0,2
194932,3.0,15.0,3.0,7.0,1.0,3.0,0.30000000000000004,0.2,30.0,19,0,0,2,0,0,2
194932,3.0,15.0,3.0,7.0,1.0,3.0,0.30000000000000004,0.2,30.0,20,0,0,2,0,0,2
194932,3.0,15.0,3.0,7.0,1.0,3.0,0.30000000000000004,0.2,30.0,21,0,0,1,0,0,1