Exp Num,agent:svo_convergence_factor,agent:params:metabolism,agent:params:consumption_factor,agent:params:procreate_cost_factor,agent:params:procreate_req_factor,agent:params:start_energy_factor,agent:params:caught_chance,agent:params:caught_cooldown_factor,agent:params:maximum_age,Epoch,Resource,A,B,C,D,E
147635,3.0,5.0,3.0,3.0,1.0,3.0,0.1,0.30000000000000004,10.0,0,3500.0,19,35,20,50,100
147635,3.0,5.0,3.0,3.0,1.0,3.0,0.1,0.30000000000000004,10.0,1,3430.0,24,47,35,59,135
147635,3.0,5.0,3.0,3.0,1.0,3.0,0.1,0.30000000000000004,10.0,2,2232.5,40,67,54,78,199
147635,3.0,5.0,3.0,3.0,1.0,3.0,0.1,0.30000000000000004,10.0,3,0,52,87,74,86,255
147635,3.0,5.0,3.0,3.0,1.0,3.0,0.1,0.30000000000000004,10.0,4,0,56,97,72,82,260
147635,3.0,5.0,3.0,3.0,1.0,3.0,0.1,0.30000000000000004,10.0,5,0,40,74,56,57,189
147635,3.0,5.0,3.0,3.0,1.0,3.0,0.1,0.30000000000000004,10.0,6,0,29,60,38,38,141
147635,3.0,5.0,3.0,3.0,1.0,3.0,0.1,0.30000000000000004,10.0,7,0,26,44,25,29,101
147635,3.0,5.0,3.0,3.0,1.0,3.0,0.1,0.30000000000000004,10.0,8,0,22,26,23,24,71
147635,3.0,5.0,3.0,3.0,1.0,3.0,0.1,0.30000000000000004,10.0,9,0,14,24,15,15,53
147635,3.0,5.0,3.0,3.0,1.0,3.0,0.1,0.30000000000000004,10.0,10,0,6,18,14,11,38
147635,3.0,5.0,3.0,3.0,1.0,3.0,0.1,0.30000000000000004,10.0,11,0,3,11,11,8,25
147635,3.0,5.0,3.0,3.0,1.0,3.0,0.1,0.30000000000000004,10.0,12,0,3,8,9,4,20
147635,3.0,5.0,3.0,3.0,1.0,3.0,0.1,0.30000000000000004,10.0,13,0,3,5,8,2,16
147635,3.0,5.0,3.0,3.0,1.0,3.0,0.1,0.30000000000000004,10.0,14,0,2,7,9,2,18
147635,3.0,5.0,3.0,3.0,1.0,3.0,0.1,0.30000000000000004,10.0,15,0,0,9,5,1,14
147635,3.0,5.0,3.0,3.0,1.0,3.0,0.1,0.30000000000000004,10.0,16,0,0,7,5,1,12
147635,3.0,5.0,3.0,3.0,1.0,3.0,0.1,0.30000000000000004,10.0,17,0,0,4,5,0,9
147635,3.0,5.0,3.0,3.0,1.0,3.0,0.1,0.30000000000000004,10.0,18,0,0,2,4,0,6
147635,3.0,5.0,3.0,3.0,1.0,3.0,0.1,0.30000000000000004,10.0,19,0,0,1,3,0,4
147635,3.0,5.0,3.0,3.0,1.0,3.0,0.1,0.30000000000000004,10.0,20,0,0,0,2,0,2
147635,3.0,5.0,3.0,3.0,1.0,3.0,0.1,0.30000000000000004,10.0,21,0,0,0,1,0,1