Exp Num,agent:svo_convergence_factor,agent:params:metabolism,agent:params:consumption_factor,agent:params:procreate_cost_factor,agent:params:procreate_req_factor,agent:params:start_energy_factor,agent:params:caught_chance,agent:params:caught_cooldown_factor,agent:params:maximum_age,Epoch,Resource,A,B,C,D,E
189951,3.0,15.0,2.0,7.0,3.0,2.0,0.4,0.1,20.0,0,4220.0,19,27,10,17,83
189951,3.0,15.0,2.0,7.0,3.0,2.0,0.4,0.1,20.0,1,3685.0,9,21,8,17,64
189951,3.0,15.0,2.0,7.0,3.0,2.0,0.4,0.1,20.0,2,3766.25,9,20,8,17,61
189951,3.0,15.0,2.0,7.0,3.0,2.0,0.4,0.1,20.0,3,3897.8125,9,13,7,15,52
189951,3.0,15.0,2.0,7.0,3.0,2.0,0.4,0.1,20.0,4,4272.265625,8,10,7,14,48
189951,3.0,15.0,2.0,7.0,3.0,2.0,0.4,0.1,20.0,5,4620.33203125,7,8,7,12,44
189951,3.0,15.0,2.0,7.0,3.0,2.0,0.4,0.1,20.0,6,4635.4150390625,7,8,7,12,43
189951,3.0,15.0,2.0,7.0,3.0,2.0,0.4,0.1,20.0,7,4444.268798828125,6,8,6,12,40
189951,3.0,15.0,2.0,7.0,3.0,2.0,0.4,0.1,20.0,8,4145.335998535156,5,8,6,12,39
189951,3.0,15.0,2.0,7.0,3.0,2.0,0.4,0.1,20.0,9,3741.6699981689453,5,8,5,12,38
189951,3.0,15.0,2.0,7.0,3.0,2.0,0.4,0.1,20.0,10,3177.0874977111816,5,8,5,12,38
189951,3.0,15.0,2.0,7.0,3.0,2.0,0.4,0.1,20.0,11,2831.359372138977,5,8,5,12,38
189951,3.0,15.0,2.0,7.0,3.0,2.0,0.4,0.1,20.0,12,2789.1992151737213,5,8,5,12,38
189951,3.0,15.0,2.0,7.0,3.0,2.0,0.4,0.1,20.0,13,2916.4990189671516,5,8,5,12,38
189951,3.0,15.0,2.0,7.0,3.0,2.0,0.4,0.1,20.0,14,3015.6237737089396,5,8,5,12,38
189951,3.0,15.0,2.0,7.0,3.0,2.0,0.4,0.1,20.0,15,3169.5297171361744,5,7,5,12,37
189951,3.0,15.0,2.0,7.0,3.0,2.0,0.4,0.1,20.0,16,3271.912146420218,5,7,5,11,37
189951,3.0,15.0,2.0,7.0,3.0,2.0,0.4,0.1,20.0,17,3489.8901830252726,5,7,5,11,36
189951,3.0,15.0,2.0,7.0,3.0,2.0,0.4,0.1,20.0,18,3462.3627287815907,5,6,5,11,35
189951,3.0,15.0,2.0,7.0,3.0,2.0,0.4,0.1,20.0,19,3517.9534109769884,5,6,5,11,35
189951,3.0,15.0,2.0,7.0,3.0,2.0,0.4,0.1,20.0,20,3557.4417637212355,3,3,4,7,25
189951,3.0,15.0,2.0,7.0,3.0,2.0,0.4,0.1,20.0,21,3846.8022046515443,2,3,3,4,17
189951,3.0,15.0,2.0,7.0,3.0,2.0,0.4,0.1,20.0,22,4478.50275581443,1,2,3,1,11
189951,3.0,15.0,2.0,7.0,3.0,2.0,0.4,0.1,20.0,23,5418.128444768037,0,2,1,1,5
189951,3.0,15.0,2.0,7.0,3.0,2.0,0.4,0.1,20.0,24,6622.660555960047,0,2,1,0,5
189951,3.0,15.0,2.0,7.0,3.0,2.0,0.4,0.1,20.0,25,8188.325694950057,0,0,1,0,2
189951,3.0,15.0,2.0,7.0,3.0,2.0,0.4,0.1,20.0,26,9970.0,0,0,0,0,1