Exp Num,agent:svo_convergence_factor,agent:params:metabolism,agent:params:consumption_factor,agent:params:procreate_cost_factor,agent:params:procreate_req_factor,agent:params:start_energy_factor,agent:params:caught_chance,agent:params:caught_cooldown_factor,agent:params:maximum_age,Epoch,Resource,A,B,C,D,E
183712,3.0,15.0,1.0,7.0,1.0,3.0,0.4,0.30000000000000004,30.0,0,3500.0,15,32,13,24,76
183712,3.0,15.0,1.0,7.0,1.0,3.0,0.4,0.30000000000000004,30.0,1,2965.0,15,32,13,24,76
183712,3.0,15.0,1.0,7.0,1.0,3.0,0.4,0.30000000000000004,30.0,2,2731.25,15,32,13,24,76
183712,3.0,15.0,1.0,7.0,1.0,3.0,0.4,0.30000000000000004,30.0,3,2694.0625,15,32,12,23,75
183712,3.0,15.0,1.0,7.0,1.0,3.0,0.4,0.30000000000000004,30.0,4,2677.578125,13,28,12,20,69
183712,3.0,15.0,1.0,7.0,1.0,3.0,0.4,0.30000000000000004,30.0,5,2626.97265625,10,21,12,19,59
183712,3.0,15.0,1.0,7.0,1.0,3.0,0.4,0.30000000000000004,30.0,6,2473.7158203125,6,16,12,18,50
183712,3.0,15.0,1.0,7.0,1.0,3.0,0.4,0.30000000000000004,30.0,7,2192.144775390625,6,13,12,18,47
183712,3.0,15.0,1.0,7.0,1.0,3.0,0.4,0.30000000000000004,30.0,8,1870.1809692382812,6,11,12,18,45
183712,3.0,15.0,1.0,7.0,1.0,3.0,0.4,0.30000000000000004,30.0,9,1557.7262115478516,6,10,12,18,44
183712,3.0,15.0,1.0,7.0,1.0,3.0,0.4,0.30000000000000004,30.0,10,1317.1577644348145,6,10,11,17,43
183712,3.0,15.0,1.0,7.0,1.0,3.0,0.4,0.30000000000000004,30.0,11,986.4472055435181,6,9,11,17,42
183712,3.0,15.0,1.0,7.0,1.0,3.0,0.4,0.30000000000000004,30.0,12,603.0590069293976,2,8,10,17,36
183712,3.0,15.0,1.0,7.0,1.0,3.0,0.4,0.30000000000000004,30.0,13,18.82375866174698,2,7,10,17,35
183712,3.0,15.0,1.0,7.0,1.0,3.0,0.4,0.30000000000000004,30.0,14,0,1,3,6,8,19
183712,3.0,15.0,1.0,7.0,1.0,3.0,0.4,0.30000000000000004,30.0,15,0,0,2,4,3,11
183712,3.0,15.0,1.0,7.0,1.0,3.0,0.4,0.30000000000000004,30.0,16,0,0,2,3,0,7
183712,3.0,15.0,1.0,7.0,1.0,3.0,0.4,0.30000000000000004,30.0,17,0,0,1,1,0,3
183712,3.0,15.0,1.0,7.0,1.0,3.0,0.4,0.30000000000000004,30.0,18,0,0,1,0,0,1