Exp Num,agent:svo_convergence_factor,agent:params:metabolism,agent:params:consumption_factor,agent:params:procreate_cost_factor,agent:params:procreate_req_factor,agent:params:start_energy_factor,agent:params:caught_chance,agent:params:caught_cooldown_factor,agent:params:maximum_age,Epoch,Resource,A,B,C,D,E
124570,2.0,15.0,3.0,1.0,3.0,1.0,0.30000000000000004,0.5,10.0,0,500.0,22,36,35,36,114
124570,2.0,15.0,3.0,1.0,3.0,1.0,0.30000000000000004,0.5,10.0,1,0,24,38,37,36,120
124570,2.0,15.0,3.0,1.0,3.0,1.0,0.30000000000000004,0.5,10.0,2,0,14,25,23,15,68
124570,2.0,15.0,3.0,1.0,3.0,1.0,0.30000000000000004,0.5,10.0,3,0,9,17,13,5,42
124570,2.0,15.0,3.0,1.0,3.0,1.0,0.30000000000000004,0.5,10.0,4,0,3,12,9,1,25
124570,2.0,15.0,3.0,1.0,3.0,1.0,0.30000000000000004,0.5,10.0,5,0,2,7,4,0,14
124570,2.0,15.0,3.0,1.0,3.0,1.0,0.30000000000000004,0.5,10.0,6,0,0,4,3,0,8
124570,2.0,15.0,3.0,1.0,3.0,1.0,0.30000000000000004,0.5,10.0,7,0,0,2,2,0,4
124570,2.0,15.0,3.0,1.0,3.0,1.0,0.30000000000000004,0.5,10.0,8,0,0,1,1,0,2
124570,2.0,15.0,3.0,1.0,3.0,1.0,0.30000000000000004,0.5,10.0,9,0,0,1,0,0,1