Exp Num,agent:svo_convergence_factor,agent:params:metabolism,agent:params:consumption_factor,agent:params:procreate_cost_factor,agent:params:procreate_req_factor,agent:params:start_energy_factor,agent:params:caught_chance,agent:params:caught_cooldown_factor,agent:params:maximum_age,Epoch,Resource,A,B,C,D,E
11993,1.0,5.0,3.0,1.0,2.0,3.0,0.5,0.4,40.0,0,3500.0,17,45,30,36,114
11993,1.0,5.0,3.0,1.0,2.0,3.0,0.5,0.4,40.0,1,3730.0,22,60,50,50,155
11993,1.0,5.0,3.0,1.0,2.0,3.0,0.5,0.4,40.0,2,3792.5,22,79,60,57,184
11993,1.0,5.0,3.0,1.0,2.0,3.0,0.5,0.4,40.0,3,3675.625,16,84,68,68,189
11993,1.0,5.0,3.0,1.0,2.0,3.0,0.5,0.4,40.0,4,3319.53125,11,86,82,72,199
11993,1.0,5.0,3.0,1.0,2.0,3.0,0.5,0.4,40.0,5,2664.4140625,9,92,101,84,222
11993,1.0,5.0,3.0,1.0,2.0,3.0,0.5,0.4,40.0,6,1635.517578125,5,98,125,91,248
11993,1.0,5.0,3.0,1.0,2.0,3.0,0.5,0.4,40.0,7,319.39697265625,2,100,148,105,270
11993,1.0,5.0,3.0,1.0,2.0,3.0,0.5,0.4,40.0,8,0,1,81,125,88,224
11993,1.0,5.0,3.0,1.0,2.0,3.0,0.5,0.4,40.0,9,0,1,56,80,56,147
11993,1.0,5.0,3.0,1.0,2.0,3.0,0.5,0.4,40.0,10,0,1,34,50,25,91
11993,1.0,5.0,3.0,1.0,2.0,3.0,0.5,0.4,40.0,11,0,1,15,33,13,53
11993,1.0,5.0,3.0,1.0,2.0,3.0,0.5,0.4,40.0,12,0,1,7,20,6,31
11993,1.0,5.0,3.0,1.0,2.0,3.0,0.5,0.4,40.0,13,0,0,4,12,2,18
11993,1.0,5.0,3.0,1.0,2.0,3.0,0.5,0.4,40.0,14,0,0,1,8,1,11
11993,1.0,5.0,3.0,1.0,2.0,3.0,0.5,0.4,40.0,15,0,0,0,5,0,7
11993,1.0,5.0,3.0,1.0,2.0,3.0,0.5,0.4,40.0,16,0,0,0,4,0,4
11993,1.0,5.0,3.0,1.0,2.0,3.0,0.5,0.4,40.0,17,0,0,0,2,0,2
11993,1.0,5.0,3.0,1.0,2.0,3.0,0.5,0.4,40.0,18,0,0,0,1,0,1