Exp Num,agent:svo_convergence_factor,agent:params:metabolism,agent:params:consumption_factor,agent:params:procreate_cost_factor,agent:params:procreate_req_factor,agent:params:start_energy_factor,agent:params:caught_chance,agent:params:caught_cooldown_factor,agent:params:maximum_age,Epoch,Resource,A,B,C,D,E
185483,3.0,15.0,1.0,9.0,3.0,2.0,0.5,0.2,40.0,0,3500.0,21,27,9,25,75
185483,3.0,15.0,1.0,9.0,3.0,2.0,0.5,0.2,40.0,1,2995.0,21,27,9,25,75
185483,3.0,15.0,1.0,9.0,3.0,2.0,0.5,0.2,40.0,2,2813.75,20,27,9,25,74
185483,3.0,15.0,1.0,9.0,3.0,2.0,0.5,0.2,40.0,3,2572.1875,18,23,8,23,67
185483,3.0,15.0,1.0,9.0,3.0,2.0,0.5,0.2,40.0,4,2270.234375,15,20,7,23,59
185483,3.0,15.0,1.0,9.0,3.0,2.0,0.5,0.2,40.0,5,1982.79296875,12,16,7,22,52
185483,3.0,15.0,1.0,9.0,3.0,2.0,0.5,0.2,40.0,6,1563.4912109375,10,15,6,22,48
185483,3.0,15.0,1.0,9.0,3.0,2.0,0.5,0.2,40.0,7,1069.364013671875,10,15,6,20,48
185483,3.0,15.0,1.0,9.0,3.0,2.0,0.5,0.2,40.0,8,481.70501708984375,9,13,6,19,45
185483,3.0,15.0,1.0,9.0,3.0,2.0,0.5,0.2,40.0,9,0,6,13,4,17,35
185483,3.0,15.0,1.0,9.0,3.0,2.0,0.5,0.2,40.0,10,0,3,9,2,8,19
185483,3.0,15.0,1.0,9.0,3.0,2.0,0.5,0.2,40.0,11,0,2,4,1,4,9
185483,3.0,15.0,1.0,9.0,3.0,2.0,0.5,0.2,40.0,12,0,1,2,0,1,5
185483,3.0,15.0,1.0,9.0,3.0,2.0,0.5,0.2,40.0,13,0,0,1,0,1,2
185483,3.0,15.0,1.0,9.0,3.0,2.0,0.5,0.2,40.0,14,0,0,0,0,1,0