Exp Num,agent:svo_convergence_factor,agent:params:metabolism,agent:params:consumption_factor,agent:params:procreate_cost_factor,agent:params:procreate_req_factor,agent:params:start_energy_factor,agent:params:caught_chance,agent:params:caught_cooldown_factor,agent:params:maximum_age,Epoch,Resource,A,B,C,D,E
192235,3.0,15.0,3.0,1.0,3.0,2.0,0.5,0.30000000000000004,10.0,0,3875.0,15,35,13,27,85
192235,3.0,15.0,3.0,1.0,3.0,2.0,0.5,0.30000000000000004,10.0,1,2053.75,11,39,17,31,95
192235,3.0,15.0,3.0,1.0,3.0,2.0,0.5,0.30000000000000004,10.0,2,722.1875,15,48,21,33,112
192235,3.0,15.0,3.0,1.0,3.0,2.0,0.5,0.30000000000000004,10.0,3,0,16,44,20,26,97
192235,3.0,15.0,3.0,1.0,3.0,2.0,0.5,0.30000000000000004,10.0,4,0,15,30,15,17,71
192235,3.0,15.0,3.0,1.0,3.0,2.0,0.5,0.30000000000000004,10.0,5,0,11,17,7,13,41
192235,3.0,15.0,3.0,1.0,3.0,2.0,0.5,0.30000000000000004,10.0,6,0,9,10,3,7,26
192235,3.0,15.0,3.0,1.0,3.0,2.0,0.5,0.30000000000000004,10.0,7,0,4,6,2,4,15
192235,3.0,15.0,3.0,1.0,3.0,2.0,0.5,0.30000000000000004,10.0,8,0,2,4,2,1,9
192235,3.0,15.0,3.0,1.0,3.0,2.0,0.5,0.30000000000000004,10.0,9,0,0,2,1,1,4
192235,3.0,15.0,3.0,1.0,3.0,2.0,0.5,0.30000000000000004,10.0,10,0,0,1,0,1,1
192235,3.0,15.0,3.0,1.0,3.0,2.0,0.5,0.30000000000000004,10.0,11,0,0,0,0,1,0