Exp Num,agent:svo_convergence_factor,agent:params:metabolism,agent:params:consumption_factor,agent:params:procreate_cost_factor,agent:params:procreate_req_factor,agent:params:start_energy_factor,agent:params:caught_chance,agent:params:caught_cooldown_factor,agent:params:maximum_age,Epoch,Resource,A,B,C,D,E
109316,2.0,10.0,4.0,5.0,1.0,2.0,0.30000000000000004,0.4,20.0,0,3560.0,22,36,23,26,92
109316,2.0,10.0,4.0,5.0,1.0,2.0,0.30000000000000004,0.4,20.0,1,1610.0,19,31,20,25,80
109316,2.0,10.0,4.0,5.0,1.0,2.0,0.30000000000000004,0.4,20.0,2,332.5,22,39,23,24,94
109316,2.0,10.0,4.0,5.0,1.0,2.0,0.30000000000000004,0.4,20.0,3,0,22,44,25,24,101
109316,2.0,10.0,4.0,5.0,1.0,2.0,0.30000000000000004,0.4,20.0,4,0,17,47,19,18,91
109316,2.0,10.0,4.0,5.0,1.0,2.0,0.30000000000000004,0.4,20.0,5,0,18,42,12,12,74
109316,2.0,10.0,4.0,5.0,1.0,2.0,0.30000000000000004,0.4,20.0,6,0,12,40,9,8,63
109316,2.0,10.0,4.0,5.0,1.0,2.0,0.30000000000000004,0.4,20.0,7,0,11,33,8,1,53
109316,2.0,10.0,4.0,5.0,1.0,2.0,0.30000000000000004,0.4,20.0,8,0,10,24,7,0,41
109316,2.0,10.0,4.0,5.0,1.0,2.0,0.30000000000000004,0.4,20.0,9,0,7,20,3,0,30
109316,2.0,10.0,4.0,5.0,1.0,2.0,0.30000000000000004,0.4,20.0,10,0,4,15,2,0,21
109316,2.0,10.0,4.0,5.0,1.0,2.0,0.30000000000000004,0.4,20.0,11,0,3,9,1,0,13
109316,2.0,10.0,4.0,5.0,1.0,2.0,0.30000000000000004,0.4,20.0,12,0,1,6,1,0,8
109316,2.0,10.0,4.0,5.0,1.0,2.0,0.30000000000000004,0.4,20.0,13,0,1,5,0,0,6
109316,2.0,10.0,4.0,5.0,1.0,2.0,0.30000000000000004,0.4,20.0,14,100,1,3,0,0,4
109316,2.0,10.0,4.0,5.0,1.0,2.0,0.30000000000000004,0.4,20.0,15,125.0,0,2,0,0,2
109316,2.0,10.0,4.0,5.0,1.0,2.0,0.30000000000000004,0.4,20.0,16,156.25,0,2,0,0,2
109316,2.0,10.0,4.0,5.0,1.0,2.0,0.30000000000000004,0.4,20.0,17,155.3125,0,2,0,0,2
109316,2.0,10.0,4.0,5.0,1.0,2.0,0.30000000000000004,0.4,20.0,18,194.140625,0,2,0,0,2
109316,2.0,10.0,4.0,5.0,1.0,2.0,0.30000000000000004,0.4,20.0,19,202.67578125,0,2,0,0,2
109316,2.0,10.0,4.0,5.0,1.0,2.0,0.30000000000000004,0.4,20.0,20,213.3447265625,0,2,0,0,2
109316,2.0,10.0,4.0,5.0,1.0,2.0,0.30000000000000004,0.4,20.0,21,186.680908203125,0,2,0,0,2
109316,2.0,10.0,4.0,5.0,1.0,2.0,0.30000000000000004,0.4,20.0,22,193.35113525390625,0,2,0,0,2
109316,2.0,10.0,4.0,5.0,1.0,2.0,0.30000000000000004,0.4,20.0,23,201.6889190673828,0,2,0,0,2
109316,2.0,10.0,4.0,5.0,1.0,2.0,0.30000000000000004,0.4,20.0,24,212.11114883422852,0,2,0,0,2
109316,2.0,10.0,4.0,5.0,1.0,2.0,0.30000000000000004,0.4,20.0,25,225.13893604278564,0,1,0,0,1