Exp Num,agent:svo_convergence_factor,agent:params:metabolism,agent:params:consumption_factor,agent:params:procreate_cost_factor,agent:params:procreate_req_factor,agent:params:start_energy_factor,agent:params:caught_chance,agent:params:caught_cooldown_factor,agent:params:maximum_age,Epoch,Resource,A,B,C,D,E
122360,2.0,15.0,2.0,7.0,3.0,1.0,0.5,0.30000000000000004,10.0,0,2000.0,16,25,12,31,69
122360,2.0,15.0,2.0,7.0,3.0,1.0,0.5,0.30000000000000004,10.0,1,1870.0,16,25,12,31,69
122360,2.0,15.0,2.0,7.0,3.0,1.0,0.5,0.30000000000000004,10.0,2,687.5,6,22,8,31,51
122360,2.0,15.0,2.0,7.0,3.0,1.0,0.5,0.30000000000000004,10.0,3,259.375,5,19,8,29,47
122360,2.0,15.0,2.0,7.0,3.0,1.0,0.5,0.30000000000000004,10.0,4,0,3,14,6,20,32
122360,2.0,15.0,2.0,7.0,3.0,1.0,0.5,0.30000000000000004,10.0,5,0,3,12,2,14,23
122360,2.0,15.0,2.0,7.0,3.0,1.0,0.5,0.30000000000000004,10.0,6,0,2,9,2,8,17
122360,2.0,15.0,2.0,7.0,3.0,1.0,0.5,0.30000000000000004,10.0,7,0,2,4,2,6,9
122360,2.0,15.0,2.0,7.0,3.0,1.0,0.5,0.30000000000000004,10.0,8,0,2,3,1,3,7
122360,2.0,15.0,2.0,7.0,3.0,1.0,0.5,0.30000000000000004,10.0,9,0,2,1,0,2,4
122360,2.0,15.0,2.0,7.0,3.0,1.0,0.5,0.30000000000000004,10.0,10,0,1,1,0,0,3
122360,2.0,15.0,2.0,7.0,3.0,1.0,0.5,0.30000000000000004,10.0,11,0,0,1,0,0,1