Exp Num,agent:svo_convergence_factor,agent:params:metabolism,agent:params:consumption_factor,agent:params:procreate_cost_factor,agent:params:procreate_req_factor,agent:params:start_energy_factor,agent:params:caught_chance,agent:params:caught_cooldown_factor,agent:params:maximum_age,Epoch,Resource,A,B,C,D,E
189960,3.0,15.0,2.0,7.0,3.0,2.0,0.4,0.30000000000000004,10.0,0,4220.0,23,22,8,26,74
189960,3.0,15.0,2.0,7.0,3.0,2.0,0.4,0.30000000000000004,10.0,1,3565.0,17,19,7,23,63
189960,3.0,15.0,2.0,7.0,3.0,2.0,0.4,0.30000000000000004,10.0,2,3766.25,15,17,7,23,59
189960,3.0,15.0,2.0,7.0,3.0,2.0,0.4,0.30000000000000004,10.0,3,3297.8125,11,16,6,22,52
189960,3.0,15.0,2.0,7.0,3.0,2.0,0.4,0.30000000000000004,10.0,4,3492.265625,10,13,6,22,48
189960,3.0,15.0,2.0,7.0,3.0,2.0,0.4,0.30000000000000004,10.0,5,3615.33203125,7,11,5,22,41
189960,3.0,15.0,2.0,7.0,3.0,2.0,0.4,0.30000000000000004,10.0,6,4039.1650390625,5,9,4,21,36
189960,3.0,15.0,2.0,7.0,3.0,2.0,0.4,0.30000000000000004,10.0,7,4358.956298828125,4,6,3,20,31
189960,3.0,15.0,2.0,7.0,3.0,2.0,0.4,0.30000000000000004,10.0,8,4458.695373535156,2,4,3,18,26
189960,3.0,15.0,2.0,7.0,3.0,2.0,0.4,0.30000000000000004,10.0,9,4433.369216918945,2,2,3,18,24
189960,3.0,15.0,2.0,7.0,3.0,2.0,0.4,0.30000000000000004,10.0,10,4701.711521148682,1,2,3,9,20
189960,3.0,15.0,2.0,7.0,3.0,2.0,0.4,0.30000000000000004,10.0,11,5337.139401435852,1,2,2,6,12
189960,3.0,15.0,2.0,7.0,3.0,2.0,0.4,0.30000000000000004,10.0,12,6341.424251794815,1,1,2,3,8
189960,3.0,15.0,2.0,7.0,3.0,2.0,0.4,0.30000000000000004,10.0,13,7716.780314743519,1,1,2,1,7
189960,3.0,15.0,2.0,7.0,3.0,2.0,0.4,0.30000000000000004,10.0,14,9525.975393429399,0,1,1,1,3
189960,3.0,15.0,2.0,7.0,3.0,2.0,0.4,0.30000000000000004,10.0,15,9910.0,0,0,0,1,1
189960,3.0,15.0,2.0,7.0,3.0,2.0,0.4,0.30000000000000004,10.0,16,9970.0,0,0,0,0,1