Exp Num,agent:svo_convergence_factor,agent:params:metabolism,agent:params:consumption_factor,agent:params:procreate_cost_factor,agent:params:procreate_req_factor,agent:params:start_energy_factor,agent:params:caught_chance,agent:params:caught_cooldown_factor,agent:params:maximum_age,Epoch,Resource,A,B,C,D,E
172773,3.0,10.0,3.0,7.0,2.0,3.0,0.1,0.5,40.0,0,3740.0,12,28,12,26,74
172773,3.0,10.0,3.0,7.0,2.0,3.0,0.1,0.5,40.0,1,3535.0,12,28,12,26,74
172773,3.0,10.0,3.0,7.0,2.0,3.0,0.1,0.5,40.0,2,2618.75,10,26,12,25,70
172773,3.0,10.0,3.0,7.0,2.0,3.0,0.1,0.5,40.0,3,2073.4375,10,26,12,25,70
172773,3.0,10.0,3.0,7.0,2.0,3.0,0.1,0.5,40.0,4,1511.796875,10,26,12,25,70
172773,3.0,10.0,3.0,7.0,2.0,3.0,0.1,0.5,40.0,5,569.74609375,8,23,12,24,64
172773,3.0,10.0,3.0,7.0,2.0,3.0,0.1,0.5,40.0,6,0,9,22,12,24,63
172773,3.0,10.0,3.0,7.0,2.0,3.0,0.1,0.5,40.0,7,0,9,22,12,24,63
172773,3.0,10.0,3.0,7.0,2.0,3.0,0.1,0.5,40.0,8,0,7,20,11,16,49
172773,3.0,10.0,3.0,7.0,2.0,3.0,0.1,0.5,40.0,9,0,7,18,11,14,44
172773,3.0,10.0,3.0,7.0,2.0,3.0,0.1,0.5,40.0,10,0,7,18,11,13,40
172773,3.0,10.0,3.0,7.0,2.0,3.0,0.1,0.5,40.0,11,0,7,17,10,6,38
172773,3.0,10.0,3.0,7.0,2.0,3.0,0.1,0.5,40.0,12,0,6,15,10,3,32
172773,3.0,10.0,3.0,7.0,2.0,3.0,0.1,0.5,40.0,13,0,5,15,8,2,29
172773,3.0,10.0,3.0,7.0,2.0,3.0,0.1,0.5,40.0,14,0,5,14,7,1,26
172773,3.0,10.0,3.0,7.0,2.0,3.0,0.1,0.5,40.0,15,0,5,11,6,1,22
172773,3.0,10.0,3.0,7.0,2.0,3.0,0.1,0.5,40.0,16,0,5,9,5,0,19
172773,3.0,10.0,3.0,7.0,2.0,3.0,0.1,0.5,40.0,17,0,4,8,5,0,17
172773,3.0,10.0,3.0,7.0,2.0,3.0,0.1,0.5,40.0,18,0,3,6,2,0,11
172773,3.0,10.0,3.0,7.0,2.0,3.0,0.1,0.5,40.0,19,0,3,4,2,0,9
172773,3.0,10.0,3.0,7.0,2.0,3.0,0.1,0.5,40.0,20,0,2,2,2,0,6
172773,3.0,10.0,3.0,7.0,2.0,3.0,0.1,0.5,40.0,21,0,2,2,1,0,5
172773,3.0,10.0,3.0,7.0,2.0,3.0,0.1,0.5,40.0,22,0,2,1,1,0,4
172773,3.0,10.0,3.0,7.0,2.0,3.0,0.1,0.5,40.0,23,0,1,1,0,0,2
172773,3.0,10.0,3.0,7.0,2.0,3.0,0.1,0.5,40.0,24,0,0,1,0,0,1