Exp Num,agent:svo_convergence_factor,agent:params:metabolism,agent:params:consumption_factor,agent:params:procreate_cost_factor,agent:params:procreate_req_factor,agent:params:start_energy_factor,agent:params:caught_chance,agent:params:caught_cooldown_factor,agent:params:maximum_age,Epoch,Resource,A,B,C,D,E
199069,3.0,15.0,4.0,3.0,3.0,3.0,0.30000000000000004,0.4,50.0,0,3140.0,16,24,9,28,72
199069,3.0,15.0,4.0,3.0,3.0,3.0,0.30000000000000004,0.4,50.0,1,2305.0,18,28,9,29,78
199069,3.0,15.0,4.0,3.0,3.0,3.0,0.30000000000000004,0.4,50.0,2,0,17,27,6,23,71
199069,3.0,15.0,4.0,3.0,3.0,3.0,0.30000000000000004,0.4,50.0,3,0,16,26,5,20,67
199069,3.0,15.0,4.0,3.0,3.0,3.0,0.30000000000000004,0.4,50.0,4,0,16,26,5,20,67
199069,3.0,15.0,4.0,3.0,3.0,3.0,0.30000000000000004,0.4,50.0,5,0,16,26,5,20,67
199069,3.0,15.0,4.0,3.0,3.0,3.0,0.30000000000000004,0.4,50.0,6,0,14,22,3,9,47
199069,3.0,15.0,4.0,3.0,3.0,3.0,0.30000000000000004,0.4,50.0,7,0,14,14,3,4,35
199069,3.0,15.0,4.0,3.0,3.0,3.0,0.30000000000000004,0.4,50.0,8,0,9,12,0,2,24
199069,3.0,15.0,4.0,3.0,3.0,3.0,0.30000000000000004,0.4,50.0,9,0,7,9,0,0,18
199069,3.0,15.0,4.0,3.0,3.0,3.0,0.30000000000000004,0.4,50.0,10,0,4,6,0,0,12
199069,3.0,15.0,4.0,3.0,3.0,3.0,0.30000000000000004,0.4,50.0,11,0,4,2,0,0,8
199069,3.0,15.0,4.0,3.0,3.0,3.0,0.30000000000000004,0.4,50.0,12,0,3,1,0,0,5
199069,3.0,15.0,4.0,3.0,3.0,3.0,0.30000000000000004,0.4,50.0,13,0,2,0,0,0,3
199069,3.0,15.0,4.0,3.0,3.0,3.0,0.30000000000000004,0.4,50.0,14,0,2,0,0,0,2
199069,3.0,15.0,4.0,3.0,3.0,3.0,0.30000000000000004,0.4,50.0,15,0,1,0,0,0,1