Exp Num,agent:svo_convergence_factor,agent:params:metabolism,agent:params:consumption_factor,agent:params:procreate_cost_factor,agent:params:procreate_req_factor,agent:params:start_energy_factor,agent:params:caught_chance,agent:params:caught_cooldown_factor,agent:params:maximum_age,Epoch,Resource,A,B,C,D,E
117202,2.0,15.0,1.0,9.0,1.0,2.0,0.4,0.1,30.0,0,3500.0,14,35,10,27,73
117202,2.0,15.0,1.0,9.0,1.0,2.0,0.4,0.1,30.0,1,2950.0,14,35,10,27,73
117202,2.0,15.0,1.0,9.0,1.0,2.0,0.4,0.1,30.0,2,2787.5,14,33,10,26,71
117202,2.0,15.0,1.0,9.0,1.0,2.0,0.4,0.1,30.0,3,2479.375,13,30,9,25,66
117202,2.0,15.0,1.0,9.0,1.0,2.0,0.4,0.1,30.0,4,2259.21875,12,22,9,24,57
117202,2.0,15.0,1.0,9.0,1.0,2.0,0.4,0.1,30.0,5,1894.0234375,11,18,9,23,52
117202,2.0,15.0,1.0,9.0,1.0,2.0,0.4,0.1,30.0,6,1572.529296875,8,17,8,23,47
117202,2.0,15.0,1.0,9.0,1.0,2.0,0.4,0.1,30.0,7,1095.66162109375,7,15,8,23,44
117202,2.0,15.0,1.0,9.0,1.0,2.0,0.4,0.1,30.0,8,499.5770263671875,5,13,8,23,40
117202,2.0,15.0,1.0,9.0,1.0,2.0,0.4,0.1,30.0,9,0,3,11,7,19,33
117202,2.0,15.0,1.0,9.0,1.0,2.0,0.4,0.1,30.0,10,0,1,5,4,11,15
117202,2.0,15.0,1.0,9.0,1.0,2.0,0.4,0.1,30.0,11,0,1,4,2,4,9
117202,2.0,15.0,1.0,9.0,1.0,2.0,0.4,0.1,30.0,12,0,0,2,2,1,5
117202,2.0,15.0,1.0,9.0,1.0,2.0,0.4,0.1,30.0,13,0,0,1,2,0,3
117202,2.0,15.0,1.0,9.0,1.0,2.0,0.4,0.1,30.0,14,0,0,0,1,0,1