Exp Num,agent:svo_convergence_factor,agent:params:metabolism,agent:params:consumption_factor,agent:params:procreate_cost_factor,agent:params:procreate_req_factor,agent:params:start_energy_factor,agent:params:caught_chance,agent:params:caught_cooldown_factor,agent:params:maximum_age,Epoch,Resource,A,B,C,D,E
146449,3.0,5.0,3.0,1.0,1.0,2.0,0.30000000000000004,0.5,50.0,0,3500.0,33,36,16,43,107
146449,3.0,5.0,3.0,1.0,1.0,2.0,0.30000000000000004,0.5,50.0,1,3610.0,46,55,31,64,161
146449,3.0,5.0,3.0,1.0,1.0,2.0,0.30000000000000004,0.5,50.0,2,2847.5,42,70,52,84,201
146449,3.0,5.0,3.0,1.0,1.0,2.0,0.30000000000000004,0.5,50.0,3,1669.375,41,102,92,111,286
146449,3.0,5.0,3.0,1.0,1.0,2.0,0.30000000000000004,0.5,50.0,4,0,51,121,123,135,354
146449,3.0,5.0,3.0,1.0,1.0,2.0,0.30000000000000004,0.5,50.0,5,0,56,119,122,103,338
146449,3.0,5.0,3.0,1.0,1.0,2.0,0.30000000000000004,0.5,50.0,6,0,45,103,104,72,277
146449,3.0,5.0,3.0,1.0,1.0,2.0,0.30000000000000004,0.5,50.0,7,0,41,84,77,50,215
146449,3.0,5.0,3.0,1.0,1.0,2.0,0.30000000000000004,0.5,50.0,8,0,33,71,52,30,167
146449,3.0,5.0,3.0,1.0,1.0,2.0,0.30000000000000004,0.5,50.0,9,0,24,55,34,20,121
146449,3.0,5.0,3.0,1.0,1.0,2.0,0.30000000000000004,0.5,50.0,10,0,18,44,21,12,89
146449,3.0,5.0,3.0,1.0,1.0,2.0,0.30000000000000004,0.5,50.0,11,0,11,36,16,6,65
146449,3.0,5.0,3.0,1.0,1.0,2.0,0.30000000000000004,0.5,50.0,12,0,6,25,9,4,40
146449,3.0,5.0,3.0,1.0,1.0,2.0,0.30000000000000004,0.5,50.0,13,0,4,19,7,2,30
146449,3.0,5.0,3.0,1.0,1.0,2.0,0.30000000000000004,0.5,50.0,14,0,3,12,4,1,19
146449,3.0,5.0,3.0,1.0,1.0,2.0,0.30000000000000004,0.5,50.0,15,0,3,15,3,1,21
146449,3.0,5.0,3.0,1.0,1.0,2.0,0.30000000000000004,0.5,50.0,16,0,1,13,2,1,16
146449,3.0,5.0,3.0,1.0,1.0,2.0,0.30000000000000004,0.5,50.0,17,0,0,10,1,0,11
146449,3.0,5.0,3.0,1.0,1.0,2.0,0.30000000000000004,0.5,50.0,18,0,0,7,0,0,7
146449,3.0,5.0,3.0,1.0,1.0,2.0,0.30000000000000004,0.5,50.0,19,0,0,5,0,0,5
146449,3.0,5.0,3.0,1.0,1.0,2.0,0.30000000000000004,0.5,50.0,20,0,0,5,0,0,5
146449,3.0,5.0,3.0,1.0,1.0,2.0,0.30000000000000004,0.5,50.0,21,0,0,3,0,0,3
146449,3.0,5.0,3.0,1.0,1.0,2.0,0.30000000000000004,0.5,50.0,22,0,0,1,0,0,1