Exp Num,agent:svo_convergence_factor,agent:params:metabolism,agent:params:consumption_factor,agent:params:procreate_cost_factor,agent:params:procreate_req_factor,agent:params:start_energy_factor,agent:params:caught_chance,agent:params:caught_cooldown_factor,agent:params:maximum_age,Epoch,Resource,A,B,C,D,E
141452,3.0,5.0,2.0,1.0,3.0,1.0,0.4,0.1,30.0,0,4000.0,17,33,9,29,71
141452,3.0,5.0,2.0,1.0,3.0,1.0,0.4,0.1,30.0,1,4000.0,24,46,20,41,109
141452,3.0,5.0,2.0,1.0,3.0,1.0,0.4,0.1,30.0,2,3500.0,35,66,38,55,170
141452,3.0,5.0,2.0,1.0,3.0,1.0,0.4,0.1,30.0,3,3625.0,46,79,46,57,205
141452,3.0,5.0,2.0,1.0,3.0,1.0,0.4,0.1,30.0,4,3261.25,40,76,41,51,191
141452,3.0,5.0,2.0,1.0,3.0,1.0,0.4,0.1,30.0,5,3176.5625,43,73,39,52,189
141452,3.0,5.0,2.0,1.0,3.0,1.0,0.4,0.1,30.0,6,2930.703125,41,67,37,50,177
141452,3.0,5.0,2.0,1.0,3.0,1.0,0.4,0.1,30.0,7,2763.37890625,38,63,38,49,171
141452,3.0,5.0,2.0,1.0,3.0,1.0,0.4,0.1,30.0,8,2494.2236328125,32,61,42,43,169
141452,3.0,5.0,2.0,1.0,3.0,1.0,0.4,0.1,30.0,9,2367.779541015625,28,58,43,38,163
141452,3.0,5.0,2.0,1.0,3.0,1.0,0.4,0.1,30.0,10,1969.7244262695312,27,60,39,40,159
141452,3.0,5.0,2.0,1.0,3.0,1.0,0.4,0.1,30.0,11,1682.155532836914,27,60,37,40,156
141452,3.0,5.0,2.0,1.0,3.0,1.0,0.4,0.1,30.0,12,1162.6944160461426,32,58,37,38,157
141452,3.0,5.0,2.0,1.0,3.0,1.0,0.4,0.1,30.0,13,653.3680200576782,34,56,36,39,155
141452,3.0,5.0,2.0,1.0,3.0,1.0,0.4,0.1,30.0,14,0,30,50,35,39,145
141452,3.0,5.0,2.0,1.0,3.0,1.0,0.4,0.1,30.0,15,0,26,34,24,28,105
141452,3.0,5.0,2.0,1.0,3.0,1.0,0.4,0.1,30.0,16,0,16,17,17,15,60
141452,3.0,5.0,2.0,1.0,3.0,1.0,0.4,0.1,30.0,17,0,7,10,12,6,34
141452,3.0,5.0,2.0,1.0,3.0,1.0,0.4,0.1,30.0,18,0,3,6,8,3,20
141452,3.0,5.0,2.0,1.0,3.0,1.0,0.4,0.1,30.0,19,0,1,3,5,2,10
141452,3.0,5.0,2.0,1.0,3.0,1.0,0.4,0.1,30.0,20,0,1,1,3,1,5
141452,3.0,5.0,2.0,1.0,3.0,1.0,0.4,0.1,30.0,21,0,0,0,3,0,3
141452,3.0,5.0,2.0,1.0,3.0,1.0,0.4,0.1,30.0,22,0,0,0,1,0,1