Exp Num,agent:svo_convergence_factor,agent:params:metabolism,agent:params:consumption_factor,agent:params:procreate_cost_factor,agent:params:procreate_req_factor,agent:params:start_energy_factor,agent:params:caught_chance,agent:params:caught_cooldown_factor,agent:params:maximum_age,Epoch,Resource,A,B,C,D,E
132558,2.0,15.0,4.0,5.0,3.0,2.0,0.30000000000000004,0.2,40.0,0,3500.0,14,27,15,27,73
132558,2.0,15.0,4.0,5.0,3.0,2.0,0.30000000000000004,0.2,40.0,1,655.0,12,22,13,23,64
132558,2.0,15.0,4.0,5.0,3.0,2.0,0.30000000000000004,0.2,40.0,2,0,10,21,11,21,59
132558,2.0,15.0,4.0,5.0,3.0,2.0,0.30000000000000004,0.2,40.0,3,0,10,20,11,21,58
132558,2.0,15.0,4.0,5.0,3.0,2.0,0.30000000000000004,0.2,40.0,4,0,10,20,11,21,58
132558,2.0,15.0,4.0,5.0,3.0,2.0,0.30000000000000004,0.2,40.0,5,0,7,14,6,13,35
132558,2.0,15.0,4.0,5.0,3.0,2.0,0.30000000000000004,0.2,40.0,6,0,4,9,6,8,25
132558,2.0,15.0,4.0,5.0,3.0,2.0,0.30000000000000004,0.2,40.0,7,0,4,8,4,6,18
132558,2.0,15.0,4.0,5.0,3.0,2.0,0.30000000000000004,0.2,40.0,8,0,4,8,2,4,14
132558,2.0,15.0,4.0,5.0,3.0,2.0,0.30000000000000004,0.2,40.0,9,0,4,8,1,3,13
132558,2.0,15.0,4.0,5.0,3.0,2.0,0.30000000000000004,0.2,40.0,10,0,2,6,1,2,9
132558,2.0,15.0,4.0,5.0,3.0,2.0,0.30000000000000004,0.2,40.0,11,0,0,5,1,1,6
132558,2.0,15.0,4.0,5.0,3.0,2.0,0.30000000000000004,0.2,40.0,12,0,0,4,1,1,5
132558,2.0,15.0,4.0,5.0,3.0,2.0,0.30000000000000004,0.2,40.0,13,0,0,2,1,1,3
132558,2.0,15.0,4.0,5.0,3.0,2.0,0.30000000000000004,0.2,40.0,14,0,0,1,1,1,2
132558,2.0,15.0,4.0,5.0,3.0,2.0,0.30000000000000004,0.2,40.0,15,0,0,0,1,1,1
132558,2.0,15.0,4.0,5.0,3.0,2.0,0.30000000000000004,0.2,40.0,16,0,0,0,1,1,1
132558,2.0,15.0,4.0,5.0,3.0,2.0,0.30000000000000004,0.2,40.0,17,0,0,0,1,0,1