Exp Num,agent:svo_convergence_factor,agent:params:metabolism,agent:params:consumption_factor,agent:params:procreate_cost_factor,agent:params:procreate_req_factor,agent:params:start_energy_factor,agent:params:caught_chance,agent:params:caught_cooldown_factor,agent:params:maximum_age,Epoch,Resource,A,B,C,D,E
114216,2.0,15.0,1.0,3.0,2.0,2.0,0.4,0.4,20.0,0,3500.0,22,28,10,22,78
114216,2.0,15.0,1.0,3.0,2.0,2.0,0.4,0.4,20.0,1,2950.0,22,28,10,22,78
114216,2.0,15.0,1.0,3.0,2.0,2.0,0.4,0.4,20.0,2,2712.5,22,28,10,22,77
114216,2.0,15.0,1.0,3.0,2.0,2.0,0.4,0.4,20.0,3,2505.625,17,24,10,20,68
114216,2.0,15.0,1.0,3.0,2.0,2.0,0.4,0.4,20.0,4,2262.03125,14,20,10,20,61
114216,2.0,15.0,1.0,3.0,2.0,2.0,0.4,0.4,20.0,5,1957.5390625,11,17,9,20,54
114216,2.0,15.0,1.0,3.0,2.0,2.0,0.4,0.4,20.0,6,1531.923828125,10,16,8,20,51
114216,2.0,15.0,1.0,3.0,2.0,2.0,0.4,0.4,20.0,7,1044.90478515625,9,15,8,19,49
114216,2.0,15.0,1.0,3.0,2.0,2.0,0.4,0.4,20.0,8,376.1309814453125,7,15,8,19,47
114216,2.0,15.0,1.0,3.0,2.0,2.0,0.4,0.4,20.0,9,0,5,13,6,13,35
114216,2.0,15.0,1.0,3.0,2.0,2.0,0.4,0.4,20.0,10,0,3,8,3,5,19
114216,2.0,15.0,1.0,3.0,2.0,2.0,0.4,0.4,20.0,11,0,0,3,3,2,10
114216,2.0,15.0,1.0,3.0,2.0,2.0,0.4,0.4,20.0,12,0,0,2,0,1,5
114216,2.0,15.0,1.0,3.0,2.0,2.0,0.4,0.4,20.0,13,0,0,1,0,1,2
114216,2.0,15.0,1.0,3.0,2.0,2.0,0.4,0.4,20.0,14,0,0,0,0,1,0