Exp Num,agent:svo_convergence_factor,agent:params:metabolism,agent:params:consumption_factor,agent:params:procreate_cost_factor,agent:params:procreate_req_factor,agent:params:start_energy_factor,agent:params:caught_chance,agent:params:caught_cooldown_factor,agent:params:maximum_age,Epoch,Resource,A,B,C,D,E
127961,2.0,15.0,3.0,7.0,3.0,1.0,0.4,0.30000000000000004,20.0,0,500.0,21,20,11,25,75
127961,2.0,15.0,3.0,7.0,3.0,1.0,0.4,0.30000000000000004,20.0,1,0,21,20,11,25,75
127961,2.0,15.0,3.0,7.0,3.0,1.0,0.4,0.30000000000000004,20.0,2,0,21,20,11,25,75
127961,2.0,15.0,3.0,7.0,3.0,1.0,0.4,0.30000000000000004,20.0,3,0,14,12,7,14,41
127961,2.0,15.0,3.0,7.0,3.0,1.0,0.4,0.30000000000000004,20.0,4,0,8,9,3,5,26
127961,2.0,15.0,3.0,7.0,3.0,1.0,0.4,0.30000000000000004,20.0,5,0,3,8,2,5,14
127961,2.0,15.0,3.0,7.0,3.0,1.0,0.4,0.30000000000000004,20.0,6,0,1,7,1,3,9
127961,2.0,15.0,3.0,7.0,3.0,1.0,0.4,0.30000000000000004,20.0,7,0,1,4,1,2,6
127961,2.0,15.0,3.0,7.0,3.0,1.0,0.4,0.30000000000000004,20.0,8,0,1,3,0,1,4
127961,2.0,15.0,3.0,7.0,3.0,1.0,0.4,0.30000000000000004,20.0,9,0,1,2,0,0,3
127961,2.0,15.0,3.0,7.0,3.0,1.0,0.4,0.30000000000000004,20.0,10,0,1,1,0,0,2
127961,2.0,15.0,3.0,7.0,3.0,1.0,0.4,0.30000000000000004,20.0,11,0,1,0,0,0,1