Exp Num,agent:svo_convergence_factor,agent:params:metabolism,agent:params:consumption_factor,agent:params:procreate_cost_factor,agent:params:procreate_req_factor,agent:params:start_energy_factor,agent:params:caught_chance,agent:params:caught_cooldown_factor,agent:params:maximum_age,Epoch,Resource,A,B,C,D,E
12877,1.0,5.0,3.0,3.0,2.0,2.0,0.1,0.1,30.0,0,3500.0,15,21,13,26,74
12877,1.0,5.0,3.0,3.0,2.0,2.0,0.1,0.1,30.0,1,2935.0,16,34,25,44,104
12877,1.0,5.0,3.0,3.0,2.0,2.0,0.1,0.1,30.0,2,2618.75,17,37,26,49,109
12877,1.0,5.0,3.0,3.0,2.0,2.0,0.1,0.1,30.0,3,2373.4375,22,49,32,50,132
12877,1.0,5.0,3.0,3.0,2.0,2.0,0.1,0.1,30.0,4,1271.796875,26,67,46,50,169
12877,1.0,5.0,3.0,3.0,2.0,2.0,0.1,0.1,30.0,5,164.74609375,27,83,49,50,189
12877,1.0,5.0,3.0,3.0,2.0,2.0,0.1,0.1,30.0,6,0,27,86,51,50,194
12877,1.0,5.0,3.0,3.0,2.0,2.0,0.1,0.1,30.0,7,0,23,71,41,31,145
12877,1.0,5.0,3.0,3.0,2.0,2.0,0.1,0.1,30.0,8,0,21,67,36,20,131
12877,1.0,5.0,3.0,3.0,2.0,2.0,0.1,0.1,30.0,9,0,19,62,33,17,119
12877,1.0,5.0,3.0,3.0,2.0,2.0,0.1,0.1,30.0,10,0,12,49,20,8,84
12877,1.0,5.0,3.0,3.0,2.0,2.0,0.1,0.1,30.0,11,0,6,31,13,5,51
12877,1.0,5.0,3.0,3.0,2.0,2.0,0.1,0.1,30.0,12,0,4,21,7,3,33
12877,1.0,5.0,3.0,3.0,2.0,2.0,0.1,0.1,30.0,13,0,2,12,4,3,18
12877,1.0,5.0,3.0,3.0,2.0,2.0,0.1,0.1,30.0,14,0,0,8,3,1,11
12877,1.0,5.0,3.0,3.0,2.0,2.0,0.1,0.1,30.0,15,0,0,4,2,1,6
12877,1.0,5.0,3.0,3.0,2.0,2.0,0.1,0.1,30.0,16,0,0,2,1,1,3
12877,1.0,5.0,3.0,3.0,2.0,2.0,0.1,0.1,30.0,17,70.0,0,2,1,0,3
12877,1.0,5.0,3.0,3.0,2.0,2.0,0.1,0.1,30.0,18,72.5,0,2,1,0,3
12877,1.0,5.0,3.0,3.0,2.0,2.0,0.1,0.1,30.0,19,60.625,0,2,1,0,3
12877,1.0,5.0,3.0,3.0,2.0,2.0,0.1,0.1,30.0,20,60.78125,0,2,1,0,3
12877,1.0,5.0,3.0,3.0,2.0,2.0,0.1,0.1,30.0,21,45.9765625,0,2,1,0,3
12877,1.0,5.0,3.0,3.0,2.0,2.0,0.1,0.1,30.0,22,57.470703125,0,1,1,0,2
12877,1.0,5.0,3.0,3.0,2.0,2.0,0.1,0.1,30.0,23,41.83837890625,0,2,1,0,3
12877,1.0,5.0,3.0,3.0,2.0,2.0,0.1,0.1,30.0,24,22.2979736328125,0,2,1,0,3
12877,1.0,5.0,3.0,3.0,2.0,2.0,0.1,0.1,30.0,25,12.872467041015625,0,3,1,0,4
12877,1.0,5.0,3.0,3.0,2.0,2.0,0.1,0.1,30.0,26,0,0,3,1,0,4
12877,1.0,5.0,3.0,3.0,2.0,2.0,0.1,0.1,30.0,27,0,0,3,1,0,4
12877,1.0,5.0,3.0,3.0,2.0,2.0,0.1,0.1,30.0,28,0,0,3,1,0,4
12877,1.0,5.0,3.0,3.0,2.0,2.0,0.1,0.1,30.0,29,0,0,2,0,0,2
12877,1.0,5.0,3.0,3.0,2.0,2.0,0.1,0.1,30.0,30,0,0,1,0,0,1