Exp Num,agent:svo_convergence_factor,agent:params:metabolism,agent:params:consumption_factor,agent:params:procreate_cost_factor,agent:params:procreate_req_factor,agent:params:start_energy_factor,agent:params:caught_chance,agent:params:caught_cooldown_factor,agent:params:maximum_age,Epoch,Resource,A,B,C,D,E
175323,3.0,10.0,4.0,1.0,3.0,2.0,0.30000000000000004,0.5,40.0,0,3520.0,23,40,8,30,88
175323,3.0,10.0,4.0,1.0,3.0,2.0,0.30000000000000004,0.5,40.0,1,2040.0,28,44,12,37,106
175323,3.0,10.0,4.0,1.0,3.0,2.0,0.30000000000000004,0.5,40.0,2,830.0,31,55,16,38,126
175323,3.0,10.0,4.0,1.0,3.0,2.0,0.30000000000000004,0.5,40.0,3,0,28,58,18,36,127
175323,3.0,10.0,4.0,1.0,3.0,2.0,0.30000000000000004,0.5,40.0,4,0,24,51,16,32,99
175323,3.0,10.0,4.0,1.0,3.0,2.0,0.30000000000000004,0.5,40.0,5,0,16,42,10,25,71
175323,3.0,10.0,4.0,1.0,3.0,2.0,0.30000000000000004,0.5,40.0,6,0,11,27,7,15,46
175323,3.0,10.0,4.0,1.0,3.0,2.0,0.30000000000000004,0.5,40.0,7,0,8,15,4,12,27
175323,3.0,10.0,4.0,1.0,3.0,2.0,0.30000000000000004,0.5,40.0,8,0,6,10,2,6,18
175323,3.0,10.0,4.0,1.0,3.0,2.0,0.30000000000000004,0.5,40.0,9,0,3,7,2,3,12
175323,3.0,10.0,4.0,1.0,3.0,2.0,0.30000000000000004,0.5,40.0,10,0,3,5,1,1,9
175323,3.0,10.0,4.0,1.0,3.0,2.0,0.30000000000000004,0.5,40.0,11,0,1,4,1,1,6
175323,3.0,10.0,4.0,1.0,3.0,2.0,0.30000000000000004,0.5,40.0,12,0,1,2,1,0,4
175323,3.0,10.0,4.0,1.0,3.0,2.0,0.30000000000000004,0.5,40.0,13,0,1,1,1,0,3
175323,3.0,10.0,4.0,1.0,3.0,2.0,0.30000000000000004,0.5,40.0,14,60.0,1,1,1,0,3
175323,3.0,10.0,4.0,1.0,3.0,2.0,0.30000000000000004,0.5,40.0,15,35.0,1,1,0,0,2
175323,3.0,10.0,4.0,1.0,3.0,2.0,0.30000000000000004,0.5,40.0,16,43.75,1,1,0,0,2
175323,3.0,10.0,4.0,1.0,3.0,2.0,0.30000000000000004,0.5,40.0,17,14.6875,1,0,0,0,1