Exp Num,agent:svo_convergence_factor,agent:params:metabolism,agent:params:consumption_factor,agent:params:procreate_cost_factor,agent:params:procreate_req_factor,agent:params:start_energy_factor,agent:params:caught_chance,agent:params:caught_cooldown_factor,agent:params:maximum_age,Epoch,Resource,A,B,C,D,E
108936,2.0,10.0,4.0,3.0,3.0,2.0,0.30000000000000004,0.30000000000000004,20.0,0,3360.0,25,29,10,22,78
108936,2.0,10.0,4.0,3.0,3.0,2.0,0.30000000000000004,0.30000000000000004,20.0,1,1800.0,20,25,9,22,68
108936,2.0,10.0,4.0,3.0,3.0,2.0,0.30000000000000004,0.30000000000000004,20.0,2,570.0,22,28,9,23,73
108936,2.0,10.0,4.0,3.0,3.0,2.0,0.30000000000000004,0.30000000000000004,20.0,3,0,24,31,10,23,79
108936,2.0,10.0,4.0,3.0,3.0,2.0,0.30000000000000004,0.30000000000000004,20.0,4,0,24,31,10,23,79
108936,2.0,10.0,4.0,3.0,3.0,2.0,0.30000000000000004,0.30000000000000004,20.0,5,0,18,25,8,16,58
108936,2.0,10.0,4.0,3.0,3.0,2.0,0.30000000000000004,0.30000000000000004,20.0,6,0,17,22,7,11,49
108936,2.0,10.0,4.0,3.0,3.0,2.0,0.30000000000000004,0.30000000000000004,20.0,7,0,17,21,6,11,46
108936,2.0,10.0,4.0,3.0,3.0,2.0,0.30000000000000004,0.30000000000000004,20.0,8,0,17,20,6,11,45
108936,2.0,10.0,4.0,3.0,3.0,2.0,0.30000000000000004,0.30000000000000004,20.0,9,0,12,18,5,7,36
108936,2.0,10.0,4.0,3.0,3.0,2.0,0.30000000000000004,0.30000000000000004,20.0,10,0,8,12,3,5,23
108936,2.0,10.0,4.0,3.0,3.0,2.0,0.30000000000000004,0.30000000000000004,20.0,11,0,4,7,2,3,13
108936,2.0,10.0,4.0,3.0,3.0,2.0,0.30000000000000004,0.30000000000000004,20.0,12,0,2,5,1,3,8
108936,2.0,10.0,4.0,3.0,3.0,2.0,0.30000000000000004,0.30000000000000004,20.0,13,0,2,3,0,1,5
108936,2.0,10.0,4.0,3.0,3.0,2.0,0.30000000000000004,0.30000000000000004,20.0,14,20.0,2,1,0,1,3
108936,2.0,10.0,4.0,3.0,3.0,2.0,0.30000000000000004,0.30000000000000004,20.0,15,0,2,0,0,1,2
108936,2.0,10.0,4.0,3.0,3.0,2.0,0.30000000000000004,0.30000000000000004,20.0,16,0,2,0,0,1,2
108936,2.0,10.0,4.0,3.0,3.0,2.0,0.30000000000000004,0.30000000000000004,20.0,17,0,2,0,0,1,2
108936,2.0,10.0,4.0,3.0,3.0,2.0,0.30000000000000004,0.30000000000000004,20.0,18,0,1,0,0,0,1