Exp Num,agent:svo_convergence_factor,agent:params:metabolism,agent:params:consumption_factor,agent:params:procreate_cost_factor,agent:params:procreate_req_factor,agent:params:start_energy_factor,agent:params:caught_chance,agent:params:caught_cooldown_factor,agent:params:maximum_age,Epoch,Resource,A,B,C,D,E
183612,3.0,15.0,1.0,7.0,1.0,2.0,0.5,0.30000000000000004,30.0,0,3500.0,18,25,12,23,77
183612,3.0,15.0,1.0,7.0,1.0,2.0,0.5,0.30000000000000004,30.0,1,2965.0,18,25,12,23,77
183612,3.0,15.0,1.0,7.0,1.0,2.0,0.5,0.30000000000000004,30.0,2,2776.25,18,24,11,23,75
183612,3.0,15.0,1.0,7.0,1.0,2.0,0.5,0.30000000000000004,30.0,3,2525.3125,15,20,10,22,66
183612,3.0,15.0,1.0,7.0,1.0,2.0,0.5,0.30000000000000004,30.0,4,2226.640625,12,16,10,22,59
183612,3.0,15.0,1.0,7.0,1.0,2.0,0.5,0.30000000000000004,30.0,5,1973.30078125,9,15,9,22,53
183612,3.0,15.0,1.0,7.0,1.0,2.0,0.5,0.30000000000000004,30.0,6,1611.6259765625,8,13,9,21,49
183612,3.0,15.0,1.0,7.0,1.0,2.0,0.5,0.30000000000000004,30.0,7,1204.532470703125,4,13,9,20,45
183612,3.0,15.0,1.0,7.0,1.0,2.0,0.5,0.30000000000000004,30.0,8,695.6655883789062,4,12,9,19,42
183612,3.0,15.0,1.0,7.0,1.0,2.0,0.5,0.30000000000000004,30.0,9,14.581985473632812,4,10,9,19,40
183612,3.0,15.0,1.0,7.0,1.0,2.0,0.5,0.30000000000000004,30.0,10,0,3,4,5,9,21
183612,3.0,15.0,1.0,7.0,1.0,2.0,0.5,0.30000000000000004,30.0,11,0,2,1,4,4,11
183612,3.0,15.0,1.0,7.0,1.0,2.0,0.5,0.30000000000000004,30.0,12,0,0,0,3,2,5
183612,3.0,15.0,1.0,7.0,1.0,2.0,0.5,0.30000000000000004,30.0,13,0,0,0,1,1,2
183612,3.0,15.0,1.0,7.0,1.0,2.0,0.5,0.30000000000000004,30.0,14,0,0,0,1,0,1