Exp Num,agent:svo_convergence_factor,agent:params:metabolism,agent:params:consumption_factor,agent:params:procreate_cost_factor,agent:params:procreate_req_factor,agent:params:start_energy_factor,agent:params:caught_chance,agent:params:caught_cooldown_factor,agent:params:maximum_age,Epoch,Resource,A,B,C,D,E
111637,2.0,10.0,4.0,9.0,1.0,3.0,0.1,0.30000000000000004,30.0,0,3280.0,13,29,12,29,71
111637,2.0,10.0,4.0,9.0,1.0,3.0,0.1,0.30000000000000004,30.0,1,2300.0,17,37,12,31,83
111637,2.0,10.0,4.0,9.0,1.0,3.0,0.1,0.30000000000000004,30.0,2,0,16,37,13,30,79
111637,2.0,10.0,4.0,9.0,1.0,3.0,0.1,0.30000000000000004,30.0,3,0,16,43,13,28,84
111637,2.0,10.0,4.0,9.0,1.0,3.0,0.1,0.30000000000000004,30.0,4,0,16,47,13,28,88
111637,2.0,10.0,4.0,9.0,1.0,3.0,0.1,0.30000000000000004,30.0,5,0,10,35,12,25,68
111637,2.0,10.0,4.0,9.0,1.0,3.0,0.1,0.30000000000000004,30.0,6,0,9,28,7,17,51
111637,2.0,10.0,4.0,9.0,1.0,3.0,0.1,0.30000000000000004,30.0,7,0,6,23,5,13,35
111637,2.0,10.0,4.0,9.0,1.0,3.0,0.1,0.30000000000000004,30.0,8,0,5,24,4,7,33
111637,2.0,10.0,4.0,9.0,1.0,3.0,0.1,0.30000000000000004,30.0,9,0,5,24,4,5,33
111637,2.0,10.0,4.0,9.0,1.0,3.0,0.1,0.30000000000000004,30.0,10,0,4,23,3,2,30
111637,2.0,10.0,4.0,9.0,1.0,3.0,0.1,0.30000000000000004,30.0,11,0,3,22,2,1,27
111637,2.0,10.0,4.0,9.0,1.0,3.0,0.1,0.30000000000000004,30.0,12,0,2,17,1,1,20
111637,2.0,10.0,4.0,9.0,1.0,3.0,0.1,0.30000000000000004,30.0,13,0,1,13,1,1,15
111637,2.0,10.0,4.0,9.0,1.0,3.0,0.1,0.30000000000000004,30.0,14,0,0,12,0,0,12
111637,2.0,10.0,4.0,9.0,1.0,3.0,0.1,0.30000000000000004,30.0,15,0,0,9,0,0,9
111637,2.0,10.0,4.0,9.0,1.0,3.0,0.1,0.30000000000000004,30.0,16,0,0,6,0,0,6
111637,2.0,10.0,4.0,9.0,1.0,3.0,0.1,0.30000000000000004,30.0,17,0,0,3,0,0,3
111637,2.0,10.0,4.0,9.0,1.0,3.0,0.1,0.30000000000000004,30.0,18,0,0,2,0,0,2
111637,2.0,10.0,4.0,9.0,1.0,3.0,0.1,0.30000000000000004,30.0,19,0,0,1,0,0,1