Exp Num,agent:svo_convergence_factor,agent:params:metabolism,agent:params:consumption_factor,agent:params:procreate_cost_factor,agent:params:procreate_req_factor,agent:params:start_energy_factor,agent:params:caught_chance,agent:params:caught_cooldown_factor,agent:params:maximum_age,Epoch,Resource,A,B,C,D,E
181701,3.0,15.0,1.0,3.0,2.0,2.0,0.4,0.1,20.0,0,3500.0,18,35,8,23,77
181701,3.0,15.0,1.0,3.0,2.0,2.0,0.4,0.1,20.0,1,2950.0,18,35,8,23,77
181701,3.0,15.0,1.0,3.0,2.0,2.0,0.4,0.1,20.0,2,2757.5,18,34,8,23,76
181701,3.0,15.0,1.0,3.0,2.0,2.0,0.4,0.1,20.0,3,2546.875,17,27,8,21,67
181701,3.0,15.0,1.0,3.0,2.0,2.0,0.4,0.1,20.0,4,2283.59375,13,25,8,21,61
181701,3.0,15.0,1.0,3.0,2.0,2.0,0.4,0.1,20.0,5,2029.4921875,12,21,6,21,54
181701,3.0,15.0,1.0,3.0,2.0,2.0,0.4,0.1,20.0,6,1591.865234375,9,20,6,21,50
181701,3.0,15.0,1.0,3.0,2.0,2.0,0.4,0.1,20.0,7,1089.83154296875,7,20,6,21,48
181701,3.0,15.0,1.0,3.0,2.0,2.0,0.4,0.1,20.0,8,477.2894287109375,5,17,6,21,43
181701,3.0,15.0,1.0,3.0,2.0,2.0,0.4,0.1,20.0,9,0,5,14,4,16,36
181701,3.0,15.0,1.0,3.0,2.0,2.0,0.4,0.1,20.0,10,0,3,9,3,5,21
181701,3.0,15.0,1.0,3.0,2.0,2.0,0.4,0.1,20.0,11,0,3,5,1,1,12
181701,3.0,15.0,1.0,3.0,2.0,2.0,0.4,0.1,20.0,12,0,2,1,1,0,6
181701,3.0,15.0,1.0,3.0,2.0,2.0,0.4,0.1,20.0,13,0,1,0,1,0,3
181701,3.0,15.0,1.0,3.0,2.0,2.0,0.4,0.1,20.0,14,0,1,0,0,0,1