Exp Num,agent:svo_convergence_factor,agent:params:metabolism,agent:params:consumption_factor,agent:params:procreate_cost_factor,agent:params:procreate_req_factor,agent:params:start_energy_factor,agent:params:caught_chance,agent:params:caught_cooldown_factor,agent:params:maximum_age,Epoch,Resource,A,B,C,D,E
189549,3.0,15.0,2.0,7.0,2.0,2.0,0.2,0.5,50.0,0,3710.0,18,27,13,30,70
189549,3.0,15.0,2.0,7.0,2.0,2.0,0.2,0.5,50.0,1,2747.5,14,23,12,30,59
189549,3.0,15.0,2.0,7.0,2.0,2.0,0.2,0.5,50.0,2,2354.375,14,23,12,30,59
189549,3.0,15.0,2.0,7.0,2.0,2.0,0.2,0.5,50.0,3,1592.96875,10,20,10,29,50
189549,3.0,15.0,2.0,7.0,2.0,2.0,0.2,0.5,50.0,4,1001.2109375,10,20,9,29,49
189549,3.0,15.0,2.0,7.0,2.0,2.0,0.2,0.5,50.0,5,81.513671875,7,19,7,27,43
189549,3.0,15.0,2.0,7.0,2.0,2.0,0.2,0.5,50.0,6,0,7,18,4,23,39
189549,3.0,15.0,2.0,7.0,2.0,2.0,0.2,0.5,50.0,7,0,7,17,2,14,27
189549,3.0,15.0,2.0,7.0,2.0,2.0,0.2,0.5,50.0,8,0,6,14,2,8,22
189549,3.0,15.0,2.0,7.0,2.0,2.0,0.2,0.5,50.0,9,0,6,12,1,5,19
189549,3.0,15.0,2.0,7.0,2.0,2.0,0.2,0.5,50.0,10,0,5,8,0,4,13
189549,3.0,15.0,2.0,7.0,2.0,2.0,0.2,0.5,50.0,11,0,3,7,0,2,10
189549,3.0,15.0,2.0,7.0,2.0,2.0,0.2,0.5,50.0,12,0,3,6,0,2,9
189549,3.0,15.0,2.0,7.0,2.0,2.0,0.2,0.5,50.0,13,0,2,4,0,2,6
189549,3.0,15.0,2.0,7.0,2.0,2.0,0.2,0.5,50.0,14,0,0,3,0,1,3
189549,3.0,15.0,2.0,7.0,2.0,2.0,0.2,0.5,50.0,15,0,0,1,0,1,1
189549,3.0,15.0,2.0,7.0,2.0,2.0,0.2,0.5,50.0,16,0,0,1,0,1,1
189549,3.0,15.0,2.0,7.0,2.0,2.0,0.2,0.5,50.0,17,70.0,0,1,0,0,1