Exp Num,agent:svo_convergence_factor,agent:params:metabolism,agent:params:consumption_factor,agent:params:procreate_cost_factor,agent:params:procreate_req_factor,agent:params:start_energy_factor,agent:params:caught_chance,agent:params:caught_cooldown_factor,agent:params:maximum_age,Epoch,Resource,A,B,C,D,E
12095,1.0,5.0,3.0,1.0,3.0,1.0,0.4,0.5,10.0,0,3500.0,17,41,24,45,105
12095,1.0,5.0,3.0,1.0,3.0,1.0,0.4,0.5,10.0,1,3670.0,18,50,36,46,127
12095,1.0,5.0,3.0,1.0,3.0,1.0,0.4,0.5,10.0,2,3237.5,12,52,45,61,137
12095,1.0,5.0,3.0,1.0,3.0,1.0,0.4,0.5,10.0,3,3386.875,9,65,47,65,149
12095,1.0,5.0,3.0,1.0,3.0,1.0,0.4,0.5,10.0,4,2853.59375,7,60,54,76,153
12095,1.0,5.0,3.0,1.0,3.0,1.0,0.4,0.5,10.0,5,2411.9921875,7,59,75,81,174
12095,1.0,5.0,3.0,1.0,3.0,1.0,0.4,0.5,10.0,6,1214.990234375,3,62,96,98,196
12095,1.0,5.0,3.0,1.0,3.0,1.0,0.4,0.5,10.0,7,123.73779296875,2,66,110,111,216
12095,1.0,5.0,3.0,1.0,3.0,1.0,0.4,0.5,10.0,8,0,0,57,93,77,170
12095,1.0,5.0,3.0,1.0,3.0,1.0,0.4,0.5,10.0,9,0,0,42,63,45,114
12095,1.0,5.0,3.0,1.0,3.0,1.0,0.4,0.5,10.0,10,0,0,27,40,23,72
12095,1.0,5.0,3.0,1.0,3.0,1.0,0.4,0.5,10.0,11,0,0,19,22,15,45
12095,1.0,5.0,3.0,1.0,3.0,1.0,0.4,0.5,10.0,12,0,0,11,11,9,23
12095,1.0,5.0,3.0,1.0,3.0,1.0,0.4,0.5,10.0,13,0,0,7,6,5,13
12095,1.0,5.0,3.0,1.0,3.0,1.0,0.4,0.5,10.0,14,0,0,6,3,2,9
12095,1.0,5.0,3.0,1.0,3.0,1.0,0.4,0.5,10.0,15,0,0,3,1,1,4
12095,1.0,5.0,3.0,1.0,3.0,1.0,0.4,0.5,10.0,16,0,0,1,0,1,1
12095,1.0,5.0,3.0,1.0,3.0,1.0,0.4,0.5,10.0,17,0,0,0,0,1,0