Exp Num,agent:svo_convergence_factor,agent:params:metabolism,agent:params:consumption_factor,agent:params:procreate_cost_factor,agent:params:procreate_req_factor,agent:params:start_energy_factor,agent:params:caught_chance,agent:params:caught_cooldown_factor,agent:params:maximum_age,Epoch,Resource,A,B,C,D,E
141459,3.0,5.0,2.0,1.0,3.0,1.0,0.4,0.2,50.0,0,4000.0,22,26,4,26,74
141459,3.0,5.0,2.0,1.0,3.0,1.0,0.4,0.2,50.0,1,4000.0,26,39,16,39,111
141459,3.0,5.0,2.0,1.0,3.0,1.0,0.4,0.2,50.0,2,3500.0,33,62,29,59,166
141459,3.0,5.0,2.0,1.0,3.0,1.0,0.4,0.2,50.0,3,3745.0,41,76,35,61,195
141459,3.0,5.0,2.0,1.0,3.0,1.0,0.4,0.2,50.0,4,3311.25,38,66,34,55,180
141459,3.0,5.0,2.0,1.0,3.0,1.0,0.4,0.2,50.0,5,3359.0625,40,61,33,53,177
141459,3.0,5.0,2.0,1.0,3.0,1.0,0.4,0.2,50.0,6,3038.828125,41,65,29,51,177
141459,3.0,5.0,2.0,1.0,3.0,1.0,0.4,0.2,50.0,7,2868.53515625,34,71,26,53,173
141459,3.0,5.0,2.0,1.0,3.0,1.0,0.4,0.2,50.0,8,2645.6689453125,27,72,25,52,165
141459,3.0,5.0,2.0,1.0,3.0,1.0,0.4,0.2,50.0,9,2567.086181640625,22,66,24,51,152
141459,3.0,5.0,2.0,1.0,3.0,1.0,0.4,0.2,50.0,10,2358.8577270507812,18,63,23,45,143
141459,3.0,5.0,2.0,1.0,3.0,1.0,0.4,0.2,50.0,11,2168.5721588134766,20,59,23,41,141
141459,3.0,5.0,2.0,1.0,3.0,1.0,0.4,0.2,50.0,12,1790.7151985168457,23,58,27,41,148
141459,3.0,5.0,2.0,1.0,3.0,1.0,0.4,0.2,50.0,13,1508.3939981460571,21,54,28,39,143
141459,3.0,5.0,2.0,1.0,3.0,1.0,0.4,0.2,50.0,14,1075.4924976825714,20,50,31,38,140
141459,3.0,5.0,2.0,1.0,3.0,1.0,0.4,0.2,50.0,15,694.3656221032143,16,50,28,34,133
141459,3.0,5.0,2.0,1.0,3.0,1.0,0.4,0.2,50.0,16,137.95702762901783,12,50,29,29,130
141459,3.0,5.0,2.0,1.0,3.0,1.0,0.4,0.2,50.0,17,0,9,37,21,22,100
141459,3.0,5.0,2.0,1.0,3.0,1.0,0.4,0.2,50.0,18,0,7,24,15,14,62
141459,3.0,5.0,2.0,1.0,3.0,1.0,0.4,0.2,50.0,19,0,5,14,8,8,34
141459,3.0,5.0,2.0,1.0,3.0,1.0,0.4,0.2,50.0,20,0,1,7,3,6,17
141459,3.0,5.0,2.0,1.0,3.0,1.0,0.4,0.2,50.0,21,0,0,2,0,4,8
141459,3.0,5.0,2.0,1.0,3.0,1.0,0.4,0.2,50.0,22,0,0,1,0,2,5
141459,3.0,5.0,2.0,1.0,3.0,1.0,0.4,0.2,50.0,23,0,0,0,0,2,2
141459,3.0,5.0,2.0,1.0,3.0,1.0,0.4,0.2,50.0,24,0,0,0,0,1,1
141459,3.0,5.0,2.0,1.0,3.0,1.0,0.4,0.2,50.0,25,0,0,0,0,1,0