Exp Num,agent:svo_convergence_factor,agent:params:metabolism,agent:params:consumption_factor,agent:params:procreate_cost_factor,agent:params:procreate_req_factor,agent:params:start_energy_factor,agent:params:caught_chance,agent:params:caught_cooldown_factor,agent:params:maximum_age,Epoch,Resource,A,B,C,D,E
113237,2.0,15.0,1.0,1.0,2.0,3.0,0.5,0.30000000000000004,30.0,0,3500.0,36,36,22,39,111
113237,2.0,15.0,1.0,1.0,2.0,3.0,0.5,0.30000000000000004,30.0,1,3775.0,41,43,29,40,130
113237,2.0,15.0,1.0,1.0,2.0,3.0,0.5,0.30000000000000004,30.0,2,3383.75,26,36,26,37,102
113237,2.0,15.0,1.0,1.0,2.0,3.0,0.5,0.30000000000000004,30.0,3,2549.6875,23,29,24,36,90
113237,2.0,15.0,1.0,1.0,2.0,3.0,0.5,0.30000000000000004,30.0,4,1357.109375,22,29,24,36,89
113237,2.0,15.0,1.0,1.0,2.0,3.0,0.5,0.30000000000000004,30.0,5,0,19,29,22,36,83
113237,2.0,15.0,1.0,1.0,2.0,3.0,0.5,0.30000000000000004,30.0,6,0,9,13,12,17,42
113237,2.0,15.0,1.0,1.0,2.0,3.0,0.5,0.30000000000000004,30.0,7,0,4,6,7,7,22
113237,2.0,15.0,1.0,1.0,2.0,3.0,0.5,0.30000000000000004,30.0,8,0,2,1,4,3,11
113237,2.0,15.0,1.0,1.0,2.0,3.0,0.5,0.30000000000000004,30.0,9,0,1,0,2,2,5
113237,2.0,15.0,1.0,1.0,2.0,3.0,0.5,0.30000000000000004,30.0,10,0,0,0,1,1,2
113237,2.0,15.0,1.0,1.0,2.0,3.0,0.5,0.30000000000000004,30.0,11,0,0,0,0,1,0