Exp Num,agent:svo_convergence_factor,agent:params:metabolism,agent:params:consumption_factor,agent:params:procreate_cost_factor,agent:params:procreate_req_factor,agent:params:start_energy_factor,agent:params:caught_chance,agent:params:caught_cooldown_factor,agent:params:maximum_age,Epoch,Resource,A,B,C,D,E
183303,3.0,15.0,1.0,5.0,3.0,3.0,0.30000000000000004,0.1,40.0,0,3500.0,24,27,12,26,74
183303,3.0,15.0,1.0,5.0,3.0,3.0,0.30000000000000004,0.1,40.0,1,2935.0,24,27,12,26,74
183303,3.0,15.0,1.0,5.0,3.0,3.0,0.30000000000000004,0.1,40.0,2,2708.75,24,27,12,26,74
183303,3.0,15.0,1.0,5.0,3.0,3.0,0.30000000000000004,0.1,40.0,3,2665.9375,23,26,12,26,72
183303,3.0,15.0,1.0,5.0,3.0,3.0,0.30000000000000004,0.1,40.0,4,2597.421875,21,23,10,23,64
183303,3.0,15.0,1.0,5.0,3.0,3.0,0.30000000000000004,0.1,40.0,5,2466.77734375,17,18,10,23,55
183303,3.0,15.0,1.0,5.0,3.0,3.0,0.30000000000000004,0.1,40.0,6,2198.4716796875,13,17,10,23,50
183303,3.0,15.0,1.0,5.0,3.0,3.0,0.30000000000000004,0.1,40.0,7,1968.089599609375,8,17,10,22,45
183303,3.0,15.0,1.0,5.0,3.0,3.0,0.30000000000000004,0.1,40.0,8,1695.1119995117188,7,17,10,22,44
183303,3.0,15.0,1.0,5.0,3.0,3.0,0.30000000000000004,0.1,40.0,9,1368.8899993896484,7,16,10,22,43
183303,3.0,15.0,1.0,5.0,3.0,3.0,0.30000000000000004,0.1,40.0,10,1021.1124992370605,6,14,10,21,40
183303,3.0,15.0,1.0,5.0,3.0,3.0,0.30000000000000004,0.1,40.0,11,526.3906240463257,4,13,10,21,37
183303,3.0,15.0,1.0,5.0,3.0,3.0,0.30000000000000004,0.1,40.0,12,0,3,11,9,20,31
183303,3.0,15.0,1.0,5.0,3.0,3.0,0.30000000000000004,0.1,40.0,13,0,3,7,4,10,16
183303,3.0,15.0,1.0,5.0,3.0,3.0,0.30000000000000004,0.1,40.0,14,0,3,2,3,4,9
183303,3.0,15.0,1.0,5.0,3.0,3.0,0.30000000000000004,0.1,40.0,15,0,1,0,2,3,4
183303,3.0,15.0,1.0,5.0,3.0,3.0,0.30000000000000004,0.1,40.0,16,0,0,0,1,1,2
183303,3.0,15.0,1.0,5.0,3.0,3.0,0.30000000000000004,0.1,40.0,17,0,0,0,1,0,1