Exp Num,agent:svo_convergence_factor,agent:params:metabolism,agent:params:consumption_factor,agent:params:procreate_cost_factor,agent:params:procreate_req_factor,agent:params:start_energy_factor,agent:params:caught_chance,agent:params:caught_cooldown_factor,agent:params:maximum_age,Epoch,Resource,A,B,C,D,E
172557,3.0,10.0,3.0,7.0,2.0,1.0,0.30000000000000004,0.2,30.0,0,2000.0,20,29,17,21,79
172557,3.0,10.0,3.0,7.0,2.0,1.0,0.30000000000000004,0.2,30.0,1,1360.0,20,29,17,21,79
172557,3.0,10.0,3.0,7.0,2.0,1.0,0.30000000000000004,0.2,30.0,2,770.0,20,29,17,21,79
172557,3.0,10.0,3.0,7.0,2.0,1.0,0.30000000000000004,0.2,30.0,3,182.5,11,23,14,18,59
172557,3.0,10.0,3.0,7.0,2.0,1.0,0.30000000000000004,0.2,30.0,4,0,10,21,13,17,52
172557,3.0,10.0,3.0,7.0,2.0,1.0,0.30000000000000004,0.2,30.0,5,0,10,21,13,16,52
172557,3.0,10.0,3.0,7.0,2.0,1.0,0.30000000000000004,0.2,30.0,6,0,9,16,8,11,36
172557,3.0,10.0,3.0,7.0,2.0,1.0,0.30000000000000004,0.2,30.0,7,0,9,12,5,6,28
172557,3.0,10.0,3.0,7.0,2.0,1.0,0.30000000000000004,0.2,30.0,8,0,8,9,4,5,21
172557,3.0,10.0,3.0,7.0,2.0,1.0,0.30000000000000004,0.2,30.0,9,0,8,8,3,4,19
172557,3.0,10.0,3.0,7.0,2.0,1.0,0.30000000000000004,0.2,30.0,10,0,7,5,3,3,15
172557,3.0,10.0,3.0,7.0,2.0,1.0,0.30000000000000004,0.2,30.0,11,0,5,4,2,2,11
172557,3.0,10.0,3.0,7.0,2.0,1.0,0.30000000000000004,0.2,30.0,12,0,4,2,1,1,7
172557,3.0,10.0,3.0,7.0,2.0,1.0,0.30000000000000004,0.2,30.0,13,0,4,2,0,0,6
172557,3.0,10.0,3.0,7.0,2.0,1.0,0.30000000000000004,0.2,30.0,14,0,3,2,0,0,5
172557,3.0,10.0,3.0,7.0,2.0,1.0,0.30000000000000004,0.2,30.0,15,70.0,2,1,0,0,3
172557,3.0,10.0,3.0,7.0,2.0,1.0,0.30000000000000004,0.2,30.0,16,27.5,2,1,0,0,3
172557,3.0,10.0,3.0,7.0,2.0,1.0,0.30000000000000004,0.2,30.0,17,4.375,2,1,0,0,3
172557,3.0,10.0,3.0,7.0,2.0,1.0,0.30000000000000004,0.2,30.0,18,5.46875,2,1,0,0,3
172557,3.0,10.0,3.0,7.0,2.0,1.0,0.30000000000000004,0.2,30.0,19,6.8359375,1,0,0,0,1