Exp Num,agent:svo_convergence_factor,agent:params:metabolism,agent:params:consumption_factor,agent:params:procreate_cost_factor,agent:params:procreate_req_factor,agent:params:start_energy_factor,agent:params:caught_chance,agent:params:caught_cooldown_factor,agent:params:maximum_age,Epoch,Resource,A,B,C,D,E
11785,1.0,5.0,3.0,1.0,2.0,2.0,0.2,0.30000000000000004,10.0,0,3500.0,18,37,33,39,111
11785,1.0,5.0,3.0,1.0,2.0,2.0,0.2,0.30000000000000004,10.0,1,3400.0,21,56,52,59,153
11785,1.0,5.0,3.0,1.0,2.0,2.0,0.2,0.30000000000000004,10.0,2,2405.0,21,74,75,78,197
11785,1.0,5.0,3.0,1.0,2.0,2.0,0.2,0.30000000000000004,10.0,3,1161.25,24,103,95,92,249
11785,1.0,5.0,3.0,1.0,2.0,2.0,0.2,0.30000000000000004,10.0,4,0,24,128,105,83,282
11785,1.0,5.0,3.0,1.0,2.0,2.0,0.2,0.30000000000000004,10.0,5,0,18,114,86,52,238
11785,1.0,5.0,3.0,1.0,2.0,2.0,0.2,0.30000000000000004,10.0,6,0,15,90,51,29,167
11785,1.0,5.0,3.0,1.0,2.0,2.0,0.2,0.30000000000000004,10.0,7,0,9,67,29,14,110
11785,1.0,5.0,3.0,1.0,2.0,2.0,0.2,0.30000000000000004,10.0,8,0,7,35,16,7,63
11785,1.0,5.0,3.0,1.0,2.0,2.0,0.2,0.30000000000000004,10.0,9,0,5,16,9,4,33
11785,1.0,5.0,3.0,1.0,2.0,2.0,0.2,0.30000000000000004,10.0,10,0,4,9,6,1,19
11785,1.0,5.0,3.0,1.0,2.0,2.0,0.2,0.30000000000000004,10.0,11,0,2,6,3,1,11
11785,1.0,5.0,3.0,1.0,2.0,2.0,0.2,0.30000000000000004,10.0,12,0,1,2,3,0,6
11785,1.0,5.0,3.0,1.0,2.0,2.0,0.2,0.30000000000000004,10.0,13,0,0,1,2,0,3
11785,1.0,5.0,3.0,1.0,2.0,2.0,0.2,0.30000000000000004,10.0,14,0,0,0,1,0,1