Exp Num,agent:svo_convergence_factor,agent:params:metabolism,agent:params:consumption_factor,agent:params:procreate_cost_factor,agent:params:procreate_req_factor,agent:params:start_energy_factor,agent:params:caught_chance,agent:params:caught_cooldown_factor,agent:params:maximum_age,Epoch,Resource,A,B,C,D,E
199856,3.0,15.0,4.0,5.0,2.0,3.0,0.5,0.2,20.0,0,3260.0,14,30,10,27,73
199856,3.0,15.0,4.0,5.0,2.0,3.0,0.5,0.2,20.0,1,3415.0,14,30,10,27,73
199856,3.0,15.0,4.0,5.0,2.0,3.0,0.5,0.2,20.0,2,2648.75,7,23,7,23,55
199856,3.0,15.0,4.0,5.0,2.0,3.0,0.5,0.2,20.0,3,2170.9375,7,21,6,21,51
199856,3.0,15.0,4.0,5.0,2.0,3.0,0.5,0.2,20.0,4,2053.671875,6,20,6,22,49
199856,3.0,15.0,4.0,5.0,2.0,3.0,0.5,0.2,20.0,5,2027.08984375,6,21,6,22,50
199856,3.0,15.0,4.0,5.0,2.0,3.0,0.5,0.2,20.0,6,853.8623046875,6,17,6,18,45
199856,3.0,15.0,4.0,5.0,2.0,3.0,0.5,0.2,20.0,7,107.327880859375,6,18,5,18,44
199856,3.0,15.0,4.0,5.0,2.0,3.0,0.5,0.2,20.0,8,0,6,18,5,17,45
199856,3.0,15.0,4.0,5.0,2.0,3.0,0.5,0.2,20.0,9,0,5,16,5,17,42
199856,3.0,15.0,4.0,5.0,2.0,3.0,0.5,0.2,20.0,10,0,4,13,5,10,33
199856,3.0,15.0,4.0,5.0,2.0,3.0,0.5,0.2,20.0,11,0,3,12,3,8,24
199856,3.0,15.0,4.0,5.0,2.0,3.0,0.5,0.2,20.0,12,0,3,9,3,5,19
199856,3.0,15.0,4.0,5.0,2.0,3.0,0.5,0.2,20.0,13,0,2,8,2,4,15
199856,3.0,15.0,4.0,5.0,2.0,3.0,0.5,0.2,20.0,14,0,1,8,1,2,13
199856,3.0,15.0,4.0,5.0,2.0,3.0,0.5,0.2,20.0,15,0,1,6,0,0,10
199856,3.0,15.0,4.0,5.0,2.0,3.0,0.5,0.2,20.0,16,0,1,4,0,0,8
199856,3.0,15.0,4.0,5.0,2.0,3.0,0.5,0.2,20.0,17,0,0,3,0,0,6
199856,3.0,15.0,4.0,5.0,2.0,3.0,0.5,0.2,20.0,18,0,0,2,0,0,4
199856,3.0,15.0,4.0,5.0,2.0,3.0,0.5,0.2,20.0,19,40.0,0,2,0,0,4
199856,3.0,15.0,4.0,5.0,2.0,3.0,0.5,0.2,20.0,20,0,0,1,0,0,3
199856,3.0,15.0,4.0,5.0,2.0,3.0,0.5,0.2,20.0,21,0,0,1,0,0,1