Exp Num,agent:svo_convergence_factor,agent:params:metabolism,agent:params:consumption_factor,agent:params:procreate_cost_factor,agent:params:procreate_req_factor,agent:params:start_energy_factor,agent:params:caught_chance,agent:params:caught_cooldown_factor,agent:params:maximum_age,Epoch,Resource,A,B,C,D,E
102803,2.0,10.0,3.0,3.0,2.0,1.0,0.30000000000000004,0.1,40.0,0,2000.0,19,26,13,28,72
102803,2.0,10.0,3.0,3.0,2.0,1.0,0.30000000000000004,0.1,40.0,1,1300.0,19,26,13,28,72
102803,2.0,10.0,3.0,3.0,2.0,1.0,0.30000000000000004,0.1,40.0,2,725.0,23,30,14,28,81
102803,2.0,10.0,3.0,3.0,2.0,1.0,0.30000000000000004,0.1,40.0,3,0,24,26,9,23,70
102803,2.0,10.0,3.0,3.0,2.0,1.0,0.30000000000000004,0.1,40.0,4,0,24,25,8,16,66
102803,2.0,10.0,3.0,3.0,2.0,1.0,0.30000000000000004,0.1,40.0,5,0,24,25,8,16,66
102803,2.0,10.0,3.0,3.0,2.0,1.0,0.30000000000000004,0.1,40.0,6,0,18,16,7,8,45
102803,2.0,10.0,3.0,3.0,2.0,1.0,0.30000000000000004,0.1,40.0,7,0,13,12,3,6,28
102803,2.0,10.0,3.0,3.0,2.0,1.0,0.30000000000000004,0.1,40.0,8,0,10,7,2,1,19
102803,2.0,10.0,3.0,3.0,2.0,1.0,0.30000000000000004,0.1,40.0,9,0,8,4,2,1,14
102803,2.0,10.0,3.0,3.0,2.0,1.0,0.30000000000000004,0.1,40.0,10,0,6,3,1,0,10
102803,2.0,10.0,3.0,3.0,2.0,1.0,0.30000000000000004,0.1,40.0,11,0,4,1,1,0,6
102803,2.0,10.0,3.0,3.0,2.0,1.0,0.30000000000000004,0.1,40.0,12,0,1,1,1,0,3
102803,2.0,10.0,3.0,3.0,2.0,1.0,0.30000000000000004,0.1,40.0,13,0,1,0,1,0,2
102803,2.0,10.0,3.0,3.0,2.0,1.0,0.30000000000000004,0.1,40.0,14,70.0,0,0,1,0,1