Exp Num,agent:svo_convergence_factor,agent:params:metabolism,agent:params:consumption_factor,agent:params:procreate_cost_factor,agent:params:procreate_req_factor,agent:params:start_energy_factor,agent:params:caught_chance,agent:params:caught_cooldown_factor,agent:params:maximum_age,Epoch,Resource,A,B,C,D,E
123038,2.0,15.0,2.0,9.0,2.0,1.0,0.2,0.30000000000000004,40.0,0,2000.0,19,26,11,22,78
123038,2.0,15.0,2.0,9.0,2.0,1.0,0.2,0.30000000000000004,40.0,1,1030.0,19,26,11,22,78
123038,2.0,15.0,2.0,9.0,2.0,1.0,0.2,0.30000000000000004,40.0,2,0,15,22,9,17,65
123038,2.0,15.0,2.0,9.0,2.0,1.0,0.2,0.30000000000000004,40.0,3,0,15,21,9,15,57
123038,2.0,15.0,2.0,9.0,2.0,1.0,0.2,0.30000000000000004,40.0,4,0,12,13,5,9,37
123038,2.0,15.0,2.0,9.0,2.0,1.0,0.2,0.30000000000000004,40.0,5,0,10,8,3,7,24
123038,2.0,15.0,2.0,9.0,2.0,1.0,0.2,0.30000000000000004,40.0,6,0,7,6,3,3,17
123038,2.0,15.0,2.0,9.0,2.0,1.0,0.2,0.30000000000000004,40.0,7,0,6,4,1,0,11
123038,2.0,15.0,2.0,9.0,2.0,1.0,0.2,0.30000000000000004,40.0,8,0,5,2,1,0,8
123038,2.0,15.0,2.0,9.0,2.0,1.0,0.2,0.30000000000000004,40.0,9,0,2,2,0,0,4
123038,2.0,15.0,2.0,9.0,2.0,1.0,0.2,0.30000000000000004,40.0,10,0,1,1,0,0,2
123038,2.0,15.0,2.0,9.0,2.0,1.0,0.2,0.30000000000000004,40.0,11,0,0,1,0,0,1