Exp Num,agent:svo_convergence_factor,agent:params:metabolism,agent:params:consumption_factor,agent:params:procreate_cost_factor,agent:params:procreate_req_factor,agent:params:start_energy_factor,agent:params:caught_chance,agent:params:caught_cooldown_factor,agent:params:maximum_age,Epoch,Resource,A,B,C,D,E
101588,2.0,10.0,3.0,1.0,1.0,3.0,0.4,0.30000000000000004,40.0,0,4100.0,27,31,28,41,109
101588,2.0,10.0,3.0,1.0,1.0,3.0,0.4,0.30000000000000004,40.0,1,3145.0,20,44,38,47,134
101588,2.0,10.0,3.0,1.0,1.0,3.0,0.4,0.30000000000000004,40.0,2,1861.25,27,62,61,65,188
101588,2.0,10.0,3.0,1.0,1.0,3.0,0.4,0.30000000000000004,40.0,3,0,33,73,74,84,209
101588,2.0,10.0,3.0,1.0,1.0,3.0,0.4,0.30000000000000004,40.0,4,0,34,79,68,65,198
101588,2.0,10.0,3.0,1.0,1.0,3.0,0.4,0.30000000000000004,40.0,5,0,30,74,54,40,166
101588,2.0,10.0,3.0,1.0,1.0,3.0,0.4,0.30000000000000004,40.0,6,0,29,58,47,25,138
101588,2.0,10.0,3.0,1.0,1.0,3.0,0.4,0.30000000000000004,40.0,7,0,15,39,35,16,90
101588,2.0,10.0,3.0,1.0,1.0,3.0,0.4,0.30000000000000004,40.0,8,0,10,32,34,11,76
101588,2.0,10.0,3.0,1.0,1.0,3.0,0.4,0.30000000000000004,40.0,9,0,9,18,28,6,55
101588,2.0,10.0,3.0,1.0,1.0,3.0,0.4,0.30000000000000004,40.0,10,0,5,14,21,3,40
101588,2.0,10.0,3.0,1.0,1.0,3.0,0.4,0.30000000000000004,40.0,11,0,2,13,13,2,28
101588,2.0,10.0,3.0,1.0,1.0,3.0,0.4,0.30000000000000004,40.0,12,0,2,9,5,1,16
101588,2.0,10.0,3.0,1.0,1.0,3.0,0.4,0.30000000000000004,40.0,13,0,0,5,5,1,10
101588,2.0,10.0,3.0,1.0,1.0,3.0,0.4,0.30000000000000004,40.0,14,0,0,4,6,1,10
101588,2.0,10.0,3.0,1.0,1.0,3.0,0.4,0.30000000000000004,40.0,15,0,0,2,6,0,8
101588,2.0,10.0,3.0,1.0,1.0,3.0,0.4,0.30000000000000004,40.0,16,0,0,0,6,0,6
101588,2.0,10.0,3.0,1.0,1.0,3.0,0.4,0.30000000000000004,40.0,17,0,0,0,5,0,5
101588,2.0,10.0,3.0,1.0,1.0,3.0,0.4,0.30000000000000004,40.0,18,0,0,0,3,0,3
101588,2.0,10.0,3.0,1.0,1.0,3.0,0.4,0.30000000000000004,40.0,19,0,0,0,1,0,1