Exp Num,agent:svo_convergence_factor,agent:params:metabolism,agent:params:consumption_factor,agent:params:procreate_cost_factor,agent:params:procreate_req_factor,agent:params:start_energy_factor,agent:params:caught_chance,agent:params:caught_cooldown_factor,agent:params:maximum_age,Epoch,Resource,A,B,C,D,E
116216,2.0,15.0,1.0,7.0,1.0,3.0,0.4,0.4,20.0,0,3500.0,17,32,8,23,77
116216,2.0,15.0,1.0,7.0,1.0,3.0,0.4,0.4,20.0,1,2995.0,17,32,8,23,77
116216,2.0,15.0,1.0,7.0,1.0,3.0,0.4,0.4,20.0,2,2873.75,17,32,8,23,77
116216,2.0,15.0,1.0,7.0,1.0,3.0,0.4,0.4,20.0,3,2782.1875,15,32,8,23,75
116216,2.0,15.0,1.0,7.0,1.0,3.0,0.4,0.4,20.0,4,2727.734375,12,25,8,22,64
116216,2.0,15.0,1.0,7.0,1.0,3.0,0.4,0.4,20.0,5,2509.66796875,10,18,8,21,55
116216,2.0,15.0,1.0,7.0,1.0,3.0,0.4,0.4,20.0,6,2207.0849609375,9,16,8,21,52
116216,2.0,15.0,1.0,7.0,1.0,3.0,0.4,0.4,20.0,7,1948.856201171875,8,14,8,21,49
116216,2.0,15.0,1.0,7.0,1.0,3.0,0.4,0.4,20.0,8,1686.0702514648438,8,13,8,21,48
116216,2.0,15.0,1.0,7.0,1.0,3.0,0.4,0.4,20.0,9,1387.5878143310547,8,12,8,20,47
116216,2.0,15.0,1.0,7.0,1.0,3.0,0.4,0.4,20.0,10,1014.4847679138184,6,11,8,18,44
116216,2.0,15.0,1.0,7.0,1.0,3.0,0.4,0.4,20.0,11,488.10595989227295,5,9,8,18,41
116216,2.0,15.0,1.0,7.0,1.0,3.0,0.4,0.4,20.0,12,0,4,9,8,15,37
116216,2.0,15.0,1.0,7.0,1.0,3.0,0.4,0.4,20.0,13,0,3,4,4,8,18
116216,2.0,15.0,1.0,7.0,1.0,3.0,0.4,0.4,20.0,14,0,3,1,1,5,8
116216,2.0,15.0,1.0,7.0,1.0,3.0,0.4,0.4,20.0,15,0,2,0,0,3,3
116216,2.0,15.0,1.0,7.0,1.0,3.0,0.4,0.4,20.0,16,0,0,0,0,3,0
116216,2.0,15.0,1.0,7.0,1.0,3.0,0.4,0.4,20.0,17,0,0,0,0,1,0