Exp Num,agent:svo_convergence_factor,agent:params:metabolism,agent:params:consumption_factor,agent:params:procreate_cost_factor,agent:params:procreate_req_factor,agent:params:start_energy_factor,agent:params:caught_chance,agent:params:caught_cooldown_factor,agent:params:maximum_age,Epoch,Resource,A,B,C,D,E
199441,3.0,15.0,4.0,5.0,1.0,3.0,0.30000000000000004,0.4,20.0,0,3020.0,18,41,19,23,93
199441,3.0,15.0,4.0,5.0,1.0,3.0,0.30000000000000004,0.4,20.0,1,415.0,20,51,20,27,106
199441,3.0,15.0,4.0,5.0,1.0,3.0,0.30000000000000004,0.4,20.0,2,0,20,43,16,18,83
199441,3.0,15.0,4.0,5.0,1.0,3.0,0.30000000000000004,0.4,20.0,3,0,18,40,13,16,73
199441,3.0,15.0,4.0,5.0,1.0,3.0,0.30000000000000004,0.4,20.0,4,0,16,38,12,16,68
199441,3.0,15.0,4.0,5.0,1.0,3.0,0.30000000000000004,0.4,20.0,5,0,13,34,10,14,58
199441,3.0,15.0,4.0,5.0,1.0,3.0,0.30000000000000004,0.4,20.0,6,0,11,26,4,10,42
199441,3.0,15.0,4.0,5.0,1.0,3.0,0.30000000000000004,0.4,20.0,7,0,7,17,2,7,26
199441,3.0,15.0,4.0,5.0,1.0,3.0,0.30000000000000004,0.4,20.0,8,0,5,14,0,3,19
199441,3.0,15.0,4.0,5.0,1.0,3.0,0.30000000000000004,0.4,20.0,9,0,5,8,0,2,13
199441,3.0,15.0,4.0,5.0,1.0,3.0,0.30000000000000004,0.4,20.0,10,0,4,4,0,2,8
199441,3.0,15.0,4.0,5.0,1.0,3.0,0.30000000000000004,0.4,20.0,11,0,4,3,0,1,7
199441,3.0,15.0,4.0,5.0,1.0,3.0,0.30000000000000004,0.4,20.0,12,0,3,1,0,1,4
199441,3.0,15.0,4.0,5.0,1.0,3.0,0.30000000000000004,0.4,20.0,13,100,2,1,0,0,3
199441,3.0,15.0,4.0,5.0,1.0,3.0,0.30000000000000004,0.4,20.0,14,125.0,2,1,0,0,3
199441,3.0,15.0,4.0,5.0,1.0,3.0,0.30000000000000004,0.4,20.0,15,156.25,1,0,0,0,1