Exp Num,agent:svo_convergence_factor,agent:params:metabolism,agent:params:consumption_factor,agent:params:procreate_cost_factor,agent:params:procreate_req_factor,agent:params:start_energy_factor,agent:params:caught_chance,agent:params:caught_cooldown_factor,agent:params:maximum_age,Epoch,Resource,A,B,C,D,E
168560,3.0,10.0,2.0,9.0,3.0,2.0,0.30000000000000004,0.30000000000000004,10.0,0,3760.0,13,30,16,29,71
168560,3.0,10.0,2.0,9.0,3.0,2.0,0.30000000000000004,0.30000000000000004,10.0,1,3300.0,12,29,15,26,68
168560,3.0,10.0,2.0,9.0,3.0,2.0,0.30000000000000004,0.30000000000000004,10.0,2,3385.0,12,29,14,26,67
168560,3.0,10.0,2.0,9.0,3.0,2.0,0.30000000000000004,0.30000000000000004,10.0,3,3371.25,9,25,12,25,57
168560,3.0,10.0,2.0,9.0,3.0,2.0,0.30000000000000004,0.30000000000000004,10.0,4,3734.0625,9,24,12,25,56
168560,3.0,10.0,2.0,9.0,3.0,2.0,0.30000000000000004,0.30000000000000004,10.0,5,3847.578125,9,17,11,22,48
168560,3.0,10.0,2.0,9.0,3.0,2.0,0.30000000000000004,0.30000000000000004,10.0,6,3789.47265625,8,17,10,21,46
168560,3.0,10.0,2.0,9.0,3.0,2.0,0.30000000000000004,0.30000000000000004,10.0,7,3596.8408203125,6,16,9,21,42
168560,3.0,10.0,2.0,9.0,3.0,2.0,0.30000000000000004,0.30000000000000004,10.0,8,3296.051025390625,6,16,9,21,42
168560,3.0,10.0,2.0,9.0,3.0,2.0,0.30000000000000004,0.30000000000000004,10.0,9,2900.0637817382812,6,16,9,21,42
168560,3.0,10.0,2.0,9.0,3.0,2.0,0.30000000000000004,0.30000000000000004,10.0,10,2805.0797271728516,4,10,5,14,26
168560,3.0,10.0,2.0,9.0,3.0,2.0,0.30000000000000004,0.30000000000000004,10.0,11,3086.3496589660645,1,7,2,9,13
168560,3.0,10.0,2.0,9.0,3.0,2.0,0.30000000000000004,0.30000000000000004,10.0,12,3617.9370737075806,1,4,0,6,6
168560,3.0,10.0,2.0,9.0,3.0,2.0,0.30000000000000004,0.30000000000000004,10.0,13,4382.421342134476,1,3,0,3,4
168560,3.0,10.0,2.0,9.0,3.0,2.0,0.30000000000000004,0.30000000000000004,10.0,14,5398.026677668095,1,1,0,2,2
168560,3.0,10.0,2.0,9.0,3.0,2.0,0.30000000000000004,0.30000000000000004,10.0,15,6707.533347085118,1,0,0,1,1
168560,3.0,10.0,2.0,9.0,3.0,2.0,0.30000000000000004,0.30000000000000004,10.0,16,8364.416683856398,1,0,0,0,1