Exp Num,agent:svo_convergence_factor,agent:params:metabolism,agent:params:consumption_factor,agent:params:procreate_cost_factor,agent:params:procreate_req_factor,agent:params:start_energy_factor,agent:params:caught_chance,agent:params:caught_cooldown_factor,agent:params:maximum_age,Epoch,Resource,A,B,C,D,E
183317,3.0,15.0,1.0,5.0,3.0,3.0,0.30000000000000004,0.4,30.0,0,3500.0,16,26,16,31,69
183317,3.0,15.0,1.0,5.0,3.0,3.0,0.30000000000000004,0.4,30.0,1,2950.0,16,26,16,31,69
183317,3.0,15.0,1.0,5.0,3.0,3.0,0.30000000000000004,0.4,30.0,2,2787.5,16,26,16,31,69
183317,3.0,15.0,1.0,5.0,3.0,3.0,0.30000000000000004,0.4,30.0,3,2884.375,16,25,15,31,67
183317,3.0,15.0,1.0,5.0,3.0,3.0,0.30000000000000004,0.4,30.0,4,2720.46875,15,24,15,25,65
183317,3.0,15.0,1.0,5.0,3.0,3.0,0.30000000000000004,0.4,30.0,5,2470.5859375,12,22,12,23,57
183317,3.0,15.0,1.0,5.0,3.0,3.0,0.30000000000000004,0.4,30.0,6,2098.232421875,12,20,11,23,54
183317,3.0,15.0,1.0,5.0,3.0,3.0,0.30000000000000004,0.4,30.0,7,1737.79052734375,11,19,11,23,52
183317,3.0,15.0,1.0,5.0,3.0,3.0,0.30000000000000004,0.4,30.0,8,1347.2381591796875,10,18,11,23,50
183317,3.0,15.0,1.0,5.0,3.0,3.0,0.30000000000000004,0.4,30.0,9,859.0476989746094,9,17,11,21,48
183317,3.0,15.0,1.0,5.0,3.0,3.0,0.30000000000000004,0.4,30.0,10,233.80962371826172,7,17,11,21,46
183317,3.0,15.0,1.0,5.0,3.0,3.0,0.30000000000000004,0.4,30.0,11,0,5,10,5,14,30
183317,3.0,15.0,1.0,5.0,3.0,3.0,0.30000000000000004,0.4,30.0,12,0,3,6,1,4,19
183317,3.0,15.0,1.0,5.0,3.0,3.0,0.30000000000000004,0.4,30.0,13,0,3,3,1,3,11
183317,3.0,15.0,1.0,5.0,3.0,3.0,0.30000000000000004,0.4,30.0,14,0,2,2,0,1,6
183317,3.0,15.0,1.0,5.0,3.0,3.0,0.30000000000000004,0.4,30.0,15,0,1,1,0,0,3
183317,3.0,15.0,1.0,5.0,3.0,3.0,0.30000000000000004,0.4,30.0,16,0,1,0,0,0,1