Exp Num,agent:svo_convergence_factor,agent:params:metabolism,agent:params:consumption_factor,agent:params:procreate_cost_factor,agent:params:procreate_req_factor,agent:params:start_energy_factor,agent:params:caught_chance,agent:params:caught_cooldown_factor,agent:params:maximum_age,Epoch,Resource,A,B,C,D,E
117162,2.0,15.0,1.0,9.0,1.0,2.0,0.2,0.30000000000000004,30.0,0,3500.0,20,27,8,30,70
117162,2.0,15.0,1.0,9.0,1.0,2.0,0.2,0.30000000000000004,30.0,1,2965.0,20,27,8,30,70
117162,2.0,15.0,1.0,9.0,1.0,2.0,0.2,0.30000000000000004,30.0,2,2731.25,20,27,7,29,69
117162,2.0,15.0,1.0,9.0,1.0,2.0,0.2,0.30000000000000004,30.0,3,2364.0625,18,24,7,29,64
117162,2.0,15.0,1.0,9.0,1.0,2.0,0.2,0.30000000000000004,30.0,4,1920.078125,17,21,7,29,60
117162,2.0,15.0,1.0,9.0,1.0,2.0,0.2,0.30000000000000004,30.0,5,1425.09765625,16,19,6,29,56
117162,2.0,15.0,1.0,9.0,1.0,2.0,0.2,0.30000000000000004,30.0,6,731.3720703125,10,19,6,29,50
117162,2.0,15.0,1.0,9.0,1.0,2.0,0.2,0.30000000000000004,30.0,7,0,9,18,5,25,46
117162,2.0,15.0,1.0,9.0,1.0,2.0,0.2,0.30000000000000004,30.0,8,0,6,10,2,14,23
117162,2.0,15.0,1.0,9.0,1.0,2.0,0.2,0.30000000000000004,30.0,9,0,4,6,1,4,15
117162,2.0,15.0,1.0,9.0,1.0,2.0,0.2,0.30000000000000004,30.0,10,0,2,3,1,3,6
117162,2.0,15.0,1.0,9.0,1.0,2.0,0.2,0.30000000000000004,30.0,11,0,2,1,0,2,3
117162,2.0,15.0,1.0,9.0,1.0,2.0,0.2,0.30000000000000004,30.0,12,0,1,0,0,1,1
117162,2.0,15.0,1.0,9.0,1.0,2.0,0.2,0.30000000000000004,30.0,13,0,1,0,0,0,1