Exp Num,agent:svo_convergence_factor,agent:params:metabolism,agent:params:consumption_factor,agent:params:procreate_cost_factor,agent:params:procreate_req_factor,agent:params:start_energy_factor,agent:params:caught_chance,agent:params:caught_cooldown_factor,agent:params:maximum_age,Epoch,Resource,A,B,C,D,E
195623,3.0,15.0,3.0,7.0,3.0,2.0,0.5,0.5,40.0,0,3695.0,16,29,12,27,73
195623,3.0,15.0,3.0,7.0,3.0,2.0,0.5,0.5,40.0,1,2323.75,13,24,10,21,61
195623,3.0,15.0,3.0,7.0,3.0,2.0,0.5,0.5,40.0,2,1689.6875,13,23,10,21,60
195623,3.0,15.0,3.0,7.0,3.0,2.0,0.5,0.5,40.0,3,1617.109375,13,23,10,21,60
195623,3.0,15.0,3.0,7.0,3.0,2.0,0.5,0.5,40.0,4,1166.38671875,10,16,6,19,46
195623,3.0,15.0,3.0,7.0,3.0,2.0,0.5,0.5,40.0,5,782.9833984375,8,14,4,18,38
195623,3.0,15.0,3.0,7.0,3.0,2.0,0.5,0.5,40.0,6,798.729248046875,8,13,4,18,36
195623,3.0,15.0,3.0,7.0,3.0,2.0,0.5,0.5,40.0,7,503.41156005859375,4,11,3,17,29
195623,3.0,15.0,3.0,7.0,3.0,2.0,0.5,0.5,40.0,8,224.2644500732422,4,10,2,14,27
195623,3.0,15.0,3.0,7.0,3.0,2.0,0.5,0.5,40.0,9,10.330562591552734,4,9,1,13,25
195623,3.0,15.0,3.0,7.0,3.0,2.0,0.5,0.5,40.0,10,0,3,8,1,9,22
195623,3.0,15.0,3.0,7.0,3.0,2.0,0.5,0.5,40.0,11,0,2,7,1,4,16
195623,3.0,15.0,3.0,7.0,3.0,2.0,0.5,0.5,40.0,12,0,1,5,1,3,10
195623,3.0,15.0,3.0,7.0,3.0,2.0,0.5,0.5,40.0,13,0,1,5,1,2,8
195623,3.0,15.0,3.0,7.0,3.0,2.0,0.5,0.5,40.0,14,0,1,4,0,2,6
195623,3.0,15.0,3.0,7.0,3.0,2.0,0.5,0.5,40.0,15,0,1,4,0,0,6
195623,3.0,15.0,3.0,7.0,3.0,2.0,0.5,0.5,40.0,16,0,0,3,0,0,4
195623,3.0,15.0,3.0,7.0,3.0,2.0,0.5,0.5,40.0,17,0,0,3,0,0,3
195623,3.0,15.0,3.0,7.0,3.0,2.0,0.5,0.5,40.0,18,0,0,1,0,0,1