Exp Num,agent:svo_convergence_factor,agent:params:metabolism,agent:params:consumption_factor,agent:params:procreate_cost_factor,agent:params:procreate_req_factor,agent:params:start_energy_factor,agent:params:caught_chance,agent:params:caught_cooldown_factor,agent:params:maximum_age,Epoch,Resource,A,B,C,D,E
106193,2.0,10.0,3.0,9.0,2.0,1.0,0.30000000000000004,0.4,40.0,0,2000.0,23,26,10,23,77
106193,2.0,10.0,3.0,9.0,2.0,1.0,0.30000000000000004,0.4,40.0,1,1360.0,23,26,10,23,77
106193,2.0,10.0,3.0,9.0,2.0,1.0,0.30000000000000004,0.4,40.0,2,680.0,23,26,10,23,77
106193,2.0,10.0,3.0,9.0,2.0,1.0,0.30000000000000004,0.4,40.0,3,0,18,21,7,17,61
106193,2.0,10.0,3.0,9.0,2.0,1.0,0.30000000000000004,0.4,40.0,4,0,18,20,7,13,56
106193,2.0,10.0,3.0,9.0,2.0,1.0,0.30000000000000004,0.4,40.0,5,0,17,20,7,13,54
106193,2.0,10.0,3.0,9.0,2.0,1.0,0.30000000000000004,0.4,40.0,6,0,13,18,5,8,37
106193,2.0,10.0,3.0,9.0,2.0,1.0,0.30000000000000004,0.4,40.0,7,0,11,15,3,6,30
106193,2.0,10.0,3.0,9.0,2.0,1.0,0.30000000000000004,0.4,40.0,8,0,11,12,3,3,26
106193,2.0,10.0,3.0,9.0,2.0,1.0,0.30000000000000004,0.4,40.0,9,0,10,10,3,2,23
106193,2.0,10.0,3.0,9.0,2.0,1.0,0.30000000000000004,0.4,40.0,10,0,7,6,2,1,15
106193,2.0,10.0,3.0,9.0,2.0,1.0,0.30000000000000004,0.4,40.0,11,0,3,4,2,1,9
106193,2.0,10.0,3.0,9.0,2.0,1.0,0.30000000000000004,0.4,40.0,12,0,3,3,1,1,7
106193,2.0,10.0,3.0,9.0,2.0,1.0,0.30000000000000004,0.4,40.0,13,0,1,3,1,0,5
106193,2.0,10.0,3.0,9.0,2.0,1.0,0.30000000000000004,0.4,40.0,14,100,1,2,0,0,3
106193,2.0,10.0,3.0,9.0,2.0,1.0,0.30000000000000004,0.4,40.0,15,125.0,0,2,0,0,2
106193,2.0,10.0,3.0,9.0,2.0,1.0,0.30000000000000004,0.4,40.0,16,126.25,0,1,0,0,1