Exp Num,agent:svo_convergence_factor,agent:params:metabolism,agent:params:consumption_factor,agent:params:procreate_cost_factor,agent:params:procreate_req_factor,agent:params:start_energy_factor,agent:params:caught_chance,agent:params:caught_cooldown_factor,agent:params:maximum_age,Epoch,Resource,A,B,C,D,E
13724,1.0,5.0,3.0,5.0,1.0,2.0,0.4,0.5,50.0,0,3500.0,13,27,13,29,71
13724,1.0,5.0,3.0,5.0,1.0,2.0,0.4,0.5,50.0,1,2950.0,17,35,32,41,106
13724,1.0,5.0,3.0,5.0,1.0,2.0,0.4,0.5,50.0,2,2127.5,17,41,43,48,123
13724,1.0,5.0,3.0,5.0,1.0,2.0,0.4,0.5,50.0,3,1909.375,19,53,55,58,149
13724,1.0,5.0,3.0,5.0,1.0,2.0,0.4,0.5,50.0,4,1306.71875,19,59,65,64,165
13724,1.0,5.0,3.0,5.0,1.0,2.0,0.4,0.5,50.0,5,643.3984375,17,50,69,62,157
13724,1.0,5.0,3.0,5.0,1.0,2.0,0.4,0.5,50.0,6,0,15,47,76,60,159
13724,1.0,5.0,3.0,5.0,1.0,2.0,0.4,0.5,50.0,7,0,8,42,65,54,133
13724,1.0,5.0,3.0,5.0,1.0,2.0,0.4,0.5,50.0,8,0,8,29,61,42,109
13724,1.0,5.0,3.0,5.0,1.0,2.0,0.4,0.5,50.0,9,0,5,23,58,30,92
13724,1.0,5.0,3.0,5.0,1.0,2.0,0.4,0.5,50.0,10,0,3,14,50,17,71
13724,1.0,5.0,3.0,5.0,1.0,2.0,0.4,0.5,50.0,11,0,2,9,37,10,50
13724,1.0,5.0,3.0,5.0,1.0,2.0,0.4,0.5,50.0,12,0,1,6,30,5,39
13724,1.0,5.0,3.0,5.0,1.0,2.0,0.4,0.5,50.0,13,0,0,3,23,2,28
13724,1.0,5.0,3.0,5.0,1.0,2.0,0.4,0.5,50.0,14,0,0,2,17,0,20
13724,1.0,5.0,3.0,5.0,1.0,2.0,0.4,0.5,50.0,15,0,0,1,11,0,13
13724,1.0,5.0,3.0,5.0,1.0,2.0,0.4,0.5,50.0,16,0,0,0,8,0,8
13724,1.0,5.0,3.0,5.0,1.0,2.0,0.4,0.5,50.0,17,85.0,0,0,6,0,6
13724,1.0,5.0,3.0,5.0,1.0,2.0,0.4,0.5,50.0,18,91.25,0,0,4,0,4
13724,1.0,5.0,3.0,5.0,1.0,2.0,0.4,0.5,50.0,19,114.0625,0,0,4,0,4
13724,1.0,5.0,3.0,5.0,1.0,2.0,0.4,0.5,50.0,20,127.578125,0,0,3,0,3
13724,1.0,5.0,3.0,5.0,1.0,2.0,0.4,0.5,50.0,21,144.47265625,0,0,2,0,2
13724,1.0,5.0,3.0,5.0,1.0,2.0,0.4,0.5,50.0,22,165.5908203125,0,0,2,0,2
13724,1.0,5.0,3.0,5.0,1.0,2.0,0.4,0.5,50.0,23,191.988525390625,0,0,2,0,2
13724,1.0,5.0,3.0,5.0,1.0,2.0,0.4,0.5,50.0,24,224.98565673828125,0,0,2,0,2
13724,1.0,5.0,3.0,5.0,1.0,2.0,0.4,0.5,50.0,25,266.23207092285156,0,0,1,0,1