Exp Num,agent:svo_convergence_factor,agent:params:metabolism,agent:params:consumption_factor,agent:params:procreate_cost_factor,agent:params:procreate_req_factor,agent:params:start_energy_factor,agent:params:caught_chance,agent:params:caught_cooldown_factor,agent:params:maximum_age,Epoch,Resource,A,B,C,D,E
106245,2.0,10.0,3.0,9.0,2.0,1.0,0.5,0.5,10.0,0,2000.0,17,30,15,23,77
106245,2.0,10.0,3.0,9.0,2.0,1.0,0.5,0.5,10.0,1,1720.0,17,30,15,23,77
106245,2.0,10.0,3.0,9.0,2.0,1.0,0.5,0.5,10.0,2,1580.0,17,30,15,23,77
106245,2.0,10.0,3.0,9.0,2.0,1.0,0.5,0.5,10.0,3,1225.0,11,18,11,19,53
106245,2.0,10.0,3.0,9.0,2.0,1.0,0.5,0.5,10.0,4,901.25,9,17,10,17,49
106245,2.0,10.0,3.0,9.0,2.0,1.0,0.5,0.5,10.0,5,886.5625,9,16,9,17,47
106245,2.0,10.0,3.0,9.0,2.0,1.0,0.5,0.5,10.0,6,478.203125,7,12,8,17,40
106245,2.0,10.0,3.0,9.0,2.0,1.0,0.5,0.5,10.0,7,327.75390625,2,10,7,16,31
106245,2.0,10.0,3.0,9.0,2.0,1.0,0.5,0.5,10.0,8,199.6923828125,2,7,7,16,28
106245,2.0,10.0,3.0,9.0,2.0,1.0,0.5,0.5,10.0,9,39.615478515625,2,7,6,13,26
106245,2.0,10.0,3.0,9.0,2.0,1.0,0.5,0.5,10.0,10,0,2,5,4,7,17
106245,2.0,10.0,3.0,9.0,2.0,1.0,0.5,0.5,10.0,11,0,2,4,2,2,12
106245,2.0,10.0,3.0,9.0,2.0,1.0,0.5,0.5,10.0,12,0,1,2,2,1,8
106245,2.0,10.0,3.0,9.0,2.0,1.0,0.5,0.5,10.0,13,0,1,1,1,0,5
106245,2.0,10.0,3.0,9.0,2.0,1.0,0.5,0.5,10.0,14,0,0,1,1,0,3
106245,2.0,10.0,3.0,9.0,2.0,1.0,0.5,0.5,10.0,15,0,0,0,0,0,1