Exp Num,agent:svo_convergence_factor,agent:params:metabolism,agent:params:consumption_factor,agent:params:procreate_cost_factor,agent:params:procreate_req_factor,agent:params:start_energy_factor,agent:params:caught_chance,agent:params:caught_cooldown_factor,agent:params:maximum_age,Epoch,Resource,A,B,C,D,E
117745,2.0,15.0,1.0,9.0,2.0,3.0,0.5,0.5,10.0,0,3500.0,19,30,6,24,76
117745,2.0,15.0,1.0,9.0,2.0,3.0,0.5,0.5,10.0,1,2980.0,19,30,6,24,76
117745,2.0,15.0,1.0,9.0,2.0,3.0,0.5,0.5,10.0,2,2840.0,19,30,6,24,76
117745,2.0,15.0,1.0,9.0,2.0,3.0,0.5,0.5,10.0,3,2875.0,18,30,6,22,74
117745,2.0,15.0,1.0,9.0,2.0,3.0,0.5,0.5,10.0,4,2978.75,13,21,4,21,57
117745,2.0,15.0,1.0,9.0,2.0,3.0,0.5,0.5,10.0,5,2838.4375,10,19,4,20,51
117745,2.0,15.0,1.0,9.0,2.0,3.0,0.5,0.5,10.0,6,2678.046875,8,17,4,18,47
117745,2.0,15.0,1.0,9.0,2.0,3.0,0.5,0.5,10.0,7,2417.55859375,8,16,4,18,46
117745,2.0,15.0,1.0,9.0,2.0,3.0,0.5,0.5,10.0,8,2091.9482421875,8,15,4,18,45
117745,2.0,15.0,1.0,9.0,2.0,3.0,0.5,0.5,10.0,9,1729.935302734375,8,15,4,18,45
117745,2.0,15.0,1.0,9.0,2.0,3.0,0.5,0.5,10.0,10,1652.4191284179688,4,11,2,7,29
117745,2.0,15.0,1.0,9.0,2.0,3.0,0.5,0.5,10.0,11,1750.523910522461,3,8,1,4,19
117745,2.0,15.0,1.0,9.0,2.0,3.0,0.5,0.5,10.0,12,1978.1548881530762,2,4,0,3,10
117745,2.0,15.0,1.0,9.0,2.0,3.0,0.5,0.5,10.0,13,2367.693610191345,2,3,0,2,5
117745,2.0,15.0,1.0,9.0,2.0,3.0,0.5,0.5,10.0,14,2899.6170127391815,0,3,0,1,3
117745,2.0,15.0,1.0,9.0,2.0,3.0,0.5,0.5,10.0,15,3594.521265923977,0,1,0,1,1
117745,2.0,15.0,1.0,9.0,2.0,3.0,0.5,0.5,10.0,16,4478.151582404971,0,1,0,0,1