Exp Num,agent:svo_convergence_factor,agent:params:metabolism,agent:params:consumption_factor,agent:params:procreate_cost_factor,agent:params:procreate_req_factor,agent:params:start_energy_factor,agent:params:caught_chance,agent:params:caught_cooldown_factor,agent:params:maximum_age,Epoch,Resource,A,B,C,D,E
107560,2.0,10.0,4.0,1.0,2.0,3.0,0.30000000000000004,0.30000000000000004,10.0,0,3520.0,20,56,13,37,113
107560,2.0,10.0,4.0,1.0,2.0,3.0,0.30000000000000004,0.30000000000000004,10.0,1,1080.0,23,68,27,45,144
107560,2.0,10.0,4.0,1.0,2.0,3.0,0.30000000000000004,0.30000000000000004,10.0,2,0,23,83,45,50,175
107560,2.0,10.0,4.0,1.0,2.0,3.0,0.30000000000000004,0.30000000000000004,10.0,3,0,19,74,38,34,143
107560,2.0,10.0,4.0,1.0,2.0,3.0,0.30000000000000004,0.30000000000000004,10.0,4,0,18,58,22,19,105
107560,2.0,10.0,4.0,1.0,2.0,3.0,0.30000000000000004,0.30000000000000004,10.0,5,0,19,37,11,14,71
107560,2.0,10.0,4.0,1.0,2.0,3.0,0.30000000000000004,0.30000000000000004,10.0,6,0,14,24,6,11,45
107560,2.0,10.0,4.0,1.0,2.0,3.0,0.30000000000000004,0.30000000000000004,10.0,7,0,11,18,4,7,34
107560,2.0,10.0,4.0,1.0,2.0,3.0,0.30000000000000004,0.30000000000000004,10.0,8,0,8,12,1,5,21
107560,2.0,10.0,4.0,1.0,2.0,3.0,0.30000000000000004,0.30000000000000004,10.0,9,0,5,7,0,3,12
107560,2.0,10.0,4.0,1.0,2.0,3.0,0.30000000000000004,0.30000000000000004,10.0,10,0,3,5,0,0,8
107560,2.0,10.0,4.0,1.0,2.0,3.0,0.30000000000000004,0.30000000000000004,10.0,11,0,2,2,0,0,4
107560,2.0,10.0,4.0,1.0,2.0,3.0,0.30000000000000004,0.30000000000000004,10.0,12,0,1,1,0,0,2
107560,2.0,10.0,4.0,1.0,2.0,3.0,0.30000000000000004,0.30000000000000004,10.0,13,60.0,1,2,0,0,3
107560,2.0,10.0,4.0,1.0,2.0,3.0,0.30000000000000004,0.30000000000000004,10.0,14,35.0,0,2,0,0,2
107560,2.0,10.0,4.0,1.0,2.0,3.0,0.30000000000000004,0.30000000000000004,10.0,15,43.75,0,1,0,0,1