Exp Num,agent:svo_convergence_factor,agent:params:metabolism,agent:params:consumption_factor,agent:params:procreate_cost_factor,agent:params:procreate_req_factor,agent:params:start_energy_factor,agent:params:caught_chance,agent:params:caught_cooldown_factor,agent:params:maximum_age,Epoch,Resource,A,B,C,D,E
190214,3.0,15.0,2.0,9.0,1.0,1.0,0.4,0.30000000000000004,50.0,0,2000.0,18,24,7,26,74
190214,3.0,15.0,2.0,9.0,1.0,1.0,0.4,0.30000000000000004,50.0,1,1480.0,18,24,7,26,74
190214,3.0,15.0,2.0,9.0,1.0,1.0,0.4,0.30000000000000004,50.0,2,260.0,13,18,7,26,61
190214,3.0,15.0,2.0,9.0,1.0,1.0,0.4,0.30000000000000004,50.0,3,0,11,18,7,25,58
190214,3.0,15.0,2.0,9.0,1.0,1.0,0.4,0.30000000000000004,50.0,4,0,9,12,3,14,35
190214,3.0,15.0,2.0,9.0,1.0,1.0,0.4,0.30000000000000004,50.0,5,0,8,9,1,6,22
190214,3.0,15.0,2.0,9.0,1.0,1.0,0.4,0.30000000000000004,50.0,6,0,5,7,1,2,16
190214,3.0,15.0,2.0,9.0,1.0,1.0,0.4,0.30000000000000004,50.0,7,0,5,5,1,0,11
190214,3.0,15.0,2.0,9.0,1.0,1.0,0.4,0.30000000000000004,50.0,8,0,2,3,1,0,6
190214,3.0,15.0,2.0,9.0,1.0,1.0,0.4,0.30000000000000004,50.0,9,0,0,3,0,0,3
190214,3.0,15.0,2.0,9.0,1.0,1.0,0.4,0.30000000000000004,50.0,10,0,0,2,0,0,2
190214,3.0,15.0,2.0,9.0,1.0,1.0,0.4,0.30000000000000004,50.0,11,0,0,2,0,0,2
190214,3.0,15.0,2.0,9.0,1.0,1.0,0.4,0.30000000000000004,50.0,12,0,0,1,0,0,1