Exp Num,agent:svo_convergence_factor,agent:params:metabolism,agent:params:consumption_factor,agent:params:procreate_cost_factor,agent:params:procreate_req_factor,agent:params:start_energy_factor,agent:params:caught_chance,agent:params:caught_cooldown_factor,agent:params:maximum_age,Epoch,Resource,A,B,C,D,E
192559,3.0,15.0,3.0,3.0,1.0,2.0,0.30000000000000004,0.2,50.0,0,3740.0,24,38,12,21,93
192559,3.0,15.0,3.0,3.0,1.0,2.0,0.30000000000000004,0.2,50.0,1,1075.0,27,42,16,26,115
192559,3.0,15.0,3.0,3.0,1.0,2.0,0.30000000000000004,0.2,50.0,2,0,17,37,15,27,94
192559,3.0,15.0,3.0,3.0,1.0,2.0,0.30000000000000004,0.2,50.0,3,0,15,36,18,25,92
192559,3.0,15.0,3.0,3.0,1.0,2.0,0.30000000000000004,0.2,50.0,4,0,9,23,20,19,66
192559,3.0,15.0,3.0,3.0,1.0,2.0,0.30000000000000004,0.2,50.0,5,0,5,12,22,12,52
192559,3.0,15.0,3.0,3.0,1.0,2.0,0.30000000000000004,0.2,50.0,6,0,1,8,17,10,34
192559,3.0,15.0,3.0,3.0,1.0,2.0,0.30000000000000004,0.2,50.0,7,0,1,6,13,6,25
192559,3.0,15.0,3.0,3.0,1.0,2.0,0.30000000000000004,0.2,50.0,8,0,0,4,11,3,18
192559,3.0,15.0,3.0,3.0,1.0,2.0,0.30000000000000004,0.2,50.0,9,0,0,4,6,3,11
192559,3.0,15.0,3.0,3.0,1.0,2.0,0.30000000000000004,0.2,50.0,10,0,0,2,5,2,7
192559,3.0,15.0,3.0,3.0,1.0,2.0,0.30000000000000004,0.2,50.0,11,0,0,1,3,2,4
192559,3.0,15.0,3.0,3.0,1.0,2.0,0.30000000000000004,0.2,50.0,12,0,0,0,1,2,1
192559,3.0,15.0,3.0,3.0,1.0,2.0,0.30000000000000004,0.2,50.0,13,55.0,0,0,2,2,2
192559,3.0,15.0,3.0,3.0,1.0,2.0,0.30000000000000004,0.2,50.0,14,0,0,0,2,1,2
192559,3.0,15.0,3.0,3.0,1.0,2.0,0.30000000000000004,0.2,50.0,15,0,0,0,1,1,1
192559,3.0,15.0,3.0,3.0,1.0,2.0,0.30000000000000004,0.2,50.0,16,0,0,0,1,0,1