Exp Num,agent:svo_convergence_factor,agent:params:metabolism,agent:params:consumption_factor,agent:params:procreate_cost_factor,agent:params:procreate_req_factor,agent:params:start_energy_factor,agent:params:caught_chance,agent:params:caught_cooldown_factor,agent:params:maximum_age,Epoch,Resource,A,B,C,D,E
14771,1.0,5.0,3.0,7.0,1.0,2.0,0.1,0.5,20.0,0,3500.0,14,30,12,29,71
14771,1.0,5.0,3.0,7.0,1.0,2.0,0.1,0.5,20.0,1,2950.0,14,30,12,29,71
14771,1.0,5.0,3.0,7.0,1.0,2.0,0.1,0.5,20.0,2,2637.5,19,38,30,30,104
14771,1.0,5.0,3.0,7.0,1.0,2.0,0.1,0.5,20.0,3,1901.875,19,48,39,31,123
14771,1.0,5.0,3.0,7.0,1.0,2.0,0.1,0.5,20.0,4,1327.34375,20,58,48,30,143
14771,1.0,5.0,3.0,7.0,1.0,2.0,0.1,0.5,20.0,5,399.1796875,21,69,61,34,168
14771,1.0,5.0,3.0,7.0,1.0,2.0,0.1,0.5,20.0,6,0,13,74,60,32,160
14771,1.0,5.0,3.0,7.0,1.0,2.0,0.1,0.5,20.0,7,0,11,69,59,24,144
14771,1.0,5.0,3.0,7.0,1.0,2.0,0.1,0.5,20.0,8,0,6,66,56,23,133
14771,1.0,5.0,3.0,7.0,1.0,2.0,0.1,0.5,20.0,9,0,5,54,50,16,114
14771,1.0,5.0,3.0,7.0,1.0,2.0,0.1,0.5,20.0,10,0,4,53,45,10,105
14771,1.0,5.0,3.0,7.0,1.0,2.0,0.1,0.5,20.0,11,0,3,46,43,7,93
14771,1.0,5.0,3.0,7.0,1.0,2.0,0.1,0.5,20.0,12,0,3,37,36,5,77
14771,1.0,5.0,3.0,7.0,1.0,2.0,0.1,0.5,20.0,13,0,2,34,26,2,62
14771,1.0,5.0,3.0,7.0,1.0,2.0,0.1,0.5,20.0,14,0,0,26,21,1,47
14771,1.0,5.0,3.0,7.0,1.0,2.0,0.1,0.5,20.0,15,0,0,15,14,1,29
14771,1.0,5.0,3.0,7.0,1.0,2.0,0.1,0.5,20.0,16,0,0,11,8,1,19
14771,1.0,5.0,3.0,7.0,1.0,2.0,0.1,0.5,20.0,17,0,0,10,8,0,18
14771,1.0,5.0,3.0,7.0,1.0,2.0,0.1,0.5,20.0,18,0,0,6,6,0,12
14771,1.0,5.0,3.0,7.0,1.0,2.0,0.1,0.5,20.0,19,0,0,4,5,0,9
14771,1.0,5.0,3.0,7.0,1.0,2.0,0.1,0.5,20.0,20,0,0,4,3,0,7
14771,1.0,5.0,3.0,7.0,1.0,2.0,0.1,0.5,20.0,21,0,0,3,1,0,4
14771,1.0,5.0,3.0,7.0,1.0,2.0,0.1,0.5,20.0,22,0,0,2,1,0,3
14771,1.0,5.0,3.0,7.0,1.0,2.0,0.1,0.5,20.0,23,0,0,2,0,0,2
14771,1.0,5.0,3.0,7.0,1.0,2.0,0.1,0.5,20.0,24,0,0,2,0,0,2
14771,1.0,5.0,3.0,7.0,1.0,2.0,0.1,0.5,20.0,25,0,0,1,0,0,1