Exp Num,agent:svo_convergence_factor,agent:params:metabolism,agent:params:consumption_factor,agent:params:procreate_cost_factor,agent:params:procreate_req_factor,agent:params:start_energy_factor,agent:params:caught_chance,agent:params:caught_cooldown_factor,agent:params:maximum_age,Epoch,Resource,A,B,C,D,E
148818,3.0,5.0,3.0,5.0,1.0,3.0,0.30000000000000004,0.4,40.0,0,3500.0,23,40,33,30,120
148818,3.0,5.0,3.0,5.0,1.0,3.0,0.30000000000000004,0.4,40.0,1,2695.0,24,48,44,35,140
148818,3.0,5.0,3.0,5.0,1.0,3.0,0.30000000000000004,0.4,40.0,2,2423.75,24,58,56,38,162
148818,3.0,5.0,3.0,5.0,1.0,3.0,0.30000000000000004,0.4,40.0,3,1334.6875,25,60,67,41,177
148818,3.0,5.0,3.0,5.0,1.0,3.0,0.30000000000000004,0.4,40.0,4,303.359375,29,76,81,45,211
148818,3.0,5.0,3.0,5.0,1.0,3.0,0.30000000000000004,0.4,40.0,5,0,26,77,75,44,198
148818,3.0,5.0,3.0,5.0,1.0,3.0,0.30000000000000004,0.4,40.0,6,0,22,65,64,32,160
148818,3.0,5.0,3.0,5.0,1.0,3.0,0.30000000000000004,0.4,40.0,7,0,16,52,58,24,129
148818,3.0,5.0,3.0,5.0,1.0,3.0,0.30000000000000004,0.4,40.0,8,0,9,46,46,19,102
148818,3.0,5.0,3.0,5.0,1.0,3.0,0.30000000000000004,0.4,40.0,9,0,9,38,39,14,87
148818,3.0,5.0,3.0,5.0,1.0,3.0,0.30000000000000004,0.4,40.0,10,0,6,28,32,11,67
148818,3.0,5.0,3.0,5.0,1.0,3.0,0.30000000000000004,0.4,40.0,11,0,2,19,25,8,47
148818,3.0,5.0,3.0,5.0,1.0,3.0,0.30000000000000004,0.4,40.0,12,0,2,13,18,6,33
148818,3.0,5.0,3.0,5.0,1.0,3.0,0.30000000000000004,0.4,40.0,13,0,2,10,13,4,25
148818,3.0,5.0,3.0,5.0,1.0,3.0,0.30000000000000004,0.4,40.0,14,0,1,9,10,1,20
148818,3.0,5.0,3.0,5.0,1.0,3.0,0.30000000000000004,0.4,40.0,15,0,0,4,10,0,14
148818,3.0,5.0,3.0,5.0,1.0,3.0,0.30000000000000004,0.4,40.0,16,55.0,0,3,7,0,10
148818,3.0,5.0,3.0,5.0,1.0,3.0,0.30000000000000004,0.4,40.0,17,23.75,0,2,7,0,9
148818,3.0,5.0,3.0,5.0,1.0,3.0,0.30000000000000004,0.4,40.0,18,0,0,0,6,0,6
148818,3.0,5.0,3.0,5.0,1.0,3.0,0.30000000000000004,0.4,40.0,19,0,0,0,6,0,6
148818,3.0,5.0,3.0,5.0,1.0,3.0,0.30000000000000004,0.4,40.0,20,0,0,0,4,0,4
148818,3.0,5.0,3.0,5.0,1.0,3.0,0.30000000000000004,0.4,40.0,21,0,0,0,2,0,2
148818,3.0,5.0,3.0,5.0,1.0,3.0,0.30000000000000004,0.4,40.0,22,0,0,0,1,0,1