Exp Num,agent:svo_convergence_factor,agent:params:metabolism,agent:params:consumption_factor,agent:params:procreate_cost_factor,agent:params:procreate_req_factor,agent:params:start_energy_factor,agent:params:caught_chance,agent:params:caught_cooldown_factor,agent:params:maximum_age,Epoch,Resource,A,B,C,D,E
123551,2.0,15.0,2.0,9.0,3.0,2.0,0.30000000000000004,0.1,20.0,0,3950.0,18,29,7,30,70
123551,2.0,15.0,2.0,9.0,3.0,2.0,0.30000000000000004,0.1,20.0,1,3137.5,15,26,5,28,62
123551,2.0,15.0,2.0,9.0,3.0,2.0,0.30000000000000004,0.1,20.0,2,3111.875,14,26,5,27,61
123551,2.0,15.0,2.0,9.0,3.0,2.0,0.30000000000000004,0.1,20.0,3,2749.84375,9,20,4,24,48
123551,2.0,15.0,2.0,9.0,3.0,2.0,0.30000000000000004,0.1,20.0,4,2627.3046875,8,17,4,24,44
123551,2.0,15.0,2.0,9.0,3.0,2.0,0.30000000000000004,0.1,20.0,5,2294.130859375,8,16,4,23,41
123551,2.0,15.0,2.0,9.0,3.0,2.0,0.30000000000000004,0.1,20.0,6,2147.66357421875,8,15,4,23,40
123551,2.0,15.0,2.0,9.0,3.0,2.0,0.30000000000000004,0.1,20.0,7,1754.5794677734375,8,14,2,23,37
123551,2.0,15.0,2.0,9.0,3.0,2.0,0.30000000000000004,0.1,20.0,8,1773.2243347167969,7,13,2,22,35
123551,2.0,15.0,2.0,9.0,3.0,2.0,0.30000000000000004,0.1,20.0,9,1406.530418395996,7,11,2,17,33
123551,2.0,15.0,2.0,9.0,3.0,2.0,0.30000000000000004,0.1,20.0,10,1128.1630229949951,7,10,2,16,32
123551,2.0,15.0,2.0,9.0,3.0,2.0,0.30000000000000004,0.1,20.0,11,720.2037787437439,6,10,2,15,31
123551,2.0,15.0,2.0,9.0,3.0,2.0,0.30000000000000004,0.1,20.0,12,330.25472342967987,6,7,2,15,28
123551,2.0,15.0,2.0,9.0,3.0,2.0,0.30000000000000004,0.1,20.0,13,0,6,6,2,12,26
123551,2.0,15.0,2.0,9.0,3.0,2.0,0.30000000000000004,0.1,20.0,14,0,5,3,1,11,15
123551,2.0,15.0,2.0,9.0,3.0,2.0,0.30000000000000004,0.1,20.0,15,0,4,2,1,8,12
123551,2.0,15.0,2.0,9.0,3.0,2.0,0.30000000000000004,0.1,20.0,16,0,4,2,0,4,7
123551,2.0,15.0,2.0,9.0,3.0,2.0,0.30000000000000004,0.1,20.0,17,0,4,1,0,2,6
123551,2.0,15.0,2.0,9.0,3.0,2.0,0.30000000000000004,0.1,20.0,18,0,3,1,0,1,4
123551,2.0,15.0,2.0,9.0,3.0,2.0,0.30000000000000004,0.1,20.0,19,0,3,1,0,0,4
123551,2.0,15.0,2.0,9.0,3.0,2.0,0.30000000000000004,0.1,20.0,20,0,3,1,0,0,4
123551,2.0,15.0,2.0,9.0,3.0,2.0,0.30000000000000004,0.1,20.0,21,0,2,1,0,0,3
123551,2.0,15.0,2.0,9.0,3.0,2.0,0.30000000000000004,0.1,20.0,22,0,1,1,0,0,2
123551,2.0,15.0,2.0,9.0,3.0,2.0,0.30000000000000004,0.1,20.0,23,0,1,0,0,0,1