Exp Num,agent:svo_convergence_factor,agent:params:metabolism,agent:params:consumption_factor,agent:params:procreate_cost_factor,agent:params:procreate_req_factor,agent:params:start_energy_factor,agent:params:caught_chance,agent:params:caught_cooldown_factor,agent:params:maximum_age,Epoch,Resource,A,B,C,D,E
171910,3.0,10.0,3.0,5.0,3.0,2.0,0.2,0.30000000000000004,10.0,0,3680.0,18,27,16,22,78
171910,3.0,10.0,3.0,5.0,3.0,2.0,0.2,0.30000000000000004,10.0,1,2800.0,14,26,15,20,71
171910,3.0,10.0,3.0,5.0,3.0,2.0,0.2,0.30000000000000004,10.0,2,2390.0,14,26,15,20,71
171910,3.0,10.0,3.0,5.0,3.0,2.0,0.2,0.30000000000000004,10.0,3,2147.5,14,26,15,20,71
171910,3.0,10.0,3.0,5.0,3.0,2.0,0.2,0.30000000000000004,10.0,4,1454.375,11,23,14,19,64
171910,3.0,10.0,3.0,5.0,3.0,2.0,0.2,0.30000000000000004,10.0,5,977.96875,11,23,14,19,64
171910,3.0,10.0,3.0,5.0,3.0,2.0,0.2,0.30000000000000004,10.0,6,532.4609375,11,23,14,19,64
171910,3.0,10.0,3.0,5.0,3.0,2.0,0.2,0.30000000000000004,10.0,7,0,10,21,11,16,55
171910,3.0,10.0,3.0,5.0,3.0,2.0,0.2,0.30000000000000004,10.0,8,0,10,19,9,14,47
171910,3.0,10.0,3.0,5.0,3.0,2.0,0.2,0.30000000000000004,10.0,9,0,10,19,8,14,45
171910,3.0,10.0,3.0,5.0,3.0,2.0,0.2,0.30000000000000004,10.0,10,0,7,14,4,8,29
171910,3.0,10.0,3.0,5.0,3.0,2.0,0.2,0.30000000000000004,10.0,11,0,3,8,2,6,15
171910,3.0,10.0,3.0,5.0,3.0,2.0,0.2,0.30000000000000004,10.0,12,0,0,5,1,4,8
171910,3.0,10.0,3.0,5.0,3.0,2.0,0.2,0.30000000000000004,10.0,13,0,0,2,1,3,4
171910,3.0,10.0,3.0,5.0,3.0,2.0,0.2,0.30000000000000004,10.0,14,0,0,0,1,2,2
171910,3.0,10.0,3.0,5.0,3.0,2.0,0.2,0.30000000000000004,10.0,15,0,0,0,1,1,1
171910,3.0,10.0,3.0,5.0,3.0,2.0,0.2,0.30000000000000004,10.0,16,0,0,0,1,0,1