Exp Num,agent:svo_convergence_factor,agent:params:metabolism,agent:params:consumption_factor,agent:params:procreate_cost_factor,agent:params:procreate_req_factor,agent:params:start_energy_factor,agent:params:caught_chance,agent:params:caught_cooldown_factor,agent:params:maximum_age,Epoch,Resource,A,B,C,D,E
132160,2.0,15.0,4.0,5.0,2.0,2.0,0.2,0.30000000000000004,10.0,0,3020.0,13,28,11,30,70
132160,2.0,15.0,4.0,5.0,2.0,2.0,0.2,0.30000000000000004,10.0,1,0,11,25,11,25,64
132160,2.0,15.0,4.0,5.0,2.0,2.0,0.2,0.30000000000000004,10.0,2,0,11,23,10,25,57
132160,2.0,15.0,4.0,5.0,2.0,2.0,0.2,0.30000000000000004,10.0,3,0,11,23,10,24,57
132160,2.0,15.0,4.0,5.0,2.0,2.0,0.2,0.30000000000000004,10.0,4,0,11,23,10,24,57
132160,2.0,15.0,4.0,5.0,2.0,2.0,0.2,0.30000000000000004,10.0,5,0,8,18,5,9,38
132160,2.0,15.0,4.0,5.0,2.0,2.0,0.2,0.30000000000000004,10.0,6,0,5,12,4,4,26
132160,2.0,15.0,4.0,5.0,2.0,2.0,0.2,0.30000000000000004,10.0,7,0,4,10,3,1,21
132160,2.0,15.0,4.0,5.0,2.0,2.0,0.2,0.30000000000000004,10.0,8,0,4,6,2,1,13
132160,2.0,15.0,4.0,5.0,2.0,2.0,0.2,0.30000000000000004,10.0,9,0,3,6,2,0,12
132160,2.0,15.0,4.0,5.0,2.0,2.0,0.2,0.30000000000000004,10.0,10,0,2,3,1,0,7
132160,2.0,15.0,4.0,5.0,2.0,2.0,0.2,0.30000000000000004,10.0,11,0,2,2,1,0,6
132160,2.0,15.0,4.0,5.0,2.0,2.0,0.2,0.30000000000000004,10.0,12,0,1,1,1,0,4
132160,2.0,15.0,4.0,5.0,2.0,2.0,0.2,0.30000000000000004,10.0,13,0,1,0,0,0,2
132160,2.0,15.0,4.0,5.0,2.0,2.0,0.2,0.30000000000000004,10.0,14,0,0,0,0,0,1