Exp Num,agent:svo_convergence_factor,agent:params:metabolism,agent:params:consumption_factor,agent:params:procreate_cost_factor,agent:params:procreate_req_factor,agent:params:start_energy_factor,agent:params:caught_chance,agent:params:caught_cooldown_factor,agent:params:maximum_age,Epoch,Resource,A,B,C,D,E
17843,1.0,5.0,4.0,1.0,3.0,2.0,0.4,0.4,40.0,0,3740.0,25,39,14,35,96
17843,1.0,5.0,4.0,1.0,3.0,2.0,0.4,0.4,40.0,1,3615.0,28,48,22,45,118
17843,1.0,5.0,4.0,1.0,3.0,2.0,0.4,0.4,40.0,2,3438.75,33,56,35,50,144
17843,1.0,5.0,4.0,1.0,3.0,2.0,0.4,0.4,40.0,3,2858.4375,30,69,48,60,170
17843,1.0,5.0,4.0,1.0,3.0,2.0,0.4,0.4,40.0,4,2093.046875,33,77,66,68,199
17843,1.0,5.0,4.0,1.0,3.0,2.0,0.4,0.4,40.0,5,956.30859375,31,91,93,77,239
17843,1.0,5.0,4.0,1.0,3.0,2.0,0.4,0.4,40.0,6,0,29,98,91,77,241
17843,1.0,5.0,4.0,1.0,3.0,2.0,0.4,0.4,40.0,7,0,27,87,71,58,200
17843,1.0,5.0,4.0,1.0,3.0,2.0,0.4,0.4,40.0,8,0,16,76,50,37,154
17843,1.0,5.0,4.0,1.0,3.0,2.0,0.4,0.4,40.0,9,0,9,52,27,24,99
17843,1.0,5.0,4.0,1.0,3.0,2.0,0.4,0.4,40.0,10,0,5,41,13,14,64
17843,1.0,5.0,4.0,1.0,3.0,2.0,0.4,0.4,40.0,11,0,4,30,7,10,44
17843,1.0,5.0,4.0,1.0,3.0,2.0,0.4,0.4,40.0,12,0,3,15,4,8,24
17843,1.0,5.0,4.0,1.0,3.0,2.0,0.4,0.4,40.0,13,0,3,11,2,4,16
17843,1.0,5.0,4.0,1.0,3.0,2.0,0.4,0.4,40.0,14,0,0,6,2,3,8
17843,1.0,5.0,4.0,1.0,3.0,2.0,0.4,0.4,40.0,15,0,0,3,3,2,6
17843,1.0,5.0,4.0,1.0,3.0,2.0,0.4,0.4,40.0,16,0,0,1,3,2,4
17843,1.0,5.0,4.0,1.0,3.0,2.0,0.4,0.4,40.0,17,40.0,0,1,2,2,3
17843,1.0,5.0,4.0,1.0,3.0,2.0,0.4,0.4,40.0,18,0,0,1,2,2,3
17843,1.0,5.0,4.0,1.0,3.0,2.0,0.4,0.4,40.0,19,0,0,1,3,2,4
17843,1.0,5.0,4.0,1.0,3.0,2.0,0.4,0.4,40.0,20,0,0,1,2,1,3
17843,1.0,5.0,4.0,1.0,3.0,2.0,0.4,0.4,40.0,21,0,0,1,1,0,2
17843,1.0,5.0,4.0,1.0,3.0,2.0,0.4,0.4,40.0,22,0,0,1,1,0,2
17843,1.0,5.0,4.0,1.0,3.0,2.0,0.4,0.4,40.0,23,0,0,1,0,0,1