Exp Num,agent:svo_convergence_factor,agent:params:metabolism,agent:params:consumption_factor,agent:params:procreate_cost_factor,agent:params:procreate_req_factor,agent:params:start_energy_factor,agent:params:caught_chance,agent:params:caught_cooldown_factor,agent:params:maximum_age,Epoch,Resource,A,B,C,D,E
116786,2.0,15.0,1.0,7.0,3.0,2.0,0.2,0.30000000000000004,20.0,0,3500.0,19,19,11,29,71
116786,2.0,15.0,1.0,7.0,3.0,2.0,0.2,0.30000000000000004,20.0,1,2980.0,19,19,11,29,71
116786,2.0,15.0,1.0,7.0,3.0,2.0,0.2,0.30000000000000004,20.0,2,2645.0,18,19,11,29,70
116786,2.0,15.0,1.0,7.0,3.0,2.0,0.2,0.30000000000000004,20.0,3,2346.25,14,17,11,29,64
116786,2.0,15.0,1.0,7.0,3.0,2.0,0.2,0.30000000000000004,20.0,4,1957.8125,13,15,11,29,61
116786,2.0,15.0,1.0,7.0,3.0,2.0,0.2,0.30000000000000004,20.0,5,1352.265625,11,14,11,29,58
116786,2.0,15.0,1.0,7.0,3.0,2.0,0.2,0.30000000000000004,20.0,6,505.33203125,8,14,11,29,55
116786,2.0,15.0,1.0,7.0,3.0,2.0,0.2,0.30000000000000004,20.0,7,0,7,13,9,20,46
116786,2.0,15.0,1.0,7.0,3.0,2.0,0.2,0.30000000000000004,20.0,8,0,3,9,5,7,27
116786,2.0,15.0,1.0,7.0,3.0,2.0,0.2,0.30000000000000004,20.0,9,0,3,5,2,3,14
116786,2.0,15.0,1.0,7.0,3.0,2.0,0.2,0.30000000000000004,20.0,10,0,1,2,1,2,6
116786,2.0,15.0,1.0,7.0,3.0,2.0,0.2,0.30000000000000004,20.0,11,0,1,1,1,0,4
116786,2.0,15.0,1.0,7.0,3.0,2.0,0.2,0.30000000000000004,20.0,12,0,0,1,1,0,2
116786,2.0,15.0,1.0,7.0,3.0,2.0,0.2,0.30000000000000004,20.0,13,0,0,0,1,0,1