Exp Num,agent:svo_convergence_factor,agent:params:metabolism,agent:params:consumption_factor,agent:params:procreate_cost_factor,agent:params:procreate_req_factor,agent:params:start_energy_factor,agent:params:caught_chance,agent:params:caught_cooldown_factor,agent:params:maximum_age,Epoch,Resource,A,B,C,D,E
118362,2.0,15.0,2.0,1.0,1.0,2.0,0.5,0.30000000000000004,30.0,0,4130.0,25,43,21,38,112
118362,2.0,15.0,2.0,1.0,1.0,2.0,0.5,0.30000000000000004,30.0,1,3122.5,24,54,30,55,132
118362,2.0,15.0,2.0,1.0,1.0,2.0,0.5,0.30000000000000004,30.0,2,1533.125,19,67,51,72,172
118362,2.0,15.0,2.0,1.0,1.0,2.0,0.5,0.30000000000000004,30.0,3,0,12,57,61,76,166
118362,2.0,15.0,2.0,1.0,1.0,2.0,0.5,0.30000000000000004,30.0,4,0,6,47,60,55,132
118362,2.0,15.0,2.0,1.0,1.0,2.0,0.5,0.30000000000000004,30.0,5,0,1,30,48,35,95
118362,2.0,15.0,2.0,1.0,1.0,2.0,0.5,0.30000000000000004,30.0,6,0,1,22,30,22,61
118362,2.0,15.0,2.0,1.0,1.0,2.0,0.5,0.30000000000000004,30.0,7,0,1,16,24,16,42
118362,2.0,15.0,2.0,1.0,1.0,2.0,0.5,0.30000000000000004,30.0,8,0,1,11,21,6,35
118362,2.0,15.0,2.0,1.0,1.0,2.0,0.5,0.30000000000000004,30.0,9,0,0,7,23,2,31
118362,2.0,15.0,2.0,1.0,1.0,2.0,0.5,0.30000000000000004,30.0,10,0,0,5,13,1,18
118362,2.0,15.0,2.0,1.0,1.0,2.0,0.5,0.30000000000000004,30.0,11,0,0,3,11,0,14
118362,2.0,15.0,2.0,1.0,1.0,2.0,0.5,0.30000000000000004,30.0,12,0,0,1,6,0,7
118362,2.0,15.0,2.0,1.0,1.0,2.0,0.5,0.30000000000000004,30.0,13,0,0,1,3,0,4
118362,2.0,15.0,2.0,1.0,1.0,2.0,0.5,0.30000000000000004,30.0,14,40.0,0,1,5,0,6
118362,2.0,15.0,2.0,1.0,1.0,2.0,0.5,0.30000000000000004,30.0,15,0,0,0,5,0,5
118362,2.0,15.0,2.0,1.0,1.0,2.0,0.5,0.30000000000000004,30.0,16,0,0,0,3,0,3
118362,2.0,15.0,2.0,1.0,1.0,2.0,0.5,0.30000000000000004,30.0,17,0,0,0,3,0,3
118362,2.0,15.0,2.0,1.0,1.0,2.0,0.5,0.30000000000000004,30.0,18,0,0,0,1,0,1