Exp Num,agent:svo_convergence_factor,agent:params:metabolism,agent:params:consumption_factor,agent:params:procreate_cost_factor,agent:params:procreate_req_factor,agent:params:start_energy_factor,agent:params:caught_chance,agent:params:caught_cooldown_factor,agent:params:maximum_age,Epoch,Resource,A,B,C,D,E
193535,3.0,15.0,3.0,5.0,1.0,1.0,0.2,0.30000000000000004,10.0,0,500.0,20,26,12,20,80
193535,3.0,15.0,3.0,5.0,1.0,1.0,0.2,0.30000000000000004,10.0,1,0,24,28,12,20,86
193535,3.0,15.0,3.0,5.0,1.0,1.0,0.2,0.30000000000000004,10.0,2,0,22,23,10,19,77
193535,3.0,15.0,3.0,5.0,1.0,1.0,0.2,0.30000000000000004,10.0,3,0,15,15,6,6,48
193535,3.0,15.0,3.0,5.0,1.0,1.0,0.2,0.30000000000000004,10.0,4,0,12,10,1,2,30
193535,3.0,15.0,3.0,5.0,1.0,1.0,0.2,0.30000000000000004,10.0,5,0,10,9,0,0,21
193535,3.0,15.0,3.0,5.0,1.0,1.0,0.2,0.30000000000000004,10.0,6,0,8,4,0,0,13
193535,3.0,15.0,3.0,5.0,1.0,1.0,0.2,0.30000000000000004,10.0,7,0,7,4,0,0,11
193535,3.0,15.0,3.0,5.0,1.0,1.0,0.2,0.30000000000000004,10.0,8,0,5,3,0,0,8
193535,3.0,15.0,3.0,5.0,1.0,1.0,0.2,0.30000000000000004,10.0,9,0,5,0,0,0,5
193535,3.0,15.0,3.0,5.0,1.0,1.0,0.2,0.30000000000000004,10.0,10,0,3,0,0,0,3
193535,3.0,15.0,3.0,5.0,1.0,1.0,0.2,0.30000000000000004,10.0,11,0,2,0,0,0,2
193535,3.0,15.0,3.0,5.0,1.0,1.0,0.2,0.30000000000000004,10.0,12,100,1,0,0,0,1