Exp Num,agent:svo_convergence_factor,agent:params:metabolism,agent:params:consumption_factor,agent:params:procreate_cost_factor,agent:params:procreate_req_factor,agent:params:start_energy_factor,agent:params:caught_chance,agent:params:caught_cooldown_factor,agent:params:maximum_age,Epoch,Resource,A,B,C,D,E
183503,3.0,15.0,1.0,7.0,1.0,2.0,0.1,0.1,40.0,0,3500.0,11,34,10,25,75
183503,3.0,15.0,1.0,7.0,1.0,2.0,0.1,0.1,40.0,1,2965.0,11,34,10,25,75
183503,3.0,15.0,1.0,7.0,1.0,2.0,0.1,0.1,40.0,2,2656.25,11,34,10,25,75
183503,3.0,15.0,1.0,7.0,1.0,2.0,0.1,0.1,40.0,3,2420.3125,8,31,10,25,69
183503,3.0,15.0,1.0,7.0,1.0,2.0,0.1,0.1,40.0,4,1900.390625,8,28,10,25,66
183503,3.0,15.0,1.0,7.0,1.0,2.0,0.1,0.1,40.0,5,1220.48828125,7,26,10,25,63
183503,3.0,15.0,1.0,7.0,1.0,2.0,0.1,0.1,40.0,6,310.6103515625,6,26,10,25,62
183503,3.0,15.0,1.0,7.0,1.0,2.0,0.1,0.1,40.0,7,0,5,17,7,17,42
183503,3.0,15.0,1.0,7.0,1.0,2.0,0.1,0.1,40.0,8,0,3,7,2,10,21
183503,3.0,15.0,1.0,7.0,1.0,2.0,0.1,0.1,40.0,9,0,1,2,2,5,10
183503,3.0,15.0,1.0,7.0,1.0,2.0,0.1,0.1,40.0,10,0,0,1,0,4,4
183503,3.0,15.0,1.0,7.0,1.0,2.0,0.1,0.1,40.0,11,0,0,1,0,1,3
183503,3.0,15.0,1.0,7.0,1.0,2.0,0.1,0.1,40.0,12,0,0,0,0,1,1
183503,3.0,15.0,1.0,7.0,1.0,2.0,0.1,0.1,40.0,13,0,0,0,0,1,0