Exp Num,agent:svo_convergence_factor,agent:params:metabolism,agent:params:consumption_factor,agent:params:procreate_cost_factor,agent:params:procreate_req_factor,agent:params:start_energy_factor,agent:params:caught_chance,agent:params:caught_cooldown_factor,agent:params:maximum_age,Epoch,Resource,A,B,C,D,E
100955,2.0,10.0,2.0,9.0,3.0,1.0,0.4,0.2,10.0,0,3000.0,21,22,18,21,79
100955,2.0,10.0,2.0,9.0,3.0,1.0,0.4,0.2,10.0,1,2930.0,21,22,18,21,79
100955,2.0,10.0,2.0,9.0,3.0,1.0,0.4,0.2,10.0,2,2642.5,17,17,14,21,64
100955,2.0,10.0,2.0,9.0,3.0,1.0,0.4,0.2,10.0,3,2803.125,16,17,14,21,63
100955,2.0,10.0,2.0,9.0,3.0,1.0,0.4,0.2,10.0,4,2783.90625,11,12,12,19,51
100955,2.0,10.0,2.0,9.0,3.0,1.0,0.4,0.2,10.0,5,3059.8828125,10,8,12,19,46
100955,2.0,10.0,2.0,9.0,3.0,1.0,0.4,0.2,10.0,6,3164.853515625,10,6,9,19,41
100955,2.0,10.0,2.0,9.0,3.0,1.0,0.4,0.2,10.0,7,3336.06689453125,10,6,9,19,41
100955,2.0,10.0,2.0,9.0,3.0,1.0,0.4,0.2,10.0,8,3290.0836181640625,8,6,8,19,38
100955,2.0,10.0,2.0,9.0,3.0,1.0,0.4,0.2,10.0,9,3092.604522705078,8,6,8,17,38
100955,2.0,10.0,2.0,9.0,3.0,1.0,0.4,0.2,10.0,10,3165.7556533813477,6,5,4,11,24
100955,2.0,10.0,2.0,9.0,3.0,1.0,0.4,0.2,10.0,11,3537.1945667266846,4,3,2,8,13
100955,2.0,10.0,2.0,9.0,3.0,1.0,0.4,0.2,10.0,12,4161.493208408356,4,3,1,5,8
100955,2.0,10.0,2.0,9.0,3.0,1.0,0.4,0.2,10.0,13,5061.866510510445,2,1,0,4,3
100955,2.0,10.0,2.0,9.0,3.0,1.0,0.4,0.2,10.0,14,6227.333138138056,1,1,0,2,2
100955,2.0,10.0,2.0,9.0,3.0,1.0,0.4,0.2,10.0,15,7724.16642267257,0,1,0,1,1
100955,2.0,10.0,2.0,9.0,3.0,1.0,0.4,0.2,10.0,16,9635.208028340712,0,0,0,1,0