Exp Num,agent:svo_convergence_factor,agent:params:metabolism,agent:params:consumption_factor,agent:params:procreate_cost_factor,agent:params:procreate_req_factor,agent:params:start_energy_factor,agent:params:caught_chance,agent:params:caught_cooldown_factor,agent:params:maximum_age,Epoch,Resource,A,B,C,D,E
104795,2.0,10.0,3.0,7.0,1.0,2.0,0.2,0.5,10.0,0,3710.0,18,31,15,20,80
104795,2.0,10.0,3.0,7.0,1.0,2.0,0.2,0.5,10.0,1,2777.5,15,28,13,19,72
104795,2.0,10.0,3.0,7.0,1.0,2.0,0.2,0.5,10.0,2,2361.875,19,29,13,19,77
104795,2.0,10.0,3.0,7.0,1.0,2.0,0.2,0.5,10.0,3,1632.34375,22,35,14,19,87
104795,2.0,10.0,3.0,7.0,1.0,2.0,0.2,0.5,10.0,4,600.4296875,21,34,13,15,82
104795,2.0,10.0,3.0,7.0,1.0,2.0,0.2,0.5,10.0,5,0,24,38,13,14,88
104795,2.0,10.0,3.0,7.0,1.0,2.0,0.2,0.5,10.0,6,0,19,35,12,13,78
104795,2.0,10.0,3.0,7.0,1.0,2.0,0.2,0.5,10.0,7,0,20,33,9,4,69
104795,2.0,10.0,3.0,7.0,1.0,2.0,0.2,0.5,10.0,8,0,19,31,4,3,56
104795,2.0,10.0,3.0,7.0,1.0,2.0,0.2,0.5,10.0,9,0,13,26,3,3,42
104795,2.0,10.0,3.0,7.0,1.0,2.0,0.2,0.5,10.0,10,0,13,24,2,0,39
104795,2.0,10.0,3.0,7.0,1.0,2.0,0.2,0.5,10.0,11,0,11,21,2,0,34
104795,2.0,10.0,3.0,7.0,1.0,2.0,0.2,0.5,10.0,12,0,10,15,1,0,26
104795,2.0,10.0,3.0,7.0,1.0,2.0,0.2,0.5,10.0,13,0,9,12,0,0,21
104795,2.0,10.0,3.0,7.0,1.0,2.0,0.2,0.5,10.0,14,0,7,7,0,0,14
104795,2.0,10.0,3.0,7.0,1.0,2.0,0.2,0.5,10.0,15,0,4,5,0,0,9
104795,2.0,10.0,3.0,7.0,1.0,2.0,0.2,0.5,10.0,16,70.0,3,4,0,0,7
104795,2.0,10.0,3.0,7.0,1.0,2.0,0.2,0.5,10.0,17,0,1,4,0,0,5
104795,2.0,10.0,3.0,7.0,1.0,2.0,0.2,0.5,10.0,18,0,0,4,0,0,4
104795,2.0,10.0,3.0,7.0,1.0,2.0,0.2,0.5,10.0,19,0,0,4,0,0,4
104795,2.0,10.0,3.0,7.0,1.0,2.0,0.2,0.5,10.0,20,0,0,2,0,0,2
104795,2.0,10.0,3.0,7.0,1.0,2.0,0.2,0.5,10.0,21,0,0,1,0,0,1