Exp Num,agent:svo_convergence_factor,agent:params:metabolism,agent:params:consumption_factor,agent:params:procreate_cost_factor,agent:params:procreate_req_factor,agent:params:start_energy_factor,agent:params:caught_chance,agent:params:caught_cooldown_factor,agent:params:maximum_age,Epoch,Resource,A,B,C,D,E
133731,2.0,15.0,4.0,7.0,3.0,2.0,0.5,0.2,20.0,0,3860.0,17,29,14,24,76
133731,2.0,15.0,4.0,7.0,3.0,2.0,0.5,0.2,20.0,1,2185.0,10,20,14,20,58
133731,2.0,15.0,4.0,7.0,3.0,2.0,0.5,0.2,20.0,2,1771.25,7,16,14,17,51
133731,2.0,15.0,4.0,7.0,3.0,2.0,0.5,0.2,20.0,3,1554.0625,6,16,14,17,50
133731,2.0,15.0,4.0,7.0,3.0,2.0,0.5,0.2,20.0,4,1642.578125,6,16,14,17,50
133731,2.0,15.0,4.0,7.0,3.0,2.0,0.5,0.2,20.0,5,1213.22265625,5,11,12,13,41
133731,2.0,15.0,4.0,7.0,3.0,2.0,0.5,0.2,20.0,6,916.5283203125,4,8,10,12,34
133731,2.0,15.0,4.0,7.0,3.0,2.0,0.5,0.2,20.0,7,905.660400390625,4,5,9,11,30
133731,2.0,15.0,4.0,7.0,3.0,2.0,0.5,0.2,20.0,8,1012.0755004882812,4,5,9,11,30
133731,2.0,15.0,4.0,7.0,3.0,2.0,0.5,0.2,20.0,9,845.0943756103516,4,5,8,10,27
133731,2.0,15.0,4.0,7.0,3.0,2.0,0.5,0.2,20.0,10,516.3679695129395,2,4,8,8,24
133731,2.0,15.0,4.0,7.0,3.0,2.0,0.5,0.2,20.0,11,405.4599618911743,2,4,7,8,23
133731,2.0,15.0,4.0,7.0,3.0,2.0,0.5,0.2,20.0,12,146.8249523639679,2,3,7,8,22
133731,2.0,15.0,4.0,7.0,3.0,2.0,0.5,0.2,20.0,13,0,1,3,6,7,19
133731,2.0,15.0,4.0,7.0,3.0,2.0,0.5,0.2,20.0,14,0,0,2,6,5,15
133731,2.0,15.0,4.0,7.0,3.0,2.0,0.5,0.2,20.0,15,0,0,1,6,5,11
133731,2.0,15.0,4.0,7.0,3.0,2.0,0.5,0.2,20.0,16,0,0,1,5,5,10
133731,2.0,15.0,4.0,7.0,3.0,2.0,0.5,0.2,20.0,17,0,0,1,3,5,6
133731,2.0,15.0,4.0,7.0,3.0,2.0,0.5,0.2,20.0,18,0,0,0,2,4,3
133731,2.0,15.0,4.0,7.0,3.0,2.0,0.5,0.2,20.0,19,0,0,0,2,2,3
133731,2.0,15.0,4.0,7.0,3.0,2.0,0.5,0.2,20.0,20,0,0,0,2,2,3
133731,2.0,15.0,4.0,7.0,3.0,2.0,0.5,0.2,20.0,21,0,0,0,2,0,2
133731,2.0,15.0,4.0,7.0,3.0,2.0,0.5,0.2,20.0,22,0,0,0,1,0,1