Exp Num,agent:svo_convergence_factor,agent:params:metabolism,agent:params:consumption_factor,agent:params:procreate_cost_factor,agent:params:procreate_req_factor,agent:params:start_energy_factor,agent:params:caught_chance,agent:params:caught_cooldown_factor,agent:params:maximum_age,Epoch,Resource,A,B,C,D,E
104703,2.0,10.0,3.0,7.0,1.0,1.0,0.4,0.1,40.0,0,2000.0,25,16,9,27,73
104703,2.0,10.0,3.0,7.0,1.0,1.0,0.4,0.1,40.0,1,1540.0,25,16,9,27,73
104703,2.0,10.0,3.0,7.0,1.0,1.0,0.4,0.1,40.0,2,1235.0,27,17,11,27,78
104703,2.0,10.0,3.0,7.0,1.0,1.0,0.4,0.1,40.0,3,163.75,22,12,11,22,66
104703,2.0,10.0,3.0,7.0,1.0,1.0,0.4,0.1,40.0,4,0,20,12,11,19,62
104703,2.0,10.0,3.0,7.0,1.0,1.0,0.4,0.1,40.0,5,0,18,12,10,17,59
104703,2.0,10.0,3.0,7.0,1.0,1.0,0.4,0.1,40.0,6,0,14,10,9,7,45
104703,2.0,10.0,3.0,7.0,1.0,1.0,0.4,0.1,40.0,7,0,11,8,7,4,30
104703,2.0,10.0,3.0,7.0,1.0,1.0,0.4,0.1,40.0,8,0,7,6,7,2,22
104703,2.0,10.0,3.0,7.0,1.0,1.0,0.4,0.1,40.0,9,0,6,6,6,1,19
104703,2.0,10.0,3.0,7.0,1.0,1.0,0.4,0.1,40.0,10,0,4,6,5,1,15
104703,2.0,10.0,3.0,7.0,1.0,1.0,0.4,0.1,40.0,11,0,1,5,4,1,10
104703,2.0,10.0,3.0,7.0,1.0,1.0,0.4,0.1,40.0,12,0,1,3,2,0,6
104703,2.0,10.0,3.0,7.0,1.0,1.0,0.4,0.1,40.0,13,0,0,3,1,0,4
104703,2.0,10.0,3.0,7.0,1.0,1.0,0.4,0.1,40.0,14,0,0,2,1,0,3
104703,2.0,10.0,3.0,7.0,1.0,1.0,0.4,0.1,40.0,15,70.0,0,2,1,0,3
104703,2.0,10.0,3.0,7.0,1.0,1.0,0.4,0.1,40.0,16,87.5,0,1,1,0,2
104703,2.0,10.0,3.0,7.0,1.0,1.0,0.4,0.1,40.0,17,109.375,0,1,1,0,2
104703,2.0,10.0,3.0,7.0,1.0,1.0,0.4,0.1,40.0,18,136.71875,0,1,1,0,2
104703,2.0,10.0,3.0,7.0,1.0,1.0,0.4,0.1,40.0,19,170.8984375,0,1,1,0,2
104703,2.0,10.0,3.0,7.0,1.0,1.0,0.4,0.1,40.0,20,213.623046875,0,1,0,0,1