Exp Num,agent:svo_convergence_factor,agent:params:metabolism,agent:params:consumption_factor,agent:params:procreate_cost_factor,agent:params:procreate_req_factor,agent:params:start_energy_factor,agent:params:caught_chance,agent:params:caught_cooldown_factor,agent:params:maximum_age,Epoch,Resource,A,B,C,D,E
113072,2.0,15.0,1.0,1.0,2.0,2.0,0.30000000000000004,0.5,30.0,0,3500.0,20,42,26,39,111
113072,2.0,15.0,1.0,1.0,2.0,2.0,0.30000000000000004,0.5,30.0,1,2665.0,21,43,30,39,118
113072,2.0,15.0,1.0,1.0,2.0,2.0,0.30000000000000004,0.5,30.0,2,1291.25,19,42,27,38,112
113072,2.0,15.0,1.0,1.0,2.0,2.0,0.30000000000000004,0.5,30.0,3,0,15,36,25,31,98
113072,2.0,15.0,1.0,1.0,2.0,2.0,0.30000000000000004,0.5,30.0,4,0,8,22,9,16,48
113072,2.0,15.0,1.0,1.0,2.0,2.0,0.30000000000000004,0.5,30.0,5,0,4,12,5,6,26
113072,2.0,15.0,1.0,1.0,2.0,2.0,0.30000000000000004,0.5,30.0,6,0,3,8,2,1,15
113072,2.0,15.0,1.0,1.0,2.0,2.0,0.30000000000000004,0.5,30.0,7,0,1,4,2,0,8
113072,2.0,15.0,1.0,1.0,2.0,2.0,0.30000000000000004,0.5,30.0,8,0,0,3,1,0,4
113072,2.0,15.0,1.0,1.0,2.0,2.0,0.30000000000000004,0.5,30.0,9,0,0,2,0,0,2
113072,2.0,15.0,1.0,1.0,2.0,2.0,0.30000000000000004,0.5,30.0,10,0,0,1,0,0,1