Exp Num,agent:svo_convergence_factor,agent:params:metabolism,agent:params:consumption_factor,agent:params:procreate_cost_factor,agent:params:procreate_req_factor,agent:params:start_energy_factor,agent:params:caught_chance,agent:params:caught_cooldown_factor,agent:params:maximum_age,Epoch,Resource,A,B,C,D,E
156508,3.0,5.0,4.0,9.0,1.0,2.0,0.1,0.2,40.0,0,3500.0,18,34,11,28,72
156508,3.0,5.0,4.0,9.0,1.0,2.0,0.1,0.2,40.0,1,3015.0,18,33,10,28,70
156508,3.0,5.0,4.0,9.0,1.0,2.0,0.1,0.2,40.0,2,2888.75,23,39,11,28,82
156508,3.0,5.0,4.0,9.0,1.0,2.0,0.1,0.2,40.0,3,2510.9375,26,47,15,28,97
156508,3.0,5.0,4.0,9.0,1.0,2.0,0.1,0.2,40.0,4,1798.671875,29,54,19,31,111
156508,3.0,5.0,4.0,9.0,1.0,2.0,0.1,0.2,40.0,5,608.33984375,32,64,23,29,128
156508,3.0,5.0,4.0,9.0,1.0,2.0,0.1,0.2,40.0,6,0,35,73,27,31,144
156508,3.0,5.0,4.0,9.0,1.0,2.0,0.1,0.2,40.0,7,0,33,74,29,31,145
156508,3.0,5.0,4.0,9.0,1.0,2.0,0.1,0.2,40.0,8,0,27,69,24,25,129
156508,3.0,5.0,4.0,9.0,1.0,2.0,0.1,0.2,40.0,9,0,24,61,22,16,113
156508,3.0,5.0,4.0,9.0,1.0,2.0,0.1,0.2,40.0,10,0,23,58,21,12,105
156508,3.0,5.0,4.0,9.0,1.0,2.0,0.1,0.2,40.0,11,0,22,55,20,12,99
156508,3.0,5.0,4.0,9.0,1.0,2.0,0.1,0.2,40.0,12,0,19,48,17,10,86
156508,3.0,5.0,4.0,9.0,1.0,2.0,0.1,0.2,40.0,13,0,15,45,16,9,78
156508,3.0,5.0,4.0,9.0,1.0,2.0,0.1,0.2,40.0,14,0,13,38,13,6,65
156508,3.0,5.0,4.0,9.0,1.0,2.0,0.1,0.2,40.0,15,0,10,30,10,4,50
156508,3.0,5.0,4.0,9.0,1.0,2.0,0.1,0.2,40.0,16,0,7,23,10,3,40
156508,3.0,5.0,4.0,9.0,1.0,2.0,0.1,0.2,40.0,17,0,6,18,7,2,31
156508,3.0,5.0,4.0,9.0,1.0,2.0,0.1,0.2,40.0,18,0,3,13,6,2,22
156508,3.0,5.0,4.0,9.0,1.0,2.0,0.1,0.2,40.0,19,0,3,9,3,1,15
156508,3.0,5.0,4.0,9.0,1.0,2.0,0.1,0.2,40.0,20,0,1,5,3,1,9
156508,3.0,5.0,4.0,9.0,1.0,2.0,0.1,0.2,40.0,21,0,1,4,1,1,6
156508,3.0,5.0,4.0,9.0,1.0,2.0,0.1,0.2,40.0,22,0,0,4,1,1,5
156508,3.0,5.0,4.0,9.0,1.0,2.0,0.1,0.2,40.0,23,0,0,3,1,1,4
156508,3.0,5.0,4.0,9.0,1.0,2.0,0.1,0.2,40.0,24,0,0,2,1,0,3
156508,3.0,5.0,4.0,9.0,1.0,2.0,0.1,0.2,40.0,25,0,0,1,1,0,2
156508,3.0,5.0,4.0,9.0,1.0,2.0,0.1,0.2,40.0,26,0,0,1,0,0,1