Exp Num,agent:svo_convergence_factor,agent:params:metabolism,agent:params:consumption_factor,agent:params:procreate_cost_factor,agent:params:procreate_req_factor,agent:params:start_energy_factor,agent:params:caught_chance,agent:params:caught_cooldown_factor,agent:params:maximum_age,Epoch,Resource,A,B,C,D,E
191028,3.0,15.0,2.0,9.0,3.0,2.0,0.2,0.1,40.0,0,4010.0,16,27,10,26,74
191028,3.0,15.0,2.0,9.0,3.0,2.0,0.2,0.1,40.0,1,3062.5,14,23,10,23,67
191028,3.0,15.0,2.0,9.0,3.0,2.0,0.2,0.1,40.0,2,2658.125,14,23,10,23,67
191028,3.0,15.0,2.0,9.0,3.0,2.0,0.2,0.1,40.0,3,1942.65625,10,21,9,23,59
191028,3.0,15.0,2.0,9.0,3.0,2.0,0.2,0.1,40.0,4,1408.3203125,10,21,9,23,59
191028,3.0,15.0,2.0,9.0,3.0,2.0,0.2,0.1,40.0,5,500.400390625,9,14,9,23,51
191028,3.0,15.0,2.0,9.0,3.0,2.0,0.2,0.1,40.0,6,0,8,13,8,23,47
191028,3.0,15.0,2.0,9.0,3.0,2.0,0.2,0.1,40.0,7,0,8,9,8,16,32
191028,3.0,15.0,2.0,9.0,3.0,2.0,0.2,0.1,40.0,8,0,8,8,6,11,23
191028,3.0,15.0,2.0,9.0,3.0,2.0,0.2,0.1,40.0,9,0,6,8,4,5,18
191028,3.0,15.0,2.0,9.0,3.0,2.0,0.2,0.1,40.0,10,0,5,8,3,2,16
191028,3.0,15.0,2.0,9.0,3.0,2.0,0.2,0.1,40.0,11,0,3,6,3,1,12
191028,3.0,15.0,2.0,9.0,3.0,2.0,0.2,0.1,40.0,12,0,3,4,2,0,9
191028,3.0,15.0,2.0,9.0,3.0,2.0,0.2,0.1,40.0,13,0,3,3,1,0,7
191028,3.0,15.0,2.0,9.0,3.0,2.0,0.2,0.1,40.0,14,0,2,2,0,0,4
191028,3.0,15.0,2.0,9.0,3.0,2.0,0.2,0.1,40.0,15,0,2,2,0,0,4
191028,3.0,15.0,2.0,9.0,3.0,2.0,0.2,0.1,40.0,16,0,2,1,0,0,3
191028,3.0,15.0,2.0,9.0,3.0,2.0,0.2,0.1,40.0,17,70.0,2,0,0,0,2
191028,3.0,15.0,2.0,9.0,3.0,2.0,0.2,0.1,40.0,18,87.5,1,0,0,0,1