Exp Num,agent:svo_convergence_factor,agent:params:metabolism,agent:params:consumption_factor,agent:params:procreate_cost_factor,agent:params:procreate_req_factor,agent:params:start_energy_factor,agent:params:caught_chance,agent:params:caught_cooldown_factor,agent:params:maximum_age,Epoch,Resource,A,B,C,D,E
190761,3.0,15.0,2.0,9.0,2.0,3.0,0.1,0.30000000000000004,20.0,0,3650.0,16,28,8,29,71
190761,3.0,15.0,2.0,9.0,2.0,3.0,0.1,0.30000000000000004,20.0,1,3272.5,16,28,8,29,71
190761,3.0,15.0,2.0,9.0,2.0,3.0,0.1,0.30000000000000004,20.0,2,2500.625,12,26,7,27,64
190761,3.0,15.0,2.0,9.0,2.0,3.0,0.1,0.30000000000000004,20.0,3,2075.78125,11,26,7,27,63
190761,3.0,15.0,2.0,9.0,2.0,3.0,0.1,0.30000000000000004,20.0,4,1034.7265625,10,22,7,26,57
190761,3.0,15.0,2.0,9.0,2.0,3.0,0.1,0.30000000000000004,20.0,5,243.408203125,10,22,7,26,57
190761,3.0,15.0,2.0,9.0,2.0,3.0,0.1,0.30000000000000004,20.0,6,0,9,22,7,16,51
190761,3.0,15.0,2.0,9.0,2.0,3.0,0.1,0.30000000000000004,20.0,7,0,9,22,7,11,46
190761,3.0,15.0,2.0,9.0,2.0,3.0,0.1,0.30000000000000004,20.0,8,0,8,20,5,4,38
190761,3.0,15.0,2.0,9.0,2.0,3.0,0.1,0.30000000000000004,20.0,9,0,8,17,2,3,29
190761,3.0,15.0,2.0,9.0,2.0,3.0,0.1,0.30000000000000004,20.0,10,0,8,13,0,3,21
190761,3.0,15.0,2.0,9.0,2.0,3.0,0.1,0.30000000000000004,20.0,11,0,8,10,0,2,18
190761,3.0,15.0,2.0,9.0,2.0,3.0,0.1,0.30000000000000004,20.0,12,0,6,6,0,2,12
190761,3.0,15.0,2.0,9.0,2.0,3.0,0.1,0.30000000000000004,20.0,13,0,6,5,0,1,11
190761,3.0,15.0,2.0,9.0,2.0,3.0,0.1,0.30000000000000004,20.0,14,0,5,5,0,1,10
190761,3.0,15.0,2.0,9.0,2.0,3.0,0.1,0.30000000000000004,20.0,15,0,4,2,0,1,6
190761,3.0,15.0,2.0,9.0,2.0,3.0,0.1,0.30000000000000004,20.0,16,0,2,0,0,1,2
190761,3.0,15.0,2.0,9.0,2.0,3.0,0.1,0.30000000000000004,20.0,17,40.0,2,0,0,1,2
190761,3.0,15.0,2.0,9.0,2.0,3.0,0.1,0.30000000000000004,20.0,18,20.0,1,0,0,1,1
190761,3.0,15.0,2.0,9.0,2.0,3.0,0.1,0.30000000000000004,20.0,19,25.0,1,0,0,1,1
190761,3.0,15.0,2.0,9.0,2.0,3.0,0.1,0.30000000000000004,20.0,20,1.25,1,0,0,1,1
190761,3.0,15.0,2.0,9.0,2.0,3.0,0.1,0.30000000000000004,20.0,21,0,1,0,0,0,1