Exp Num,agent:svo_convergence_factor,agent:params:metabolism,agent:params:consumption_factor,agent:params:procreate_cost_factor,agent:params:procreate_req_factor,agent:params:start_energy_factor,agent:params:caught_chance,agent:params:caught_cooldown_factor,agent:params:maximum_age,Epoch,Resource,A,B,C,D,E
10400,1.0,5.0,2.0,9.0,1.0,3.0,0.2,0.1,10.0,0,4000.0,15,28,13,27,73
10400,1.0,5.0,2.0,9.0,1.0,3.0,0.2,0.1,10.0,1,4000.0,15,28,13,27,73
10400,1.0,5.0,2.0,9.0,1.0,3.0,0.2,0.1,10.0,2,4000.0,15,28,13,27,73
10400,1.0,5.0,2.0,9.0,1.0,3.0,0.2,0.1,10.0,3,4000.0,15,28,13,27,73
10400,1.0,5.0,2.0,9.0,1.0,3.0,0.2,0.1,10.0,4,4000.0,15,28,13,27,73
10400,1.0,5.0,2.0,9.0,1.0,3.0,0.2,0.1,10.0,5,4000.0,20,40,27,42,108
10400,1.0,5.0,2.0,9.0,1.0,3.0,0.2,0.1,10.0,6,3500.0,21,46,39,48,127
10400,1.0,5.0,2.0,9.0,1.0,3.0,0.2,0.1,10.0,7,2905.0,21,55,58,57,155
10400,1.0,5.0,2.0,9.0,1.0,3.0,0.2,0.1,10.0,8,2771.25,21,61,72,62,175
10400,1.0,5.0,2.0,9.0,1.0,3.0,0.2,0.1,10.0,9,2074.0625,16,62,83,63,181
10400,1.0,5.0,2.0,9.0,1.0,3.0,0.2,0.1,10.0,10,1792.578125,8,51,82,47,149
10400,1.0,5.0,2.0,9.0,1.0,3.0,0.2,0.1,10.0,11,1350.72265625,5,47,89,40,147
10400,1.0,5.0,2.0,9.0,1.0,3.0,0.2,0.1,10.0,12,858.4033203125,5,44,101,39,154
10400,1.0,5.0,2.0,9.0,1.0,3.0,0.2,0.1,10.0,13,0,5,46,115,39,169
10400,1.0,5.0,2.0,9.0,1.0,3.0,0.2,0.1,10.0,14,0,5,36,105,33,149
10400,1.0,5.0,2.0,9.0,1.0,3.0,0.2,0.1,10.0,15,0,5,30,84,21,120
10400,1.0,5.0,2.0,9.0,1.0,3.0,0.2,0.1,10.0,16,0,3,21,73,16,97
10400,1.0,5.0,2.0,9.0,1.0,3.0,0.2,0.1,10.0,17,0,1,20,71,10,92
10400,1.0,5.0,2.0,9.0,1.0,3.0,0.2,0.1,10.0,18,0,1,14,66,8,81
10400,1.0,5.0,2.0,9.0,1.0,3.0,0.2,0.1,10.0,19,0,0,13,61,7,74
10400,1.0,5.0,2.0,9.0,1.0,3.0,0.2,0.1,10.0,20,0,0,9,54,5,63
10400,1.0,5.0,2.0,9.0,1.0,3.0,0.2,0.1,10.0,21,0,0,7,47,3,54
10400,1.0,5.0,2.0,9.0,1.0,3.0,0.2,0.1,10.0,22,0,0,6,38,3,44
10400,1.0,5.0,2.0,9.0,1.0,3.0,0.2,0.1,10.0,23,0,0,5,32,1,37
10400,1.0,5.0,2.0,9.0,1.0,3.0,0.2,0.1,10.0,24,0,0,3,28,0,31
10400,1.0,5.0,2.0,9.0,1.0,3.0,0.2,0.1,10.0,25,0,0,3,22,0,25
10400,1.0,5.0,2.0,9.0,1.0,3.0,0.2,0.1,10.0,26,0,0,3,16,0,19
10400,1.0,5.0,2.0,9.0,1.0,3.0,0.2,0.1,10.0,27,0,0,2,11,0,13
10400,1.0,5.0,2.0,9.0,1.0,3.0,0.2,0.1,10.0,28,0,0,2,7,0,9
10400,1.0,5.0,2.0,9.0,1.0,3.0,0.2,0.1,10.0,29,0,0,1,4,0,5
10400,1.0,5.0,2.0,9.0,1.0,3.0,0.2,0.1,10.0,30,0,0,1,2,0,3
10400,1.0,5.0,2.0,9.0,1.0,3.0,0.2,0.1,10.0,31,0,0,1,2,0,3
10400,1.0,5.0,2.0,9.0,1.0,3.0,0.2,0.1,10.0,32,0,0,1,1,0,2
10400,1.0,5.0,2.0,9.0,1.0,3.0,0.2,0.1,10.0,33,0,0,1,0,0,1