Exp Num,agent:svo_convergence_factor,agent:params:metabolism,agent:params:consumption_factor,agent:params:procreate_cost_factor,agent:params:procreate_req_factor,agent:params:start_energy_factor,agent:params:caught_chance,agent:params:caught_cooldown_factor,agent:params:maximum_age,Epoch,Resource,A,B,C,D,E
198236,3.0,15.0,4.0,3.0,1.0,2.0,0.5,0.30000000000000004,20.0,0,3740.0,20,29,10,35,75
198236,3.0,15.0,4.0,3.0,1.0,2.0,0.5,0.30000000000000004,20.0,1,1615.0,15,28,11,40,77
198236,3.0,15.0,4.0,3.0,1.0,2.0,0.5,0.30000000000000004,20.0,2,0,17,25,12,39,79
198236,3.0,15.0,4.0,3.0,1.0,2.0,0.5,0.30000000000000004,20.0,3,0,16,18,14,27,67
198236,3.0,15.0,4.0,3.0,1.0,2.0,0.5,0.30000000000000004,20.0,4,0,12,15,16,19,59
198236,3.0,15.0,4.0,3.0,1.0,2.0,0.5,0.30000000000000004,20.0,5,0,8,10,17,12,47
198236,3.0,15.0,4.0,3.0,1.0,2.0,0.5,0.30000000000000004,20.0,6,0,6,3,14,8,33
198236,3.0,15.0,4.0,3.0,1.0,2.0,0.5,0.30000000000000004,20.0,7,0,4,2,11,6,23
198236,3.0,15.0,4.0,3.0,1.0,2.0,0.5,0.30000000000000004,20.0,8,0,3,1,7,4,17
198236,3.0,15.0,4.0,3.0,1.0,2.0,0.5,0.30000000000000004,20.0,9,0,3,1,6,1,15
198236,3.0,15.0,4.0,3.0,1.0,2.0,0.5,0.30000000000000004,20.0,10,0,4,2,4,0,13
198236,3.0,15.0,4.0,3.0,1.0,2.0,0.5,0.30000000000000004,20.0,11,0,2,2,2,0,8
198236,3.0,15.0,4.0,3.0,1.0,2.0,0.5,0.30000000000000004,20.0,12,0,1,1,2,0,5
198236,3.0,15.0,4.0,3.0,1.0,2.0,0.5,0.30000000000000004,20.0,13,0,2,1,1,0,4
198236,3.0,15.0,4.0,3.0,1.0,2.0,0.5,0.30000000000000004,20.0,14,0,2,1,0,0,3
198236,3.0,15.0,4.0,3.0,1.0,2.0,0.5,0.30000000000000004,20.0,15,0,1,1,0,0,2
198236,3.0,15.0,4.0,3.0,1.0,2.0,0.5,0.30000000000000004,20.0,16,0,1,1,0,0,2
198236,3.0,15.0,4.0,3.0,1.0,2.0,0.5,0.30000000000000004,20.0,17,0,1,1,0,0,2
198236,3.0,15.0,4.0,3.0,1.0,2.0,0.5,0.30000000000000004,20.0,18,0,1,0,0,0,1