Exp Num,agent:svo_convergence_factor,agent:params:metabolism,agent:params:consumption_factor,agent:params:procreate_cost_factor,agent:params:procreate_req_factor,agent:params:start_energy_factor,agent:params:caught_chance,agent:params:caught_cooldown_factor,agent:params:maximum_age,Epoch,Resource,A,B,C,D,E
133928,2.0,15.0,4.0,9.0,1.0,1.0,0.30000000000000004,0.1,40.0,0,0,13,30,8,28,63
133928,2.0,15.0,4.0,9.0,1.0,1.0,0.30000000000000004,0.1,40.0,1,0,13,27,7,27,56
133928,2.0,15.0,4.0,9.0,1.0,1.0,0.30000000000000004,0.1,40.0,2,0,13,27,7,27,56
133928,2.0,15.0,4.0,9.0,1.0,1.0,0.30000000000000004,0.1,40.0,3,0,13,27,7,27,56
133928,2.0,15.0,4.0,9.0,1.0,1.0,0.30000000000000004,0.1,40.0,4,0,6,14,2,15,28
133928,2.0,15.0,4.0,9.0,1.0,1.0,0.30000000000000004,0.1,40.0,5,0,3,7,1,8,14
133928,2.0,15.0,4.0,9.0,1.0,1.0,0.30000000000000004,0.1,40.0,6,0,1,4,1,3,8
133928,2.0,15.0,4.0,9.0,1.0,1.0,0.30000000000000004,0.1,40.0,7,0,1,2,0,2,4
133928,2.0,15.0,4.0,9.0,1.0,1.0,0.30000000000000004,0.1,40.0,8,0,0,1,0,2,1
133928,2.0,15.0,4.0,9.0,1.0,1.0,0.30000000000000004,0.1,40.0,9,0,0,0,0,1,0