Exp Num,agent:svo_convergence_factor,agent:params:metabolism,agent:params:consumption_factor,agent:params:procreate_cost_factor,agent:params:procreate_req_factor,agent:params:start_energy_factor,agent:params:caught_chance,agent:params:caught_cooldown_factor,agent:params:maximum_age,Epoch,Resource,A,B,C,D,E
110161,2.0,10.0,4.0,5.0,3.0,3.0,0.2,0.30000000000000004,20.0,0,3640.0,18,15,11,40,60
110161,2.0,10.0,4.0,5.0,3.0,3.0,0.2,0.30000000000000004,20.0,1,3030.0,18,15,11,40,60
110161,2.0,10.0,4.0,5.0,3.0,3.0,0.2,0.30000000000000004,20.0,2,1467.5,14,12,9,39,51
110161,2.0,10.0,4.0,5.0,3.0,3.0,0.2,0.30000000000000004,20.0,3,394.375,17,13,9,39,55
110161,2.0,10.0,4.0,5.0,3.0,3.0,0.2,0.30000000000000004,20.0,4,0,17,13,9,39,55
110161,2.0,10.0,4.0,5.0,3.0,3.0,0.2,0.30000000000000004,20.0,5,0,17,13,9,39,55
110161,2.0,10.0,4.0,5.0,3.0,3.0,0.2,0.30000000000000004,20.0,6,0,17,11,8,25,46
110161,2.0,10.0,4.0,5.0,3.0,3.0,0.2,0.30000000000000004,20.0,7,0,17,11,8,19,39
110161,2.0,10.0,4.0,5.0,3.0,3.0,0.2,0.30000000000000004,20.0,8,0,16,11,8,16,37
110161,2.0,10.0,4.0,5.0,3.0,3.0,0.2,0.30000000000000004,20.0,9,0,16,11,8,16,37
110161,2.0,10.0,4.0,5.0,3.0,3.0,0.2,0.30000000000000004,20.0,10,0,15,9,6,8,31
110161,2.0,10.0,4.0,5.0,3.0,3.0,0.2,0.30000000000000004,20.0,11,0,14,9,5,4,28
110161,2.0,10.0,4.0,5.0,3.0,3.0,0.2,0.30000000000000004,20.0,12,0,13,9,5,1,27
110161,2.0,10.0,4.0,5.0,3.0,3.0,0.2,0.30000000000000004,20.0,13,0,12,8,4,1,24
110161,2.0,10.0,4.0,5.0,3.0,3.0,0.2,0.30000000000000004,20.0,14,0,8,7,3,0,18
110161,2.0,10.0,4.0,5.0,3.0,3.0,0.2,0.30000000000000004,20.0,15,0,8,6,3,0,17
110161,2.0,10.0,4.0,5.0,3.0,3.0,0.2,0.30000000000000004,20.0,16,0,7,4,3,0,14
110161,2.0,10.0,4.0,5.0,3.0,3.0,0.2,0.30000000000000004,20.0,17,0,4,3,3,0,10
110161,2.0,10.0,4.0,5.0,3.0,3.0,0.2,0.30000000000000004,20.0,18,0,4,2,3,0,9
110161,2.0,10.0,4.0,5.0,3.0,3.0,0.2,0.30000000000000004,20.0,19,0,3,1,3,0,7
110161,2.0,10.0,4.0,5.0,3.0,3.0,0.2,0.30000000000000004,20.0,20,0,1,1,3,0,5
110161,2.0,10.0,4.0,5.0,3.0,3.0,0.2,0.30000000000000004,20.0,21,0,0,1,2,0,3
110161,2.0,10.0,4.0,5.0,3.0,3.0,0.2,0.30000000000000004,20.0,22,0,0,1,1,0,2
110161,2.0,10.0,4.0,5.0,3.0,3.0,0.2,0.30000000000000004,20.0,23,0,0,0,1,0,1