Exp Num,agent:svo_convergence_factor,agent:params:metabolism,agent:params:consumption_factor,agent:params:procreate_cost_factor,agent:params:procreate_req_factor,agent:params:start_energy_factor,agent:params:caught_chance,agent:params:caught_cooldown_factor,agent:params:maximum_age,Epoch,Resource,A,B,C,D,E
164339,3.0,10.0,2.0,3.0,1.0,1.0,0.4,0.30000000000000004,50.0,0,3000.0,23,32,4,22,78
164339,3.0,10.0,2.0,3.0,1.0,1.0,0.4,0.30000000000000004,50.0,1,3150.0,29,36,4,26,89
164339,3.0,10.0,2.0,3.0,1.0,1.0,0.4,0.30000000000000004,50.0,2,2677.5,22,29,5,22,75
164339,3.0,10.0,2.0,3.0,1.0,1.0,0.4,0.30000000000000004,50.0,3,2326.875,25,30,8,22,82
164339,3.0,10.0,2.0,3.0,1.0,1.0,0.4,0.30000000000000004,50.0,4,1808.59375,25,32,9,22,85
164339,3.0,10.0,2.0,3.0,1.0,1.0,0.4,0.30000000000000004,50.0,5,1320.7421875,21,35,10,20,85
164339,3.0,10.0,2.0,3.0,1.0,1.0,0.4,0.30000000000000004,50.0,6,330.927734375,24,44,10,21,97
164339,3.0,10.0,2.0,3.0,1.0,1.0,0.4,0.30000000000000004,50.0,7,0,18,40,9,15,84
164339,3.0,10.0,2.0,3.0,1.0,1.0,0.4,0.30000000000000004,50.0,8,0,14,34,6,10,65
164339,3.0,10.0,2.0,3.0,1.0,1.0,0.4,0.30000000000000004,50.0,9,0,11,22,7,5,48
164339,3.0,10.0,2.0,3.0,1.0,1.0,0.4,0.30000000000000004,50.0,10,0,8,17,7,3,34
164339,3.0,10.0,2.0,3.0,1.0,1.0,0.4,0.30000000000000004,50.0,11,0,8,7,5,2,21
164339,3.0,10.0,2.0,3.0,1.0,1.0,0.4,0.30000000000000004,50.0,12,0,3,5,4,1,12
164339,3.0,10.0,2.0,3.0,1.0,1.0,0.4,0.30000000000000004,50.0,13,0,2,2,5,0,9
164339,3.0,10.0,2.0,3.0,1.0,1.0,0.4,0.30000000000000004,50.0,14,0,2,1,3,0,6
164339,3.0,10.0,2.0,3.0,1.0,1.0,0.4,0.30000000000000004,50.0,15,0,1,1,3,0,5
164339,3.0,10.0,2.0,3.0,1.0,1.0,0.4,0.30000000000000004,50.0,16,0,1,1,3,0,5
164339,3.0,10.0,2.0,3.0,1.0,1.0,0.4,0.30000000000000004,50.0,17,0,0,0,2,0,2
164339,3.0,10.0,2.0,3.0,1.0,1.0,0.4,0.30000000000000004,50.0,18,80.0,0,0,2,0,2
164339,3.0,10.0,2.0,3.0,1.0,1.0,0.4,0.30000000000000004,50.0,19,60.0,0,0,2,0,2
164339,3.0,10.0,2.0,3.0,1.0,1.0,0.4,0.30000000000000004,50.0,20,35.0,0,0,3,0,3
164339,3.0,10.0,2.0,3.0,1.0,1.0,0.4,0.30000000000000004,50.0,21,3.75,0,0,4,0,4
164339,3.0,10.0,2.0,3.0,1.0,1.0,0.4,0.30000000000000004,50.0,22,0,0,0,3,0,3
164339,3.0,10.0,2.0,3.0,1.0,1.0,0.4,0.30000000000000004,50.0,23,0,0,0,2,0,2
164339,3.0,10.0,2.0,3.0,1.0,1.0,0.4,0.30000000000000004,50.0,24,0,0,0,2,0,2
164339,3.0,10.0,2.0,3.0,1.0,1.0,0.4,0.30000000000000004,50.0,25,0,0,0,1,0,1