Exp Num,agent:svo_convergence_factor,agent:params:metabolism,agent:params:consumption_factor,agent:params:procreate_cost_factor,agent:params:procreate_req_factor,agent:params:start_energy_factor,agent:params:caught_chance,agent:params:caught_cooldown_factor,agent:params:maximum_age,Epoch,Resource,A,B,C,D,E
167565,3.0,10.0,2.0,7.0,3.0,3.0,0.30000000000000004,0.4,10.0,0,3760.0,14,31,11,27,73
167565,3.0,10.0,2.0,7.0,3.0,3.0,0.30000000000000004,0.4,10.0,1,3760.0,14,31,11,27,73
167565,3.0,10.0,2.0,7.0,3.0,3.0,0.30000000000000004,0.4,10.0,2,3660.0,11,24,11,25,62
167565,3.0,10.0,2.0,7.0,3.0,3.0,0.30000000000000004,0.4,10.0,3,3715.0,11,24,11,25,62
167565,3.0,10.0,2.0,7.0,3.0,3.0,0.30000000000000004,0.4,10.0,4,3563.75,9,20,8,25,53
167565,3.0,10.0,2.0,7.0,3.0,3.0,0.30000000000000004,0.4,10.0,5,3574.6875,9,18,7,25,50
167565,3.0,10.0,2.0,7.0,3.0,3.0,0.30000000000000004,0.4,10.0,6,3548.359375,6,15,5,24,42
167565,3.0,10.0,2.0,7.0,3.0,3.0,0.30000000000000004,0.4,10.0,7,3395.44921875,5,15,5,23,41
167565,3.0,10.0,2.0,7.0,3.0,3.0,0.30000000000000004,0.4,10.0,8,3164.3115234375,4,15,4,22,39
167565,3.0,10.0,2.0,7.0,3.0,3.0,0.30000000000000004,0.4,10.0,9,2835.389404296875,4,15,4,22,39
167565,3.0,10.0,2.0,7.0,3.0,3.0,0.30000000000000004,0.4,10.0,10,2804.2367553710938,2,9,4,14,26
167565,3.0,10.0,2.0,7.0,3.0,3.0,0.30000000000000004,0.4,10.0,11,3085.295944213867,0,6,2,8,14
167565,3.0,10.0,2.0,7.0,3.0,3.0,0.30000000000000004,0.4,10.0,12,3596.619930267334,0,2,2,4,9
167565,3.0,10.0,2.0,7.0,3.0,3.0,0.30000000000000004,0.4,10.0,13,4335.7749128341675,0,1,0,3,4
167565,3.0,10.0,2.0,7.0,3.0,3.0,0.30000000000000004,0.4,10.0,14,5339.718641042709,0,0,0,1,3
167565,3.0,10.0,2.0,7.0,3.0,3.0,0.30000000000000004,0.4,10.0,15,6634.648301303387,0,0,0,0,2
167565,3.0,10.0,2.0,7.0,3.0,3.0,0.30000000000000004,0.4,10.0,16,8253.310376629233,0,0,0,0,1