Exp Num,agent:svo_convergence_factor,agent:params:metabolism,agent:params:consumption_factor,agent:params:procreate_cost_factor,agent:params:procreate_req_factor,agent:params:start_energy_factor,agent:params:caught_chance,agent:params:caught_cooldown_factor,agent:params:maximum_age,Epoch,Resource,A,B,C,D,E
19792,1.0,5.0,4.0,5.0,2.0,3.0,0.2,0.4,30.0,0,3620.0,24,27,7,25,75
19792,1.0,5.0,4.0,5.0,2.0,3.0,0.2,0.4,30.0,1,3525.0,24,27,7,25,75
19792,1.0,5.0,4.0,5.0,2.0,3.0,0.2,0.4,30.0,2,3406.25,30,28,7,23,82
19792,1.0,5.0,4.0,5.0,2.0,3.0,0.2,0.4,30.0,3,3497.8125,37,33,9,23,96
19792,1.0,5.0,4.0,5.0,2.0,3.0,0.2,0.4,30.0,4,3272.265625,40,41,12,24,110
19792,1.0,5.0,4.0,5.0,2.0,3.0,0.2,0.4,30.0,5,3250.33203125,44,50,14,24,125
19792,1.0,5.0,4.0,5.0,2.0,3.0,0.2,0.4,30.0,6,3002.9150390625,44,57,14,20,132
19792,1.0,5.0,4.0,5.0,2.0,3.0,0.2,0.4,30.0,7,2813.643798828125,51,62,15,20,145
19792,1.0,5.0,4.0,5.0,2.0,3.0,0.2,0.4,30.0,8,2337.0547485351562,56,75,16,20,164
19792,1.0,5.0,4.0,5.0,2.0,3.0,0.2,0.4,30.0,9,1661.3184356689453,61,85,16,19,179
19792,1.0,5.0,4.0,5.0,2.0,3.0,0.2,0.4,30.0,10,636.6480445861816,64,92,16,15,189
19792,1.0,5.0,4.0,5.0,2.0,3.0,0.2,0.4,30.0,11,0,65,101,15,15,197
19792,1.0,5.0,4.0,5.0,2.0,3.0,0.2,0.4,30.0,12,0,58,95,15,15,184
19792,1.0,5.0,4.0,5.0,2.0,3.0,0.2,0.4,30.0,13,0,54,92,13,13,174
19792,1.0,5.0,4.0,5.0,2.0,3.0,0.2,0.4,30.0,14,0,53,85,12,10,154
19792,1.0,5.0,4.0,5.0,2.0,3.0,0.2,0.4,30.0,15,0,47,80,10,7,140
19792,1.0,5.0,4.0,5.0,2.0,3.0,0.2,0.4,30.0,16,0,35,74,5,6,115
19792,1.0,5.0,4.0,5.0,2.0,3.0,0.2,0.4,30.0,17,0,30,62,5,3,98
19792,1.0,5.0,4.0,5.0,2.0,3.0,0.2,0.4,30.0,18,0,23,50,4,2,77
19792,1.0,5.0,4.0,5.0,2.0,3.0,0.2,0.4,30.0,19,0,17,36,4,1,57
19792,1.0,5.0,4.0,5.0,2.0,3.0,0.2,0.4,30.0,20,0,13,29,3,0,45
19792,1.0,5.0,4.0,5.0,2.0,3.0,0.2,0.4,30.0,21,0,9,22,2,0,33
19792,1.0,5.0,4.0,5.0,2.0,3.0,0.2,0.4,30.0,22,0,6,15,1,0,22
19792,1.0,5.0,4.0,5.0,2.0,3.0,0.2,0.4,30.0,23,0,4,9,1,0,14
19792,1.0,5.0,4.0,5.0,2.0,3.0,0.2,0.4,30.0,24,0,3,6,1,0,10
19792,1.0,5.0,4.0,5.0,2.0,3.0,0.2,0.4,30.0,25,0,3,4,1,0,8
19792,1.0,5.0,4.0,5.0,2.0,3.0,0.2,0.4,30.0,26,0,2,3,1,0,6
19792,1.0,5.0,4.0,5.0,2.0,3.0,0.2,0.4,30.0,27,0,1,2,1,0,4
19792,1.0,5.0,4.0,5.0,2.0,3.0,0.2,0.4,30.0,28,0,1,1,0,0,2
19792,1.0,5.0,4.0,5.0,2.0,3.0,0.2,0.4,30.0,29,0,1,0,0,0,1