Exp Num,agent:svo_convergence_factor,agent:params:metabolism,agent:params:consumption_factor,agent:params:procreate_cost_factor,agent:params:procreate_req_factor,agent:params:start_energy_factor,agent:params:caught_chance,agent:params:caught_cooldown_factor,agent:params:maximum_age,Epoch,Resource,A,B,C,D,E
181812,3.0,15.0,1.0,3.0,2.0,3.0,0.30000000000000004,0.30000000000000004,30.0,0,3500.0,21,31,11,23,77
181812,3.0,15.0,1.0,3.0,2.0,3.0,0.30000000000000004,0.30000000000000004,30.0,1,2905.0,21,31,11,23,77
181812,3.0,15.0,1.0,3.0,2.0,3.0,0.30000000000000004,0.30000000000000004,30.0,2,2731.25,21,31,11,23,77
181812,3.0,15.0,1.0,3.0,2.0,3.0,0.30000000000000004,0.30000000000000004,30.0,3,2739.0625,21,31,11,23,77
181812,3.0,15.0,1.0,3.0,2.0,3.0,0.30000000000000004,0.30000000000000004,30.0,4,2643.828125,20,29,9,23,72
181812,3.0,15.0,1.0,3.0,2.0,3.0,0.30000000000000004,0.30000000000000004,30.0,5,2554.78515625,15,24,9,23,62
181812,3.0,15.0,1.0,3.0,2.0,3.0,0.30000000000000004,0.30000000000000004,30.0,6,2383.4814453125,11,19,9,23,53
181812,3.0,15.0,1.0,3.0,2.0,3.0,0.30000000000000004,0.30000000000000004,30.0,7,2139.351806640625,6,15,9,23,44
181812,3.0,15.0,1.0,3.0,2.0,3.0,0.30000000000000004,0.30000000000000004,30.0,8,1729.1897583007812,6,15,8,23,43
181812,3.0,15.0,1.0,3.0,2.0,3.0,0.30000000000000004,0.30000000000000004,30.0,9,1276.4871978759766,5,14,8,23,41
181812,3.0,15.0,1.0,3.0,2.0,3.0,0.30000000000000004,0.30000000000000004,30.0,10,725.6089973449707,5,14,8,23,41
181812,3.0,15.0,1.0,3.0,2.0,3.0,0.30000000000000004,0.30000000000000004,30.0,11,37.01124668121338,5,12,8,23,39
181812,3.0,15.0,1.0,3.0,2.0,3.0,0.30000000000000004,0.30000000000000004,30.0,12,0,5,8,4,11,23
181812,3.0,15.0,1.0,3.0,2.0,3.0,0.30000000000000004,0.30000000000000004,30.0,13,0,5,3,2,4,14
181812,3.0,15.0,1.0,3.0,2.0,3.0,0.30000000000000004,0.30000000000000004,30.0,14,0,3,3,1,2,8
181812,3.0,15.0,1.0,3.0,2.0,3.0,0.30000000000000004,0.30000000000000004,30.0,15,0,2,0,1,1,4
181812,3.0,15.0,1.0,3.0,2.0,3.0,0.30000000000000004,0.30000000000000004,30.0,16,0,2,0,1,0,3
181812,3.0,15.0,1.0,3.0,2.0,3.0,0.30000000000000004,0.30000000000000004,30.0,17,0,1,0,1,0,2
181812,3.0,15.0,1.0,3.0,2.0,3.0,0.30000000000000004,0.30000000000000004,30.0,18,0,0,0,1,0,1