Exp Num,agent:svo_convergence_factor,agent:params:metabolism,agent:params:consumption_factor,agent:params:procreate_cost_factor,agent:params:procreate_req_factor,agent:params:start_energy_factor,agent:params:caught_chance,agent:params:caught_cooldown_factor,agent:params:maximum_age,Epoch,Resource,A,B,C,D,E
119764,2.0,15.0,2.0,3.0,2.0,2.0,0.1,0.30000000000000004,50.0,0,3560.0,21,23,16,24,76
119764,2.0,15.0,2.0,3.0,2.0,2.0,0.1,0.30000000000000004,50.0,1,2200.0,20,21,14,24,71
119764,2.0,15.0,2.0,3.0,2.0,2.0,0.1,0.30000000000000004,50.0,2,1550.0,20,21,14,24,71
119764,2.0,15.0,2.0,3.0,2.0,2.0,0.1,0.30000000000000004,50.0,3,0,20,23,14,22,73
119764,2.0,15.0,2.0,3.0,2.0,2.0,0.1,0.30000000000000004,50.0,4,0,19,23,12,21,70
119764,2.0,15.0,2.0,3.0,2.0,2.0,0.1,0.30000000000000004,50.0,5,0,19,19,7,10,51
119764,2.0,15.0,2.0,3.0,2.0,2.0,0.1,0.30000000000000004,50.0,6,0,14,16,4,4,37
119764,2.0,15.0,2.0,3.0,2.0,2.0,0.1,0.30000000000000004,50.0,7,0,10,12,2,3,25
119764,2.0,15.0,2.0,3.0,2.0,2.0,0.1,0.30000000000000004,50.0,8,0,8,10,1,1,19
119764,2.0,15.0,2.0,3.0,2.0,2.0,0.1,0.30000000000000004,50.0,9,0,4,7,1,0,12
119764,2.0,15.0,2.0,3.0,2.0,2.0,0.1,0.30000000000000004,50.0,10,0,2,5,0,0,7
119764,2.0,15.0,2.0,3.0,2.0,2.0,0.1,0.30000000000000004,50.0,11,0,0,4,0,0,4
119764,2.0,15.0,2.0,3.0,2.0,2.0,0.1,0.30000000000000004,50.0,12,0,0,3,0,0,3
119764,2.0,15.0,2.0,3.0,2.0,2.0,0.1,0.30000000000000004,50.0,13,0,0,2,0,0,2
119764,2.0,15.0,2.0,3.0,2.0,2.0,0.1,0.30000000000000004,50.0,14,40.0,0,2,0,0,2
119764,2.0,15.0,2.0,3.0,2.0,2.0,0.1,0.30000000000000004,50.0,15,20.0,0,2,0,0,2
119764,2.0,15.0,2.0,3.0,2.0,2.0,0.1,0.30000000000000004,50.0,16,0,0,1,0,0,1