Exp Num,agent:svo_convergence_factor,agent:params:metabolism,agent:params:consumption_factor,agent:params:procreate_cost_factor,agent:params:procreate_req_factor,agent:params:start_energy_factor,agent:params:caught_chance,agent:params:caught_cooldown_factor,agent:params:maximum_age,Epoch,Resource,A,B,C,D,E
193060,3.0,15.0,3.0,3.0,2.0,3.0,0.30000000000000004,0.30000000000000004,10.0,0,3560.0,15,23,12,29,71
193060,3.0,15.0,3.0,3.0,2.0,3.0,0.30000000000000004,0.30000000000000004,10.0,1,3370.0,18,27,12,29,79
193060,3.0,15.0,3.0,3.0,2.0,3.0,0.30000000000000004,0.30000000000000004,10.0,2,2277.5,12,23,12,26,70
193060,3.0,15.0,3.0,3.0,2.0,3.0,0.30000000000000004,0.30000000000000004,10.0,3,1541.875,12,24,11,26,70
193060,3.0,15.0,3.0,3.0,2.0,3.0,0.30000000000000004,0.30000000000000004,10.0,4,1027.34375,12,28,13,26,76
193060,3.0,15.0,3.0,3.0,2.0,3.0,0.30000000000000004,0.30000000000000004,10.0,5,0,9,24,14,18,70
193060,3.0,15.0,3.0,3.0,2.0,3.0,0.30000000000000004,0.30000000000000004,10.0,6,0,7,21,13,14,58
193060,3.0,15.0,3.0,3.0,2.0,3.0,0.30000000000000004,0.30000000000000004,10.0,7,0,7,17,12,13,52
193060,3.0,15.0,3.0,3.0,2.0,3.0,0.30000000000000004,0.30000000000000004,10.0,8,0,3,14,10,7,35
193060,3.0,15.0,3.0,3.0,2.0,3.0,0.30000000000000004,0.30000000000000004,10.0,9,0,2,12,7,5,25
193060,3.0,15.0,3.0,3.0,2.0,3.0,0.30000000000000004,0.30000000000000004,10.0,10,0,2,6,6,4,17
193060,3.0,15.0,3.0,3.0,2.0,3.0,0.30000000000000004,0.30000000000000004,10.0,11,0,1,4,4,2,11
193060,3.0,15.0,3.0,3.0,2.0,3.0,0.30000000000000004,0.30000000000000004,10.0,12,0,0,4,2,1,7
193060,3.0,15.0,3.0,3.0,2.0,3.0,0.30000000000000004,0.30000000000000004,10.0,13,0,0,3,1,0,5
193060,3.0,15.0,3.0,3.0,2.0,3.0,0.30000000000000004,0.30000000000000004,10.0,14,0,0,2,0,0,2
193060,3.0,15.0,3.0,3.0,2.0,3.0,0.30000000000000004,0.30000000000000004,10.0,15,0,0,1,0,0,1