Exp Num,agent:svo_convergence_factor,agent:params:metabolism,agent:params:consumption_factor,agent:params:procreate_cost_factor,agent:params:procreate_req_factor,agent:params:start_energy_factor,agent:params:caught_chance,agent:params:caught_cooldown_factor,agent:params:maximum_age,Epoch,Resource,A,B,C,D,E
106790,2.0,10.0,3.0,9.0,3.0,3.0,0.2,0.4,10.0,0,3620.0,25,22,11,24,76
106790,2.0,10.0,3.0,9.0,3.0,3.0,0.2,0.4,10.0,1,3655.0,25,22,11,24,76
106790,2.0,10.0,3.0,9.0,3.0,3.0,0.2,0.4,10.0,2,2948.75,23,17,9,23,65
106790,2.0,10.0,3.0,9.0,3.0,3.0,0.2,0.4,10.0,3,2785.9375,22,17,9,23,64
106790,2.0,10.0,3.0,9.0,3.0,3.0,0.2,0.4,10.0,4,2642.421875,22,17,9,23,64
106790,2.0,10.0,3.0,9.0,3.0,3.0,0.2,0.4,10.0,5,2193.02734375,18,14,8,20,55
106790,2.0,10.0,3.0,9.0,3.0,3.0,0.2,0.4,10.0,6,2021.2841796875,18,13,8,20,54
106790,2.0,10.0,3.0,9.0,3.0,3.0,0.2,0.4,10.0,7,1926.605224609375,18,13,8,20,54
106790,2.0,10.0,3.0,9.0,3.0,3.0,0.2,0.4,10.0,8,1358.2565307617188,17,10,8,20,50
106790,2.0,10.0,3.0,9.0,3.0,3.0,0.2,0.4,10.0,9,1277.8206634521484,17,10,8,17,50
106790,2.0,10.0,3.0,9.0,3.0,3.0,0.2,0.4,10.0,10,1207.2758293151855,9,7,5,10,29
106790,2.0,10.0,3.0,9.0,3.0,3.0,0.2,0.4,10.0,11,1359.094786643982,6,6,4,3,20
106790,2.0,10.0,3.0,9.0,3.0,3.0,0.2,0.4,10.0,12,1578.8684833049774,2,4,2,3,10
106790,2.0,10.0,3.0,9.0,3.0,3.0,0.2,0.4,10.0,13,1793.5856041312218,1,1,1,2,5
106790,2.0,10.0,3.0,9.0,3.0,3.0,0.2,0.4,10.0,14,2181.982005164027,0,1,1,0,4
106790,2.0,10.0,3.0,9.0,3.0,3.0,0.2,0.4,10.0,15,2697.477506455034,0,0,0,0,2
106790,2.0,10.0,3.0,9.0,3.0,3.0,0.2,0.4,10.0,16,3341.8468830687925,0,0,0,0,1