Exp Num,agent:svo_convergence_factor,agent:params:metabolism,agent:params:consumption_factor,agent:params:procreate_cost_factor,agent:params:procreate_req_factor,agent:params:start_energy_factor,agent:params:caught_chance,agent:params:caught_cooldown_factor,agent:params:maximum_age,Epoch,Resource,A,B,C,D,E
106588,2.0,10.0,3.0,9.0,3.0,1.0,0.4,0.30000000000000004,40.0,0,2000.0,19,26,12,32,68
106588,2.0,10.0,3.0,9.0,3.0,1.0,0.4,0.30000000000000004,40.0,1,1510.0,19,26,12,32,68
106588,2.0,10.0,3.0,9.0,3.0,1.0,0.4,0.30000000000000004,40.0,2,1317.5,19,26,12,32,68
106588,2.0,10.0,3.0,9.0,3.0,1.0,0.4,0.30000000000000004,40.0,3,806.875,15,16,9,28,49
106588,2.0,10.0,3.0,9.0,3.0,1.0,0.4,0.30000000000000004,40.0,4,618.59375,13,14,8,24,43
106588,2.0,10.0,3.0,9.0,3.0,1.0,0.4,0.30000000000000004,40.0,5,443.2421875,13,14,8,24,43
106588,2.0,10.0,3.0,9.0,3.0,1.0,0.4,0.30000000000000004,40.0,6,134.052734375,8,11,7,20,34
106588,2.0,10.0,3.0,9.0,3.0,1.0,0.4,0.30000000000000004,40.0,7,0,6,10,5,16,28
106588,2.0,10.0,3.0,9.0,3.0,1.0,0.4,0.30000000000000004,40.0,8,0,6,8,5,15,25
106588,2.0,10.0,3.0,9.0,3.0,1.0,0.4,0.30000000000000004,40.0,9,0,4,7,3,13,17
106588,2.0,10.0,3.0,9.0,3.0,1.0,0.4,0.30000000000000004,40.0,10,0,4,4,2,8,11
106588,2.0,10.0,3.0,9.0,3.0,1.0,0.4,0.30000000000000004,40.0,11,0,3,4,2,6,10
106588,2.0,10.0,3.0,9.0,3.0,1.0,0.4,0.30000000000000004,40.0,12,0,3,4,2,3,10
106588,2.0,10.0,3.0,9.0,3.0,1.0,0.4,0.30000000000000004,40.0,13,0,3,3,1,2,7
106588,2.0,10.0,3.0,9.0,3.0,1.0,0.4,0.30000000000000004,40.0,14,0,2,2,1,2,5
106588,2.0,10.0,3.0,9.0,3.0,1.0,0.4,0.30000000000000004,40.0,15,0,2,2,1,0,5
106588,2.0,10.0,3.0,9.0,3.0,1.0,0.4,0.30000000000000004,40.0,16,0,2,1,1,0,4
106588,2.0,10.0,3.0,9.0,3.0,1.0,0.4,0.30000000000000004,40.0,17,0,1,1,1,0,3
106588,2.0,10.0,3.0,9.0,3.0,1.0,0.4,0.30000000000000004,40.0,18,100,1,0,0,0,1