Exp Num,agent:svo_convergence_factor,agent:params:metabolism,agent:params:consumption_factor,agent:params:procreate_cost_factor,agent:params:procreate_req_factor,agent:params:start_energy_factor,agent:params:caught_chance,agent:params:caught_cooldown_factor,agent:params:maximum_age,Epoch,Resource,A,B,C,D,E
186562,3.0,15.0,2.0,1.0,3.0,2.0,0.30000000000000004,0.30000000000000004,30.0,0,3890.0,30,28,16,30,88
186562,3.0,15.0,2.0,1.0,3.0,2.0,0.30000000000000004,0.30000000000000004,30.0,1,2852.5,29,29,16,28,88
186562,3.0,15.0,2.0,1.0,3.0,2.0,0.30000000000000004,0.30000000000000004,30.0,2,2185.625,29,33,15,28,91
186562,3.0,15.0,2.0,1.0,3.0,2.0,0.30000000000000004,0.30000000000000004,30.0,3,1172.03125,29,32,17,26,92
186562,3.0,15.0,2.0,1.0,3.0,2.0,0.30000000000000004,0.30000000000000004,30.0,4,55.0390625,24,25,19,28,82
186562,3.0,15.0,2.0,1.0,3.0,2.0,0.30000000000000004,0.30000000000000004,30.0,5,0,19,19,16,19,61
186562,3.0,15.0,2.0,1.0,3.0,2.0,0.30000000000000004,0.30000000000000004,30.0,6,0,8,8,11,12,33
186562,3.0,15.0,2.0,1.0,3.0,2.0,0.30000000000000004,0.30000000000000004,30.0,7,0,4,7,7,5,23
186562,3.0,15.0,2.0,1.0,3.0,2.0,0.30000000000000004,0.30000000000000004,30.0,8,0,4,3,2,3,11
186562,3.0,15.0,2.0,1.0,3.0,2.0,0.30000000000000004,0.30000000000000004,30.0,9,0,2,0,2,2,5
186562,3.0,15.0,2.0,1.0,3.0,2.0,0.30000000000000004,0.30000000000000004,30.0,10,0,0,0,1,2,2
186562,3.0,15.0,2.0,1.0,3.0,2.0,0.30000000000000004,0.30000000000000004,30.0,11,0,0,0,1,1,1
186562,3.0,15.0,2.0,1.0,3.0,2.0,0.30000000000000004,0.30000000000000004,30.0,12,0,0,0,1,0,1