Exp Num,agent:svo_convergence_factor,agent:params:metabolism,agent:params:consumption_factor,agent:params:procreate_cost_factor,agent:params:procreate_req_factor,agent:params:start_energy_factor,agent:params:caught_chance,agent:params:caught_cooldown_factor,agent:params:maximum_age,Epoch,Resource,A,B,C,D,E
13861,1.0,5.0,3.0,5.0,1.0,3.0,0.5,0.30000000000000004,20.0,0,3500.0,13,54,20,40,110
13861,1.0,5.0,3.0,5.0,1.0,3.0,0.5,0.30000000000000004,20.0,1,2665.0,13,62,30,47,128
13861,1.0,5.0,3.0,5.0,1.0,3.0,0.5,0.30000000000000004,20.0,2,2701.25,13,72,40,50,148
13861,1.0,5.0,3.0,5.0,1.0,3.0,0.5,0.30000000000000004,20.0,3,2326.5625,11,65,46,45,144
13861,1.0,5.0,3.0,5.0,1.0,3.0,0.5,0.30000000000000004,20.0,4,2143.203125,9,72,53,47,156
13861,1.0,5.0,3.0,5.0,1.0,3.0,0.5,0.30000000000000004,20.0,5,2079.00390625,9,71,53,47,153
13861,1.0,5.0,3.0,5.0,1.0,3.0,0.5,0.30000000000000004,20.0,6,1773.7548828125,6,69,55,39,148
13861,1.0,5.0,3.0,5.0,1.0,3.0,0.5,0.30000000000000004,20.0,7,1602.193603515625,4,66,50,38,137
13861,1.0,5.0,3.0,5.0,1.0,3.0,0.5,0.30000000000000004,20.0,8,1522.7420043945312,3,61,54,36,135
13861,1.0,5.0,3.0,5.0,1.0,3.0,0.5,0.30000000000000004,20.0,9,1213.427505493164,1,59,57,31,132
13861,1.0,5.0,3.0,5.0,1.0,3.0,0.5,0.30000000000000004,20.0,10,781.7843818664551,1,55,58,26,128
13861,1.0,5.0,3.0,5.0,1.0,3.0,0.5,0.30000000000000004,20.0,11,347.23047733306885,1,53,59,22,126
13861,1.0,5.0,3.0,5.0,1.0,3.0,0.5,0.30000000000000004,20.0,12,0,1,48,57,21,117
13861,1.0,5.0,3.0,5.0,1.0,3.0,0.5,0.30000000000000004,20.0,13,0,1,40,51,16,100
13861,1.0,5.0,3.0,5.0,1.0,3.0,0.5,0.30000000000000004,20.0,14,0,1,32,43,10,81
13861,1.0,5.0,3.0,5.0,1.0,3.0,0.5,0.30000000000000004,20.0,15,0,1,25,37,6,65
13861,1.0,5.0,3.0,5.0,1.0,3.0,0.5,0.30000000000000004,20.0,16,0,0,15,33,4,49
13861,1.0,5.0,3.0,5.0,1.0,3.0,0.5,0.30000000000000004,20.0,17,0,0,11,23,1,34
13861,1.0,5.0,3.0,5.0,1.0,3.0,0.5,0.30000000000000004,20.0,18,0,0,7,18,1,25
13861,1.0,5.0,3.0,5.0,1.0,3.0,0.5,0.30000000000000004,20.0,19,0,0,5,13,1,18
13861,1.0,5.0,3.0,5.0,1.0,3.0,0.5,0.30000000000000004,20.0,20,0,0,3,10,1,13
13861,1.0,5.0,3.0,5.0,1.0,3.0,0.5,0.30000000000000004,20.0,21,0,0,1,7,0,8
13861,1.0,5.0,3.0,5.0,1.0,3.0,0.5,0.30000000000000004,20.0,22,0,0,0,5,0,5
13861,1.0,5.0,3.0,5.0,1.0,3.0,0.5,0.30000000000000004,20.0,23,100,0,0,3,0,3
13861,1.0,5.0,3.0,5.0,1.0,3.0,0.5,0.30000000000000004,20.0,24,125.0,0,0,1,0,1