Exp Num,agent:svo_convergence_factor,agent:params:metabolism,agent:params:consumption_factor,agent:params:procreate_cost_factor,agent:params:procreate_req_factor,agent:params:start_energy_factor,agent:params:caught_chance,agent:params:caught_cooldown_factor,agent:params:maximum_age,Epoch,Resource,A,B,C,D,E
14627,1.0,5.0,3.0,7.0,1.0,1.0,0.1,0.1,30.0,0,3500.0,15,18,16,31,69
14627,1.0,5.0,3.0,7.0,1.0,1.0,0.1,0.1,30.0,1,2965.0,15,18,16,31,69
14627,1.0,5.0,3.0,7.0,1.0,1.0,0.1,0.1,30.0,2,2686.25,21,24,25,42,91
14627,1.0,5.0,3.0,7.0,1.0,1.0,0.1,0.1,30.0,3,2007.8125,21,29,32,45,104
14627,1.0,5.0,3.0,7.0,1.0,1.0,0.1,0.1,30.0,4,1534.765625,22,35,44,47,123
14627,1.0,5.0,3.0,7.0,1.0,1.0,0.1,0.1,30.0,5,478.45703125,21,42,50,51,135
14627,1.0,5.0,3.0,7.0,1.0,1.0,0.1,0.1,30.0,6,0,22,45,60,42,145
14627,1.0,5.0,3.0,7.0,1.0,1.0,0.1,0.1,30.0,7,0,18,42,59,41,135
14627,1.0,5.0,3.0,7.0,1.0,1.0,0.1,0.1,30.0,8,0,11,35,53,29,111
14627,1.0,5.0,3.0,7.0,1.0,1.0,0.1,0.1,30.0,9,0,11,28,48,17,95
14627,1.0,5.0,3.0,7.0,1.0,1.0,0.1,0.1,30.0,10,0,11,28,44,12,88
14627,1.0,5.0,3.0,7.0,1.0,1.0,0.1,0.1,30.0,11,0,8,21,42,9,76
14627,1.0,5.0,3.0,7.0,1.0,1.0,0.1,0.1,30.0,12,0,6,17,37,4,64
14627,1.0,5.0,3.0,7.0,1.0,1.0,0.1,0.1,30.0,13,0,3,13,29,4,47
14627,1.0,5.0,3.0,7.0,1.0,1.0,0.1,0.1,30.0,14,0,1,12,22,1,35
14627,1.0,5.0,3.0,7.0,1.0,1.0,0.1,0.1,30.0,15,0,0,11,16,1,27
14627,1.0,5.0,3.0,7.0,1.0,1.0,0.1,0.1,30.0,16,0,0,7,12,1,19
14627,1.0,5.0,3.0,7.0,1.0,1.0,0.1,0.1,30.0,17,0,0,7,10,1,17
14627,1.0,5.0,3.0,7.0,1.0,1.0,0.1,0.1,30.0,18,0,0,5,8,1,13
14627,1.0,5.0,3.0,7.0,1.0,1.0,0.1,0.1,30.0,19,0,0,4,7,0,11
14627,1.0,5.0,3.0,7.0,1.0,1.0,0.1,0.1,30.0,20,0,0,3,4,0,7
14627,1.0,5.0,3.0,7.0,1.0,1.0,0.1,0.1,30.0,21,0,0,2,2,0,4
14627,1.0,5.0,3.0,7.0,1.0,1.0,0.1,0.1,30.0,22,0,0,1,2,0,3
14627,1.0,5.0,3.0,7.0,1.0,1.0,0.1,0.1,30.0,23,0,0,0,2,0,2
14627,1.0,5.0,3.0,7.0,1.0,1.0,0.1,0.1,30.0,24,0,0,0,2,0,2
14627,1.0,5.0,3.0,7.0,1.0,1.0,0.1,0.1,30.0,25,0,0,0,2,0,2
14627,1.0,5.0,3.0,7.0,1.0,1.0,0.1,0.1,30.0,26,0,0,0,2,0,2
14627,1.0,5.0,3.0,7.0,1.0,1.0,0.1,0.1,30.0,27,0,0,0,1,0,1