Exp Num,agent:svo_convergence_factor,agent:params:metabolism,agent:params:consumption_factor,agent:params:procreate_cost_factor,agent:params:procreate_req_factor,agent:params:start_energy_factor,agent:params:caught_chance,agent:params:caught_cooldown_factor,agent:params:maximum_age,Epoch,Resource,A,B,C,D,E
164425,3.0,10.0,2.0,3.0,1.0,2.0,0.30000000000000004,0.1,10.0,0,3600.0,29,29,11,47,88
164425,3.0,10.0,2.0,3.0,1.0,2.0,0.30000000000000004,0.1,10.0,1,2460.0,30,31,14,50,97
164425,3.0,10.0,2.0,3.0,1.0,2.0,0.30000000000000004,0.1,10.0,2,1295.0,34,37,18,53,113
164425,3.0,10.0,2.0,3.0,1.0,2.0,0.30000000000000004,0.1,10.0,3,58.75,37,44,22,55,128
164425,3.0,10.0,2.0,3.0,1.0,2.0,0.30000000000000004,0.1,10.0,4,0,22,29,20,35,89
164425,3.0,10.0,2.0,3.0,1.0,2.0,0.30000000000000004,0.1,10.0,5,0,13,26,17,22,68
164425,3.0,10.0,2.0,3.0,1.0,2.0,0.30000000000000004,0.1,10.0,6,0,9,20,14,12,48
164425,3.0,10.0,2.0,3.0,1.0,2.0,0.30000000000000004,0.1,10.0,7,0,10,13,10,5,36
164425,3.0,10.0,2.0,3.0,1.0,2.0,0.30000000000000004,0.1,10.0,8,0,8,12,9,2,30
164425,3.0,10.0,2.0,3.0,1.0,2.0,0.30000000000000004,0.1,10.0,9,0,6,8,7,2,21
164425,3.0,10.0,2.0,3.0,1.0,2.0,0.30000000000000004,0.1,10.0,10,0,6,8,2,0,16
164425,3.0,10.0,2.0,3.0,1.0,2.0,0.30000000000000004,0.1,10.0,11,0,2,6,2,0,10
164425,3.0,10.0,2.0,3.0,1.0,2.0,0.30000000000000004,0.1,10.0,12,0,0,5,1,0,6
164425,3.0,10.0,2.0,3.0,1.0,2.0,0.30000000000000004,0.1,10.0,13,0,0,5,1,0,6
164425,3.0,10.0,2.0,3.0,1.0,2.0,0.30000000000000004,0.1,10.0,14,0,0,3,1,0,4
164425,3.0,10.0,2.0,3.0,1.0,2.0,0.30000000000000004,0.1,10.0,15,60.0,0,3,0,0,3
164425,3.0,10.0,2.0,3.0,1.0,2.0,0.30000000000000004,0.1,10.0,16,15.0,0,4,0,0,4
164425,3.0,10.0,2.0,3.0,1.0,2.0,0.30000000000000004,0.1,10.0,17,0,0,3,0,0,3
164425,3.0,10.0,2.0,3.0,1.0,2.0,0.30000000000000004,0.1,10.0,18,0,0,3,0,0,3
164425,3.0,10.0,2.0,3.0,1.0,2.0,0.30000000000000004,0.1,10.0,19,0,0,2,0,0,2
164425,3.0,10.0,2.0,3.0,1.0,2.0,0.30000000000000004,0.1,10.0,20,0,0,1,0,0,1