Exp Num,agent:svo_convergence_factor,agent:params:metabolism,agent:params:consumption_factor,agent:params:procreate_cost_factor,agent:params:procreate_req_factor,agent:params:start_energy_factor,agent:params:caught_chance,agent:params:caught_cooldown_factor,agent:params:maximum_age,Epoch,Resource,A,B,C,D,E
11561,1.0,5.0,3.0,1.0,1.0,3.0,0.30000000000000004,0.30000000000000004,20.0,0,3500.0,31,33,35,30,120
11561,1.0,5.0,3.0,1.0,1.0,3.0,0.30000000000000004,0.30000000000000004,20.0,1,3430.0,43,56,53,50,175
11561,1.0,5.0,3.0,1.0,1.0,3.0,0.30000000000000004,0.30000000000000004,20.0,2,2997.5,56,87,81,68,251
11561,1.0,5.0,3.0,1.0,1.0,3.0,0.30000000000000004,0.30000000000000004,20.0,3,1331.875,60,125,116,96,326
11561,1.0,5.0,3.0,1.0,1.0,3.0,0.30000000000000004,0.30000000000000004,20.0,4,0,66,155,159,104,401
11561,1.0,5.0,3.0,1.0,1.0,3.0,0.30000000000000004,0.30000000000000004,20.0,5,0,63,147,154,78,381
11561,1.0,5.0,3.0,1.0,1.0,3.0,0.30000000000000004,0.30000000000000004,20.0,6,0,47,135,130,45,322
11561,1.0,5.0,3.0,1.0,1.0,3.0,0.30000000000000004,0.30000000000000004,20.0,7,0,35,110,98,33,246
11561,1.0,5.0,3.0,1.0,1.0,3.0,0.30000000000000004,0.30000000000000004,20.0,8,0,30,82,81,17,195
11561,1.0,5.0,3.0,1.0,1.0,3.0,0.30000000000000004,0.30000000000000004,20.0,9,0,24,64,62,9,151
11561,1.0,5.0,3.0,1.0,1.0,3.0,0.30000000000000004,0.30000000000000004,20.0,10,0,16,51,42,5,109
11561,1.0,5.0,3.0,1.0,1.0,3.0,0.30000000000000004,0.30000000000000004,20.0,11,0,12,42,28,3,82
11561,1.0,5.0,3.0,1.0,1.0,3.0,0.30000000000000004,0.30000000000000004,20.0,12,0,7,29,17,2,53
11561,1.0,5.0,3.0,1.0,1.0,3.0,0.30000000000000004,0.30000000000000004,20.0,13,0,4,22,10,0,36
11561,1.0,5.0,3.0,1.0,1.0,3.0,0.30000000000000004,0.30000000000000004,20.0,14,0,1,20,7,0,28
11561,1.0,5.0,3.0,1.0,1.0,3.0,0.30000000000000004,0.30000000000000004,20.0,15,0,1,19,4,0,24
11561,1.0,5.0,3.0,1.0,1.0,3.0,0.30000000000000004,0.30000000000000004,20.0,16,0,1,16,3,0,20
11561,1.0,5.0,3.0,1.0,1.0,3.0,0.30000000000000004,0.30000000000000004,20.0,17,0,1,8,3,0,12
11561,1.0,5.0,3.0,1.0,1.0,3.0,0.30000000000000004,0.30000000000000004,20.0,18,0,0,7,1,0,8
11561,1.0,5.0,3.0,1.0,1.0,3.0,0.30000000000000004,0.30000000000000004,20.0,19,0,0,6,0,0,6
11561,1.0,5.0,3.0,1.0,1.0,3.0,0.30000000000000004,0.30000000000000004,20.0,20,0,0,3,0,0,3
11561,1.0,5.0,3.0,1.0,1.0,3.0,0.30000000000000004,0.30000000000000004,20.0,21,0,0,1,0,0,1