Exp Num,agent:svo_convergence_factor,agent:params:metabolism,agent:params:consumption_factor,agent:params:procreate_cost_factor,agent:params:procreate_req_factor,agent:params:start_energy_factor,agent:params:caught_chance,agent:params:caught_cooldown_factor,agent:params:maximum_age,Epoch,Resource,A,B,C,D,E
103938,2.0,10.0,3.0,5.0,2.0,1.0,0.30000000000000004,0.30000000000000004,40.0,0,2000.0,24,30,8,21,79
103938,2.0,10.0,3.0,5.0,2.0,1.0,0.30000000000000004,0.30000000000000004,40.0,1,1270.0,24,30,8,21,79
103938,2.0,10.0,3.0,5.0,2.0,1.0,0.30000000000000004,0.30000000000000004,40.0,2,747.5,24,30,8,21,79
103938,2.0,10.0,3.0,5.0,2.0,1.0,0.30000000000000004,0.30000000000000004,40.0,3,4.375,21,24,4,13,65
103938,2.0,10.0,3.0,5.0,2.0,1.0,0.30000000000000004,0.30000000000000004,40.0,4,0,20,22,3,12,56
103938,2.0,10.0,3.0,5.0,2.0,1.0,0.30000000000000004,0.30000000000000004,40.0,5,0,19,22,3,12,55
103938,2.0,10.0,3.0,5.0,2.0,1.0,0.30000000000000004,0.30000000000000004,40.0,6,0,14,18,2,7,40
103938,2.0,10.0,3.0,5.0,2.0,1.0,0.30000000000000004,0.30000000000000004,40.0,7,0,12,16,0,3,31
103938,2.0,10.0,3.0,5.0,2.0,1.0,0.30000000000000004,0.30000000000000004,40.0,8,0,10,14,0,1,24
103938,2.0,10.0,3.0,5.0,2.0,1.0,0.30000000000000004,0.30000000000000004,40.0,9,0,10,10,0,1,20
103938,2.0,10.0,3.0,5.0,2.0,1.0,0.30000000000000004,0.30000000000000004,40.0,10,0,7,9,0,0,16
103938,2.0,10.0,3.0,5.0,2.0,1.0,0.30000000000000004,0.30000000000000004,40.0,11,0,6,7,0,0,13
103938,2.0,10.0,3.0,5.0,2.0,1.0,0.30000000000000004,0.30000000000000004,40.0,12,0,3,6,0,0,9
103938,2.0,10.0,3.0,5.0,2.0,1.0,0.30000000000000004,0.30000000000000004,40.0,13,0,2,4,0,0,6
103938,2.0,10.0,3.0,5.0,2.0,1.0,0.30000000000000004,0.30000000000000004,40.0,14,0,0,4,0,0,4
103938,2.0,10.0,3.0,5.0,2.0,1.0,0.30000000000000004,0.30000000000000004,40.0,15,100,0,3,0,0,3
103938,2.0,10.0,3.0,5.0,2.0,1.0,0.30000000000000004,0.30000000000000004,40.0,16,125.0,0,2,0,0,2
103938,2.0,10.0,3.0,5.0,2.0,1.0,0.30000000000000004,0.30000000000000004,40.0,17,156.25,0,1,0,0,1