Exp Num,agent:svo_convergence_factor,agent:params:metabolism,agent:params:consumption_factor,agent:params:procreate_cost_factor,agent:params:procreate_req_factor,agent:params:start_energy_factor,agent:params:caught_chance,agent:params:caught_cooldown_factor,agent:params:maximum_age,Epoch,Resource,A,B,C,D,E
181111,3.0,15.0,1.0,1.0,3.0,3.0,0.5,0.30000000000000004,20.0,0,3500.0,17,25,24,65,85
181111,3.0,15.0,1.0,1.0,3.0,3.0,0.5,0.30000000000000004,20.0,1,3865.0,17,25,24,65,85
181111,3.0,15.0,1.0,1.0,3.0,3.0,0.5,0.30000000000000004,20.0,2,3676.25,13,16,19,57,67
181111,3.0,15.0,1.0,1.0,3.0,3.0,0.5,0.30000000000000004,20.0,3,3470.3125,8,11,15,54,50
181111,3.0,15.0,1.0,1.0,3.0,3.0,0.5,0.30000000000000004,20.0,4,2912.890625,8,9,14,53,47
181111,3.0,15.0,1.0,1.0,3.0,3.0,0.5,0.30000000000000004,20.0,5,2201.11328125,7,9,14,53,46
181111,3.0,15.0,1.0,1.0,3.0,3.0,0.5,0.30000000000000004,20.0,6,1311.3916015625,6,9,14,53,45
181111,3.0,15.0,1.0,1.0,3.0,3.0,0.5,0.30000000000000004,20.0,7,199.239501953125,5,9,14,53,44
181111,3.0,15.0,1.0,1.0,3.0,3.0,0.5,0.30000000000000004,20.0,8,0,3,6,7,34,22
181111,3.0,15.0,1.0,1.0,3.0,3.0,0.5,0.30000000000000004,20.0,9,0,1,3,2,18,10
181111,3.0,15.0,1.0,1.0,3.0,3.0,0.5,0.30000000000000004,20.0,10,0,1,1,1,9,5
181111,3.0,15.0,1.0,1.0,3.0,3.0,0.5,0.30000000000000004,20.0,11,0,1,0,0,6,1
181111,3.0,15.0,1.0,1.0,3.0,3.0,0.5,0.30000000000000004,20.0,12,0,0,0,0,3,0
181111,3.0,15.0,1.0,1.0,3.0,3.0,0.5,0.30000000000000004,20.0,13,0,0,0,0,1,0