Exp Num,agent:svo_convergence_factor,agent:params:metabolism,agent:params:consumption_factor,agent:params:procreate_cost_factor,agent:params:procreate_req_factor,agent:params:start_energy_factor,agent:params:caught_chance,agent:params:caught_cooldown_factor,agent:params:maximum_age,Epoch,Resource,A,B,C,D,E
197316,3.0,15.0,4.0,1.0,2.0,1.0,0.30000000000000004,0.4,20.0,0,0,26,24,13,34,98
197316,3.0,15.0,4.0,1.0,2.0,1.0,0.30000000000000004,0.4,20.0,1,0,31,33,16,41,124
197316,3.0,15.0,4.0,1.0,2.0,1.0,0.30000000000000004,0.4,20.0,2,0,15,23,8,19,75
197316,3.0,15.0,4.0,1.0,2.0,1.0,0.30000000000000004,0.4,20.0,3,0,6,13,4,13,40
197316,3.0,15.0,4.0,1.0,2.0,1.0,0.30000000000000004,0.4,20.0,4,0,4,7,3,7,25
197316,3.0,15.0,4.0,1.0,2.0,1.0,0.30000000000000004,0.4,20.0,5,0,3,3,1,5,12
197316,3.0,15.0,4.0,1.0,2.0,1.0,0.30000000000000004,0.4,20.0,6,0,1,1,1,3,6
197316,3.0,15.0,4.0,1.0,2.0,1.0,0.30000000000000004,0.4,20.0,7,0,1,0,1,1,4
197316,3.0,15.0,4.0,1.0,2.0,1.0,0.30000000000000004,0.4,20.0,8,0,0,0,0,0,2
197316,3.0,15.0,4.0,1.0,2.0,1.0,0.30000000000000004,0.4,20.0,9,0,0,0,0,0,1