Exp Num,agent:svo_convergence_factor,agent:params:metabolism,agent:params:consumption_factor,agent:params:procreate_cost_factor,agent:params:procreate_req_factor,agent:params:start_energy_factor,agent:params:caught_chance,agent:params:caught_cooldown_factor,agent:params:maximum_age,Epoch,Resource,A,B,C,D,E
176561,3.0,10.0,4.0,3.0,3.0,3.0,0.30000000000000004,0.30000000000000004,20.0,0,3360.0,21,28,10,32,68
176561,3.0,10.0,4.0,3.0,3.0,3.0,0.30000000000000004,0.30000000000000004,20.0,1,3080.0,24,32,11,33,76
176561,3.0,10.0,4.0,3.0,3.0,3.0,0.30000000000000004,0.30000000000000004,20.0,2,2170.0,22,25,11,29,65
176561,3.0,10.0,4.0,3.0,3.0,3.0,0.30000000000000004,0.30000000000000004,20.0,3,1392.5,24,27,13,29,70
176561,3.0,10.0,4.0,3.0,3.0,3.0,0.30000000000000004,0.30000000000000004,20.0,4,620.625,26,31,15,30,78
176561,3.0,10.0,4.0,3.0,3.0,3.0,0.30000000000000004,0.30000000000000004,20.0,5,0,28,34,15,31,83
176561,3.0,10.0,4.0,3.0,3.0,3.0,0.30000000000000004,0.30000000000000004,20.0,6,0,28,31,13,21,75
176561,3.0,10.0,4.0,3.0,3.0,3.0,0.30000000000000004,0.30000000000000004,20.0,7,0,25,30,12,16,68
176561,3.0,10.0,4.0,3.0,3.0,3.0,0.30000000000000004,0.30000000000000004,20.0,8,0,21,28,11,16,61
176561,3.0,10.0,4.0,3.0,3.0,3.0,0.30000000000000004,0.30000000000000004,20.0,9,0,18,25,9,15,53
176561,3.0,10.0,4.0,3.0,3.0,3.0,0.30000000000000004,0.30000000000000004,20.0,10,0,14,20,5,13,40
176561,3.0,10.0,4.0,3.0,3.0,3.0,0.30000000000000004,0.30000000000000004,20.0,11,0,10,11,4,9,25
176561,3.0,10.0,4.0,3.0,3.0,3.0,0.30000000000000004,0.30000000000000004,20.0,12,0,8,9,1,7,18
176561,3.0,10.0,4.0,3.0,3.0,3.0,0.30000000000000004,0.30000000000000004,20.0,13,0,6,7,0,3,13
176561,3.0,10.0,4.0,3.0,3.0,3.0,0.30000000000000004,0.30000000000000004,20.0,14,0,3,5,0,2,8
176561,3.0,10.0,4.0,3.0,3.0,3.0,0.30000000000000004,0.30000000000000004,20.0,15,0,2,2,0,2,4
176561,3.0,10.0,4.0,3.0,3.0,3.0,0.30000000000000004,0.30000000000000004,20.0,16,100,2,1,0,1,3
176561,3.0,10.0,4.0,3.0,3.0,3.0,0.30000000000000004,0.30000000000000004,20.0,17,125.0,0,1,0,1,1
176561,3.0,10.0,4.0,3.0,3.0,3.0,0.30000000000000004,0.30000000000000004,20.0,18,156.25,0,1,0,0,1