Exp Num,agent:svo_convergence_factor,agent:params:metabolism,agent:params:consumption_factor,agent:params:procreate_cost_factor,agent:params:procreate_req_factor,agent:params:start_energy_factor,agent:params:caught_chance,agent:params:caught_cooldown_factor,agent:params:maximum_age,Epoch,Resource,A,B,C,D,E
191195,3.0,15.0,2.0,9.0,3.0,3.0,0.30000000000000004,0.5,10.0,0,3980.0,13,26,11,34,66
191195,3.0,15.0,2.0,9.0,3.0,3.0,0.30000000000000004,0.5,10.0,1,4255.0,13,26,11,34,66
191195,3.0,15.0,2.0,9.0,3.0,3.0,0.30000000000000004,0.5,10.0,2,4088.75,11,17,9,31,52
191195,3.0,15.0,2.0,9.0,3.0,3.0,0.30000000000000004,0.5,10.0,3,4360.9375,10,17,9,28,51
191195,3.0,15.0,2.0,9.0,3.0,3.0,0.30000000000000004,0.5,10.0,4,4401.171875,6,14,8,27,43
191195,3.0,15.0,2.0,9.0,3.0,3.0,0.30000000000000004,0.5,10.0,5,5021.46484375,6,13,6,27,40
191195,3.0,15.0,2.0,9.0,3.0,3.0,0.30000000000000004,0.5,10.0,6,5136.8310546875,4,7,5,25,30
191195,3.0,15.0,2.0,9.0,3.0,3.0,0.30000000000000004,0.5,10.0,7,4951.038818359375,4,7,4,25,29
191195,3.0,15.0,2.0,9.0,3.0,3.0,0.30000000000000004,0.5,10.0,8,4748.798522949219,3,6,4,25,27
191195,3.0,15.0,2.0,9.0,3.0,3.0,0.30000000000000004,0.5,10.0,9,4435.998153686523,3,6,4,25,27
191195,3.0,15.0,2.0,9.0,3.0,3.0,0.30000000000000004,0.5,10.0,10,4464.997692108154,3,3,3,16,19
191195,3.0,15.0,2.0,9.0,3.0,3.0,0.30000000000000004,0.5,10.0,11,4921.247115135193,1,3,2,10,12
191195,3.0,15.0,2.0,9.0,3.0,3.0,0.30000000000000004,0.5,10.0,12,5791.558893918991,1,1,2,6,6
191195,3.0,15.0,2.0,9.0,3.0,3.0,0.30000000000000004,0.5,10.0,13,6999.448617398739,0,1,2,3,5
191195,3.0,15.0,2.0,9.0,3.0,3.0,0.30000000000000004,0.5,10.0,14,8629.310771748424,0,0,1,2,3
191195,3.0,15.0,2.0,9.0,3.0,3.0,0.30000000000000004,0.5,10.0,15,9910.0,0,0,0,1,1
191195,3.0,15.0,2.0,9.0,3.0,3.0,0.30000000000000004,0.5,10.0,16,9970.0,0,0,0,1,0