Exp Num,agent:svo_convergence_factor,agent:params:metabolism,agent:params:consumption_factor,agent:params:procreate_cost_factor,agent:params:procreate_req_factor,agent:params:start_energy_factor,agent:params:caught_chance,agent:params:caught_cooldown_factor,agent:params:maximum_age,Epoch,Resource,A,B,C,D,E
198760,3.0,15.0,4.0,3.0,3.0,1.0,0.1,0.30000000000000004,10.0,0,0,16,24,10,21,70
198760,3.0,15.0,4.0,3.0,3.0,1.0,0.1,0.30000000000000004,10.0,1,0,14,21,10,19,64
198760,3.0,15.0,4.0,3.0,3.0,1.0,0.1,0.30000000000000004,10.0,2,0,14,21,10,19,64
198760,3.0,15.0,4.0,3.0,3.0,1.0,0.1,0.30000000000000004,10.0,3,0,14,21,10,19,64
198760,3.0,15.0,4.0,3.0,3.0,1.0,0.1,0.30000000000000004,10.0,4,0,7,15,1,9,34
198760,3.0,15.0,4.0,3.0,3.0,1.0,0.1,0.30000000000000004,10.0,5,0,5,8,0,5,18
198760,3.0,15.0,4.0,3.0,3.0,1.0,0.1,0.30000000000000004,10.0,6,0,1,4,0,3,8
198760,3.0,15.0,4.0,3.0,3.0,1.0,0.1,0.30000000000000004,10.0,7,0,1,2,0,1,5
198760,3.0,15.0,4.0,3.0,3.0,1.0,0.1,0.30000000000000004,10.0,8,0,0,1,0,0,3
198760,3.0,15.0,4.0,3.0,3.0,1.0,0.1,0.30000000000000004,10.0,9,0,0,0,0,0,1