Exp Num,agent:svo_convergence_factor,agent:params:metabolism,agent:params:consumption_factor,agent:params:procreate_cost_factor,agent:params:procreate_req_factor,agent:params:start_energy_factor,agent:params:caught_chance,agent:params:caught_cooldown_factor,agent:params:maximum_age,Epoch,Resource,A,B,C,D,E
111498,2.0,10.0,4.0,9.0,1.0,1.0,0.5,0.5,40.0,0,1000.0,19,32,8,26,74
111498,2.0,10.0,4.0,9.0,1.0,1.0,0.5,0.5,40.0,1,370.0,19,32,8,26,74
111498,2.0,10.0,4.0,9.0,1.0,1.0,0.5,0.5,40.0,2,0,22,33,8,26,78
111498,2.0,10.0,4.0,9.0,1.0,1.0,0.5,0.5,40.0,3,0,19,31,8,25,73
111498,2.0,10.0,4.0,9.0,1.0,1.0,0.5,0.5,40.0,4,0,16,18,4,13,46
111498,2.0,10.0,4.0,9.0,1.0,1.0,0.5,0.5,40.0,5,0,14,11,2,5,30
111498,2.0,10.0,4.0,9.0,1.0,1.0,0.5,0.5,40.0,6,0,12,6,2,4,22
111498,2.0,10.0,4.0,9.0,1.0,1.0,0.5,0.5,40.0,7,0,11,6,2,3,21
111498,2.0,10.0,4.0,9.0,1.0,1.0,0.5,0.5,40.0,8,0,11,6,2,2,21
111498,2.0,10.0,4.0,9.0,1.0,1.0,0.5,0.5,40.0,9,0,9,4,2,1,16
111498,2.0,10.0,4.0,9.0,1.0,1.0,0.5,0.5,40.0,10,0,7,3,1,1,12
111498,2.0,10.0,4.0,9.0,1.0,1.0,0.5,0.5,40.0,11,0,5,3,0,0,9
111498,2.0,10.0,4.0,9.0,1.0,1.0,0.5,0.5,40.0,12,0,4,3,0,0,7
111498,2.0,10.0,4.0,9.0,1.0,1.0,0.5,0.5,40.0,13,100,3,2,0,0,5
111498,2.0,10.0,4.0,9.0,1.0,1.0,0.5,0.5,40.0,14,125.0,1,2,0,0,3
111498,2.0,10.0,4.0,9.0,1.0,1.0,0.5,0.5,40.0,15,156.25,0,2,0,0,2
111498,2.0,10.0,4.0,9.0,1.0,1.0,0.5,0.5,40.0,16,195.3125,0,2,0,0,2
111498,2.0,10.0,4.0,9.0,1.0,1.0,0.5,0.5,40.0,17,204.140625,0,2,0,0,2
111498,2.0,10.0,4.0,9.0,1.0,1.0,0.5,0.5,40.0,18,215.17578125,0,2,0,0,2
111498,2.0,10.0,4.0,9.0,1.0,1.0,0.5,0.5,40.0,19,228.9697265625,0,2,0,0,2
111498,2.0,10.0,4.0,9.0,1.0,1.0,0.5,0.5,40.0,20,246.212158203125,0,2,0,0,2
111498,2.0,10.0,4.0,9.0,1.0,1.0,0.5,0.5,40.0,21,267.76519775390625,0,2,0,0,2
111498,2.0,10.0,4.0,9.0,1.0,1.0,0.5,0.5,40.0,22,294.7064971923828,0,2,0,0,2
111498,2.0,10.0,4.0,9.0,1.0,1.0,0.5,0.5,40.0,23,328.3831214904785,0,2,0,0,2
111498,2.0,10.0,4.0,9.0,1.0,1.0,0.5,0.5,40.0,24,370.47890186309814,0,2,0,0,2
111498,2.0,10.0,4.0,9.0,1.0,1.0,0.5,0.5,40.0,25,423.0986273288727,0,1,0,0,1