Exp Num,agent:svo_convergence_factor,agent:params:metabolism,agent:params:consumption_factor,agent:params:procreate_cost_factor,agent:params:procreate_req_factor,agent:params:start_energy_factor,agent:params:caught_chance,agent:params:caught_cooldown_factor,agent:params:maximum_age,Epoch,Resource,A,B,C,D,E
115665,2.0,15.0,1.0,5.0,3.0,2.0,0.2,0.4,10.0,0,3500.0,16,26,10,30,70
115665,2.0,15.0,1.0,5.0,3.0,2.0,0.2,0.4,10.0,1,2950.0,16,26,10,30,70
115665,2.0,15.0,1.0,5.0,3.0,2.0,0.2,0.4,10.0,2,2562.5,16,26,10,30,70
115665,2.0,15.0,1.0,5.0,3.0,2.0,0.2,0.4,10.0,3,2243.125,16,24,10,30,68
115665,2.0,15.0,1.0,5.0,3.0,2.0,0.2,0.4,10.0,4,1648.90625,15,23,10,30,66
115665,2.0,15.0,1.0,5.0,3.0,2.0,0.2,0.4,10.0,5,846.1328125,13,23,10,29,64
115665,2.0,15.0,1.0,5.0,3.0,2.0,0.2,0.4,10.0,6,0,11,21,9,27,57
115665,2.0,15.0,1.0,5.0,3.0,2.0,0.2,0.4,10.0,7,0,6,13,2,11,34
115665,2.0,15.0,1.0,5.0,3.0,2.0,0.2,0.4,10.0,8,0,2,5,1,6,17
115665,2.0,15.0,1.0,5.0,3.0,2.0,0.2,0.4,10.0,9,0,1,2,0,4,7
115665,2.0,15.0,1.0,5.0,3.0,2.0,0.2,0.4,10.0,10,0,0,1,0,3,2
115665,2.0,15.0,1.0,5.0,3.0,2.0,0.2,0.4,10.0,11,0,0,0,0,1,1
115665,2.0,15.0,1.0,5.0,3.0,2.0,0.2,0.4,10.0,12,0,0,0,0,0,1