Exp Num,agent:svo_convergence_factor,agent:params:metabolism,agent:params:consumption_factor,agent:params:procreate_cost_factor,agent:params:procreate_req_factor,agent:params:start_energy_factor,agent:params:caught_chance,agent:params:caught_cooldown_factor,agent:params:maximum_age,Epoch,Resource,A,B,C,D,E
182970,3.0,15.0,1.0,5.0,2.0,3.0,0.4,0.5,10.0,0,3500.0,14,30,14,23,77
182970,3.0,15.0,1.0,5.0,2.0,3.0,0.4,0.5,10.0,1,2965.0,14,30,14,23,77
182970,3.0,15.0,1.0,5.0,2.0,3.0,0.4,0.5,10.0,2,2821.25,14,30,14,23,77
182970,3.0,15.0,1.0,5.0,2.0,3.0,0.4,0.5,10.0,3,2881.5625,14,30,13,22,76
182970,3.0,15.0,1.0,5.0,2.0,3.0,0.4,0.5,10.0,4,2806.953125,12,26,12,19,68
182970,3.0,15.0,1.0,5.0,2.0,3.0,0.4,0.5,10.0,5,2683.69140625,10,18,11,19,57
182970,3.0,15.0,1.0,5.0,2.0,3.0,0.4,0.5,10.0,6,2409.6142578125,9,17,11,16,55
182970,3.0,15.0,1.0,5.0,2.0,3.0,0.4,0.5,10.0,7,2037.017822265625,9,17,11,16,54
182970,3.0,15.0,1.0,5.0,2.0,3.0,0.4,0.5,10.0,8,1661.2722778320312,8,17,11,16,53
182970,3.0,15.0,1.0,5.0,2.0,3.0,0.4,0.5,10.0,9,1446.590347290039,7,17,11,16,52
182970,3.0,15.0,1.0,5.0,2.0,3.0,0.4,0.5,10.0,10,1388.2379341125488,5,12,6,8,32
182970,3.0,15.0,1.0,5.0,2.0,3.0,0.4,0.5,10.0,11,1465.297417640686,4,7,4,4,18
182970,3.0,15.0,1.0,5.0,2.0,3.0,0.4,0.5,10.0,12,1681.6217720508575,3,2,2,3,9
182970,3.0,15.0,1.0,5.0,2.0,3.0,0.4,0.5,10.0,13,2027.027215063572,1,1,2,2,5
182970,3.0,15.0,1.0,5.0,2.0,3.0,0.4,0.5,10.0,14,2473.784018829465,0,1,1,1,3
182970,3.0,15.0,1.0,5.0,2.0,3.0,0.4,0.5,10.0,15,3062.230023536831,0,1,1,0,2
182970,3.0,15.0,1.0,5.0,2.0,3.0,0.4,0.5,10.0,16,3797.787529421039,0,0,1,0,1