Exp Num,agent:svo_convergence_factor,agent:params:metabolism,agent:params:consumption_factor,agent:params:procreate_cost_factor,agent:params:procreate_req_factor,agent:params:start_energy_factor,agent:params:caught_chance,agent:params:caught_cooldown_factor,agent:params:maximum_age,Epoch,Resource,A,B,C,D,E
189283,3.0,15.0,2.0,7.0,1.0,3.0,0.2,0.2,40.0,0,3650.0,23,21,21,16,84
189283,3.0,15.0,2.0,7.0,1.0,3.0,0.2,0.2,40.0,1,3422.5,23,21,21,16,84
189283,3.0,15.0,2.0,7.0,1.0,3.0,0.2,0.2,40.0,2,2478.125,19,18,20,16,76
189283,3.0,15.0,2.0,7.0,1.0,3.0,0.2,0.2,40.0,3,2197.65625,19,20,20,16,78
189283,3.0,15.0,2.0,7.0,1.0,3.0,0.2,0.2,40.0,4,1097.0703125,17,19,18,15,73
189283,3.0,15.0,2.0,7.0,1.0,3.0,0.2,0.2,40.0,5,411.337890625,21,19,18,15,77
189283,3.0,15.0,2.0,7.0,1.0,3.0,0.2,0.2,40.0,6,0,21,19,11,10,65
189283,3.0,15.0,2.0,7.0,1.0,3.0,0.2,0.2,40.0,7,0,20,15,8,9,53
189283,3.0,15.0,2.0,7.0,1.0,3.0,0.2,0.2,40.0,8,0,18,13,3,6,36
189283,3.0,15.0,2.0,7.0,1.0,3.0,0.2,0.2,40.0,9,0,16,9,3,2,29
189283,3.0,15.0,2.0,7.0,1.0,3.0,0.2,0.2,40.0,10,0,14,6,2,2,23
189283,3.0,15.0,2.0,7.0,1.0,3.0,0.2,0.2,40.0,11,0,13,5,1,1,19
189283,3.0,15.0,2.0,7.0,1.0,3.0,0.2,0.2,40.0,12,0,11,4,0,0,15
189283,3.0,15.0,2.0,7.0,1.0,3.0,0.2,0.2,40.0,13,0,11,3,0,0,14
189283,3.0,15.0,2.0,7.0,1.0,3.0,0.2,0.2,40.0,14,0,8,1,0,0,9
189283,3.0,15.0,2.0,7.0,1.0,3.0,0.2,0.2,40.0,15,0,5,1,0,0,6
189283,3.0,15.0,2.0,7.0,1.0,3.0,0.2,0.2,40.0,16,0,3,0,0,0,3
189283,3.0,15.0,2.0,7.0,1.0,3.0,0.2,0.2,40.0,17,100,2,0,0,0,2
189283,3.0,15.0,2.0,7.0,1.0,3.0,0.2,0.2,40.0,18,125.0,1,0,0,0,1