Exp Num,agent:svo_convergence_factor,agent:params:metabolism,agent:params:consumption_factor,agent:params:procreate_cost_factor,agent:params:procreate_req_factor,agent:params:start_energy_factor,agent:params:caught_chance,agent:params:caught_cooldown_factor,agent:params:maximum_age,Epoch,Resource,A,B,C,D,E
174613,3.0,10.0,4.0,1.0,1.0,2.0,0.5,0.30000000000000004,40.0,0,4080.0,18,41,29,41,109
174613,3.0,10.0,4.0,1.0,1.0,2.0,0.5,0.30000000000000004,40.0,1,2620.0,20,46,31,57,126
174613,3.0,10.0,4.0,1.0,1.0,2.0,0.5,0.30000000000000004,40.0,2,1355.0,24,59,44,81,165
174613,3.0,10.0,4.0,1.0,1.0,2.0,0.5,0.30000000000000004,40.0,3,0,25,60,53,97,174
174613,3.0,10.0,4.0,1.0,1.0,2.0,0.5,0.30000000000000004,40.0,4,0,22,52,46,97,147
174613,3.0,10.0,4.0,1.0,1.0,2.0,0.5,0.30000000000000004,40.0,5,0,15,42,44,74,124
174613,3.0,10.0,4.0,1.0,1.0,2.0,0.5,0.30000000000000004,40.0,6,0,15,41,40,53,114
174613,3.0,10.0,4.0,1.0,1.0,2.0,0.5,0.30000000000000004,40.0,7,0,12,29,35,29,90
174613,3.0,10.0,4.0,1.0,1.0,2.0,0.5,0.30000000000000004,40.0,8,0,7,16,29,23,63
174613,3.0,10.0,4.0,1.0,1.0,2.0,0.5,0.30000000000000004,40.0,9,0,4,15,18,17,46
174613,3.0,10.0,4.0,1.0,1.0,2.0,0.5,0.30000000000000004,40.0,10,0,3,12,13,13,33
174613,3.0,10.0,4.0,1.0,1.0,2.0,0.5,0.30000000000000004,40.0,11,0,1,8,14,7,26
174613,3.0,10.0,4.0,1.0,1.0,2.0,0.5,0.30000000000000004,40.0,12,0,0,4,11,7,16
174613,3.0,10.0,4.0,1.0,1.0,2.0,0.5,0.30000000000000004,40.0,13,0,0,3,5,5,9
174613,3.0,10.0,4.0,1.0,1.0,2.0,0.5,0.30000000000000004,40.0,14,0,0,2,5,3,8
174613,3.0,10.0,4.0,1.0,1.0,2.0,0.5,0.30000000000000004,40.0,15,0,0,2,3,3,5
174613,3.0,10.0,4.0,1.0,1.0,2.0,0.5,0.30000000000000004,40.0,16,0,0,2,1,1,3
174613,3.0,10.0,4.0,1.0,1.0,2.0,0.5,0.30000000000000004,40.0,17,0,0,1,0,1,1
174613,3.0,10.0,4.0,1.0,1.0,2.0,0.5,0.30000000000000004,40.0,18,0,0,1,1,1,2
174613,3.0,10.0,4.0,1.0,1.0,2.0,0.5,0.30000000000000004,40.0,19,0,0,0,1,1,1
174613,3.0,10.0,4.0,1.0,1.0,2.0,0.5,0.30000000000000004,40.0,20,0,0,0,0,1,0