Exp Num,agent:svo_convergence_factor,agent:params:metabolism,agent:params:consumption_factor,agent:params:procreate_cost_factor,agent:params:procreate_req_factor,agent:params:start_energy_factor,agent:params:caught_chance,agent:params:caught_cooldown_factor,agent:params:maximum_age,Epoch,Resource,A,B,C,D,E
116955,2.0,15.0,1.0,7.0,3.0,3.0,0.4,0.2,10.0,0,3500.0,14,28,13,27,73
116955,2.0,15.0,1.0,7.0,3.0,3.0,0.4,0.2,10.0,1,2965.0,14,28,13,27,73
116955,2.0,15.0,1.0,7.0,3.0,3.0,0.4,0.2,10.0,2,2806.25,14,28,13,27,73
116955,2.0,15.0,1.0,7.0,3.0,3.0,0.4,0.2,10.0,3,2847.8125,14,27,11,27,70
116955,2.0,15.0,1.0,7.0,3.0,3.0,0.4,0.2,10.0,4,2689.765625,12,23,9,24,62
116955,2.0,15.0,1.0,7.0,3.0,3.0,0.4,0.2,10.0,5,2432.20703125,8,19,9,23,54
116955,2.0,15.0,1.0,7.0,3.0,3.0,0.4,0.2,10.0,6,2110.2587890625,8,18,9,23,53
116955,2.0,15.0,1.0,7.0,3.0,3.0,0.4,0.2,10.0,7,1827.823486328125,8,18,9,23,53
116955,2.0,15.0,1.0,7.0,3.0,3.0,0.4,0.2,10.0,8,1534.7793579101562,8,15,9,22,50
116955,2.0,15.0,1.0,7.0,3.0,3.0,0.4,0.2,10.0,9,1153.4741973876953,6,14,8,22,46
116955,2.0,15.0,1.0,7.0,3.0,3.0,0.4,0.2,10.0,10,901.8427467346191,3,9,6,15,26
116955,2.0,15.0,1.0,7.0,3.0,3.0,0.4,0.2,10.0,11,902.3034334182739,3,6,3,4,17
116955,2.0,15.0,1.0,7.0,3.0,3.0,0.4,0.2,10.0,12,962.8792917728424,1,4,2,2,11
116955,2.0,15.0,1.0,7.0,3.0,3.0,0.4,0.2,10.0,13,1098.599114716053,1,1,1,1,6
116955,2.0,15.0,1.0,7.0,3.0,3.0,0.4,0.2,10.0,14,1313.2488933950663,1,0,1,0,3
116955,2.0,15.0,1.0,7.0,3.0,3.0,0.4,0.2,10.0,15,1611.5611167438328,0,0,0,0,1