Exp Num,agent:svo_convergence_factor,agent:params:metabolism,agent:params:consumption_factor,agent:params:procreate_cost_factor,agent:params:procreate_req_factor,agent:params:start_energy_factor,agent:params:caught_chance,agent:params:caught_cooldown_factor,agent:params:maximum_age,Epoch,Resource,A,B,C,D,E
104815,2.0,10.0,3.0,7.0,1.0,2.0,0.30000000000000004,0.4,10.0,0,3860.0,11,29,12,26,74
104815,2.0,10.0,3.0,7.0,1.0,2.0,0.30000000000000004,0.4,10.0,1,2845.0,9,26,9,26,65
104815,2.0,10.0,3.0,7.0,1.0,2.0,0.30000000000000004,0.4,10.0,2,2776.25,10,28,8,27,67
104815,2.0,10.0,3.0,7.0,1.0,2.0,0.30000000000000004,0.4,10.0,3,2570.3125,10,33,9,27,73
104815,2.0,10.0,3.0,7.0,1.0,2.0,0.30000000000000004,0.4,10.0,4,1862.890625,7,33,9,22,70
104815,2.0,10.0,3.0,7.0,1.0,2.0,0.30000000000000004,0.4,10.0,5,1608.61328125,9,35,9,21,74
104815,2.0,10.0,3.0,7.0,1.0,2.0,0.30000000000000004,0.4,10.0,6,1110.7666015625,9,38,8,21,76
104815,2.0,10.0,3.0,7.0,1.0,2.0,0.30000000000000004,0.4,10.0,7,458.458251953125,8,41,7,16,76
104815,2.0,10.0,3.0,7.0,1.0,2.0,0.30000000000000004,0.4,10.0,8,0,5,41,8,12,73
104815,2.0,10.0,3.0,7.0,1.0,2.0,0.30000000000000004,0.4,10.0,9,0,4,38,7,9,68
104815,2.0,10.0,3.0,7.0,1.0,2.0,0.30000000000000004,0.4,10.0,10,0,2,30,5,7,47
104815,2.0,10.0,3.0,7.0,1.0,2.0,0.30000000000000004,0.4,10.0,11,0,2,28,5,1,38
104815,2.0,10.0,3.0,7.0,1.0,2.0,0.30000000000000004,0.4,10.0,12,0,2,24,3,1,31
104815,2.0,10.0,3.0,7.0,1.0,2.0,0.30000000000000004,0.4,10.0,13,0,2,19,2,0,24
104815,2.0,10.0,3.0,7.0,1.0,2.0,0.30000000000000004,0.4,10.0,14,0,2,13,2,0,17
104815,2.0,10.0,3.0,7.0,1.0,2.0,0.30000000000000004,0.4,10.0,15,0,0,13,1,0,14
104815,2.0,10.0,3.0,7.0,1.0,2.0,0.30000000000000004,0.4,10.0,16,0,0,11,0,0,11
104815,2.0,10.0,3.0,7.0,1.0,2.0,0.30000000000000004,0.4,10.0,17,0,0,8,0,0,8
104815,2.0,10.0,3.0,7.0,1.0,2.0,0.30000000000000004,0.4,10.0,18,0,0,7,0,0,7
104815,2.0,10.0,3.0,7.0,1.0,2.0,0.30000000000000004,0.4,10.0,19,10.0,0,6,0,0,6
104815,2.0,10.0,3.0,7.0,1.0,2.0,0.30000000000000004,0.4,10.0,20,0,0,5,0,0,5
104815,2.0,10.0,3.0,7.0,1.0,2.0,0.30000000000000004,0.4,10.0,21,0,0,3,0,0,3
104815,2.0,10.0,3.0,7.0,1.0,2.0,0.30000000000000004,0.4,10.0,22,0,0,3,0,0,3
104815,2.0,10.0,3.0,7.0,1.0,2.0,0.30000000000000004,0.4,10.0,23,0,0,1,0,0,1