Exp Num,agent:svo_convergence_factor,agent:params:metabolism,agent:params:consumption_factor,agent:params:procreate_cost_factor,agent:params:procreate_req_factor,agent:params:start_energy_factor,agent:params:caught_chance,agent:params:caught_cooldown_factor,agent:params:maximum_age,Epoch,Resource,A,B,C,D,E
112801,2.0,15.0,1.0,1.0,1.0,3.0,0.30000000000000004,0.1,20.0,0,3500.0,22,40,24,33,117
112801,2.0,15.0,1.0,1.0,1.0,3.0,0.30000000000000004,0.1,20.0,1,3610.0,29,56,49,54,171
112801,2.0,15.0,1.0,1.0,1.0,3.0,0.30000000000000004,0.1,20.0,2,2877.5,23,59,58,41,160
112801,2.0,15.0,1.0,1.0,1.0,3.0,0.30000000000000004,0.1,20.0,3,2006.875,16,56,56,35,140
112801,2.0,15.0,1.0,1.0,1.0,3.0,0.30000000000000004,0.1,20.0,4,1098.59375,10,53,60,22,128
112801,2.0,15.0,1.0,1.0,1.0,3.0,0.30000000000000004,0.1,20.0,5,308.2421875,5,46,56,16,107
112801,2.0,15.0,1.0,1.0,1.0,3.0,0.30000000000000004,0.1,20.0,6,0,4,40,37,11,81
112801,2.0,15.0,1.0,1.0,1.0,3.0,0.30000000000000004,0.1,20.0,7,0,3,23,30,8,56
112801,2.0,15.0,1.0,1.0,1.0,3.0,0.30000000000000004,0.1,20.0,8,0,1,16,25,4,42
112801,2.0,15.0,1.0,1.0,1.0,3.0,0.30000000000000004,0.1,20.0,9,0,1,12,15,1,28
112801,2.0,15.0,1.0,1.0,1.0,3.0,0.30000000000000004,0.1,20.0,10,0,0,6,14,0,20
112801,2.0,15.0,1.0,1.0,1.0,3.0,0.30000000000000004,0.1,20.0,11,0,0,4,10,0,14
112801,2.0,15.0,1.0,1.0,1.0,3.0,0.30000000000000004,0.1,20.0,12,0,0,2,7,0,9
112801,2.0,15.0,1.0,1.0,1.0,3.0,0.30000000000000004,0.1,20.0,13,0,0,1,6,0,7
112801,2.0,15.0,1.0,1.0,1.0,3.0,0.30000000000000004,0.1,20.0,14,0,0,1,2,0,3
112801,2.0,15.0,1.0,1.0,1.0,3.0,0.30000000000000004,0.1,20.0,15,0,0,1,1,0,2
112801,2.0,15.0,1.0,1.0,1.0,3.0,0.30000000000000004,0.1,20.0,16,0,0,0,1,0,1