Exp Num,agent:svo_convergence_factor,agent:params:metabolism,agent:params:consumption_factor,agent:params:procreate_cost_factor,agent:params:procreate_req_factor,agent:params:start_energy_factor,agent:params:caught_chance,agent:params:caught_cooldown_factor,agent:params:maximum_age,Epoch,Resource,A,B,C,D,E
113400,2.0,15.0,1.0,1.0,3.0,2.0,0.2,0.1,10.0,0,3500.0,13,31,12,26,74
113400,2.0,15.0,1.0,1.0,3.0,2.0,0.2,0.1,10.0,1,2950.0,13,31,12,26,74
113400,2.0,15.0,1.0,1.0,3.0,2.0,0.2,0.1,10.0,2,2622.5,13,29,12,26,72
113400,2.0,15.0,1.0,1.0,3.0,2.0,0.2,0.1,10.0,3,2438.125,11,29,11,25,69
113400,2.0,15.0,1.0,1.0,3.0,2.0,0.2,0.1,10.0,4,2042.65625,10,27,8,25,63
113400,2.0,15.0,1.0,1.0,3.0,2.0,0.2,0.1,10.0,5,1593.3203125,7,24,8,23,56
113400,2.0,15.0,1.0,1.0,3.0,2.0,0.2,0.1,10.0,6,926.650390625,7,23,8,23,55
113400,2.0,15.0,1.0,1.0,3.0,2.0,0.2,0.1,10.0,7,168.31298828125,6,23,7,22,52
113400,2.0,15.0,1.0,1.0,3.0,2.0,0.2,0.1,10.0,8,0,4,15,5,11,34
113400,2.0,15.0,1.0,1.0,3.0,2.0,0.2,0.1,10.0,9,0,2,5,4,8,15
113400,2.0,15.0,1.0,1.0,3.0,2.0,0.2,0.1,10.0,10,0,1,2,3,5,6
113400,2.0,15.0,1.0,1.0,3.0,2.0,0.2,0.1,10.0,11,0,1,1,1,2,3
113400,2.0,15.0,1.0,1.0,3.0,2.0,0.2,0.1,10.0,12,0,1,1,0,1,2
113400,2.0,15.0,1.0,1.0,3.0,2.0,0.2,0.1,10.0,13,0,1,0,0,0,1