Exp Num,agent:svo_convergence_factor,agent:params:metabolism,agent:params:consumption_factor,agent:params:procreate_cost_factor,agent:params:procreate_req_factor,agent:params:start_energy_factor,agent:params:caught_chance,agent:params:caught_cooldown_factor,agent:params:maximum_age,Epoch,Resource,A,B,C,D,E
152536,3.0,5.0,4.0,1.0,2.0,3.0,0.2,0.30000000000000004,20.0,0,3580.0,21,40,18,47,103
152536,3.0,5.0,4.0,1.0,2.0,3.0,0.2,0.30000000000000004,20.0,1,3035.0,21,61,22,64,133
152536,3.0,5.0,4.0,1.0,2.0,3.0,0.2,0.30000000000000004,20.0,2,1993.75,24,88,36,82,188
152536,3.0,5.0,4.0,1.0,2.0,3.0,0.2,0.30000000000000004,20.0,3,12.1875,34,117,59,95,252
152536,3.0,5.0,4.0,1.0,2.0,3.0,0.2,0.30000000000000004,20.0,4,0,34,141,68,79,275
152536,3.0,5.0,4.0,1.0,2.0,3.0,0.2,0.30000000000000004,20.0,5,0,29,117,54,46,216
152536,3.0,5.0,4.0,1.0,2.0,3.0,0.2,0.30000000000000004,20.0,6,0,25,94,32,24,159
152536,3.0,5.0,4.0,1.0,2.0,3.0,0.2,0.30000000000000004,20.0,7,0,24,57,18,13,105
152536,3.0,5.0,4.0,1.0,2.0,3.0,0.2,0.30000000000000004,20.0,8,0,24,42,8,6,77
152536,3.0,5.0,4.0,1.0,2.0,3.0,0.2,0.30000000000000004,20.0,9,0,17,36,4,5,61
152536,3.0,5.0,4.0,1.0,2.0,3.0,0.2,0.30000000000000004,20.0,10,0,11,26,2,3,41
152536,3.0,5.0,4.0,1.0,2.0,3.0,0.2,0.30000000000000004,20.0,11,0,6,13,1,2,22
152536,3.0,5.0,4.0,1.0,2.0,3.0,0.2,0.30000000000000004,20.0,12,0,4,7,0,1,12
152536,3.0,5.0,4.0,1.0,2.0,3.0,0.2,0.30000000000000004,20.0,13,0,3,2,0,1,6
152536,3.0,5.0,4.0,1.0,2.0,3.0,0.2,0.30000000000000004,20.0,14,0,1,1,0,1,3
152536,3.0,5.0,4.0,1.0,2.0,3.0,0.2,0.30000000000000004,20.0,15,60.0,1,0,0,2,2
152536,3.0,5.0,4.0,1.0,2.0,3.0,0.2,0.30000000000000004,20.0,16,55.0,1,0,0,3,2
152536,3.0,5.0,4.0,1.0,2.0,3.0,0.2,0.30000000000000004,20.0,17,28.75,1,0,0,3,3
152536,3.0,5.0,4.0,1.0,2.0,3.0,0.2,0.30000000000000004,20.0,18,0,1,0,0,3,3
152536,3.0,5.0,4.0,1.0,2.0,3.0,0.2,0.30000000000000004,20.0,19,0,0,0,0,3,0
152536,3.0,5.0,4.0,1.0,2.0,3.0,0.2,0.30000000000000004,20.0,20,0,0,0,0,4,0
152536,3.0,5.0,4.0,1.0,2.0,3.0,0.2,0.30000000000000004,20.0,21,0,0,0,0,2,0
152536,3.0,5.0,4.0,1.0,2.0,3.0,0.2,0.30000000000000004,20.0,22,0,0,0,0,1,0