Exp Num,agent:svo_convergence_factor,agent:params:metabolism,agent:params:consumption_factor,agent:params:procreate_cost_factor,agent:params:procreate_req_factor,agent:params:start_energy_factor,agent:params:caught_chance,agent:params:caught_cooldown_factor,agent:params:maximum_age,Epoch,Resource,A,B,C,D,E
119611,2.0,15.0,2.0,3.0,1.0,3.0,0.5,0.30000000000000004,20.0,0,4430.0,18,23,16,30,79
119611,2.0,15.0,2.0,3.0,1.0,3.0,0.5,0.30000000000000004,20.0,1,4667.5,20,23,22,30,87
119611,2.0,15.0,2.0,3.0,1.0,3.0,0.5,0.30000000000000004,20.0,2,4244.375,14,20,24,25,78
119611,2.0,15.0,2.0,3.0,1.0,3.0,0.5,0.30000000000000004,20.0,3,4075.46875,9,21,28,25,77
119611,2.0,15.0,2.0,3.0,1.0,3.0,0.5,0.30000000000000004,20.0,4,3354.3359375,8,26,27,24,79
119611,2.0,15.0,2.0,3.0,1.0,3.0,0.5,0.30000000000000004,20.0,5,2812.919921875,8,32,27,24,84
119611,2.0,15.0,2.0,3.0,1.0,3.0,0.5,0.30000000000000004,20.0,6,1836.14990234375,8,34,30,24,88
119611,2.0,15.0,2.0,3.0,1.0,3.0,0.5,0.30000000000000004,20.0,7,645.1873779296875,7,33,34,24,90
119611,2.0,15.0,2.0,3.0,1.0,3.0,0.5,0.30000000000000004,20.0,8,0,4,31,33,20,82
119611,2.0,15.0,2.0,3.0,1.0,3.0,0.5,0.30000000000000004,20.0,9,0,2,22,26,14,58
119611,2.0,15.0,2.0,3.0,1.0,3.0,0.5,0.30000000000000004,20.0,10,0,1,18,18,8,41
119611,2.0,15.0,2.0,3.0,1.0,3.0,0.5,0.30000000000000004,20.0,11,0,0,10,17,3,28
119611,2.0,15.0,2.0,3.0,1.0,3.0,0.5,0.30000000000000004,20.0,12,0,0,7,12,2,19
119611,2.0,15.0,2.0,3.0,1.0,3.0,0.5,0.30000000000000004,20.0,13,0,0,6,7,1,13
119611,2.0,15.0,2.0,3.0,1.0,3.0,0.5,0.30000000000000004,20.0,14,0,0,5,5,0,10
119611,2.0,15.0,2.0,3.0,1.0,3.0,0.5,0.30000000000000004,20.0,15,0,0,5,3,0,8
119611,2.0,15.0,2.0,3.0,1.0,3.0,0.5,0.30000000000000004,20.0,16,0,0,5,1,0,6
119611,2.0,15.0,2.0,3.0,1.0,3.0,0.5,0.30000000000000004,20.0,17,0,0,3,0,0,3
119611,2.0,15.0,2.0,3.0,1.0,3.0,0.5,0.30000000000000004,20.0,18,0,0,2,0,0,2
119611,2.0,15.0,2.0,3.0,1.0,3.0,0.5,0.30000000000000004,20.0,19,100,0,2,0,0,2
119611,2.0,15.0,2.0,3.0,1.0,3.0,0.5,0.30000000000000004,20.0,20,95.0,0,2,0,0,2
119611,2.0,15.0,2.0,3.0,1.0,3.0,0.5,0.30000000000000004,20.0,21,118.75,0,2,0,0,2
119611,2.0,15.0,2.0,3.0,1.0,3.0,0.5,0.30000000000000004,20.0,22,148.4375,0,1,0,0,1