Exp Num,agent:svo_convergence_factor,agent:params:metabolism,agent:params:consumption_factor,agent:params:procreate_cost_factor,agent:params:procreate_req_factor,agent:params:start_energy_factor,agent:params:caught_chance,agent:params:caught_cooldown_factor,agent:params:maximum_age,Epoch,Resource,A,B,C,D,E
171633,3.0,10.0,3.0,5.0,2.0,3.0,0.1,0.2,40.0,0,3980.0,10,31,10,26,74
171633,3.0,10.0,3.0,5.0,2.0,3.0,0.1,0.2,40.0,1,3745.0,10,31,10,26,74
171633,3.0,10.0,3.0,5.0,2.0,3.0,0.1,0.2,40.0,2,2851.25,9,25,9,25,66
171633,3.0,10.0,3.0,5.0,2.0,3.0,0.1,0.2,40.0,3,2454.0625,11,27,9,25,70
171633,3.0,10.0,3.0,5.0,2.0,3.0,0.1,0.2,40.0,4,1837.578125,16,28,10,25,77
171633,3.0,10.0,3.0,5.0,2.0,3.0,0.1,0.2,40.0,5,646.97265625,19,27,9,23,78
171633,3.0,10.0,3.0,5.0,2.0,3.0,0.1,0.2,40.0,6,0,22,27,8,24,78
171633,3.0,10.0,3.0,5.0,2.0,3.0,0.1,0.2,40.0,7,0,22,27,8,23,78
171633,3.0,10.0,3.0,5.0,2.0,3.0,0.1,0.2,40.0,8,0,22,25,7,13,63
171633,3.0,10.0,3.0,5.0,2.0,3.0,0.1,0.2,40.0,9,0,22,23,7,11,56
171633,3.0,10.0,3.0,5.0,2.0,3.0,0.1,0.2,40.0,10,0,20,22,7,11,51
171633,3.0,10.0,3.0,5.0,2.0,3.0,0.1,0.2,40.0,11,0,17,21,5,6,43
171633,3.0,10.0,3.0,5.0,2.0,3.0,0.1,0.2,40.0,12,0,15,18,5,4,38
171633,3.0,10.0,3.0,5.0,2.0,3.0,0.1,0.2,40.0,13,0,13,13,3,4,29
171633,3.0,10.0,3.0,5.0,2.0,3.0,0.1,0.2,40.0,14,0,12,8,2,3,22
171633,3.0,10.0,3.0,5.0,2.0,3.0,0.1,0.2,40.0,15,0,10,6,2,3,18
171633,3.0,10.0,3.0,5.0,2.0,3.0,0.1,0.2,40.0,16,0,8,4,2,0,14
171633,3.0,10.0,3.0,5.0,2.0,3.0,0.1,0.2,40.0,17,0,6,2,2,0,10
171633,3.0,10.0,3.0,5.0,2.0,3.0,0.1,0.2,40.0,18,0,4,1,2,0,7
171633,3.0,10.0,3.0,5.0,2.0,3.0,0.1,0.2,40.0,19,0,3,1,1,0,5
171633,3.0,10.0,3.0,5.0,2.0,3.0,0.1,0.2,40.0,20,0,2,0,0,0,2
171633,3.0,10.0,3.0,5.0,2.0,3.0,0.1,0.2,40.0,21,0,2,0,0,0,2
171633,3.0,10.0,3.0,5.0,2.0,3.0,0.1,0.2,40.0,22,0,1,0,0,0,1