Exp Num,agent:svo_convergence_factor,agent:params:metabolism,agent:params:consumption_factor,agent:params:procreate_cost_factor,agent:params:procreate_req_factor,agent:params:start_energy_factor,agent:params:caught_chance,agent:params:caught_cooldown_factor,agent:params:maximum_age,Epoch,Resource,A,B,C,D,E
185058,3.0,15.0,1.0,9.0,2.0,2.0,0.30000000000000004,0.2,40.0,0,3500.0,15,26,11,32,68
185058,3.0,15.0,1.0,9.0,2.0,2.0,0.30000000000000004,0.2,40.0,1,2965.0,15,26,11,32,68
185058,3.0,15.0,1.0,9.0,2.0,2.0,0.30000000000000004,0.2,40.0,2,2806.25,14,25,11,32,66
185058,3.0,15.0,1.0,9.0,2.0,2.0,0.30000000000000004,0.2,40.0,3,2532.8125,10,19,10,31,53
185058,3.0,15.0,1.0,9.0,2.0,2.0,0.30000000000000004,0.2,40.0,4,2176.015625,10,19,10,30,53
185058,3.0,15.0,1.0,9.0,2.0,2.0,0.30000000000000004,0.2,40.0,5,1880.01953125,9,16,9,30,48
185058,3.0,15.0,1.0,9.0,2.0,2.0,0.30000000000000004,0.2,40.0,6,1495.0244140625,6,15,9,30,44
185058,3.0,15.0,1.0,9.0,2.0,2.0,0.30000000000000004,0.2,40.0,7,833.780517578125,6,15,8,30,43
185058,3.0,15.0,1.0,9.0,2.0,2.0,0.30000000000000004,0.2,40.0,8,22.22564697265625,5,15,8,30,42
185058,3.0,15.0,1.0,9.0,2.0,2.0,0.30000000000000004,0.2,40.0,9,0,1,8,7,13,24
185058,3.0,15.0,1.0,9.0,2.0,2.0,0.30000000000000004,0.2,40.0,10,0,1,5,4,4,14
185058,3.0,15.0,1.0,9.0,2.0,2.0,0.30000000000000004,0.2,40.0,11,0,1,2,0,2,7
185058,3.0,15.0,1.0,9.0,2.0,2.0,0.30000000000000004,0.2,40.0,12,0,0,0,0,2,2
185058,3.0,15.0,1.0,9.0,2.0,2.0,0.30000000000000004,0.2,40.0,13,0,0,0,0,0,2
185058,3.0,15.0,1.0,9.0,2.0,2.0,0.30000000000000004,0.2,40.0,14,0,0,0,0,0,1