Exp Num,agent:svo_convergence_factor,agent:params:metabolism,agent:params:consumption_factor,agent:params:procreate_cost_factor,agent:params:procreate_req_factor,agent:params:start_energy_factor,agent:params:caught_chance,agent:params:caught_cooldown_factor,agent:params:maximum_age,Epoch,Resource,A,B,C,D,E
183628,3.0,15.0,1.0,7.0,1.0,3.0,0.1,0.1,40.0,0,3500.0,20,31,13,19,81
183628,3.0,15.0,1.0,7.0,1.0,3.0,0.1,0.1,40.0,1,2920.0,20,31,13,19,81
183628,3.0,15.0,1.0,7.0,1.0,3.0,0.1,0.1,40.0,2,2615.0,20,31,13,19,81
183628,3.0,15.0,1.0,7.0,1.0,3.0,0.1,0.1,40.0,3,2548.75,20,30,13,18,80
183628,3.0,15.0,1.0,7.0,1.0,3.0,0.1,0.1,40.0,4,2300.9375,19,30,12,18,77
183628,3.0,15.0,1.0,7.0,1.0,3.0,0.1,0.1,40.0,5,1916.171875,18,27,12,17,73
183628,3.0,15.0,1.0,7.0,1.0,3.0,0.1,0.1,40.0,6,1405.21484375,18,27,11,16,72
183628,3.0,15.0,1.0,7.0,1.0,3.0,0.1,0.1,40.0,7,796.5185546875,15,22,11,16,64
183628,3.0,15.0,1.0,7.0,1.0,3.0,0.1,0.1,40.0,8,0,13,21,11,15,61
183628,3.0,15.0,1.0,7.0,1.0,3.0,0.1,0.1,40.0,9,0,12,13,8,6,38
183628,3.0,15.0,1.0,7.0,1.0,3.0,0.1,0.1,40.0,10,0,10,7,5,2,23
183628,3.0,15.0,1.0,7.0,1.0,3.0,0.1,0.1,40.0,11,0,7,3,3,1,13
183628,3.0,15.0,1.0,7.0,1.0,3.0,0.1,0.1,40.0,12,0,4,1,2,0,7
183628,3.0,15.0,1.0,7.0,1.0,3.0,0.1,0.1,40.0,13,0,2,1,1,0,4
183628,3.0,15.0,1.0,7.0,1.0,3.0,0.1,0.1,40.0,14,0,1,1,0,0,2
183628,3.0,15.0,1.0,7.0,1.0,3.0,0.1,0.1,40.0,15,0,1,0,0,0,1