Exp Num,agent:svo_convergence_factor,agent:params:metabolism,agent:params:consumption_factor,agent:params:procreate_cost_factor,agent:params:procreate_req_factor,agent:params:start_energy_factor,agent:params:caught_chance,agent:params:caught_cooldown_factor,agent:params:maximum_age,Epoch,Resource,A,B,C,D,E
133459,2.0,15.0,4.0,7.0,2.0,3.0,0.4,0.2,50.0,0,2840.0,20,28,8,27,73
133459,2.0,15.0,4.0,7.0,2.0,3.0,0.4,0.2,50.0,1,2170.0,20,28,8,27,73
133459,2.0,15.0,4.0,7.0,2.0,3.0,0.4,0.2,50.0,2,972.5,12,21,5,25,54
133459,2.0,15.0,4.0,7.0,2.0,3.0,0.4,0.2,50.0,3,135.625,13,20,3,25,52
133459,2.0,15.0,4.0,7.0,2.0,3.0,0.4,0.2,50.0,4,0,13,20,3,25,52
133459,2.0,15.0,4.0,7.0,2.0,3.0,0.4,0.2,50.0,5,0,13,20,3,25,52
133459,2.0,15.0,4.0,7.0,2.0,3.0,0.4,0.2,50.0,6,0,12,14,2,18,36
133459,2.0,15.0,4.0,7.0,2.0,3.0,0.4,0.2,50.0,7,0,10,12,2,9,28
133459,2.0,15.0,4.0,7.0,2.0,3.0,0.4,0.2,50.0,8,0,10,9,2,7,24
133459,2.0,15.0,4.0,7.0,2.0,3.0,0.4,0.2,50.0,9,0,10,8,2,5,22
133459,2.0,15.0,4.0,7.0,2.0,3.0,0.4,0.2,50.0,10,0,7,6,1,4,15
133459,2.0,15.0,4.0,7.0,2.0,3.0,0.4,0.2,50.0,11,0,4,4,1,4,10
133459,2.0,15.0,4.0,7.0,2.0,3.0,0.4,0.2,50.0,12,0,3,3,1,2,8
133459,2.0,15.0,4.0,7.0,2.0,3.0,0.4,0.2,50.0,13,0,3,1,1,2,6
133459,2.0,15.0,4.0,7.0,2.0,3.0,0.4,0.2,50.0,14,0,3,0,1,0,4
133459,2.0,15.0,4.0,7.0,2.0,3.0,0.4,0.2,50.0,15,100,3,0,1,0,4
133459,2.0,15.0,4.0,7.0,2.0,3.0,0.4,0.2,50.0,16,125.0,3,0,0,0,3
133459,2.0,15.0,4.0,7.0,2.0,3.0,0.4,0.2,50.0,17,156.25,3,0,0,0,3
133459,2.0,15.0,4.0,7.0,2.0,3.0,0.4,0.2,50.0,18,135.3125,2,0,0,0,2
133459,2.0,15.0,4.0,7.0,2.0,3.0,0.4,0.2,50.0,19,109.140625,2,0,0,0,2
133459,2.0,15.0,4.0,7.0,2.0,3.0,0.4,0.2,50.0,20,136.42578125,2,0,0,0,2
133459,2.0,15.0,4.0,7.0,2.0,3.0,0.4,0.2,50.0,21,110.5322265625,2,0,0,0,2
133459,2.0,15.0,4.0,7.0,2.0,3.0,0.4,0.2,50.0,22,138.165283203125,1,0,0,0,1