Exp Num,agent:svo_convergence_factor,agent:params:metabolism,agent:params:consumption_factor,agent:params:procreate_cost_factor,agent:params:procreate_req_factor,agent:params:start_energy_factor,agent:params:caught_chance,agent:params:caught_cooldown_factor,agent:params:maximum_age,Epoch,Resource,A,B,C,D,E
110553,2.0,10.0,4.0,7.0,1.0,3.0,0.30000000000000004,0.1,40.0,0,3600.0,22,24,9,26,74
110553,2.0,10.0,4.0,7.0,1.0,3.0,0.30000000000000004,0.1,40.0,1,3260.0,25,27,11,26,82
110553,2.0,10.0,4.0,7.0,1.0,3.0,0.30000000000000004,0.1,40.0,2,2355.0,22,22,12,22,73
110553,2.0,10.0,4.0,7.0,1.0,3.0,0.30000000000000004,0.1,40.0,3,1503.75,22,26,14,25,79
110553,2.0,10.0,4.0,7.0,1.0,3.0,0.30000000000000004,0.1,40.0,4,79.6875,26,32,20,26,95
110553,2.0,10.0,4.0,7.0,1.0,3.0,0.30000000000000004,0.1,40.0,5,0,20,36,21,25,93
110553,2.0,10.0,4.0,7.0,1.0,3.0,0.30000000000000004,0.1,40.0,6,0,16,36,21,20,80
110553,2.0,10.0,4.0,7.0,1.0,3.0,0.30000000000000004,0.1,40.0,7,0,13,32,21,11,68
110553,2.0,10.0,4.0,7.0,1.0,3.0,0.30000000000000004,0.1,40.0,8,0,10,30,19,7,60
110553,2.0,10.0,4.0,7.0,1.0,3.0,0.30000000000000004,0.1,40.0,9,0,9,27,17,6,53
110553,2.0,10.0,4.0,7.0,1.0,3.0,0.30000000000000004,0.1,40.0,10,0,7,25,16,4,48
110553,2.0,10.0,4.0,7.0,1.0,3.0,0.30000000000000004,0.1,40.0,11,0,3,22,15,4,40
110553,2.0,10.0,4.0,7.0,1.0,3.0,0.30000000000000004,0.1,40.0,12,0,3,17,10,1,30
110553,2.0,10.0,4.0,7.0,1.0,3.0,0.30000000000000004,0.1,40.0,13,0,3,11,5,0,19
110553,2.0,10.0,4.0,7.0,1.0,3.0,0.30000000000000004,0.1,40.0,14,0,3,5,5,0,13
110553,2.0,10.0,4.0,7.0,1.0,3.0,0.30000000000000004,0.1,40.0,15,0,2,4,4,0,10
110553,2.0,10.0,4.0,7.0,1.0,3.0,0.30000000000000004,0.1,40.0,16,60.0,1,3,4,0,8
110553,2.0,10.0,4.0,7.0,1.0,3.0,0.30000000000000004,0.1,40.0,17,35.0,1,3,3,0,7
110553,2.0,10.0,4.0,7.0,1.0,3.0,0.30000000000000004,0.1,40.0,18,43.75,0,1,3,0,4
110553,2.0,10.0,4.0,7.0,1.0,3.0,0.30000000000000004,0.1,40.0,19,14.6875,0,1,2,0,3
110553,2.0,10.0,4.0,7.0,1.0,3.0,0.30000000000000004,0.1,40.0,20,0,0,1,2,0,3
110553,2.0,10.0,4.0,7.0,1.0,3.0,0.30000000000000004,0.1,40.0,21,0,0,1,2,0,3
110553,2.0,10.0,4.0,7.0,1.0,3.0,0.30000000000000004,0.1,40.0,22,0,0,1,1,0,2
110553,2.0,10.0,4.0,7.0,1.0,3.0,0.30000000000000004,0.1,40.0,23,0,0,1,1,0,2
110553,2.0,10.0,4.0,7.0,1.0,3.0,0.30000000000000004,0.1,40.0,24,0,0,1,1,0,2
110553,2.0,10.0,4.0,7.0,1.0,3.0,0.30000000000000004,0.1,40.0,25,0,0,0,1,0,1