Exp Num,agent:svo_convergence_factor,agent:params:metabolism,agent:params:consumption_factor,agent:params:procreate_cost_factor,agent:params:procreate_req_factor,agent:params:start_energy_factor,agent:params:caught_chance,agent:params:caught_cooldown_factor,agent:params:maximum_age,Epoch,Resource,A,B,C,D,E
114306,2.0,15.0,1.0,3.0,2.0,3.0,0.30000000000000004,0.2,20.0,0,3500.0,15,29,15,22,78
114306,2.0,15.0,1.0,3.0,2.0,3.0,0.30000000000000004,0.2,20.0,1,2935.0,15,29,15,22,78
114306,2.0,15.0,1.0,3.0,2.0,3.0,0.30000000000000004,0.2,20.0,2,2708.75,15,29,15,22,78
114306,2.0,15.0,1.0,3.0,2.0,3.0,0.30000000000000004,0.2,20.0,3,2680.9375,14,29,15,22,77
114306,2.0,15.0,1.0,3.0,2.0,3.0,0.30000000000000004,0.2,20.0,4,2556.171875,13,28,13,19,70
114306,2.0,15.0,1.0,3.0,2.0,3.0,0.30000000000000004,0.2,20.0,5,2385.21484375,12,24,13,18,65
114306,2.0,15.0,1.0,3.0,2.0,3.0,0.30000000000000004,0.2,20.0,6,2126.5185546875,9,21,12,18,58
114306,2.0,15.0,1.0,3.0,2.0,3.0,0.30000000000000004,0.2,20.0,7,1908.148193359375,7,18,12,17,53
114306,2.0,15.0,1.0,3.0,2.0,3.0,0.30000000000000004,0.2,20.0,8,1695.1852416992188,5,13,12,17,46
114306,2.0,15.0,1.0,3.0,2.0,3.0,0.30000000000000004,0.2,20.0,9,1443.9815521240234,3,12,12,16,43
114306,2.0,15.0,1.0,3.0,2.0,3.0,0.30000000000000004,0.2,20.0,10,1189.9769401550293,0,9,12,16,37
114306,2.0,15.0,1.0,3.0,2.0,3.0,0.30000000000000004,0.2,20.0,11,737.4711751937866,0,9,12,16,37
114306,2.0,15.0,1.0,3.0,2.0,3.0,0.30000000000000004,0.2,20.0,12,201.83896899223328,0,8,11,16,35
114306,2.0,15.0,1.0,3.0,2.0,3.0,0.30000000000000004,0.2,20.0,13,0,0,4,6,12,22
114306,2.0,15.0,1.0,3.0,2.0,3.0,0.30000000000000004,0.2,20.0,14,0,0,2,3,3,14
114306,2.0,15.0,1.0,3.0,2.0,3.0,0.30000000000000004,0.2,20.0,15,0,0,1,1,3,6
114306,2.0,15.0,1.0,3.0,2.0,3.0,0.30000000000000004,0.2,20.0,16,0,0,1,0,1,3
114306,2.0,15.0,1.0,3.0,2.0,3.0,0.30000000000000004,0.2,20.0,17,0,0,0,0,0,2
114306,2.0,15.0,1.0,3.0,2.0,3.0,0.30000000000000004,0.2,20.0,18,0,0,0,0,0,1