Exp Num,agent:svo_convergence_factor,agent:params:metabolism,agent:params:consumption_factor,agent:params:procreate_cost_factor,agent:params:procreate_req_factor,agent:params:start_energy_factor,agent:params:caught_chance,agent:params:caught_cooldown_factor,agent:params:maximum_age,Epoch,Resource,A,B,C,D,E
130193,2.0,15.0,4.0,1.0,3.0,1.0,0.30000000000000004,0.4,40.0,0,0,27,30,19,34,98
130193,2.0,15.0,4.0,1.0,3.0,1.0,0.30000000000000004,0.4,40.0,1,0,25,28,18,32,92
130193,2.0,15.0,4.0,1.0,3.0,1.0,0.30000000000000004,0.4,40.0,2,0,19,20,11,27,70
130193,2.0,15.0,4.0,1.0,3.0,1.0,0.30000000000000004,0.4,40.0,3,0,13,14,5,13,44
130193,2.0,15.0,4.0,1.0,3.0,1.0,0.30000000000000004,0.4,40.0,4,0,6,7,3,6,23
130193,2.0,15.0,4.0,1.0,3.0,1.0,0.30000000000000004,0.4,40.0,5,0,3,4,1,3,12
130193,2.0,15.0,4.0,1.0,3.0,1.0,0.30000000000000004,0.4,40.0,6,0,2,2,1,1,7
130193,2.0,15.0,4.0,1.0,3.0,1.0,0.30000000000000004,0.4,40.0,7,0,1,0,1,0,4
130193,2.0,15.0,4.0,1.0,3.0,1.0,0.30000000000000004,0.4,40.0,8,0,1,0,1,0,2
130193,2.0,15.0,4.0,1.0,3.0,1.0,0.30000000000000004,0.4,40.0,9,0,0,0,1,0,1