Exp Num,agent:svo_convergence_factor,agent:params:metabolism,agent:params:consumption_factor,agent:params:procreate_cost_factor,agent:params:procreate_req_factor,agent:params:start_energy_factor,agent:params:caught_chance,agent:params:caught_cooldown_factor,agent:params:maximum_age,Epoch,Resource,A,B,C,D,E
134414,2.0,15.0,4.0,9.0,2.0,2.0,0.2,0.30000000000000004,50.0,0,3260.0,21,23,7,32,68
134414,2.0,15.0,4.0,9.0,2.0,2.0,0.2,0.30000000000000004,50.0,1,595.0,16,16,7,29,56
134414,2.0,15.0,4.0,9.0,2.0,2.0,0.2,0.30000000000000004,50.0,2,0,14,16,5,28,52
134414,2.0,15.0,4.0,9.0,2.0,2.0,0.2,0.30000000000000004,50.0,3,0,13,16,5,28,51
134414,2.0,15.0,4.0,9.0,2.0,2.0,0.2,0.30000000000000004,50.0,4,0,13,16,5,28,51
134414,2.0,15.0,4.0,9.0,2.0,2.0,0.2,0.30000000000000004,50.0,5,0,10,9,4,15,32
134414,2.0,15.0,4.0,9.0,2.0,2.0,0.2,0.30000000000000004,50.0,6,0,10,6,1,9,21
134414,2.0,15.0,4.0,9.0,2.0,2.0,0.2,0.30000000000000004,50.0,7,0,10,5,1,5,18
134414,2.0,15.0,4.0,9.0,2.0,2.0,0.2,0.30000000000000004,50.0,8,0,10,5,1,2,16
134414,2.0,15.0,4.0,9.0,2.0,2.0,0.2,0.30000000000000004,50.0,9,0,8,4,1,1,13
134414,2.0,15.0,4.0,9.0,2.0,2.0,0.2,0.30000000000000004,50.0,10,0,6,4,0,0,10
134414,2.0,15.0,4.0,9.0,2.0,2.0,0.2,0.30000000000000004,50.0,11,0,6,2,0,0,8
134414,2.0,15.0,4.0,9.0,2.0,2.0,0.2,0.30000000000000004,50.0,12,0,5,2,0,0,7
134414,2.0,15.0,4.0,9.0,2.0,2.0,0.2,0.30000000000000004,50.0,13,40.0,5,0,0,0,5
134414,2.0,15.0,4.0,9.0,2.0,2.0,0.2,0.30000000000000004,50.0,14,50.0,4,0,0,0,4
134414,2.0,15.0,4.0,9.0,2.0,2.0,0.2,0.30000000000000004,50.0,15,2.5,3,0,0,0,3
134414,2.0,15.0,4.0,9.0,2.0,2.0,0.2,0.30000000000000004,50.0,16,0,3,0,0,0,3
134414,2.0,15.0,4.0,9.0,2.0,2.0,0.2,0.30000000000000004,50.0,17,0,2,0,0,0,2
134414,2.0,15.0,4.0,9.0,2.0,2.0,0.2,0.30000000000000004,50.0,18,0,1,0,0,0,1