Exp Num,agent:svo_convergence_factor,agent:params:metabolism,agent:params:consumption_factor,agent:params:procreate_cost_factor,agent:params:procreate_req_factor,agent:params:start_energy_factor,agent:params:caught_chance,agent:params:caught_cooldown_factor,agent:params:maximum_age,Epoch,Resource,A,B,C,D,E
122180,2.0,15.0,2.0,7.0,2.0,3.0,0.30000000000000004,0.2,10.0,0,4220.0,10,22,16,39,61
122180,2.0,15.0,2.0,7.0,2.0,3.0,0.30000000000000004,0.2,10.0,1,4615.0,10,22,16,39,61
122180,2.0,15.0,2.0,7.0,2.0,3.0,0.30000000000000004,0.2,10.0,2,4598.75,6,18,13,28,49
122180,2.0,15.0,2.0,7.0,2.0,3.0,0.30000000000000004,0.2,10.0,3,5118.4375,6,15,13,24,46
122180,2.0,15.0,2.0,7.0,2.0,3.0,0.30000000000000004,0.2,10.0,4,5288.046875,5,15,13,20,45
122180,2.0,15.0,2.0,7.0,2.0,3.0,0.30000000000000004,0.2,10.0,5,5350.05859375,5,14,11,20,42
122180,2.0,15.0,2.0,7.0,2.0,3.0,0.30000000000000004,0.2,10.0,6,5127.5732421875,5,14,11,20,42
122180,2.0,15.0,2.0,7.0,2.0,3.0,0.30000000000000004,0.2,10.0,7,4699.466552734375,5,14,10,20,41
122180,2.0,15.0,2.0,7.0,2.0,3.0,0.30000000000000004,0.2,10.0,8,4134.333190917969,5,14,10,20,41
122180,2.0,15.0,2.0,7.0,2.0,3.0,0.30000000000000004,0.2,10.0,9,3577.916488647461,4,14,10,20,40
122180,2.0,15.0,2.0,7.0,2.0,3.0,0.30000000000000004,0.2,10.0,10,3572.395610809326,1,13,5,10,26
122180,2.0,15.0,2.0,7.0,2.0,3.0,0.30000000000000004,0.2,10.0,11,3835.4945135116577,1,8,3,5,16
122180,2.0,15.0,2.0,7.0,2.0,3.0,0.30000000000000004,0.2,10.0,12,4434.368141889572,1,3,1,4,8
122180,2.0,15.0,2.0,7.0,2.0,3.0,0.30000000000000004,0.2,10.0,13,5332.960177361965,1,3,0,1,6
122180,2.0,15.0,2.0,7.0,2.0,3.0,0.30000000000000004,0.2,10.0,14,6546.2002217024565,1,1,0,0,4
122180,2.0,15.0,2.0,7.0,2.0,3.0,0.30000000000000004,0.2,10.0,15,8122.750277128071,0,1,0,0,2
122180,2.0,15.0,2.0,7.0,2.0,3.0,0.30000000000000004,0.2,10.0,16,9970.0,0,1,0,0,1