Exp Num,agent:svo_convergence_factor,agent:params:metabolism,agent:params:consumption_factor,agent:params:procreate_cost_factor,agent:params:procreate_req_factor,agent:params:start_energy_factor,agent:params:caught_chance,agent:params:caught_cooldown_factor,agent:params:maximum_age,Epoch,Resource,A,B,C,D,E
199937,3.0,15.0,4.0,5.0,3.0,1.0,0.30000000000000004,0.30000000000000004,30.0,0,0,14,24,12,26,65
199937,3.0,15.0,4.0,5.0,3.0,1.0,0.30000000000000004,0.30000000000000004,30.0,1,0,14,21,11,23,61
199937,3.0,15.0,4.0,5.0,3.0,1.0,0.30000000000000004,0.30000000000000004,30.0,2,0,14,21,11,22,61
199937,3.0,15.0,4.0,5.0,3.0,1.0,0.30000000000000004,0.30000000000000004,30.0,3,0,14,21,11,22,61
199937,3.0,15.0,4.0,5.0,3.0,1.0,0.30000000000000004,0.30000000000000004,30.0,4,0,8,11,6,11,31
199937,3.0,15.0,4.0,5.0,3.0,1.0,0.30000000000000004,0.30000000000000004,30.0,5,0,5,5,1,5,17
199937,3.0,15.0,4.0,5.0,3.0,1.0,0.30000000000000004,0.30000000000000004,30.0,6,0,3,3,1,3,9
199937,3.0,15.0,4.0,5.0,3.0,1.0,0.30000000000000004,0.30000000000000004,30.0,7,0,2,0,0,3,3
199937,3.0,15.0,4.0,5.0,3.0,1.0,0.30000000000000004,0.30000000000000004,30.0,8,0,0,0,0,2,1
199937,3.0,15.0,4.0,5.0,3.0,1.0,0.30000000000000004,0.30000000000000004,30.0,9,0,0,0,0,0,1