Exp Num,agent:svo_convergence_factor,agent:params:metabolism,agent:params:consumption_factor,agent:params:procreate_cost_factor,agent:params:procreate_req_factor,agent:params:start_energy_factor,agent:params:caught_chance,agent:params:caught_cooldown_factor,agent:params:maximum_age,Epoch,Resource,A,B,C,D,E
155880,3.0,5.0,4.0,7.0,2.0,3.0,0.1,0.2,10.0,0,3440.0,19,25,12,32,68
155880,3.0,5.0,4.0,7.0,2.0,3.0,0.1,0.2,10.0,1,3260.0,19,25,12,32,68
155880,3.0,5.0,4.0,7.0,2.0,3.0,0.1,0.2,10.0,2,3015.0,19,25,10,32,66
155880,3.0,5.0,4.0,7.0,2.0,3.0,0.1,0.2,10.0,3,2988.75,23,28,10,32,73
155880,3.0,5.0,4.0,7.0,2.0,3.0,0.1,0.2,10.0,4,2955.9375,28,31,11,32,82
155880,3.0,5.0,4.0,7.0,2.0,3.0,0.1,0.2,10.0,5,2674.921875,32,33,12,32,89
155880,3.0,5.0,4.0,7.0,2.0,3.0,0.1,0.2,10.0,6,2083.65234375,35,36,11,32,92
155880,3.0,5.0,4.0,7.0,2.0,3.0,0.1,0.2,10.0,7,1324.5654296875,40,42,11,32,103
155880,3.0,5.0,4.0,7.0,2.0,3.0,0.1,0.2,10.0,8,415.706787109375,49,45,13,32,117
155880,3.0,5.0,4.0,7.0,2.0,3.0,0.1,0.2,10.0,9,0,50,49,14,32,123
155880,3.0,5.0,4.0,7.0,2.0,3.0,0.1,0.2,10.0,10,0,41,32,11,13,86
155880,3.0,5.0,4.0,7.0,2.0,3.0,0.1,0.2,10.0,11,0,33,25,9,5,68
155880,3.0,5.0,4.0,7.0,2.0,3.0,0.1,0.2,10.0,12,0,32,24,5,0,61
155880,3.0,5.0,4.0,7.0,2.0,3.0,0.1,0.2,10.0,13,0,31,24,5,0,60
155880,3.0,5.0,4.0,7.0,2.0,3.0,0.1,0.2,10.0,14,0,30,23,5,0,58
155880,3.0,5.0,4.0,7.0,2.0,3.0,0.1,0.2,10.0,15,0,27,18,5,0,50
155880,3.0,5.0,4.0,7.0,2.0,3.0,0.1,0.2,10.0,16,0,23,18,5,0,46
155880,3.0,5.0,4.0,7.0,2.0,3.0,0.1,0.2,10.0,17,0,19,16,4,0,39
155880,3.0,5.0,4.0,7.0,2.0,3.0,0.1,0.2,10.0,18,0,17,14,3,0,34
155880,3.0,5.0,4.0,7.0,2.0,3.0,0.1,0.2,10.0,19,0,8,12,3,0,23
155880,3.0,5.0,4.0,7.0,2.0,3.0,0.1,0.2,10.0,20,0,6,8,2,0,16
155880,3.0,5.0,4.0,7.0,2.0,3.0,0.1,0.2,10.0,21,0,3,6,1,0,10
155880,3.0,5.0,4.0,7.0,2.0,3.0,0.1,0.2,10.0,22,0,2,5,0,0,7
155880,3.0,5.0,4.0,7.0,2.0,3.0,0.1,0.2,10.0,23,0,1,3,0,0,4
155880,3.0,5.0,4.0,7.0,2.0,3.0,0.1,0.2,10.0,24,0,1,3,0,0,4
155880,3.0,5.0,4.0,7.0,2.0,3.0,0.1,0.2,10.0,25,0,0,2,0,0,2
155880,3.0,5.0,4.0,7.0,2.0,3.0,0.1,0.2,10.0,26,0,0,1,0,0,1