Exp Num,agent:svo_convergence_factor,agent:params:metabolism,agent:params:consumption_factor,agent:params:procreate_cost_factor,agent:params:procreate_req_factor,agent:params:start_energy_factor,agent:params:caught_chance,agent:params:caught_cooldown_factor,agent:params:maximum_age,Epoch,Resource,A,B,C,D,E
102138,2.0,10.0,3.0,1.0,3.0,2.0,0.1,0.30000000000000004,40.0,0,3560.0,24,44,18,24,100
102138,2.0,10.0,3.0,1.0,3.0,2.0,0.1,0.30000000000000004,40.0,1,1990.0,29,57,27,33,129
102138,2.0,10.0,3.0,1.0,3.0,2.0,0.1,0.30000000000000004,40.0,2,0,38,74,41,36,169
102138,2.0,10.0,3.0,1.0,3.0,2.0,0.1,0.30000000000000004,40.0,3,0,37,69,34,23,144
102138,2.0,10.0,3.0,1.0,3.0,2.0,0.1,0.30000000000000004,40.0,4,0,29,48,20,15,99
102138,2.0,10.0,3.0,1.0,3.0,2.0,0.1,0.30000000000000004,40.0,5,0,24,30,11,9,66
102138,2.0,10.0,3.0,1.0,3.0,2.0,0.1,0.30000000000000004,40.0,6,0,19,17,5,6,41
102138,2.0,10.0,3.0,1.0,3.0,2.0,0.1,0.30000000000000004,40.0,7,0,11,8,2,6,21
102138,2.0,10.0,3.0,1.0,3.0,2.0,0.1,0.30000000000000004,40.0,8,0,6,5,0,4,11
102138,2.0,10.0,3.0,1.0,3.0,2.0,0.1,0.30000000000000004,40.0,9,0,3,3,0,2,6
102138,2.0,10.0,3.0,1.0,3.0,2.0,0.1,0.30000000000000004,40.0,10,0,2,1,0,1,3
102138,2.0,10.0,3.0,1.0,3.0,2.0,0.1,0.30000000000000004,40.0,11,0,2,0,0,0,2
102138,2.0,10.0,3.0,1.0,3.0,2.0,0.1,0.30000000000000004,40.0,12,0,1,0,0,0,1