Exp Num,agent:svo_convergence_factor,agent:params:metabolism,agent:params:consumption_factor,agent:params:procreate_cost_factor,agent:params:procreate_req_factor,agent:params:start_energy_factor,agent:params:caught_chance,agent:params:caught_cooldown_factor,agent:params:maximum_age,Epoch,Resource,A,B,C,D,E
193568,3.0,15.0,3.0,5.0,1.0,1.0,0.30000000000000004,0.4,40.0,0,500.0,26,34,7,18,82
193568,3.0,15.0,3.0,5.0,1.0,1.0,0.30000000000000004,0.4,40.0,1,0,26,37,8,19,87
193568,3.0,15.0,3.0,5.0,1.0,1.0,0.30000000000000004,0.4,40.0,2,0,24,31,10,17,80
193568,3.0,15.0,3.0,5.0,1.0,1.0,0.30000000000000004,0.4,40.0,3,0,9,20,8,10,45
193568,3.0,15.0,3.0,5.0,1.0,1.0,0.30000000000000004,0.4,40.0,4,0,5,11,9,4,27
193568,3.0,15.0,3.0,5.0,1.0,1.0,0.30000000000000004,0.4,40.0,5,0,2,6,7,3,18
193568,3.0,15.0,3.0,5.0,1.0,1.0,0.30000000000000004,0.4,40.0,6,0,0,4,6,2,12
193568,3.0,15.0,3.0,5.0,1.0,1.0,0.30000000000000004,0.4,40.0,7,0,0,3,3,1,8
193568,3.0,15.0,3.0,5.0,1.0,1.0,0.30000000000000004,0.4,40.0,8,0,0,3,2,0,7
193568,3.0,15.0,3.0,5.0,1.0,1.0,0.30000000000000004,0.4,40.0,9,0,0,2,2,0,6
193568,3.0,15.0,3.0,5.0,1.0,1.0,0.30000000000000004,0.4,40.0,10,0,0,1,2,0,4
193568,3.0,15.0,3.0,5.0,1.0,1.0,0.30000000000000004,0.4,40.0,11,0,0,1,0,0,2
193568,3.0,15.0,3.0,5.0,1.0,1.0,0.30000000000000004,0.4,40.0,12,55.0,0,1,0,0,2
193568,3.0,15.0,3.0,5.0,1.0,1.0,0.30000000000000004,0.4,40.0,13,68.75,0,1,0,0,2
193568,3.0,15.0,3.0,5.0,1.0,1.0,0.30000000000000004,0.4,40.0,14,40.9375,0,1,0,0,2
193568,3.0,15.0,3.0,5.0,1.0,1.0,0.30000000000000004,0.4,40.0,15,6.171875,0,1,0,0,2
193568,3.0,15.0,3.0,5.0,1.0,1.0,0.30000000000000004,0.4,40.0,16,0,0,1,0,0,2
193568,3.0,15.0,3.0,5.0,1.0,1.0,0.30000000000000004,0.4,40.0,17,0,0,1,0,0,2
193568,3.0,15.0,3.0,5.0,1.0,1.0,0.30000000000000004,0.4,40.0,18,0,0,1,0,0,1