Exp Num,agent:svo_convergence_factor,agent:params:metabolism,agent:params:consumption_factor,agent:params:procreate_cost_factor,agent:params:procreate_req_factor,agent:params:start_energy_factor,agent:params:caught_chance,agent:params:caught_cooldown_factor,agent:params:maximum_age,Epoch,Resource,A,B,C,D,E
192991,3.0,15.0,3.0,3.0,2.0,2.0,0.5,0.4,20.0,0,3785.0,13,31,15,29,71
192991,3.0,15.0,3.0,3.0,2.0,2.0,0.5,0.4,20.0,1,2571.25,12,24,10,25,58
192991,3.0,15.0,3.0,3.0,2.0,2.0,0.5,0.4,20.0,2,2224.0625,11,24,10,23,57
192991,3.0,15.0,3.0,3.0,2.0,2.0,0.5,0.4,20.0,3,2060.078125,12,26,10,23,60
192991,3.0,15.0,3.0,3.0,2.0,2.0,0.5,0.4,20.0,4,1630.09765625,10,22,8,18,51
192991,3.0,15.0,3.0,3.0,2.0,2.0,0.5,0.4,20.0,5,1587.6220703125,10,18,6,16,44
192991,3.0,15.0,3.0,3.0,2.0,2.0,0.5,0.4,20.0,6,1624.527587890625,11,17,7,15,45
192991,3.0,15.0,3.0,3.0,2.0,2.0,0.5,0.4,20.0,7,1490.6594848632812,8,13,6,13,36
192991,3.0,15.0,3.0,3.0,2.0,2.0,0.5,0.4,20.0,8,1233.3243560791016,8,10,5,12,31
192991,3.0,15.0,3.0,3.0,2.0,2.0,0.5,0.4,20.0,9,1226.655445098877,6,6,5,13,25
192991,3.0,15.0,3.0,3.0,2.0,2.0,0.5,0.4,20.0,10,1038.3193063735962,6,4,5,14,23
192991,3.0,15.0,3.0,3.0,2.0,2.0,0.5,0.4,20.0,11,847.8991329669952,6,3,6,12,22
192991,3.0,15.0,3.0,3.0,2.0,2.0,0.5,0.4,20.0,12,744.873916208744,6,2,5,11,19
192991,3.0,15.0,3.0,3.0,2.0,2.0,0.5,0.4,20.0,13,616.0923952609301,6,1,6,11,19
192991,3.0,15.0,3.0,3.0,2.0,2.0,0.5,0.4,20.0,14,635.1154940761626,6,2,4,10,18
192991,3.0,15.0,3.0,3.0,2.0,2.0,0.5,0.4,20.0,15,478.8943675952032,4,2,4,9,16
192991,3.0,15.0,3.0,3.0,2.0,2.0,0.5,0.4,20.0,16,328.617959494004,3,1,4,9,14
192991,3.0,15.0,3.0,3.0,2.0,2.0,0.5,0.4,20.0,17,320.77244936750503,2,1,3,9,12
192991,3.0,15.0,3.0,3.0,2.0,2.0,0.5,0.4,20.0,18,220.9655617093813,1,1,3,9,10
192991,3.0,15.0,3.0,3.0,2.0,2.0,0.5,0.4,20.0,19,51.20695213672661,0,1,2,8,8
192991,3.0,15.0,3.0,3.0,2.0,2.0,0.5,0.4,20.0,20,0,0,0,2,6,6
192991,3.0,15.0,3.0,3.0,2.0,2.0,0.5,0.4,20.0,21,0,0,0,2,3,5
192991,3.0,15.0,3.0,3.0,2.0,2.0,0.5,0.4,20.0,22,0,0,0,2,2,4
192991,3.0,15.0,3.0,3.0,2.0,2.0,0.5,0.4,20.0,23,0,0,0,2,1,3
192991,3.0,15.0,3.0,3.0,2.0,2.0,0.5,0.4,20.0,24,0,0,0,1,0,2
192991,3.0,15.0,3.0,3.0,2.0,2.0,0.5,0.4,20.0,25,0,0,0,1,0,2
192991,3.0,15.0,3.0,3.0,2.0,2.0,0.5,0.4,20.0,26,0,0,0,1,0,1