Exp Num,agent:svo_convergence_factor,agent:params:metabolism,agent:params:consumption_factor,agent:params:procreate_cost_factor,agent:params:procreate_req_factor,agent:params:start_energy_factor,agent:params:caught_chance,agent:params:caught_cooldown_factor,agent:params:maximum_age,Epoch,Resource,A,B,C,D,E
11720,1.0,5.0,3.0,1.0,2.0,1.0,0.4,0.5,10.0,0,3500.0,22,52,19,35,115
11720,1.0,5.0,3.0,1.0,2.0,1.0,0.4,0.5,10.0,1,3550.0,24,66,29,36,141
11720,1.0,5.0,3.0,1.0,2.0,1.0,0.4,0.5,10.0,2,3237.5,21,68,44,47,157
11720,1.0,5.0,3.0,1.0,2.0,1.0,0.4,0.5,10.0,3,3101.875,22,75,57,55,177
11720,1.0,5.0,3.0,1.0,2.0,1.0,0.4,0.5,10.0,4,2437.34375,18,80,72,64,192
11720,1.0,5.0,3.0,1.0,2.0,1.0,0.4,0.5,10.0,5,1816.6796875,16,88,85,72,211
11720,1.0,5.0,3.0,1.0,2.0,1.0,0.4,0.5,10.0,6,500.849609375,14,95,108,83,239
11720,1.0,5.0,3.0,1.0,2.0,1.0,0.4,0.5,10.0,7,0,12,98,101,72,231
11720,1.0,5.0,3.0,1.0,2.0,1.0,0.4,0.5,10.0,8,0,10,64,69,40,155
11720,1.0,5.0,3.0,1.0,2.0,1.0,0.4,0.5,10.0,9,0,6,41,40,22,96
11720,1.0,5.0,3.0,1.0,2.0,1.0,0.4,0.5,10.0,10,0,3,30,26,12,62
11720,1.0,5.0,3.0,1.0,2.0,1.0,0.4,0.5,10.0,11,0,2,21,13,6,38
11720,1.0,5.0,3.0,1.0,2.0,1.0,0.4,0.5,10.0,12,0,0,13,6,3,21
11720,1.0,5.0,3.0,1.0,2.0,1.0,0.4,0.5,10.0,13,0,0,6,3,3,9
11720,1.0,5.0,3.0,1.0,2.0,1.0,0.4,0.5,10.0,14,0,0,5,3,0,8
11720,1.0,5.0,3.0,1.0,2.0,1.0,0.4,0.5,10.0,15,0,0,3,1,0,4
11720,1.0,5.0,3.0,1.0,2.0,1.0,0.4,0.5,10.0,16,0,0,2,0,0,2
11720,1.0,5.0,3.0,1.0,2.0,1.0,0.4,0.5,10.0,17,0,0,1,0,0,1