Exp Num,agent:svo_convergence_factor,agent:params:metabolism,agent:params:consumption_factor,agent:params:procreate_cost_factor,agent:params:procreate_req_factor,agent:params:start_energy_factor,agent:params:caught_chance,agent:params:caught_cooldown_factor,agent:params:maximum_age,Epoch,Resource,A,B,C,D,E
113160,2.0,15.0,1.0,1.0,2.0,3.0,0.2,0.30000000000000004,10.0,0,3500.0,27,54,20,32,118
113160,2.0,15.0,1.0,1.0,2.0,3.0,0.2,0.30000000000000004,10.0,1,3220.0,36,73,30,32,156
113160,2.0,15.0,1.0,1.0,2.0,3.0,0.2,0.30000000000000004,10.0,2,1790.0,36,76,29,28,158
113160,2.0,15.0,1.0,1.0,2.0,3.0,0.2,0.30000000000000004,10.0,3,0,34,67,28,28,146
113160,2.0,15.0,1.0,1.0,2.0,3.0,0.2,0.30000000000000004,10.0,4,0,22,37,12,11,77
113160,2.0,15.0,1.0,1.0,2.0,3.0,0.2,0.30000000000000004,10.0,5,0,11,19,6,6,38
113160,2.0,15.0,1.0,1.0,2.0,3.0,0.2,0.30000000000000004,10.0,6,0,8,6,3,4,18
113160,2.0,15.0,1.0,1.0,2.0,3.0,0.2,0.30000000000000004,10.0,7,0,4,4,1,2,9
113160,2.0,15.0,1.0,1.0,2.0,3.0,0.2,0.30000000000000004,10.0,8,0,2,1,1,1,4
113160,2.0,15.0,1.0,1.0,2.0,3.0,0.2,0.30000000000000004,10.0,9,0,1,0,0,1,1
113160,2.0,15.0,1.0,1.0,2.0,3.0,0.2,0.30000000000000004,10.0,10,0,1,0,0,0,1