Exp Num,agent:svo_convergence_factor,agent:params:metabolism,agent:params:consumption_factor,agent:params:procreate_cost_factor,agent:params:procreate_req_factor,agent:params:start_energy_factor,agent:params:caught_chance,agent:params:caught_cooldown_factor,agent:params:maximum_age,Epoch,Resource,A,B,C,D,E
183520,3.0,15.0,1.0,7.0,1.0,2.0,0.1,0.5,10.0,0,3500.0,26,21,7,29,71
183520,3.0,15.0,1.0,7.0,1.0,2.0,0.1,0.5,10.0,1,2920.0,26,21,7,29,71
183520,3.0,15.0,1.0,7.0,1.0,2.0,0.1,0.5,10.0,2,2630.0,26,21,7,28,71
183520,3.0,15.0,1.0,7.0,1.0,2.0,0.1,0.5,10.0,3,2207.5,25,20,6,28,68
183520,3.0,15.0,1.0,7.0,1.0,2.0,0.1,0.5,10.0,4,1739.375,23,20,5,28,65
183520,3.0,15.0,1.0,7.0,1.0,2.0,0.1,0.5,10.0,5,1034.21875,21,18,5,27,61
183520,3.0,15.0,1.0,7.0,1.0,2.0,0.1,0.5,10.0,6,77.7734375,20,17,5,27,59
183520,3.0,15.0,1.0,7.0,1.0,2.0,0.1,0.5,10.0,7,0,16,8,3,16,33
183520,3.0,15.0,1.0,7.0,1.0,2.0,0.1,0.5,10.0,8,0,9,3,2,9,18
183520,3.0,15.0,1.0,7.0,1.0,2.0,0.1,0.5,10.0,9,0,6,1,0,3,10
183520,3.0,15.0,1.0,7.0,1.0,2.0,0.1,0.5,10.0,10,0,5,0,0,1,6
183520,3.0,15.0,1.0,7.0,1.0,2.0,0.1,0.5,10.0,11,0,3,0,0,0,4
183520,3.0,15.0,1.0,7.0,1.0,2.0,0.1,0.5,10.0,12,0,1,0,0,0,2
183520,3.0,15.0,1.0,7.0,1.0,2.0,0.1,0.5,10.0,13,0,0,0,0,0,1