Exp Num,agent:svo_convergence_factor,agent:params:metabolism,agent:params:consumption_factor,agent:params:procreate_cost_factor,agent:params:procreate_req_factor,agent:params:start_energy_factor,agent:params:caught_chance,agent:params:caught_cooldown_factor,agent:params:maximum_age,Epoch,Resource,A,B,C,D,E
130712,2.0,15.0,4.0,3.0,1.0,2.0,0.4,0.30000000000000004,30.0,0,2900.0,24,38,14,26,91
130712,2.0,15.0,4.0,3.0,1.0,2.0,0.4,0.30000000000000004,30.0,1,745.0,19,40,19,31,94
130712,2.0,15.0,4.0,3.0,1.0,2.0,0.4,0.30000000000000004,30.0,2,0,15,41,24,23,91
130712,2.0,15.0,4.0,3.0,1.0,2.0,0.4,0.30000000000000004,30.0,3,0,9,29,23,20,67
130712,2.0,15.0,4.0,3.0,1.0,2.0,0.4,0.30000000000000004,30.0,4,0,6,20,22,16,52
130712,2.0,15.0,4.0,3.0,1.0,2.0,0.4,0.30000000000000004,30.0,5,0,2,16,20,11,40
130712,2.0,15.0,4.0,3.0,1.0,2.0,0.4,0.30000000000000004,30.0,6,0,0,13,18,7,33
130712,2.0,15.0,4.0,3.0,1.0,2.0,0.4,0.30000000000000004,30.0,7,0,0,9,14,4,24
130712,2.0,15.0,4.0,3.0,1.0,2.0,0.4,0.30000000000000004,30.0,8,0,0,7,7,3,14
130712,2.0,15.0,4.0,3.0,1.0,2.0,0.4,0.30000000000000004,30.0,9,0,0,3,6,1,9
130712,2.0,15.0,4.0,3.0,1.0,2.0,0.4,0.30000000000000004,30.0,10,0,0,2,3,0,5
130712,2.0,15.0,4.0,3.0,1.0,2.0,0.4,0.30000000000000004,30.0,11,0,0,2,3,0,5
130712,2.0,15.0,4.0,3.0,1.0,2.0,0.4,0.30000000000000004,30.0,12,0,0,2,2,0,4
130712,2.0,15.0,4.0,3.0,1.0,2.0,0.4,0.30000000000000004,30.0,13,40.0,0,1,3,0,4
130712,2.0,15.0,4.0,3.0,1.0,2.0,0.4,0.30000000000000004,30.0,14,0,0,1,3,0,4
130712,2.0,15.0,4.0,3.0,1.0,2.0,0.4,0.30000000000000004,30.0,15,0,0,1,1,0,2
130712,2.0,15.0,4.0,3.0,1.0,2.0,0.4,0.30000000000000004,30.0,16,0,0,0,1,0,1