Exp Num,agent:svo_convergence_factor,agent:params:metabolism,agent:params:consumption_factor,agent:params:procreate_cost_factor,agent:params:procreate_req_factor,agent:params:start_energy_factor,agent:params:caught_chance,agent:params:caught_cooldown_factor,agent:params:maximum_age,Epoch,Resource,A,B,C,D,E
130610,2.0,15.0,4.0,3.0,1.0,1.0,0.5,0.30000000000000004,10.0,0,0,20,33,22,33,99
130610,2.0,15.0,4.0,3.0,1.0,1.0,0.5,0.30000000000000004,10.0,1,0,12,27,23,21,73
130610,2.0,15.0,4.0,3.0,1.0,1.0,0.5,0.30000000000000004,10.0,2,0,6,21,23,19,57
130610,2.0,15.0,4.0,3.0,1.0,1.0,0.5,0.30000000000000004,10.0,3,0,3,16,22,14,45
130610,2.0,15.0,4.0,3.0,1.0,1.0,0.5,0.30000000000000004,10.0,4,0,0,14,14,10,31
130610,2.0,15.0,4.0,3.0,1.0,1.0,0.5,0.30000000000000004,10.0,5,0,0,8,11,10,20
130610,2.0,15.0,4.0,3.0,1.0,1.0,0.5,0.30000000000000004,10.0,6,0,0,4,11,6,15
130610,2.0,15.0,4.0,3.0,1.0,1.0,0.5,0.30000000000000004,10.0,7,0,1,4,8,4,13
130610,2.0,15.0,4.0,3.0,1.0,1.0,0.5,0.30000000000000004,10.0,8,0,1,1,6,4,8
130610,2.0,15.0,4.0,3.0,1.0,1.0,0.5,0.30000000000000004,10.0,9,0,1,1,4,3,6
130610,2.0,15.0,4.0,3.0,1.0,1.0,0.5,0.30000000000000004,10.0,10,0,1,1,4,1,6
130610,2.0,15.0,4.0,3.0,1.0,1.0,0.5,0.30000000000000004,10.0,11,0,0,1,4,1,5
130610,2.0,15.0,4.0,3.0,1.0,1.0,0.5,0.30000000000000004,10.0,12,0,0,0,3,0,3
130610,2.0,15.0,4.0,3.0,1.0,1.0,0.5,0.30000000000000004,10.0,13,0,0,0,2,0,2
130610,2.0,15.0,4.0,3.0,1.0,1.0,0.5,0.30000000000000004,10.0,14,0,0,0,1,0,1