Exp Num,agent:svo_convergence_factor,agent:params:metabolism,agent:params:consumption_factor,agent:params:procreate_cost_factor,agent:params:procreate_req_factor,agent:params:start_energy_factor,agent:params:caught_chance,agent:params:caught_cooldown_factor,agent:params:maximum_age,Epoch,Resource,A,B,C,D,E
148170,3.0,5.0,3.0,3.0,3.0,1.0,0.2,0.5,10.0,0,3500.0,12,36,10,28,72
148170,3.0,5.0,3.0,3.0,3.0,1.0,0.2,0.5,10.0,1,2980.0,12,36,10,28,72
148170,3.0,5.0,3.0,3.0,3.0,1.0,0.2,0.5,10.0,2,2705.0,12,36,10,28,72
148170,3.0,5.0,3.0,3.0,3.0,1.0,0.2,0.5,10.0,3,2571.25,16,48,11,30,89
148170,3.0,5.0,3.0,3.0,3.0,1.0,0.2,0.5,10.0,4,2464.0625,16,48,11,31,89
148170,3.0,5.0,3.0,3.0,3.0,1.0,0.2,0.5,10.0,5,2315.078125,21,57,12,31,105
148170,3.0,5.0,3.0,3.0,3.0,1.0,0.2,0.5,10.0,6,2023.84765625,29,59,12,30,115
148170,3.0,5.0,3.0,3.0,3.0,1.0,0.2,0.5,10.0,7,1779.8095703125,31,61,11,30,118
148170,3.0,5.0,3.0,3.0,3.0,1.0,0.2,0.5,10.0,8,1369.761962890625,36,69,12,30,132
148170,3.0,5.0,3.0,3.0,3.0,1.0,0.2,0.5,10.0,9,662.2024536132812,40,72,12,27,139
148170,3.0,5.0,3.0,3.0,3.0,1.0,0.2,0.5,10.0,10,0,39,60,7,14,113
148170,3.0,5.0,3.0,3.0,3.0,1.0,0.2,0.5,10.0,11,0,36,49,6,7,94
148170,3.0,5.0,3.0,3.0,3.0,1.0,0.2,0.5,10.0,12,0,32,44,5,6,82
148170,3.0,5.0,3.0,3.0,3.0,1.0,0.2,0.5,10.0,13,0,32,43,5,4,81
148170,3.0,5.0,3.0,3.0,3.0,1.0,0.2,0.5,10.0,14,0,28,37,4,1,69
148170,3.0,5.0,3.0,3.0,3.0,1.0,0.2,0.5,10.0,15,0,24,29,3,0,56
148170,3.0,5.0,3.0,3.0,3.0,1.0,0.2,0.5,10.0,16,0,20,22,2,0,44
148170,3.0,5.0,3.0,3.0,3.0,1.0,0.2,0.5,10.0,17,0,14,17,1,0,32
148170,3.0,5.0,3.0,3.0,3.0,1.0,0.2,0.5,10.0,18,0,11,11,0,0,22
148170,3.0,5.0,3.0,3.0,3.0,1.0,0.2,0.5,10.0,19,0,6,10,0,0,16
148170,3.0,5.0,3.0,3.0,3.0,1.0,0.2,0.5,10.0,20,0,4,5,0,0,9
148170,3.0,5.0,3.0,3.0,3.0,1.0,0.2,0.5,10.0,21,0,3,4,0,0,7
148170,3.0,5.0,3.0,3.0,3.0,1.0,0.2,0.5,10.0,22,0,2,4,0,0,6
148170,3.0,5.0,3.0,3.0,3.0,1.0,0.2,0.5,10.0,23,0,2,1,0,0,3
148170,3.0,5.0,3.0,3.0,3.0,1.0,0.2,0.5,10.0,24,0,1,0,0,0,1