Exp Num,agent:svo_convergence_factor,agent:params:metabolism,agent:params:consumption_factor,agent:params:procreate_cost_factor,agent:params:procreate_req_factor,agent:params:start_energy_factor,agent:params:caught_chance,agent:params:caught_cooldown_factor,agent:params:maximum_age,Epoch,Resource,A,B,C,D,E
113388,2.0,15.0,1.0,1.0,3.0,2.0,0.1,0.30000000000000004,40.0,0,3500.0,19,24,17,24,76
113388,2.0,15.0,1.0,1.0,3.0,2.0,0.1,0.30000000000000004,40.0,1,2905.0,19,24,17,24,76
113388,2.0,15.0,1.0,1.0,3.0,2.0,0.1,0.30000000000000004,40.0,2,2626.25,19,23,17,24,75
113388,2.0,15.0,1.0,1.0,3.0,2.0,0.1,0.30000000000000004,40.0,3,2232.8125,18,22,17,24,73
113388,2.0,15.0,1.0,1.0,3.0,2.0,0.1,0.30000000000000004,40.0,4,1696.015625,16,21,17,24,70
113388,2.0,15.0,1.0,1.0,3.0,2.0,0.1,0.30000000000000004,40.0,5,845.01953125,16,20,16,24,68
113388,2.0,15.0,1.0,1.0,3.0,2.0,0.1,0.30000000000000004,40.0,6,0,16,19,16,22,63
113388,2.0,15.0,1.0,1.0,3.0,2.0,0.1,0.30000000000000004,40.0,7,0,10,11,6,13,32
113388,2.0,15.0,1.0,1.0,3.0,2.0,0.1,0.30000000000000004,40.0,8,0,7,7,2,7,17
113388,2.0,15.0,1.0,1.0,3.0,2.0,0.1,0.30000000000000004,40.0,9,0,4,4,1,2,10
113388,2.0,15.0,1.0,1.0,3.0,2.0,0.1,0.30000000000000004,40.0,10,0,1,4,0,1,5
113388,2.0,15.0,1.0,1.0,3.0,2.0,0.1,0.30000000000000004,40.0,11,0,1,2,0,0,3
113388,2.0,15.0,1.0,1.0,3.0,2.0,0.1,0.30000000000000004,40.0,12,0,0,1,0,0,1