Exp Num,agent:svo_convergence_factor,agent:params:metabolism,agent:params:consumption_factor,agent:params:procreate_cost_factor,agent:params:procreate_req_factor,agent:params:start_energy_factor,agent:params:caught_chance,agent:params:caught_cooldown_factor,agent:params:maximum_age,Epoch,Resource,A,B,C,D,E
177077,3.0,10.0,4.0,5.0,2.0,1.0,0.4,0.1,30.0,0,1000.0,17,18,18,26,74
177077,3.0,10.0,4.0,5.0,2.0,1.0,0.4,0.1,30.0,1,130.0,17,18,18,26,74
177077,3.0,10.0,4.0,5.0,2.0,1.0,0.4,0.1,30.0,2,0,17,19,18,26,75
177077,3.0,10.0,4.0,5.0,2.0,1.0,0.4,0.1,30.0,3,0,17,19,18,26,75
177077,3.0,10.0,4.0,5.0,2.0,1.0,0.4,0.1,30.0,4,0,14,13,11,14,46
177077,3.0,10.0,4.0,5.0,2.0,1.0,0.4,0.1,30.0,5,0,11,13,7,3,35
177077,3.0,10.0,4.0,5.0,2.0,1.0,0.4,0.1,30.0,6,0,10,12,4,1,29
177077,3.0,10.0,4.0,5.0,2.0,1.0,0.4,0.1,30.0,7,0,10,12,4,1,29
177077,3.0,10.0,4.0,5.0,2.0,1.0,0.4,0.1,30.0,8,0,7,9,4,1,22
177077,3.0,10.0,4.0,5.0,2.0,1.0,0.4,0.1,30.0,9,0,5,7,2,0,15
177077,3.0,10.0,4.0,5.0,2.0,1.0,0.4,0.1,30.0,10,0,3,6,1,0,10
177077,3.0,10.0,4.0,5.0,2.0,1.0,0.4,0.1,30.0,11,0,3,3,1,0,7
177077,3.0,10.0,4.0,5.0,2.0,1.0,0.4,0.1,30.0,12,0,2,3,0,0,5
177077,3.0,10.0,4.0,5.0,2.0,1.0,0.4,0.1,30.0,13,60.0,1,2,0,0,3
177077,3.0,10.0,4.0,5.0,2.0,1.0,0.4,0.1,30.0,14,35.0,1,1,0,0,2
177077,3.0,10.0,4.0,5.0,2.0,1.0,0.4,0.1,30.0,15,3.75,1,1,0,0,2
177077,3.0,10.0,4.0,5.0,2.0,1.0,0.4,0.1,30.0,16,4.6875,1,1,0,0,2
177077,3.0,10.0,4.0,5.0,2.0,1.0,0.4,0.1,30.0,17,5.859375,1,1,0,0,2
177077,3.0,10.0,4.0,5.0,2.0,1.0,0.4,0.1,30.0,18,7.32421875,1,1,0,0,2
177077,3.0,10.0,4.0,5.0,2.0,1.0,0.4,0.1,30.0,19,0,0,1,0,0,1