Exp Num,agent:svo_convergence_factor,agent:params:metabolism,agent:params:consumption_factor,agent:params:procreate_cost_factor,agent:params:procreate_req_factor,agent:params:start_energy_factor,agent:params:caught_chance,agent:params:caught_cooldown_factor,agent:params:maximum_age,Epoch,Resource,A,B,C,D,E
129263,2.0,15.0,3.0,9.0,3.0,3.0,0.1,0.30000000000000004,40.0,0,3290.0,17,24,9,28,72
129263,2.0,15.0,3.0,9.0,3.0,3.0,0.1,0.30000000000000004,40.0,1,2357.5,17,24,9,28,72
129263,2.0,15.0,3.0,9.0,3.0,3.0,0.1,0.30000000000000004,40.0,2,336.875,14,21,8,26,65
129263,2.0,15.0,3.0,9.0,3.0,3.0,0.1,0.30000000000000004,40.0,3,0,14,20,8,25,64
129263,2.0,15.0,3.0,9.0,3.0,3.0,0.1,0.30000000000000004,40.0,4,0,14,20,8,24,64
129263,2.0,15.0,3.0,9.0,3.0,3.0,0.1,0.30000000000000004,40.0,5,0,13,18,6,15,43
129263,2.0,15.0,3.0,9.0,3.0,3.0,0.1,0.30000000000000004,40.0,6,0,11,16,5,9,35
129263,2.0,15.0,3.0,9.0,3.0,3.0,0.1,0.30000000000000004,40.0,7,0,11,14,4,8,31
129263,2.0,15.0,3.0,9.0,3.0,3.0,0.1,0.30000000000000004,40.0,8,0,9,11,3,6,25
129263,2.0,15.0,3.0,9.0,3.0,3.0,0.1,0.30000000000000004,40.0,9,0,8,7,3,6,19
129263,2.0,15.0,3.0,9.0,3.0,3.0,0.1,0.30000000000000004,40.0,10,0,6,6,3,4,15
129263,2.0,15.0,3.0,9.0,3.0,3.0,0.1,0.30000000000000004,40.0,11,0,6,4,2,1,12
129263,2.0,15.0,3.0,9.0,3.0,3.0,0.1,0.30000000000000004,40.0,12,0,5,2,2,1,9
129263,2.0,15.0,3.0,9.0,3.0,3.0,0.1,0.30000000000000004,40.0,13,0,3,1,2,1,6
129263,2.0,15.0,3.0,9.0,3.0,3.0,0.1,0.30000000000000004,40.0,14,0,3,1,1,0,5
129263,2.0,15.0,3.0,9.0,3.0,3.0,0.1,0.30000000000000004,40.0,15,0,2,1,1,0,4
129263,2.0,15.0,3.0,9.0,3.0,3.0,0.1,0.30000000000000004,40.0,16,0,1,1,1,0,3
129263,2.0,15.0,3.0,9.0,3.0,3.0,0.1,0.30000000000000004,40.0,17,0,1,1,1,0,3
129263,2.0,15.0,3.0,9.0,3.0,3.0,0.1,0.30000000000000004,40.0,18,0,1,0,1,0,2
129263,2.0,15.0,3.0,9.0,3.0,3.0,0.1,0.30000000000000004,40.0,19,0,0,0,1,0,1