Exp Num,agent:svo_convergence_factor,agent:params:metabolism,agent:params:consumption_factor,agent:params:procreate_cost_factor,agent:params:procreate_req_factor,agent:params:start_energy_factor,agent:params:caught_chance,agent:params:caught_cooldown_factor,agent:params:maximum_age,Epoch,Resource,A,B,C,D,E
177822,3.0,10.0,4.0,7.0,1.0,1.0,0.30000000000000004,0.5,30.0,0,1000.0,15,31,9,26,74
177822,3.0,10.0,4.0,7.0,1.0,1.0,0.30000000000000004,0.5,30.0,1,0,17,38,13,28,87
177822,3.0,10.0,4.0,7.0,1.0,1.0,0.30000000000000004,0.5,30.0,2,0,12,31,11,25,72
177822,3.0,10.0,4.0,7.0,1.0,1.0,0.30000000000000004,0.5,30.0,3,0,12,29,12,24,71
177822,3.0,10.0,4.0,7.0,1.0,1.0,0.30000000000000004,0.5,30.0,4,0,7,23,9,15,48
177822,3.0,10.0,4.0,7.0,1.0,1.0,0.30000000000000004,0.5,30.0,5,0,6,19,7,5,36
177822,3.0,10.0,4.0,7.0,1.0,1.0,0.30000000000000004,0.5,30.0,6,0,7,16,7,2,32
177822,3.0,10.0,4.0,7.0,1.0,1.0,0.30000000000000004,0.5,30.0,7,0,7,14,7,2,28
177822,3.0,10.0,4.0,7.0,1.0,1.0,0.30000000000000004,0.5,30.0,8,0,8,11,6,0,25
177822,3.0,10.0,4.0,7.0,1.0,1.0,0.30000000000000004,0.5,30.0,9,0,8,9,6,0,23
177822,3.0,10.0,4.0,7.0,1.0,1.0,0.30000000000000004,0.5,30.0,10,0,6,5,6,0,17
177822,3.0,10.0,4.0,7.0,1.0,1.0,0.30000000000000004,0.5,30.0,11,0,4,4,4,0,12
177822,3.0,10.0,4.0,7.0,1.0,1.0,0.30000000000000004,0.5,30.0,12,20.0,4,3,2,0,9
177822,3.0,10.0,4.0,7.0,1.0,1.0,0.30000000000000004,0.5,30.0,13,0,4,2,0,0,6
177822,3.0,10.0,4.0,7.0,1.0,1.0,0.30000000000000004,0.5,30.0,14,0,3,1,0,0,4
177822,3.0,10.0,4.0,7.0,1.0,1.0,0.30000000000000004,0.5,30.0,15,0,2,1,0,0,3
177822,3.0,10.0,4.0,7.0,1.0,1.0,0.30000000000000004,0.5,30.0,16,0,1,1,0,0,2
177822,3.0,10.0,4.0,7.0,1.0,1.0,0.30000000000000004,0.5,30.0,17,0,1,0,0,0,1