Exp Num,agent:svo_convergence_factor,agent:params:metabolism,agent:params:consumption_factor,agent:params:procreate_cost_factor,agent:params:procreate_req_factor,agent:params:start_energy_factor,agent:params:caught_chance,agent:params:caught_cooldown_factor,agent:params:maximum_age,Epoch,Resource,A,B,C,D,E
172260,3.0,10.0,3.0,7.0,1.0,2.0,0.1,0.30000000000000004,10.0,0,3980.0,15,24,10,34,66
172260,3.0,10.0,3.0,7.0,1.0,2.0,0.1,0.30000000000000004,10.0,1,2875.0,14,19,10,31,60
172260,3.0,10.0,3.0,7.0,1.0,2.0,0.1,0.30000000000000004,10.0,2,2513.75,18,20,10,31,65
172260,3.0,10.0,3.0,7.0,1.0,2.0,0.1,0.30000000000000004,10.0,3,2002.1875,21,24,11,31,73
172260,3.0,10.0,3.0,7.0,1.0,2.0,0.1,0.30000000000000004,10.0,4,492.734375,24,24,12,31,77
172260,3.0,10.0,3.0,7.0,1.0,2.0,0.1,0.30000000000000004,10.0,5,0,26,29,12,30,82
172260,3.0,10.0,3.0,7.0,1.0,2.0,0.1,0.30000000000000004,10.0,6,0,19,28,11,29,73
172260,3.0,10.0,3.0,7.0,1.0,2.0,0.1,0.30000000000000004,10.0,7,0,19,22,7,20,54
172260,3.0,10.0,3.0,7.0,1.0,2.0,0.1,0.30000000000000004,10.0,8,0,18,22,3,9,45
172260,3.0,10.0,3.0,7.0,1.0,2.0,0.1,0.30000000000000004,10.0,9,0,13,21,2,5,37
172260,3.0,10.0,3.0,7.0,1.0,2.0,0.1,0.30000000000000004,10.0,10,0,12,20,2,3,35
172260,3.0,10.0,3.0,7.0,1.0,2.0,0.1,0.30000000000000004,10.0,11,0,9,17,1,2,28
172260,3.0,10.0,3.0,7.0,1.0,2.0,0.1,0.30000000000000004,10.0,12,0,7,15,0,1,23
172260,3.0,10.0,3.0,7.0,1.0,2.0,0.1,0.30000000000000004,10.0,13,0,3,11,0,1,15
172260,3.0,10.0,3.0,7.0,1.0,2.0,0.1,0.30000000000000004,10.0,14,0,2,8,0,1,10
172260,3.0,10.0,3.0,7.0,1.0,2.0,0.1,0.30000000000000004,10.0,15,0,1,7,0,0,8
172260,3.0,10.0,3.0,7.0,1.0,2.0,0.1,0.30000000000000004,10.0,16,0,1,5,0,0,6
172260,3.0,10.0,3.0,7.0,1.0,2.0,0.1,0.30000000000000004,10.0,17,0,1,4,0,0,5
172260,3.0,10.0,3.0,7.0,1.0,2.0,0.1,0.30000000000000004,10.0,18,0,1,3,0,0,4
172260,3.0,10.0,3.0,7.0,1.0,2.0,0.1,0.30000000000000004,10.0,19,0,0,3,0,0,3
172260,3.0,10.0,3.0,7.0,1.0,2.0,0.1,0.30000000000000004,10.0,20,0,0,2,0,0,2
172260,3.0,10.0,3.0,7.0,1.0,2.0,0.1,0.30000000000000004,10.0,21,0,0,2,0,0,2
172260,3.0,10.0,3.0,7.0,1.0,2.0,0.1,0.30000000000000004,10.0,22,0,0,1,0,0,1