Exp Num,agent:svo_convergence_factor,agent:params:metabolism,agent:params:consumption_factor,agent:params:procreate_cost_factor,agent:params:procreate_req_factor,agent:params:start_energy_factor,agent:params:caught_chance,agent:params:caught_cooldown_factor,agent:params:maximum_age,Epoch,Resource,A,B,C,D,E
117807,2.0,15.0,1.0,9.0,3.0,1.0,0.30000000000000004,0.2,30.0,0,3500.0,15,29,6,29,71
117807,2.0,15.0,1.0,9.0,3.0,1.0,0.30000000000000004,0.2,30.0,1,2875.0,15,29,6,29,71
117807,2.0,15.0,1.0,9.0,3.0,1.0,0.30000000000000004,0.2,30.0,2,2093.75,15,29,6,29,71
117807,2.0,15.0,1.0,9.0,3.0,1.0,0.30000000000000004,0.2,30.0,3,1117.1875,15,29,6,29,71
117807,2.0,15.0,1.0,9.0,3.0,1.0,0.30000000000000004,0.2,30.0,4,0,14,29,6,27,69
117807,2.0,15.0,1.0,9.0,3.0,1.0,0.30000000000000004,0.2,30.0,5,0,8,13,3,12,36
117807,2.0,15.0,1.0,9.0,3.0,1.0,0.30000000000000004,0.2,30.0,6,0,4,7,0,8,16
117807,2.0,15.0,1.0,9.0,3.0,1.0,0.30000000000000004,0.2,30.0,7,0,1,6,0,3,9
117807,2.0,15.0,1.0,9.0,3.0,1.0,0.30000000000000004,0.2,30.0,8,0,1,2,0,2,4
117807,2.0,15.0,1.0,9.0,3.0,1.0,0.30000000000000004,0.2,30.0,9,0,1,0,0,1,2
117807,2.0,15.0,1.0,9.0,3.0,1.0,0.30000000000000004,0.2,30.0,10,0,0,0,0,0,1