Exp Num,agent:svo_convergence_factor,agent:params:metabolism,agent:params:consumption_factor,agent:params:procreate_cost_factor,agent:params:procreate_req_factor,agent:params:start_energy_factor,agent:params:caught_chance,agent:params:caught_cooldown_factor,agent:params:maximum_age,Epoch,Resource,A,B,C,D,E
157864,3.0,10.0,1.0,1.0,1.0,3.0,0.5,0.30000000000000004,50.0,0,4000.0,20,51,22,29,121
157864,3.0,10.0,1.0,1.0,1.0,3.0,0.5,0.30000000000000004,50.0,1,3500.0,33,73,37,41,184
157864,3.0,10.0,1.0,1.0,1.0,3.0,0.5,0.30000000000000004,50.0,2,2675.0,48,105,65,63,274
157864,3.0,10.0,1.0,1.0,1.0,3.0,0.5,0.30000000000000004,50.0,3,1773.75,41,82,51,46,207
157864,3.0,10.0,1.0,1.0,1.0,3.0,0.5,0.30000000000000004,50.0,4,1087.1875,34,66,40,39,162
157864,3.0,10.0,1.0,1.0,1.0,3.0,0.5,0.30000000000000004,50.0,5,568.984375,29,58,34,30,131
157864,3.0,10.0,1.0,1.0,1.0,3.0,0.5,0.30000000000000004,50.0,6,71.23046875,18,51,27,20,103
157864,3.0,10.0,1.0,1.0,1.0,3.0,0.5,0.30000000000000004,50.0,7,0,11,41,18,13,75
157864,3.0,10.0,1.0,1.0,1.0,3.0,0.5,0.30000000000000004,50.0,8,0,8,26,16,9,53
157864,3.0,10.0,1.0,1.0,1.0,3.0,0.5,0.30000000000000004,50.0,9,0,6,18,11,5,36
157864,3.0,10.0,1.0,1.0,1.0,3.0,0.5,0.30000000000000004,50.0,10,0,5,10,9,2,25
157864,3.0,10.0,1.0,1.0,1.0,3.0,0.5,0.30000000000000004,50.0,11,0,4,7,8,1,19
157864,3.0,10.0,1.0,1.0,1.0,3.0,0.5,0.30000000000000004,50.0,12,0,0,6,6,2,12
157864,3.0,10.0,1.0,1.0,1.0,3.0,0.5,0.30000000000000004,50.0,13,0,1,5,2,1,8
157864,3.0,10.0,1.0,1.0,1.0,3.0,0.5,0.30000000000000004,50.0,14,0,1,3,2,1,6
157864,3.0,10.0,1.0,1.0,1.0,3.0,0.5,0.30000000000000004,50.0,15,0,1,2,0,1,3
157864,3.0,10.0,1.0,1.0,1.0,3.0,0.5,0.30000000000000004,50.0,16,0,1,0,0,1,1
157864,3.0,10.0,1.0,1.0,1.0,3.0,0.5,0.30000000000000004,50.0,17,0,0,0,0,1,0