Exp Num,agent:svo_convergence_factor,agent:params:metabolism,agent:params:consumption_factor,agent:params:procreate_cost_factor,agent:params:procreate_req_factor,agent:params:start_energy_factor,agent:params:caught_chance,agent:params:caught_cooldown_factor,agent:params:maximum_age,Epoch,Resource,A,B,C,D,E
144045,3.0,5.0,2.0,7.0,1.0,1.0,0.2,0.5,10.0,0,4000.0,14,23,12,29,71
144045,3.0,5.0,2.0,7.0,1.0,1.0,0.2,0.5,10.0,1,4000.0,14,23,12,29,71
144045,3.0,5.0,2.0,7.0,1.0,1.0,0.2,0.5,10.0,2,4000.0,14,23,12,29,71
144045,3.0,5.0,2.0,7.0,1.0,1.0,0.2,0.5,10.0,3,4000.0,14,23,12,29,71
144045,3.0,5.0,2.0,7.0,1.0,1.0,0.2,0.5,10.0,4,4000.0,14,23,12,29,71
144045,3.0,5.0,2.0,7.0,1.0,1.0,0.2,0.5,10.0,5,4000.0,19,33,23,41,109
144045,3.0,5.0,2.0,7.0,1.0,1.0,0.2,0.5,10.0,6,3500.0,20,40,30,43,132
144045,3.0,5.0,2.0,7.0,1.0,1.0,0.2,0.5,10.0,7,2875.0,25,45,39,56,156
144045,3.0,5.0,2.0,7.0,1.0,1.0,0.2,0.5,10.0,8,2713.75,25,54,47,60,179
144045,3.0,5.0,2.0,7.0,1.0,1.0,0.2,0.5,10.0,9,1972.1875,22,56,53,63,188
144045,3.0,5.0,2.0,7.0,1.0,1.0,0.2,0.5,10.0,10,1725.234375,11,42,54,46,150
144045,3.0,5.0,2.0,7.0,1.0,1.0,0.2,0.5,10.0,11,1356.54296875,8,38,56,44,140
144045,3.0,5.0,2.0,7.0,1.0,1.0,0.2,0.5,10.0,12,1045.6787109375,8,38,64,42,149
144045,3.0,5.0,2.0,7.0,1.0,1.0,0.2,0.5,10.0,13,597.098388671875,7,38,69,43,154
144045,3.0,5.0,2.0,7.0,1.0,1.0,0.2,0.5,10.0,14,0,5,40,72,41,157
144045,3.0,5.0,2.0,7.0,1.0,1.0,0.2,0.5,10.0,15,0,6,33,62,34,123
144045,3.0,5.0,2.0,7.0,1.0,1.0,0.2,0.5,10.0,16,0,3,26,48,22,91
144045,3.0,5.0,2.0,7.0,1.0,1.0,0.2,0.5,10.0,17,0,3,19,38,14,70
144045,3.0,5.0,2.0,7.0,1.0,1.0,0.2,0.5,10.0,18,0,1,14,36,9,58
144045,3.0,5.0,2.0,7.0,1.0,1.0,0.2,0.5,10.0,19,0,1,10,30,9,45
144045,3.0,5.0,2.0,7.0,1.0,1.0,0.2,0.5,10.0,20,0,1,8,25,6,36
144045,3.0,5.0,2.0,7.0,1.0,1.0,0.2,0.5,10.0,21,0,1,5,24,3,32
144045,3.0,5.0,2.0,7.0,1.0,1.0,0.2,0.5,10.0,22,0,1,4,21,2,27
144045,3.0,5.0,2.0,7.0,1.0,1.0,0.2,0.5,10.0,23,0,0,4,16,2,21
144045,3.0,5.0,2.0,7.0,1.0,1.0,0.2,0.5,10.0,24,0,0,3,11,1,14
144045,3.0,5.0,2.0,7.0,1.0,1.0,0.2,0.5,10.0,25,40.0,0,1,11,1,12
144045,3.0,5.0,2.0,7.0,1.0,1.0,0.2,0.5,10.0,26,0,0,1,11,1,12
144045,3.0,5.0,2.0,7.0,1.0,1.0,0.2,0.5,10.0,27,0,0,0,7,0,7
144045,3.0,5.0,2.0,7.0,1.0,1.0,0.2,0.5,10.0,28,0,0,0,5,0,5
144045,3.0,5.0,2.0,7.0,1.0,1.0,0.2,0.5,10.0,29,0,0,0,4,0,4
144045,3.0,5.0,2.0,7.0,1.0,1.0,0.2,0.5,10.0,30,0,0,0,2,0,2
144045,3.0,5.0,2.0,7.0,1.0,1.0,0.2,0.5,10.0,31,0,0,0,1,0,1