Exp Num,agent:svo_convergence_factor,agent:params:metabolism,agent:params:consumption_factor,agent:params:procreate_cost_factor,agent:params:procreate_req_factor,agent:params:start_energy_factor,agent:params:caught_chance,agent:params:caught_cooldown_factor,agent:params:maximum_age,Epoch,Resource,A,B,C,D,E
171801,3.0,10.0,3.0,5.0,3.0,1.0,0.30000000000000004,0.1,20.0,0,2000.0,15,26,7,29,71
171801,3.0,10.0,3.0,5.0,3.0,1.0,0.30000000000000004,0.1,20.0,1,1510.0,15,26,7,29,71
171801,3.0,10.0,3.0,5.0,3.0,1.0,0.30000000000000004,0.1,20.0,2,1137.5,15,26,7,29,71
171801,3.0,10.0,3.0,5.0,3.0,1.0,0.30000000000000004,0.1,20.0,3,11.875,12,17,6,28,57
171801,3.0,10.0,3.0,5.0,3.0,1.0,0.30000000000000004,0.1,20.0,4,0,12,16,6,24,53
171801,3.0,10.0,3.0,5.0,3.0,1.0,0.30000000000000004,0.1,20.0,5,0,12,16,6,24,52
171801,3.0,10.0,3.0,5.0,3.0,1.0,0.30000000000000004,0.1,20.0,6,0,9,15,2,13,36
171801,3.0,10.0,3.0,5.0,3.0,1.0,0.30000000000000004,0.1,20.0,7,0,7,14,2,5,27
171801,3.0,10.0,3.0,5.0,3.0,1.0,0.30000000000000004,0.1,20.0,8,0,7,12,2,3,22
171801,3.0,10.0,3.0,5.0,3.0,1.0,0.30000000000000004,0.1,20.0,9,0,7,8,2,2,18
171801,3.0,10.0,3.0,5.0,3.0,1.0,0.30000000000000004,0.1,20.0,10,0,7,4,1,1,13
171801,3.0,10.0,3.0,5.0,3.0,1.0,0.30000000000000004,0.1,20.0,11,0,6,4,0,0,11
171801,3.0,10.0,3.0,5.0,3.0,1.0,0.30000000000000004,0.1,20.0,12,0,5,1,0,0,7
171801,3.0,10.0,3.0,5.0,3.0,1.0,0.30000000000000004,0.1,20.0,13,0,4,1,0,0,6
171801,3.0,10.0,3.0,5.0,3.0,1.0,0.30000000000000004,0.1,20.0,14,0,3,0,0,0,4
171801,3.0,10.0,3.0,5.0,3.0,1.0,0.30000000000000004,0.1,20.0,15,40.0,3,0,0,0,4
171801,3.0,10.0,3.0,5.0,3.0,1.0,0.30000000000000004,0.1,20.0,16,20.0,2,0,0,0,3
171801,3.0,10.0,3.0,5.0,3.0,1.0,0.30000000000000004,0.1,20.0,17,25.0,1,0,0,0,2
171801,3.0,10.0,3.0,5.0,3.0,1.0,0.30000000000000004,0.1,20.0,18,1.25,1,0,0,0,2
171801,3.0,10.0,3.0,5.0,3.0,1.0,0.30000000000000004,0.1,20.0,19,1.5625,1,0,0,0,2
171801,3.0,10.0,3.0,5.0,3.0,1.0,0.30000000000000004,0.1,20.0,20,0,1,0,0,0,2
171801,3.0,10.0,3.0,5.0,3.0,1.0,0.30000000000000004,0.1,20.0,21,0,1,0,0,0,1