Exp Num,agent:svo_convergence_factor,agent:params:metabolism,agent:params:consumption_factor,agent:params:procreate_cost_factor,agent:params:procreate_req_factor,agent:params:start_energy_factor,agent:params:caught_chance,agent:params:caught_cooldown_factor,agent:params:maximum_age,Epoch,Resource,A,B,C,D,E
116459,2.0,15.0,1.0,7.0,2.0,2.0,0.4,0.2,50.0,0,3500.0,18,28,13,26,74
116459,2.0,15.0,1.0,7.0,2.0,2.0,0.4,0.2,50.0,1,2920.0,18,28,13,26,74
116459,2.0,15.0,1.0,7.0,2.0,2.0,0.4,0.2,50.0,2,2630.0,18,28,12,26,73
116459,2.0,15.0,1.0,7.0,2.0,2.0,0.4,0.2,50.0,3,2477.5,13,24,12,23,63
116459,2.0,15.0,1.0,7.0,2.0,2.0,0.4,0.2,50.0,4,2211.875,9,19,11,23,53
116459,2.0,15.0,1.0,7.0,2.0,2.0,0.4,0.2,50.0,5,1924.84375,8,17,11,23,50
116459,2.0,15.0,1.0,7.0,2.0,2.0,0.4,0.2,50.0,6,1671.0546875,8,15,11,19,48
116459,2.0,15.0,1.0,7.0,2.0,2.0,0.4,0.2,50.0,7,1278.818359375,7,14,11,19,46
116459,2.0,15.0,1.0,7.0,2.0,2.0,0.4,0.2,50.0,8,788.52294921875,4,13,11,19,42
116459,2.0,15.0,1.0,7.0,2.0,2.0,0.4,0.2,50.0,9,160.6536865234375,3,12,10,19,39
116459,2.0,15.0,1.0,7.0,2.0,2.0,0.4,0.2,50.0,10,0,2,8,6,10,26
116459,2.0,15.0,1.0,7.0,2.0,2.0,0.4,0.2,50.0,11,0,1,5,1,5,13
116459,2.0,15.0,1.0,7.0,2.0,2.0,0.4,0.2,50.0,12,0,1,2,0,3,6
116459,2.0,15.0,1.0,7.0,2.0,2.0,0.4,0.2,50.0,13,0,1,0,0,2,2
116459,2.0,15.0,1.0,7.0,2.0,2.0,0.4,0.2,50.0,14,0,1,0,0,0,2
116459,2.0,15.0,1.0,7.0,2.0,2.0,0.4,0.2,50.0,15,0,1,0,0,0,1