Exp Num,agent:svo_convergence_factor,agent:params:metabolism,agent:params:consumption_factor,agent:params:procreate_cost_factor,agent:params:procreate_req_factor,agent:params:start_energy_factor,agent:params:caught_chance,agent:params:caught_cooldown_factor,agent:params:maximum_age,Epoch,Resource,A,B,C,D,E
174988,3.0,10.0,4.0,1.0,2.0,2.0,0.5,0.30000000000000004,40.0,0,4000.0,22,22,12,33,79
174988,3.0,10.0,4.0,1.0,2.0,2.0,0.5,0.30000000000000004,40.0,1,3040.0,15,21,14,41,82
174988,3.0,10.0,4.0,1.0,2.0,2.0,0.5,0.30000000000000004,40.0,2,2360.0,18,28,23,49,110
174988,3.0,10.0,4.0,1.0,2.0,2.0,0.5,0.30000000000000004,40.0,3,390.0,15,29,34,59,132
174988,3.0,10.0,4.0,1.0,2.0,2.0,0.5,0.30000000000000004,40.0,4,0,15,28,33,64,121
174988,3.0,10.0,4.0,1.0,2.0,2.0,0.5,0.30000000000000004,40.0,5,0,14,20,24,44,86
174988,3.0,10.0,4.0,1.0,2.0,2.0,0.5,0.30000000000000004,40.0,6,0,13,16,17,30,59
174988,3.0,10.0,4.0,1.0,2.0,2.0,0.5,0.30000000000000004,40.0,7,0,12,9,14,13,41
174988,3.0,10.0,4.0,1.0,2.0,2.0,0.5,0.30000000000000004,40.0,8,0,9,4,7,8,25
174988,3.0,10.0,4.0,1.0,2.0,2.0,0.5,0.30000000000000004,40.0,9,0,6,3,4,5,15
174988,3.0,10.0,4.0,1.0,2.0,2.0,0.5,0.30000000000000004,40.0,10,0,4,3,1,3,8
174988,3.0,10.0,4.0,1.0,2.0,2.0,0.5,0.30000000000000004,40.0,11,0,2,2,0,2,4
174988,3.0,10.0,4.0,1.0,2.0,2.0,0.5,0.30000000000000004,40.0,12,0,1,1,0,1,2
174988,3.0,10.0,4.0,1.0,2.0,2.0,0.5,0.30000000000000004,40.0,13,0,0,1,0,1,1
174988,3.0,10.0,4.0,1.0,2.0,2.0,0.5,0.30000000000000004,40.0,14,0,0,1,0,0,1