Exp Num,agent:svo_convergence_factor,agent:params:metabolism,agent:params:consumption_factor,agent:params:procreate_cost_factor,agent:params:procreate_req_factor,agent:params:start_energy_factor,agent:params:caught_chance,agent:params:caught_cooldown_factor,agent:params:maximum_age,Epoch,Resource,A,B,C,D,E
168930,3.0,10.0,3.0,1.0,1.0,2.0,0.30000000000000004,0.2,10.0,0,3800.0,25,38,26,43,107
168930,3.0,10.0,3.0,1.0,1.0,2.0,0.30000000000000004,0.2,10.0,1,2410.0,35,48,40,55,146
168930,3.0,10.0,3.0,1.0,1.0,2.0,0.30000000000000004,0.2,10.0,2,0,41,68,57,73,191
168930,3.0,10.0,3.0,1.0,1.0,2.0,0.30000000000000004,0.2,10.0,3,0,45,74,57,61,197
168930,3.0,10.0,3.0,1.0,1.0,2.0,0.30000000000000004,0.2,10.0,4,0,44,57,52,44,167
168930,3.0,10.0,3.0,1.0,1.0,2.0,0.30000000000000004,0.2,10.0,5,0,34,44,36,31,124
168930,3.0,10.0,3.0,1.0,1.0,2.0,0.30000000000000004,0.2,10.0,6,0,26,34,26,20,96
168930,3.0,10.0,3.0,1.0,1.0,2.0,0.30000000000000004,0.2,10.0,7,0,23,22,11,15,63
168930,3.0,10.0,3.0,1.0,1.0,2.0,0.30000000000000004,0.2,10.0,8,0,16,20,11,7,50
168930,3.0,10.0,3.0,1.0,1.0,2.0,0.30000000000000004,0.2,10.0,9,0,12,18,10,4,40
168930,3.0,10.0,3.0,1.0,1.0,2.0,0.30000000000000004,0.2,10.0,10,0,9,13,7,3,29
168930,3.0,10.0,3.0,1.0,1.0,2.0,0.30000000000000004,0.2,10.0,11,0,5,12,5,2,22
168930,3.0,10.0,3.0,1.0,1.0,2.0,0.30000000000000004,0.2,10.0,12,0,5,9,2,0,16
168930,3.0,10.0,3.0,1.0,1.0,2.0,0.30000000000000004,0.2,10.0,13,0,2,7,3,0,12
168930,3.0,10.0,3.0,1.0,1.0,2.0,0.30000000000000004,0.2,10.0,14,0,3,4,3,0,10
168930,3.0,10.0,3.0,1.0,1.0,2.0,0.30000000000000004,0.2,10.0,15,0,3,1,1,0,5
168930,3.0,10.0,3.0,1.0,1.0,2.0,0.30000000000000004,0.2,10.0,16,0,2,1,1,0,4
168930,3.0,10.0,3.0,1.0,1.0,2.0,0.30000000000000004,0.2,10.0,17,0,1,0,1,0,2
168930,3.0,10.0,3.0,1.0,1.0,2.0,0.30000000000000004,0.2,10.0,18,0,0,0,1,0,1