Exp Num,agent:svo_convergence_factor,agent:params:metabolism,agent:params:consumption_factor,agent:params:procreate_cost_factor,agent:params:procreate_req_factor,agent:params:start_energy_factor,agent:params:caught_chance,agent:params:caught_cooldown_factor,agent:params:maximum_age,Epoch,Resource,A,B,C,D,E
19332,1.0,5.0,4.0,5.0,1.0,2.0,0.4,0.2,30.0,0,3700.0,23,34,23,34,98
19332,1.0,5.0,4.0,5.0,1.0,2.0,0.4,0.2,30.0,1,2805.0,21,38,22,36,99
19332,1.0,5.0,4.0,5.0,1.0,2.0,0.4,0.2,30.0,2,2566.25,22,53,31,39,124
19332,1.0,5.0,4.0,5.0,1.0,2.0,0.4,0.2,30.0,3,2047.8125,25,67,38,44,148
19332,1.0,5.0,4.0,5.0,1.0,2.0,0.4,0.2,30.0,4,1239.765625,22,76,44,43,160
19332,1.0,5.0,4.0,5.0,1.0,2.0,0.4,0.2,30.0,5,249.70703125,22,86,54,39,180
19332,1.0,5.0,4.0,5.0,1.0,2.0,0.4,0.2,30.0,6,0,16,90,59,36,181
19332,1.0,5.0,4.0,5.0,1.0,2.0,0.4,0.2,30.0,7,0,10,83,54,26,162
19332,1.0,5.0,4.0,5.0,1.0,2.0,0.4,0.2,30.0,8,0,9,68,49,18,136
19332,1.0,5.0,4.0,5.0,1.0,2.0,0.4,0.2,30.0,9,0,7,59,41,9,115
19332,1.0,5.0,4.0,5.0,1.0,2.0,0.4,0.2,30.0,10,0,6,50,29,4,88
19332,1.0,5.0,4.0,5.0,1.0,2.0,0.4,0.2,30.0,11,0,3,37,25,0,68
19332,1.0,5.0,4.0,5.0,1.0,2.0,0.4,0.2,30.0,12,0,2,29,21,0,52
19332,1.0,5.0,4.0,5.0,1.0,2.0,0.4,0.2,30.0,13,0,0,18,17,0,35
19332,1.0,5.0,4.0,5.0,1.0,2.0,0.4,0.2,30.0,14,0,0,12,13,0,25
19332,1.0,5.0,4.0,5.0,1.0,2.0,0.4,0.2,30.0,15,0,0,10,9,0,19
19332,1.0,5.0,4.0,5.0,1.0,2.0,0.4,0.2,30.0,16,0,0,6,4,0,10
19332,1.0,5.0,4.0,5.0,1.0,2.0,0.4,0.2,30.0,17,60.0,0,5,4,0,9
19332,1.0,5.0,4.0,5.0,1.0,2.0,0.4,0.2,30.0,18,35.0,0,5,3,0,8
19332,1.0,5.0,4.0,5.0,1.0,2.0,0.4,0.2,30.0,19,3.75,0,5,2,0,7
19332,1.0,5.0,4.0,5.0,1.0,2.0,0.4,0.2,30.0,20,0,0,5,1,0,6
19332,1.0,5.0,4.0,5.0,1.0,2.0,0.4,0.2,30.0,21,0,0,4,1,0,5
19332,1.0,5.0,4.0,5.0,1.0,2.0,0.4,0.2,30.0,22,0,0,4,1,0,5
19332,1.0,5.0,4.0,5.0,1.0,2.0,0.4,0.2,30.0,23,0,0,3,0,0,3
19332,1.0,5.0,4.0,5.0,1.0,2.0,0.4,0.2,30.0,24,0,0,2,0,0,2
19332,1.0,5.0,4.0,5.0,1.0,2.0,0.4,0.2,30.0,25,0,0,2,0,0,2
19332,1.0,5.0,4.0,5.0,1.0,2.0,0.4,0.2,30.0,26,0,0,1,0,0,1