Exp Num,agent:svo_convergence_factor,agent:params:metabolism,agent:params:consumption_factor,agent:params:procreate_cost_factor,agent:params:procreate_req_factor,agent:params:start_energy_factor,agent:params:caught_chance,agent:params:caught_cooldown_factor,agent:params:maximum_age,Epoch,Resource,A,B,C,D,E
175962,3.0,10.0,4.0,3.0,2.0,1.0,0.4,0.30000000000000004,30.0,0,1000.0,22,22,9,26,74
175962,3.0,10.0,4.0,3.0,2.0,1.0,0.4,0.30000000000000004,30.0,1,290.0,26,23,12,29,83
175962,3.0,10.0,4.0,3.0,2.0,1.0,0.4,0.30000000000000004,30.0,2,0,29,24,12,29,87
175962,3.0,10.0,4.0,3.0,2.0,1.0,0.4,0.30000000000000004,30.0,3,0,29,24,12,29,87
175962,3.0,10.0,4.0,3.0,2.0,1.0,0.4,0.30000000000000004,30.0,4,0,22,12,9,21,51
175962,3.0,10.0,4.0,3.0,2.0,1.0,0.4,0.30000000000000004,30.0,5,0,13,10,7,12,35
175962,3.0,10.0,4.0,3.0,2.0,1.0,0.4,0.30000000000000004,30.0,6,0,11,4,6,6,24
175962,3.0,10.0,4.0,3.0,2.0,1.0,0.4,0.30000000000000004,30.0,7,0,8,4,1,3,16
175962,3.0,10.0,4.0,3.0,2.0,1.0,0.4,0.30000000000000004,30.0,8,0,8,3,1,1,13
175962,3.0,10.0,4.0,3.0,2.0,1.0,0.4,0.30000000000000004,30.0,9,0,5,2,1,0,9
175962,3.0,10.0,4.0,3.0,2.0,1.0,0.4,0.30000000000000004,30.0,10,0,3,2,1,0,6
175962,3.0,10.0,4.0,3.0,2.0,1.0,0.4,0.30000000000000004,30.0,11,0,1,2,0,0,3
175962,3.0,10.0,4.0,3.0,2.0,1.0,0.4,0.30000000000000004,30.0,12,0,0,1,0,0,1