Exp Num,agent:svo_convergence_factor,agent:params:metabolism,agent:params:consumption_factor,agent:params:procreate_cost_factor,agent:params:procreate_req_factor,agent:params:start_energy_factor,agent:params:caught_chance,agent:params:caught_cooldown_factor,agent:params:maximum_age,Epoch,Resource,A,B,C,D,E
195185,3.0,15.0,3.0,7.0,2.0,2.0,0.30000000000000004,0.30000000000000004,10.0,0,3245.0,17,26,12,24,76
195185,3.0,15.0,3.0,7.0,2.0,2.0,0.30000000000000004,0.30000000000000004,10.0,1,1716.25,12,14,12,23,59
195185,3.0,15.0,3.0,7.0,2.0,2.0,0.30000000000000004,0.30000000000000004,10.0,2,930.3125,12,13,12,23,58
195185,3.0,15.0,3.0,7.0,2.0,2.0,0.30000000000000004,0.30000000000000004,10.0,3,82.890625,12,13,12,23,58
195185,3.0,15.0,3.0,7.0,2.0,2.0,0.30000000000000004,0.30000000000000004,10.0,4,0,12,11,9,16,44
195185,3.0,15.0,3.0,7.0,2.0,2.0,0.30000000000000004,0.30000000000000004,10.0,5,0,12,11,7,11,37
195185,3.0,15.0,3.0,7.0,2.0,2.0,0.30000000000000004,0.30000000000000004,10.0,6,0,12,11,7,8,36
195185,3.0,15.0,3.0,7.0,2.0,2.0,0.30000000000000004,0.30000000000000004,10.0,7,0,11,10,6,5,30
195185,3.0,15.0,3.0,7.0,2.0,2.0,0.30000000000000004,0.30000000000000004,10.0,8,0,11,7,4,3,23
195185,3.0,15.0,3.0,7.0,2.0,2.0,0.30000000000000004,0.30000000000000004,10.0,9,0,10,6,2,3,19
195185,3.0,15.0,3.0,7.0,2.0,2.0,0.30000000000000004,0.30000000000000004,10.0,10,0,8,6,1,2,15
195185,3.0,15.0,3.0,7.0,2.0,2.0,0.30000000000000004,0.30000000000000004,10.0,11,0,6,4,0,1,10
195185,3.0,15.0,3.0,7.0,2.0,2.0,0.30000000000000004,0.30000000000000004,10.0,12,0,5,1,0,1,6
195185,3.0,15.0,3.0,7.0,2.0,2.0,0.30000000000000004,0.30000000000000004,10.0,13,0,2,1,0,1,3
195185,3.0,15.0,3.0,7.0,2.0,2.0,0.30000000000000004,0.30000000000000004,10.0,14,0,2,0,0,1,2
195185,3.0,15.0,3.0,7.0,2.0,2.0,0.30000000000000004,0.30000000000000004,10.0,15,55.0,1,0,0,0,1