Exp Num,agent:svo_convergence_factor,agent:params:metabolism,agent:params:consumption_factor,agent:params:procreate_cost_factor,agent:params:procreate_req_factor,agent:params:start_energy_factor,agent:params:caught_chance,agent:params:caught_cooldown_factor,agent:params:maximum_age,Epoch,Resource,A,B,C,D,E
199213,3.0,15.0,4.0,5.0,1.0,1.0,0.4,0.30000000000000004,40.0,0,0,20,29,5,23,68
199213,3.0,15.0,4.0,5.0,1.0,1.0,0.4,0.30000000000000004,40.0,1,0,18,27,5,21,62
199213,3.0,15.0,4.0,5.0,1.0,1.0,0.4,0.30000000000000004,40.0,2,0,18,27,5,21,62
199213,3.0,15.0,4.0,5.0,1.0,1.0,0.4,0.30000000000000004,40.0,3,0,18,27,5,21,62
199213,3.0,15.0,4.0,5.0,1.0,1.0,0.4,0.30000000000000004,40.0,4,0,13,14,2,7,36
199213,3.0,15.0,4.0,5.0,1.0,1.0,0.4,0.30000000000000004,40.0,5,0,6,9,1,4,18
199213,3.0,15.0,4.0,5.0,1.0,1.0,0.4,0.30000000000000004,40.0,6,0,3,4,1,3,9
199213,3.0,15.0,4.0,5.0,1.0,1.0,0.4,0.30000000000000004,40.0,7,0,2,1,0,2,4
199213,3.0,15.0,4.0,5.0,1.0,1.0,0.4,0.30000000000000004,40.0,8,0,1,0,0,2,1
199213,3.0,15.0,4.0,5.0,1.0,1.0,0.4,0.30000000000000004,40.0,9,0,0,0,0,1,0