Exp Num,agent:svo_convergence_factor,agent:params:metabolism,agent:params:consumption_factor,agent:params:procreate_cost_factor,agent:params:procreate_req_factor,agent:params:start_energy_factor,agent:params:caught_chance,agent:params:caught_cooldown_factor,agent:params:maximum_age,Epoch,Resource,A,B,C,D,E
113063,2.0,15.0,1.0,1.0,2.0,2.0,0.30000000000000004,0.30000000000000004,40.0,0,3500.0,21,42,28,32,118
113063,2.0,15.0,1.0,1.0,2.0,2.0,0.30000000000000004,0.30000000000000004,40.0,1,2665.0,21,48,28,33,124
113063,2.0,15.0,1.0,1.0,2.0,2.0,0.30000000000000004,0.30000000000000004,40.0,2,1186.25,18,48,28,32,121
113063,2.0,15.0,1.0,1.0,2.0,2.0,0.30000000000000004,0.30000000000000004,40.0,3,0,16,38,22,26,99
113063,2.0,15.0,1.0,1.0,2.0,2.0,0.30000000000000004,0.30000000000000004,40.0,4,0,8,21,9,13,49
113063,2.0,15.0,1.0,1.0,2.0,2.0,0.30000000000000004,0.30000000000000004,40.0,5,0,4,11,3,6,25
113063,2.0,15.0,1.0,1.0,2.0,2.0,0.30000000000000004,0.30000000000000004,40.0,6,0,4,4,0,3,12
113063,2.0,15.0,1.0,1.0,2.0,2.0,0.30000000000000004,0.30000000000000004,40.0,7,0,2,0,0,3,4
113063,2.0,15.0,1.0,1.0,2.0,2.0,0.30000000000000004,0.30000000000000004,40.0,8,0,1,0,0,1,2
113063,2.0,15.0,1.0,1.0,2.0,2.0,0.30000000000000004,0.30000000000000004,40.0,9,0,0,0,0,0,1