Exp Num,agent:svo_convergence_factor,agent:params:metabolism,agent:params:consumption_factor,agent:params:procreate_cost_factor,agent:params:procreate_req_factor,agent:params:start_energy_factor,agent:params:caught_chance,agent:params:caught_cooldown_factor,agent:params:maximum_age,Epoch,Resource,A,B,C,D,E
181103,3.0,15.0,1.0,1.0,3.0,3.0,0.5,0.1,40.0,0,3500.0,21,42,22,41,109
181103,3.0,15.0,1.0,1.0,3.0,3.0,0.5,0.1,40.0,1,3895.0,21,42,22,41,109
181103,3.0,15.0,1.0,1.0,3.0,3.0,0.5,0.1,40.0,2,3788.75,14,31,14,37,83
181103,3.0,15.0,1.0,1.0,3.0,3.0,0.5,0.1,40.0,3,3520.9375,8,28,12,33,72
181103,3.0,15.0,1.0,1.0,3.0,3.0,0.5,0.1,40.0,4,3126.171875,6,24,10,33,64
181103,3.0,15.0,1.0,1.0,3.0,3.0,0.5,0.1,40.0,5,2587.71484375,5,21,10,33,60
181103,3.0,15.0,1.0,1.0,3.0,3.0,0.5,0.1,40.0,6,1869.6435546875,5,20,10,33,59
181103,3.0,15.0,1.0,1.0,3.0,3.0,0.5,0.1,40.0,7,957.054443359375,5,20,10,33,59
181103,3.0,15.0,1.0,1.0,3.0,3.0,0.5,0.1,40.0,8,0,4,18,10,31,54
181103,3.0,15.0,1.0,1.0,3.0,3.0,0.5,0.1,40.0,9,0,2,13,5,13,29
181103,3.0,15.0,1.0,1.0,3.0,3.0,0.5,0.1,40.0,10,0,1,6,2,6,15
181103,3.0,15.0,1.0,1.0,3.0,3.0,0.5,0.1,40.0,11,0,0,3,1,4,6
181103,3.0,15.0,1.0,1.0,3.0,3.0,0.5,0.1,40.0,12,0,0,2,1,2,3
181103,3.0,15.0,1.0,1.0,3.0,3.0,0.5,0.1,40.0,13,0,0,1,0,1,1
181103,3.0,15.0,1.0,1.0,3.0,3.0,0.5,0.1,40.0,14,0,0,0,0,1,0