Exp Num,agent:svo_convergence_factor,agent:params:metabolism,agent:params:consumption_factor,agent:params:procreate_cost_factor,agent:params:procreate_req_factor,agent:params:start_energy_factor,agent:params:caught_chance,agent:params:caught_cooldown_factor,agent:params:maximum_age,Epoch,Resource,A,B,C,D,E
164319,3.0,10.0,2.0,3.0,1.0,1.0,0.30000000000000004,0.4,50.0,0,3000.0,18,23,9,34,66
164319,3.0,10.0,2.0,3.0,1.0,1.0,0.30000000000000004,0.4,50.0,1,2890.0,24,31,11,38,83
164319,3.0,10.0,2.0,3.0,1.0,1.0,0.30000000000000004,0.4,50.0,2,1932.5,23,28,13,35,80
164319,3.0,10.0,2.0,3.0,1.0,1.0,0.30000000000000004,0.4,50.0,3,1135.625,24,33,19,37,92
164319,3.0,10.0,2.0,3.0,1.0,1.0,0.30000000000000004,0.4,50.0,4,0,26,41,20,37,101
164319,3.0,10.0,2.0,3.0,1.0,1.0,0.30000000000000004,0.4,50.0,5,0,15,32,18,27,78
164319,3.0,10.0,2.0,3.0,1.0,1.0,0.30000000000000004,0.4,50.0,6,0,13,26,12,15,58
164319,3.0,10.0,2.0,3.0,1.0,1.0,0.30000000000000004,0.4,50.0,7,0,14,17,10,7,43
164319,3.0,10.0,2.0,3.0,1.0,1.0,0.30000000000000004,0.4,50.0,8,0,11,12,8,3,31
164319,3.0,10.0,2.0,3.0,1.0,1.0,0.30000000000000004,0.4,50.0,9,0,8,8,5,3,21
164319,3.0,10.0,2.0,3.0,1.0,1.0,0.30000000000000004,0.4,50.0,10,0,4,6,4,2,14
164319,3.0,10.0,2.0,3.0,1.0,1.0,0.30000000000000004,0.4,50.0,11,0,2,5,2,2,9
164319,3.0,10.0,2.0,3.0,1.0,1.0,0.30000000000000004,0.4,50.0,12,0,1,3,1,2,5
164319,3.0,10.0,2.0,3.0,1.0,1.0,0.30000000000000004,0.4,50.0,13,0,0,2,0,2,2
164319,3.0,10.0,2.0,3.0,1.0,1.0,0.30000000000000004,0.4,50.0,14,0,0,2,1,1,3
164319,3.0,10.0,2.0,3.0,1.0,1.0,0.30000000000000004,0.4,50.0,15,80.0,0,1,1,1,2
164319,3.0,10.0,2.0,3.0,1.0,1.0,0.30000000000000004,0.4,50.0,16,80.0,0,1,1,1,2
164319,3.0,10.0,2.0,3.0,1.0,1.0,0.30000000000000004,0.4,50.0,17,80.0,0,1,1,1,2
164319,3.0,10.0,2.0,3.0,1.0,1.0,0.30000000000000004,0.4,50.0,18,80.0,0,1,1,1,2
164319,3.0,10.0,2.0,3.0,1.0,1.0,0.30000000000000004,0.4,50.0,19,60.0,0,1,1,1,2
164319,3.0,10.0,2.0,3.0,1.0,1.0,0.30000000000000004,0.4,50.0,20,35.0,0,1,1,1,2
164319,3.0,10.0,2.0,3.0,1.0,1.0,0.30000000000000004,0.4,50.0,21,23.75,0,1,1,1,2
164319,3.0,10.0,2.0,3.0,1.0,1.0,0.30000000000000004,0.4,50.0,22,0,0,1,0,1,1
164319,3.0,10.0,2.0,3.0,1.0,1.0,0.30000000000000004,0.4,50.0,23,0,0,1,0,1,1
164319,3.0,10.0,2.0,3.0,1.0,1.0,0.30000000000000004,0.4,50.0,24,0,0,0,0,1,0