Exp Num,agent:svo_convergence_factor,agent:params:metabolism,agent:params:consumption_factor,agent:params:procreate_cost_factor,agent:params:procreate_req_factor,agent:params:start_energy_factor,agent:params:caught_chance,agent:params:caught_cooldown_factor,agent:params:maximum_age,Epoch,Resource,A,B,C,D,E
17801,1.0,5.0,4.0,1.0,3.0,2.0,0.30000000000000004,0.1,20.0,0,3600.0,25,33,17,39,96
17801,1.0,5.0,4.0,1.0,3.0,2.0,0.30000000000000004,0.1,20.0,1,3240.0,30,43,31,52,128
17801,1.0,5.0,4.0,1.0,3.0,2.0,0.30000000000000004,0.1,20.0,2,2590.0,34,53,47,65,159
17801,1.0,5.0,4.0,1.0,3.0,2.0,0.30000000000000004,0.1,20.0,3,1457.5,34,64,71,74,196
17801,1.0,5.0,4.0,1.0,3.0,2.0,0.30000000000000004,0.1,20.0,4,0,35,80,90,81,237
17801,1.0,5.0,4.0,1.0,3.0,2.0,0.30000000000000004,0.1,20.0,5,0,33,86,81,70,230
17801,1.0,5.0,4.0,1.0,3.0,2.0,0.30000000000000004,0.1,20.0,6,0,30,73,59,44,184
17801,1.0,5.0,4.0,1.0,3.0,2.0,0.30000000000000004,0.1,20.0,7,0,21,52,39,33,124
17801,1.0,5.0,4.0,1.0,3.0,2.0,0.30000000000000004,0.1,20.0,8,0,15,34,26,21,79
17801,1.0,5.0,4.0,1.0,3.0,2.0,0.30000000000000004,0.1,20.0,9,0,12,22,17,13,53
17801,1.0,5.0,4.0,1.0,3.0,2.0,0.30000000000000004,0.1,20.0,10,0,9,13,7,7,31
17801,1.0,5.0,4.0,1.0,3.0,2.0,0.30000000000000004,0.1,20.0,11,0,8,7,5,2,21
17801,1.0,5.0,4.0,1.0,3.0,2.0,0.30000000000000004,0.1,20.0,12,0,5,6,0,2,12
17801,1.0,5.0,4.0,1.0,3.0,2.0,0.30000000000000004,0.1,20.0,13,0,3,4,0,1,8
17801,1.0,5.0,4.0,1.0,3.0,2.0,0.30000000000000004,0.1,20.0,14,0,1,3,0,0,5
17801,1.0,5.0,4.0,1.0,3.0,2.0,0.30000000000000004,0.1,20.0,15,20.0,1,4,0,1,6
17801,1.0,5.0,4.0,1.0,3.0,2.0,0.30000000000000004,0.1,20.0,16,0,1,3,0,1,5
17801,1.0,5.0,4.0,1.0,3.0,2.0,0.30000000000000004,0.1,20.0,17,0,1,3,0,0,5
17801,1.0,5.0,4.0,1.0,3.0,2.0,0.30000000000000004,0.1,20.0,18,0,1,1,0,0,2
17801,1.0,5.0,4.0,1.0,3.0,2.0,0.30000000000000004,0.1,20.0,19,0,1,1,0,0,2
17801,1.0,5.0,4.0,1.0,3.0,2.0,0.30000000000000004,0.1,20.0,20,0,1,0,0,0,1