Exp Num,agent:svo_convergence_factor,agent:params:metabolism,agent:params:consumption_factor,agent:params:procreate_cost_factor,agent:params:procreate_req_factor,agent:params:start_energy_factor,agent:params:caught_chance,agent:params:caught_cooldown_factor,agent:params:maximum_age,Epoch,Resource,A,B,C,D,E
104903,2.0,10.0,3.0,7.0,1.0,3.0,0.2,0.1,40.0,0,3710.0,16,29,7,36,64
104903,2.0,10.0,3.0,7.0,1.0,3.0,0.2,0.1,40.0,1,3677.5,21,33,7,36,73
104903,2.0,10.0,3.0,7.0,1.0,3.0,0.2,0.1,40.0,2,2736.875,19,31,7,33,69
104903,2.0,10.0,3.0,7.0,1.0,3.0,0.2,0.1,40.0,3,2041.09375,23,33,7,34,75
104903,2.0,10.0,3.0,7.0,1.0,3.0,0.2,0.1,40.0,4,1381.3671875,24,36,8,35,80
104903,2.0,10.0,3.0,7.0,1.0,3.0,0.2,0.1,40.0,5,166.708984375,29,32,9,31,82
104903,2.0,10.0,3.0,7.0,1.0,3.0,0.2,0.1,40.0,6,0,27,32,9,30,79
104903,2.0,10.0,3.0,7.0,1.0,3.0,0.2,0.1,40.0,7,0,20,31,8,27,69
104903,2.0,10.0,3.0,7.0,1.0,3.0,0.2,0.1,40.0,8,0,20,26,7,14,58
104903,2.0,10.0,3.0,7.0,1.0,3.0,0.2,0.1,40.0,9,0,18,24,6,10,52
104903,2.0,10.0,3.0,7.0,1.0,3.0,0.2,0.1,40.0,10,0,16,21,6,6,44
104903,2.0,10.0,3.0,7.0,1.0,3.0,0.2,0.1,40.0,11,0,13,17,5,3,36
104903,2.0,10.0,3.0,7.0,1.0,3.0,0.2,0.1,40.0,12,0,12,15,2,2,30
104903,2.0,10.0,3.0,7.0,1.0,3.0,0.2,0.1,40.0,13,0,9,10,1,1,21
104903,2.0,10.0,3.0,7.0,1.0,3.0,0.2,0.1,40.0,14,0,7,8,1,1,16
104903,2.0,10.0,3.0,7.0,1.0,3.0,0.2,0.1,40.0,15,0,3,7,0,1,10
104903,2.0,10.0,3.0,7.0,1.0,3.0,0.2,0.1,40.0,16,0,1,7,0,0,8
104903,2.0,10.0,3.0,7.0,1.0,3.0,0.2,0.1,40.0,17,10.0,1,5,0,0,6
104903,2.0,10.0,3.0,7.0,1.0,3.0,0.2,0.1,40.0,18,0,1,5,0,0,6
104903,2.0,10.0,3.0,7.0,1.0,3.0,0.2,0.1,40.0,19,0,1,4,0,0,5
104903,2.0,10.0,3.0,7.0,1.0,3.0,0.2,0.1,40.0,20,0,1,2,0,0,3
104903,2.0,10.0,3.0,7.0,1.0,3.0,0.2,0.1,40.0,21,0,0,2,0,0,2
104903,2.0,10.0,3.0,7.0,1.0,3.0,0.2,0.1,40.0,22,0,0,2,0,0,2
104903,2.0,10.0,3.0,7.0,1.0,3.0,0.2,0.1,40.0,23,0,0,1,0,0,1