Exp Num,agent:svo_convergence_factor,agent:params:metabolism,agent:params:consumption_factor,agent:params:procreate_cost_factor,agent:params:procreate_req_factor,agent:params:start_energy_factor,agent:params:caught_chance,agent:params:caught_cooldown_factor,agent:params:maximum_age,Epoch,Resource,A,B,C,D,E
105091,2.0,10.0,3.0,7.0,2.0,1.0,0.4,0.4,20.0,0,2000.0,23,23,14,26,74
105091,2.0,10.0,3.0,7.0,2.0,1.0,0.4,0.4,20.0,1,1720.0,23,23,14,26,74
105091,2.0,10.0,3.0,7.0,2.0,1.0,0.4,0.4,20.0,2,1520.0,23,23,14,26,74
105091,2.0,10.0,3.0,7.0,2.0,1.0,0.4,0.4,20.0,3,970.0,16,15,11,25,53
105091,2.0,10.0,3.0,7.0,2.0,1.0,0.4,0.4,20.0,4,702.5,13,13,11,23,48
105091,2.0,10.0,3.0,7.0,2.0,1.0,0.4,0.4,20.0,5,638.125,12,13,11,22,47
105091,2.0,10.0,3.0,7.0,2.0,1.0,0.4,0.4,20.0,6,317.65625,8,11,8,19,37
105091,2.0,10.0,3.0,7.0,2.0,1.0,0.4,0.4,20.0,7,97.0703125,7,9,7,14,32
105091,2.0,10.0,3.0,7.0,2.0,1.0,0.4,0.4,20.0,8,31.337890625,6,8,7,14,30
105091,2.0,10.0,3.0,7.0,2.0,1.0,0.4,0.4,20.0,9,0,3,6,6,12,22
105091,2.0,10.0,3.0,7.0,2.0,1.0,0.4,0.4,20.0,10,0,2,6,5,7,16
105091,2.0,10.0,3.0,7.0,2.0,1.0,0.4,0.4,20.0,11,0,2,4,4,5,12
105091,2.0,10.0,3.0,7.0,2.0,1.0,0.4,0.4,20.0,12,0,2,4,4,3,10
105091,2.0,10.0,3.0,7.0,2.0,1.0,0.4,0.4,20.0,13,0,1,3,3,3,7
105091,2.0,10.0,3.0,7.0,2.0,1.0,0.4,0.4,20.0,14,0,1,3,2,1,6
105091,2.0,10.0,3.0,7.0,2.0,1.0,0.4,0.4,20.0,15,0,1,2,2,1,5
105091,2.0,10.0,3.0,7.0,2.0,1.0,0.4,0.4,20.0,16,0,1,2,1,0,4
105091,2.0,10.0,3.0,7.0,2.0,1.0,0.4,0.4,20.0,17,0,1,2,0,0,3
105091,2.0,10.0,3.0,7.0,2.0,1.0,0.4,0.4,20.0,18,0,1,2,0,0,3
105091,2.0,10.0,3.0,7.0,2.0,1.0,0.4,0.4,20.0,19,0,1,2,0,0,3
105091,2.0,10.0,3.0,7.0,2.0,1.0,0.4,0.4,20.0,20,100,1,1,0,0,2
105091,2.0,10.0,3.0,7.0,2.0,1.0,0.4,0.4,20.0,21,95.0,1,1,0,0,2
105091,2.0,10.0,3.0,7.0,2.0,1.0,0.4,0.4,20.0,22,118.75,1,0,0,0,1