Exp Num,agent:svo_convergence_factor,agent:params:metabolism,agent:params:consumption_factor,agent:params:procreate_cost_factor,agent:params:procreate_req_factor,agent:params:start_energy_factor,agent:params:caught_chance,agent:params:caught_cooldown_factor,agent:params:maximum_age,Epoch,Resource,A,B,C,D,E
178414,3.0,10.0,4.0,7.0,2.0,3.0,0.2,0.30000000000000004,50.0,0,3080.0,21,23,17,29,71
178414,3.0,10.0,4.0,7.0,2.0,3.0,0.2,0.30000000000000004,50.0,1,2330.0,21,23,17,29,71
178414,3.0,10.0,4.0,7.0,2.0,3.0,0.2,0.30000000000000004,50.0,2,992.5,19,18,15,25,62
178414,3.0,10.0,4.0,7.0,2.0,3.0,0.2,0.30000000000000004,50.0,3,0,23,17,15,25,65
178414,3.0,10.0,4.0,7.0,2.0,3.0,0.2,0.30000000000000004,50.0,4,0,23,17,15,25,65
178414,3.0,10.0,4.0,7.0,2.0,3.0,0.2,0.30000000000000004,50.0,5,0,23,17,15,25,65
178414,3.0,10.0,4.0,7.0,2.0,3.0,0.2,0.30000000000000004,50.0,6,0,21,13,8,18,46
178414,3.0,10.0,4.0,7.0,2.0,3.0,0.2,0.30000000000000004,50.0,7,0,21,12,7,12,41
178414,3.0,10.0,4.0,7.0,2.0,3.0,0.2,0.30000000000000004,50.0,8,0,21,11,7,11,40
178414,3.0,10.0,4.0,7.0,2.0,3.0,0.2,0.30000000000000004,50.0,9,0,21,11,7,11,39
178414,3.0,10.0,4.0,7.0,2.0,3.0,0.2,0.30000000000000004,50.0,10,0,20,11,5,8,36
178414,3.0,10.0,4.0,7.0,2.0,3.0,0.2,0.30000000000000004,50.0,11,0,18,8,3,4,29
178414,3.0,10.0,4.0,7.0,2.0,3.0,0.2,0.30000000000000004,50.0,12,0,16,6,2,3,24
178414,3.0,10.0,4.0,7.0,2.0,3.0,0.2,0.30000000000000004,50.0,13,0,14,5,2,3,21
178414,3.0,10.0,4.0,7.0,2.0,3.0,0.2,0.30000000000000004,50.0,14,60.0,12,3,2,3,17
178414,3.0,10.0,4.0,7.0,2.0,3.0,0.2,0.30000000000000004,50.0,15,0,8,3,1,2,12
178414,3.0,10.0,4.0,7.0,2.0,3.0,0.2,0.30000000000000004,50.0,16,0,6,2,1,1,9
178414,3.0,10.0,4.0,7.0,2.0,3.0,0.2,0.30000000000000004,50.0,17,0,3,1,1,1,5
178414,3.0,10.0,4.0,7.0,2.0,3.0,0.2,0.30000000000000004,50.0,18,0,3,1,1,0,5
178414,3.0,10.0,4.0,7.0,2.0,3.0,0.2,0.30000000000000004,50.0,19,0,3,1,0,0,4
178414,3.0,10.0,4.0,7.0,2.0,3.0,0.2,0.30000000000000004,50.0,20,0,2,1,0,0,3
178414,3.0,10.0,4.0,7.0,2.0,3.0,0.2,0.30000000000000004,50.0,21,0,0,1,0,0,1