Exp Num,agent:svo_convergence_factor,agent:params:metabolism,agent:params:consumption_factor,agent:params:procreate_cost_factor,agent:params:procreate_req_factor,agent:params:start_energy_factor,agent:params:caught_chance,agent:params:caught_cooldown_factor,agent:params:maximum_age,Epoch,Resource,A,B,C,D,E
121355,2.0,15.0,2.0,5.0,3.0,2.0,0.5,0.2,10.0,0,4070.0,15,24,12,29,71
121355,2.0,15.0,2.0,5.0,3.0,2.0,0.5,0.2,10.0,1,3737.5,9,16,10,28,53
121355,2.0,15.0,2.0,5.0,3.0,2.0,0.5,0.2,10.0,2,4011.875,9,16,10,27,52
121355,2.0,15.0,2.0,5.0,3.0,2.0,0.5,0.2,10.0,3,4144.84375,7,9,6,25,39
121355,2.0,15.0,2.0,5.0,3.0,2.0,0.5,0.2,10.0,4,4521.0546875,6,7,5,24,35
121355,2.0,15.0,2.0,5.0,3.0,2.0,0.5,0.2,10.0,5,4631.318359375,5,6,4,23,32
121355,2.0,15.0,2.0,5.0,3.0,2.0,0.5,0.2,10.0,6,4529.14794921875,4,6,3,23,30
121355,2.0,15.0,2.0,5.0,3.0,2.0,0.5,0.2,10.0,7,4161.4349365234375,4,6,3,22,30
121355,2.0,15.0,2.0,5.0,3.0,2.0,0.5,0.2,10.0,8,3671.793670654297,4,6,3,22,30
121355,2.0,15.0,2.0,5.0,3.0,2.0,0.5,0.2,10.0,9,3119.742088317871,4,6,3,22,30
121355,2.0,15.0,2.0,5.0,3.0,2.0,0.5,0.2,10.0,10,2849.677610397339,3,4,2,17,21
121355,2.0,15.0,2.0,5.0,3.0,2.0,0.5,0.2,10.0,11,2932.0970129966736,1,2,0,9,12
121355,2.0,15.0,2.0,5.0,3.0,2.0,0.5,0.2,10.0,12,3305.121266245842,1,1,0,5,7
121355,2.0,15.0,2.0,5.0,3.0,2.0,0.5,0.2,10.0,13,3951.4015828073025,0,1,0,3,3
121355,2.0,15.0,2.0,5.0,3.0,2.0,0.5,0.2,10.0,14,4819.251978509128,0,1,0,2,1
121355,2.0,15.0,2.0,5.0,3.0,2.0,0.5,0.2,10.0,15,5964.06497313641,0,0,0,1,0