Exp Num,agent:svo_convergence_factor,agent:params:metabolism,agent:params:consumption_factor,agent:params:procreate_cost_factor,agent:params:procreate_req_factor,agent:params:start_energy_factor,agent:params:caught_chance,agent:params:caught_cooldown_factor,agent:params:maximum_age,Epoch,Resource,A,B,C,D,E
173264,3.0,10.0,3.0,9.0,1.0,1.0,0.1,0.30000000000000004,50.0,0,2000.0,19,24,13,26,74
173264,3.0,10.0,3.0,9.0,1.0,1.0,0.1,0.30000000000000004,50.0,1,1120.0,19,24,13,26,74
173264,3.0,10.0,3.0,9.0,1.0,1.0,0.1,0.30000000000000004,50.0,2,20.0,19,24,13,26,74
173264,3.0,10.0,3.0,9.0,1.0,1.0,0.1,0.30000000000000004,50.0,3,0,19,20,11,14,58
173264,3.0,10.0,3.0,9.0,1.0,1.0,0.1,0.30000000000000004,50.0,4,0,19,19,10,12,51
173264,3.0,10.0,3.0,9.0,1.0,1.0,0.1,0.30000000000000004,50.0,5,0,19,19,10,12,50
173264,3.0,10.0,3.0,9.0,1.0,1.0,0.1,0.30000000000000004,50.0,6,0,18,16,6,7,41
173264,3.0,10.0,3.0,9.0,1.0,1.0,0.1,0.30000000000000004,50.0,7,0,18,14,3,3,35
173264,3.0,10.0,3.0,9.0,1.0,1.0,0.1,0.30000000000000004,50.0,8,0,16,11,3,2,30
173264,3.0,10.0,3.0,9.0,1.0,1.0,0.1,0.30000000000000004,50.0,9,0,10,9,2,1,21
173264,3.0,10.0,3.0,9.0,1.0,1.0,0.1,0.30000000000000004,50.0,10,0,6,6,1,1,13
173264,3.0,10.0,3.0,9.0,1.0,1.0,0.1,0.30000000000000004,50.0,11,0,5,3,0,1,8
173264,3.0,10.0,3.0,9.0,1.0,1.0,0.1,0.30000000000000004,50.0,12,0,4,1,0,1,5
173264,3.0,10.0,3.0,9.0,1.0,1.0,0.1,0.30000000000000004,50.0,13,0,2,0,0,1,2
173264,3.0,10.0,3.0,9.0,1.0,1.0,0.1,0.30000000000000004,50.0,14,40.0,2,0,0,1,2
173264,3.0,10.0,3.0,9.0,1.0,1.0,0.1,0.30000000000000004,50.0,15,50.0,1,0,0,1,1
173264,3.0,10.0,3.0,9.0,1.0,1.0,0.1,0.30000000000000004,50.0,16,32.5,1,0,0,1,1
173264,3.0,10.0,3.0,9.0,1.0,1.0,0.1,0.30000000000000004,50.0,17,10.625,1,0,0,1,1
173264,3.0,10.0,3.0,9.0,1.0,1.0,0.1,0.30000000000000004,50.0,18,0,1,0,0,0,1