Exp Num,agent:svo_convergence_factor,agent:params:metabolism,agent:params:consumption_factor,agent:params:procreate_cost_factor,agent:params:procreate_req_factor,agent:params:start_energy_factor,agent:params:caught_chance,agent:params:caught_cooldown_factor,agent:params:maximum_age,Epoch,Resource,A,B,C,D,E
117557,2.0,15.0,1.0,9.0,2.0,2.0,0.30000000000000004,0.2,30.0,0,3500.0,14,35,9,25,75
117557,2.0,15.0,1.0,9.0,2.0,2.0,0.30000000000000004,0.2,30.0,1,2965.0,14,35,9,25,75
117557,2.0,15.0,1.0,9.0,2.0,2.0,0.30000000000000004,0.2,30.0,2,2731.25,14,35,9,25,75
117557,2.0,15.0,1.0,9.0,2.0,2.0,0.30000000000000004,0.2,30.0,3,2529.0625,12,30,9,23,68
117557,2.0,15.0,1.0,9.0,2.0,2.0,0.30000000000000004,0.2,30.0,4,2186.328125,8,25,8,23,58
117557,2.0,15.0,1.0,9.0,2.0,2.0,0.30000000000000004,0.2,30.0,5,1832.91015625,7,24,8,23,56
117557,2.0,15.0,1.0,9.0,2.0,2.0,0.30000000000000004,0.2,30.0,6,1421.1376953125,5,20,8,22,50
117557,2.0,15.0,1.0,9.0,2.0,2.0,0.30000000000000004,0.2,30.0,7,846.422119140625,4,17,8,22,46
117557,2.0,15.0,1.0,9.0,2.0,2.0,0.30000000000000004,0.2,30.0,8,113.02764892578125,4,16,8,22,45
117557,2.0,15.0,1.0,9.0,2.0,2.0,0.30000000000000004,0.2,30.0,9,0,1,10,5,10,28
117557,2.0,15.0,1.0,9.0,2.0,2.0,0.30000000000000004,0.2,30.0,10,0,0,3,2,6,13
117557,2.0,15.0,1.0,9.0,2.0,2.0,0.30000000000000004,0.2,30.0,11,0,0,2,2,2,7
117557,2.0,15.0,1.0,9.0,2.0,2.0,0.30000000000000004,0.2,30.0,12,0,0,1,2,2,3
117557,2.0,15.0,1.0,9.0,2.0,2.0,0.30000000000000004,0.2,30.0,13,0,0,0,1,1,1
117557,2.0,15.0,1.0,9.0,2.0,2.0,0.30000000000000004,0.2,30.0,14,0,0,0,0,1,0