Exp Num,agent:svo_convergence_factor,agent:params:metabolism,agent:params:consumption_factor,agent:params:procreate_cost_factor,agent:params:procreate_req_factor,agent:params:start_energy_factor,agent:params:caught_chance,agent:params:caught_cooldown_factor,agent:params:maximum_age,Epoch,Resource,A,B,C,D,E
112414,2.0,10.0,4.0,9.0,3.0,3.0,0.2,0.30000000000000004,50.0,0,3080.0,18,35,7,27,73
112414,2.0,10.0,4.0,9.0,3.0,3.0,0.2,0.30000000000000004,50.0,1,2250.0,18,35,7,27,73
112414,2.0,10.0,4.0,9.0,3.0,3.0,0.2,0.30000000000000004,50.0,2,1052.5,16,30,6,23,65
112414,2.0,10.0,4.0,9.0,3.0,3.0,0.2,0.30000000000000004,50.0,3,0,15,30,6,21,64
112414,2.0,10.0,4.0,9.0,3.0,3.0,0.2,0.30000000000000004,50.0,4,0,15,30,6,21,64
112414,2.0,10.0,4.0,9.0,3.0,3.0,0.2,0.30000000000000004,50.0,5,0,15,30,6,21,64
112414,2.0,10.0,4.0,9.0,3.0,3.0,0.2,0.30000000000000004,50.0,6,0,14,24,6,12,51
112414,2.0,10.0,4.0,9.0,3.0,3.0,0.2,0.30000000000000004,50.0,7,0,14,21,6,7,44
112414,2.0,10.0,4.0,9.0,3.0,3.0,0.2,0.30000000000000004,50.0,8,0,13,21,5,5,42
112414,2.0,10.0,4.0,9.0,3.0,3.0,0.2,0.30000000000000004,50.0,9,0,13,21,4,5,41
112414,2.0,10.0,4.0,9.0,3.0,3.0,0.2,0.30000000000000004,50.0,10,0,13,15,4,5,34
112414,2.0,10.0,4.0,9.0,3.0,3.0,0.2,0.30000000000000004,50.0,11,0,12,14,3,2,29
112414,2.0,10.0,4.0,9.0,3.0,3.0,0.2,0.30000000000000004,50.0,12,0,11,11,2,2,24
112414,2.0,10.0,4.0,9.0,3.0,3.0,0.2,0.30000000000000004,50.0,13,0,10,11,1,2,22
112414,2.0,10.0,4.0,9.0,3.0,3.0,0.2,0.30000000000000004,50.0,14,20.0,8,11,0,2,19
112414,2.0,10.0,4.0,9.0,3.0,3.0,0.2,0.30000000000000004,50.0,15,0,7,8,0,2,15
112414,2.0,10.0,4.0,9.0,3.0,3.0,0.2,0.30000000000000004,50.0,16,0,7,7,0,0,14
112414,2.0,10.0,4.0,9.0,3.0,3.0,0.2,0.30000000000000004,50.0,17,0,7,6,0,0,13
112414,2.0,10.0,4.0,9.0,3.0,3.0,0.2,0.30000000000000004,50.0,18,0,6,3,0,0,9
112414,2.0,10.0,4.0,9.0,3.0,3.0,0.2,0.30000000000000004,50.0,19,0,6,1,0,0,7
112414,2.0,10.0,4.0,9.0,3.0,3.0,0.2,0.30000000000000004,50.0,20,0,4,1,0,0,5
112414,2.0,10.0,4.0,9.0,3.0,3.0,0.2,0.30000000000000004,50.0,21,0,2,1,0,0,3
112414,2.0,10.0,4.0,9.0,3.0,3.0,0.2,0.30000000000000004,50.0,22,0,1,0,0,0,1