Exp Num,agent:svo_convergence_factor,agent:params:metabolism,agent:params:consumption_factor,agent:params:procreate_cost_factor,agent:params:procreate_req_factor,agent:params:start_energy_factor,agent:params:caught_chance,agent:params:caught_cooldown_factor,agent:params:maximum_age,Epoch,Resource,A,B,C,D,E
102372,2.0,10.0,3.0,1.0,3.0,3.0,0.5,0.5,30.0,0,4370.0,21,23,12,32,78
102372,2.0,10.0,3.0,1.0,3.0,3.0,0.5,0.5,30.0,1,4922.5,26,27,15,36,90
102372,2.0,10.0,3.0,1.0,3.0,3.0,0.5,0.5,30.0,2,4803.125,17,25,16,38,87
102372,2.0,10.0,3.0,1.0,3.0,3.0,0.5,0.5,30.0,3,5073.90625,13,22,17,43,82
102372,2.0,10.0,3.0,1.0,3.0,3.0,0.5,0.5,30.0,4,4512.3828125,10,22,23,53,91
102372,2.0,10.0,3.0,1.0,3.0,3.0,0.5,0.5,30.0,5,4410.478515625,10,26,27,56,101
102372,2.0,10.0,3.0,1.0,3.0,3.0,0.5,0.5,30.0,6,3503.09814453125,12,25,31,66,114
102372,2.0,10.0,3.0,1.0,3.0,3.0,0.5,0.5,30.0,7,2908.8726806640625,10,23,35,73,116
102372,2.0,10.0,3.0,1.0,3.0,3.0,0.5,0.5,30.0,8,1356.0908508300781,9,19,41,88,125
102372,2.0,10.0,3.0,1.0,3.0,3.0,0.5,0.5,30.0,9,0,8,15,45,100,122
102372,2.0,10.0,3.0,1.0,3.0,3.0,0.5,0.5,30.0,10,0,4,10,31,73,77
102372,2.0,10.0,3.0,1.0,3.0,3.0,0.5,0.5,30.0,11,0,2,5,21,40,47
102372,2.0,10.0,3.0,1.0,3.0,3.0,0.5,0.5,30.0,12,0,1,1,16,24,26
102372,2.0,10.0,3.0,1.0,3.0,3.0,0.5,0.5,30.0,13,0,1,0,8,14,15
102372,2.0,10.0,3.0,1.0,3.0,3.0,0.5,0.5,30.0,14,0,1,0,4,8,9
102372,2.0,10.0,3.0,1.0,3.0,3.0,0.5,0.5,30.0,15,0,1,0,0,6,4
102372,2.0,10.0,3.0,1.0,3.0,3.0,0.5,0.5,30.0,16,0,1,0,0,4,1
102372,2.0,10.0,3.0,1.0,3.0,3.0,0.5,0.5,30.0,17,0,1,0,0,2,1
102372,2.0,10.0,3.0,1.0,3.0,3.0,0.5,0.5,30.0,18,0,1,0,0,1,1
102372,2.0,10.0,3.0,1.0,3.0,3.0,0.5,0.5,30.0,19,0,0,0,0,1,0