Exp Num,agent:svo_convergence_factor,agent:params:metabolism,agent:params:consumption_factor,agent:params:procreate_cost_factor,agent:params:procreate_req_factor,agent:params:start_energy_factor,agent:params:caught_chance,agent:params:caught_cooldown_factor,agent:params:maximum_age,Epoch,Resource,A,B,C,D,E
174664,3.0,10.0,4.0,1.0,1.0,3.0,0.2,0.30000000000000004,50.0,0,3280.0,31,52,23,28,122
174664,3.0,10.0,4.0,1.0,1.0,3.0,0.2,0.30000000000000004,50.0,1,420.0,40,72,37,40,167
174664,3.0,10.0,4.0,1.0,1.0,3.0,0.2,0.30000000000000004,50.0,2,0,54,93,47,48,212
174664,3.0,10.0,4.0,1.0,1.0,3.0,0.2,0.30000000000000004,50.0,3,0,61,84,50,37,205
174664,3.0,10.0,4.0,1.0,1.0,3.0,0.2,0.30000000000000004,50.0,4,0,63,75,43,20,185
174664,3.0,10.0,4.0,1.0,1.0,3.0,0.2,0.30000000000000004,50.0,5,0,43,70,37,15,152
174664,3.0,10.0,4.0,1.0,1.0,3.0,0.2,0.30000000000000004,50.0,6,0,32,53,27,11,112
174664,3.0,10.0,4.0,1.0,1.0,3.0,0.2,0.30000000000000004,50.0,7,0,29,41,14,4,84
174664,3.0,10.0,4.0,1.0,1.0,3.0,0.2,0.30000000000000004,50.0,8,0,23,25,11,3,59
174664,3.0,10.0,4.0,1.0,1.0,3.0,0.2,0.30000000000000004,50.0,9,0,20,19,8,2,47
174664,3.0,10.0,4.0,1.0,1.0,3.0,0.2,0.30000000000000004,50.0,10,0,11,15,4,1,31
174664,3.0,10.0,4.0,1.0,1.0,3.0,0.2,0.30000000000000004,50.0,11,0,10,10,3,0,24
174664,3.0,10.0,4.0,1.0,1.0,3.0,0.2,0.30000000000000004,50.0,12,0,6,10,3,0,20
174664,3.0,10.0,4.0,1.0,1.0,3.0,0.2,0.30000000000000004,50.0,13,0,3,8,3,0,14
174664,3.0,10.0,4.0,1.0,1.0,3.0,0.2,0.30000000000000004,50.0,14,0,2,5,2,0,9
174664,3.0,10.0,4.0,1.0,1.0,3.0,0.2,0.30000000000000004,50.0,15,0,2,4,2,0,8
174664,3.0,10.0,4.0,1.0,1.0,3.0,0.2,0.30000000000000004,50.0,16,0,1,4,1,0,6
174664,3.0,10.0,4.0,1.0,1.0,3.0,0.2,0.30000000000000004,50.0,17,0,1,2,2,0,5
174664,3.0,10.0,4.0,1.0,1.0,3.0,0.2,0.30000000000000004,50.0,18,0,0,1,1,0,2
174664,3.0,10.0,4.0,1.0,1.0,3.0,0.2,0.30000000000000004,50.0,19,0,0,0,1,0,1