Exp Num,agent:svo_convergence_factor,agent:params:metabolism,agent:params:consumption_factor,agent:params:procreate_cost_factor,agent:params:procreate_req_factor,agent:params:start_energy_factor,agent:params:caught_chance,agent:params:caught_cooldown_factor,agent:params:maximum_age,Epoch,Resource,A,B,C,D,E
163430,3.0,10.0,2.0,1.0,1.0,3.0,0.30000000000000004,0.2,10.0,0,3600.0,41,34,15,33,117
163430,3.0,10.0,2.0,1.0,1.0,3.0,0.30000000000000004,0.2,10.0,1,3340.0,54,47,31,45,168
163430,3.0,10.0,2.0,1.0,1.0,3.0,0.30000000000000004,0.2,10.0,2,2155.0,57,62,50,57,216
163430,3.0,10.0,2.0,1.0,1.0,3.0,0.30000000000000004,0.2,10.0,3,0,57,82,67,77,260
163430,3.0,10.0,2.0,1.0,1.0,3.0,0.30000000000000004,0.2,10.0,4,0,50,75,59,52,218
163430,3.0,10.0,2.0,1.0,1.0,3.0,0.30000000000000004,0.2,10.0,5,0,37,50,50,40,157
163430,3.0,10.0,2.0,1.0,1.0,3.0,0.30000000000000004,0.2,10.0,6,0,29,35,45,22,118
163430,3.0,10.0,2.0,1.0,1.0,3.0,0.30000000000000004,0.2,10.0,7,0,23,24,34,19,85
163430,3.0,10.0,2.0,1.0,1.0,3.0,0.30000000000000004,0.2,10.0,8,0,14,22,22,15,61
163430,3.0,10.0,2.0,1.0,1.0,3.0,0.30000000000000004,0.2,10.0,9,0,12,15,16,10,44
163430,3.0,10.0,2.0,1.0,1.0,3.0,0.30000000000000004,0.2,10.0,10,0,5,15,10,7,30
163430,3.0,10.0,2.0,1.0,1.0,3.0,0.30000000000000004,0.2,10.0,11,0,1,14,7,6,22
163430,3.0,10.0,2.0,1.0,1.0,3.0,0.30000000000000004,0.2,10.0,12,0,1,9,4,4,14
163430,3.0,10.0,2.0,1.0,1.0,3.0,0.30000000000000004,0.2,10.0,13,0,0,7,3,3,10
163430,3.0,10.0,2.0,1.0,1.0,3.0,0.30000000000000004,0.2,10.0,14,0,0,4,3,4,7
163430,3.0,10.0,2.0,1.0,1.0,3.0,0.30000000000000004,0.2,10.0,15,0,0,1,2,3,3
163430,3.0,10.0,2.0,1.0,1.0,3.0,0.30000000000000004,0.2,10.0,16,0,0,1,0,4,1
163430,3.0,10.0,2.0,1.0,1.0,3.0,0.30000000000000004,0.2,10.0,17,0,0,1,0,2,1
163430,3.0,10.0,2.0,1.0,1.0,3.0,0.30000000000000004,0.2,10.0,18,0,0,1,0,0,1