Exp Num,agent:svo_convergence_factor,agent:params:metabolism,agent:params:consumption_factor,agent:params:procreate_cost_factor,agent:params:procreate_req_factor,agent:params:start_energy_factor,agent:params:caught_chance,agent:params:caught_cooldown_factor,agent:params:maximum_age,Epoch,Resource,A,B,C,D,E
183571,3.0,15.0,1.0,7.0,1.0,2.0,0.30000000000000004,0.5,20.0,0,3500.0,18,22,12,37,63
183571,3.0,15.0,1.0,7.0,1.0,2.0,0.30000000000000004,0.5,20.0,1,2965.0,18,22,12,37,63
183571,3.0,15.0,1.0,7.0,1.0,2.0,0.30000000000000004,0.5,20.0,2,2686.25,18,22,12,37,63
183571,3.0,15.0,1.0,7.0,1.0,2.0,0.30000000000000004,0.5,20.0,3,2472.8125,17,18,12,35,58
183571,3.0,15.0,1.0,7.0,1.0,2.0,0.30000000000000004,0.5,20.0,4,2071.015625,15,18,10,32,54
183571,3.0,15.0,1.0,7.0,1.0,2.0,0.30000000000000004,0.5,20.0,5,1538.76953125,13,16,10,32,50
183571,3.0,15.0,1.0,7.0,1.0,2.0,0.30000000000000004,0.5,20.0,6,843.4619140625,10,16,10,32,47
183571,3.0,15.0,1.0,7.0,1.0,2.0,0.30000000000000004,0.5,20.0,7,0,10,15,9,30,45
183571,3.0,15.0,1.0,7.0,1.0,2.0,0.30000000000000004,0.5,20.0,8,0,7,7,7,17,23
183571,3.0,15.0,1.0,7.0,1.0,2.0,0.30000000000000004,0.5,20.0,9,0,4,3,4,10,11
183571,3.0,15.0,1.0,7.0,1.0,2.0,0.30000000000000004,0.5,20.0,10,0,3,2,2,4,7
183571,3.0,15.0,1.0,7.0,1.0,2.0,0.30000000000000004,0.5,20.0,11,0,1,1,1,2,3
183571,3.0,15.0,1.0,7.0,1.0,2.0,0.30000000000000004,0.5,20.0,12,0,1,0,1,0,2
183571,3.0,15.0,1.0,7.0,1.0,2.0,0.30000000000000004,0.5,20.0,13,0,0,0,1,0,1