Exp Num,agent:svo_convergence_factor,agent:params:metabolism,agent:params:consumption_factor,agent:params:procreate_cost_factor,agent:params:procreate_req_factor,agent:params:start_energy_factor,agent:params:caught_chance,agent:params:caught_cooldown_factor,agent:params:maximum_age,Epoch,Resource,A,B,C,D,E
163338,3.0,10.0,2.0,1.0,1.0,2.0,0.4,0.30000000000000004,40.0,0,3780.0,19,47,21,43,107
163338,3.0,10.0,2.0,1.0,1.0,2.0,0.4,0.30000000000000004,40.0,1,3485.0,17,66,33,59,140
163338,3.0,10.0,2.0,1.0,1.0,2.0,0.4,0.30000000000000004,40.0,2,2396.25,16,93,49,76,188
163338,3.0,10.0,2.0,1.0,1.0,2.0,0.4,0.30000000000000004,40.0,3,255.3125,16,106,82,97,245
163338,3.0,10.0,2.0,1.0,1.0,2.0,0.4,0.30000000000000004,40.0,4,0,12,89,83,80,215
163338,3.0,10.0,2.0,1.0,1.0,2.0,0.4,0.30000000000000004,40.0,5,0,9,60,73,52,162
163338,3.0,10.0,2.0,1.0,1.0,2.0,0.4,0.30000000000000004,40.0,6,0,8,43,60,34,127
163338,3.0,10.0,2.0,1.0,1.0,2.0,0.4,0.30000000000000004,40.0,7,0,4,32,41,22,86
163338,3.0,10.0,2.0,1.0,1.0,2.0,0.4,0.30000000000000004,40.0,8,0,4,18,33,16,60
163338,3.0,10.0,2.0,1.0,1.0,2.0,0.4,0.30000000000000004,40.0,9,0,3,15,19,12,40
163338,3.0,10.0,2.0,1.0,1.0,2.0,0.4,0.30000000000000004,40.0,10,0,1,7,17,9,27
163338,3.0,10.0,2.0,1.0,1.0,2.0,0.4,0.30000000000000004,40.0,11,0,2,2,12,8,18
163338,3.0,10.0,2.0,1.0,1.0,2.0,0.4,0.30000000000000004,40.0,12,0,1,1,7,5,10
163338,3.0,10.0,2.0,1.0,1.0,2.0,0.4,0.30000000000000004,40.0,13,0,0,1,5,5,7
163338,3.0,10.0,2.0,1.0,1.0,2.0,0.4,0.30000000000000004,40.0,14,0,0,0,5,3,5
163338,3.0,10.0,2.0,1.0,1.0,2.0,0.4,0.30000000000000004,40.0,15,20.0,0,0,6,4,6
163338,3.0,10.0,2.0,1.0,1.0,2.0,0.4,0.30000000000000004,40.0,16,0,0,0,4,5,4
163338,3.0,10.0,2.0,1.0,1.0,2.0,0.4,0.30000000000000004,40.0,17,0,0,0,2,3,2
163338,3.0,10.0,2.0,1.0,1.0,2.0,0.4,0.30000000000000004,40.0,18,0,0,0,1,2,1
163338,3.0,10.0,2.0,1.0,1.0,2.0,0.4,0.30000000000000004,40.0,19,0,0,0,0,1,0