Exp Num,agent:svo_convergence_factor,agent:params:metabolism,agent:params:consumption_factor,agent:params:procreate_cost_factor,agent:params:procreate_req_factor,agent:params:start_energy_factor,agent:params:caught_chance,agent:params:caught_cooldown_factor,agent:params:maximum_age,Epoch,Resource,A,B,C,D,E
153772,3.0,5.0,4.0,3.0,3.0,1.0,0.1,0.5,30.0,0,3000.0,16,28,9,27,73
153772,3.0,5.0,4.0,3.0,3.0,1.0,0.1,0.5,30.0,1,2850.0,16,28,9,27,73
153772,3.0,5.0,4.0,3.0,3.0,1.0,0.1,0.5,30.0,2,2962.5,19,33,10,27,83
153772,3.0,5.0,4.0,3.0,3.0,1.0,0.1,0.5,30.0,3,3003.125,27,37,12,27,98
153772,3.0,5.0,4.0,3.0,3.0,1.0,0.1,0.5,30.0,4,2493.90625,29,41,13,26,105
153772,3.0,5.0,4.0,3.0,3.0,1.0,0.1,0.5,30.0,5,2217.3828125,39,45,15,26,121
153772,3.0,5.0,4.0,3.0,3.0,1.0,0.1,0.5,30.0,6,1731.728515625,47,56,16,27,141
153772,3.0,5.0,4.0,3.0,3.0,1.0,0.1,0.5,30.0,7,744.66064453125,62,68,17,28,169
153772,3.0,5.0,4.0,3.0,3.0,1.0,0.1,0.5,30.0,8,0,69,66,13,20,162
153772,3.0,5.0,4.0,3.0,3.0,1.0,0.1,0.5,30.0,9,0,68,62,13,19,153
153772,3.0,5.0,4.0,3.0,3.0,1.0,0.1,0.5,30.0,10,0,65,57,12,18,143
153772,3.0,5.0,4.0,3.0,3.0,1.0,0.1,0.5,30.0,11,0,64,55,12,18,140
153772,3.0,5.0,4.0,3.0,3.0,1.0,0.1,0.5,30.0,12,0,60,51,11,8,127
153772,3.0,5.0,4.0,3.0,3.0,1.0,0.1,0.5,30.0,13,0,49,41,7,5,101
153772,3.0,5.0,4.0,3.0,3.0,1.0,0.1,0.5,30.0,14,0,34,23,6,3,65
153772,3.0,5.0,4.0,3.0,3.0,1.0,0.1,0.5,30.0,15,0,23,13,4,2,40
153772,3.0,5.0,4.0,3.0,3.0,1.0,0.1,0.5,30.0,16,0,12,8,4,2,24
153772,3.0,5.0,4.0,3.0,3.0,1.0,0.1,0.5,30.0,17,0,7,3,2,2,12
153772,3.0,5.0,4.0,3.0,3.0,1.0,0.1,0.5,30.0,18,0,5,1,1,2,7
153772,3.0,5.0,4.0,3.0,3.0,1.0,0.1,0.5,30.0,19,0,5,0,1,2,6
153772,3.0,5.0,4.0,3.0,3.0,1.0,0.1,0.5,30.0,20,0,4,0,1,1,5
153772,3.0,5.0,4.0,3.0,3.0,1.0,0.1,0.5,30.0,21,0,3,0,1,1,4
153772,3.0,5.0,4.0,3.0,3.0,1.0,0.1,0.5,30.0,22,0,3,0,1,1,4
153772,3.0,5.0,4.0,3.0,3.0,1.0,0.1,0.5,30.0,23,0,3,0,1,0,4
153772,3.0,5.0,4.0,3.0,3.0,1.0,0.1,0.5,30.0,24,0,2,0,0,0,2
153772,3.0,5.0,4.0,3.0,3.0,1.0,0.1,0.5,30.0,25,0,1,0,0,0,1