Exp Num,agent:svo_convergence_factor,agent:params:metabolism,agent:params:consumption_factor,agent:params:procreate_cost_factor,agent:params:procreate_req_factor,agent:params:start_energy_factor,agent:params:caught_chance,agent:params:caught_cooldown_factor,agent:params:maximum_age,Epoch,Resource,A,B,C,D,E
140945,3.0,5.0,2.0,1.0,1.0,3.0,0.30000000000000004,0.5,10.0,0,4000.0,24,41,26,33,117
140945,3.0,5.0,2.0,1.0,1.0,3.0,0.30000000000000004,0.5,10.0,1,3500.0,31,61,50,49,176
140945,3.0,5.0,2.0,1.0,1.0,3.0,0.30000000000000004,0.5,10.0,2,3545.0,43,92,89,72,265
140945,3.0,5.0,2.0,1.0,1.0,3.0,0.30000000000000004,0.5,10.0,3,2741.25,50,115,121,99,336
140945,3.0,5.0,2.0,1.0,1.0,3.0,0.30000000000000004,0.5,10.0,4,866.5625,59,161,175,137,469
140945,3.0,5.0,2.0,1.0,1.0,3.0,0.30000000000000004,0.5,10.0,5,0,58,170,183,119,472
140945,3.0,5.0,2.0,1.0,1.0,3.0,0.30000000000000004,0.5,10.0,6,0,42,133,139,95,345
140945,3.0,5.0,2.0,1.0,1.0,3.0,0.30000000000000004,0.5,10.0,7,0,28,107,111,79,265
140945,3.0,5.0,2.0,1.0,1.0,3.0,0.30000000000000004,0.5,10.0,8,0,19,75,77,55,185
140945,3.0,5.0,2.0,1.0,1.0,3.0,0.30000000000000004,0.5,10.0,9,0,10,66,51,32,140
140945,3.0,5.0,2.0,1.0,1.0,3.0,0.30000000000000004,0.5,10.0,10,0,5,48,42,21,101
140945,3.0,5.0,2.0,1.0,1.0,3.0,0.30000000000000004,0.5,10.0,11,0,5,30,39,8,79
140945,3.0,5.0,2.0,1.0,1.0,3.0,0.30000000000000004,0.5,10.0,12,0,2,23,30,4,57
140945,3.0,5.0,2.0,1.0,1.0,3.0,0.30000000000000004,0.5,10.0,13,0,2,17,22,1,41
140945,3.0,5.0,2.0,1.0,1.0,3.0,0.30000000000000004,0.5,10.0,14,0,0,11,15,1,26
140945,3.0,5.0,2.0,1.0,1.0,3.0,0.30000000000000004,0.5,10.0,15,0,0,9,12,0,21
140945,3.0,5.0,2.0,1.0,1.0,3.0,0.30000000000000004,0.5,10.0,16,0,0,12,11,0,23
140945,3.0,5.0,2.0,1.0,1.0,3.0,0.30000000000000004,0.5,10.0,17,0,0,9,10,0,19
140945,3.0,5.0,2.0,1.0,1.0,3.0,0.30000000000000004,0.5,10.0,18,0,0,6,6,0,12
140945,3.0,5.0,2.0,1.0,1.0,3.0,0.30000000000000004,0.5,10.0,19,0,0,5,5,0,10
140945,3.0,5.0,2.0,1.0,1.0,3.0,0.30000000000000004,0.5,10.0,20,0,0,3,2,0,5
140945,3.0,5.0,2.0,1.0,1.0,3.0,0.30000000000000004,0.5,10.0,21,0,0,1,2,0,3
140945,3.0,5.0,2.0,1.0,1.0,3.0,0.30000000000000004,0.5,10.0,22,0,0,1,1,0,2
140945,3.0,5.0,2.0,1.0,1.0,3.0,0.30000000000000004,0.5,10.0,23,0,0,0,1,0,1