Exp Num,agent:svo_convergence_factor,agent:params:metabolism,agent:params:consumption_factor,agent:params:procreate_cost_factor,agent:params:procreate_req_factor,agent:params:start_energy_factor,agent:params:caught_chance,agent:params:caught_cooldown_factor,agent:params:maximum_age,Epoch,Resource,A,B,C,D,E
173716,3.0,10.0,3.0,9.0,2.0,1.0,0.4,0.4,20.0,0,2000.0,17,30,11,21,79
173716,3.0,10.0,3.0,9.0,2.0,1.0,0.4,0.4,20.0,1,1570.0,17,30,11,21,79
173716,3.0,10.0,3.0,9.0,2.0,1.0,0.4,0.4,20.0,2,1272.5,17,30,11,21,79
173716,3.0,10.0,3.0,9.0,2.0,1.0,0.4,0.4,20.0,3,690.625,9,22,7,18,59
173716,3.0,10.0,3.0,9.0,2.0,1.0,0.4,0.4,20.0,4,173.28125,8,19,7,17,55
173716,3.0,10.0,3.0,9.0,2.0,1.0,0.4,0.4,20.0,5,0,8,19,7,17,54
173716,3.0,10.0,3.0,9.0,2.0,1.0,0.4,0.4,20.0,6,0,6,15,6,13,37
173716,3.0,10.0,3.0,9.0,2.0,1.0,0.4,0.4,20.0,7,0,5,14,5,4,29
173716,3.0,10.0,3.0,9.0,2.0,1.0,0.4,0.4,20.0,8,0,4,13,5,3,24
173716,3.0,10.0,3.0,9.0,2.0,1.0,0.4,0.4,20.0,9,0,4,12,5,3,23
173716,3.0,10.0,3.0,9.0,2.0,1.0,0.4,0.4,20.0,10,0,4,10,4,2,19
173716,3.0,10.0,3.0,9.0,2.0,1.0,0.4,0.4,20.0,11,0,4,8,2,2,14
173716,3.0,10.0,3.0,9.0,2.0,1.0,0.4,0.4,20.0,12,0,3,7,2,2,12
173716,3.0,10.0,3.0,9.0,2.0,1.0,0.4,0.4,20.0,13,0,2,4,1,2,7
173716,3.0,10.0,3.0,9.0,2.0,1.0,0.4,0.4,20.0,14,0,2,3,1,1,6
173716,3.0,10.0,3.0,9.0,2.0,1.0,0.4,0.4,20.0,15,0,2,2,1,0,5
173716,3.0,10.0,3.0,9.0,2.0,1.0,0.4,0.4,20.0,16,70.0,1,2,1,0,4
173716,3.0,10.0,3.0,9.0,2.0,1.0,0.4,0.4,20.0,17,87.5,1,2,1,0,4
173716,3.0,10.0,3.0,9.0,2.0,1.0,0.4,0.4,20.0,18,109.375,1,0,1,0,2
173716,3.0,10.0,3.0,9.0,2.0,1.0,0.4,0.4,20.0,19,106.71875,1,0,1,0,2
173716,3.0,10.0,3.0,9.0,2.0,1.0,0.4,0.4,20.0,20,133.3984375,1,0,1,0,2
173716,3.0,10.0,3.0,9.0,2.0,1.0,0.4,0.4,20.0,21,166.748046875,0,0,1,0,1