Exp Num,agent:svo_convergence_factor,agent:params:metabolism,agent:params:consumption_factor,agent:params:procreate_cost_factor,agent:params:procreate_req_factor,agent:params:start_energy_factor,agent:params:caught_chance,agent:params:caught_cooldown_factor,agent:params:maximum_age,Epoch,Resource,A,B,C,D,E
198386,3.0,15.0,4.0,3.0,2.0,1.0,0.1,0.30000000000000004,20.0,0,0,14,31,6,29,62
198386,3.0,15.0,4.0,3.0,2.0,1.0,0.1,0.30000000000000004,20.0,1,0,13,29,5,26,58
198386,3.0,15.0,4.0,3.0,2.0,1.0,0.1,0.30000000000000004,20.0,2,0,13,28,5,26,57
198386,3.0,15.0,4.0,3.0,2.0,1.0,0.1,0.30000000000000004,20.0,3,0,13,28,5,26,57
198386,3.0,15.0,4.0,3.0,2.0,1.0,0.1,0.30000000000000004,20.0,4,0,4,17,3,13,30
198386,3.0,15.0,4.0,3.0,2.0,1.0,0.1,0.30000000000000004,20.0,5,0,2,9,0,9,13
198386,3.0,15.0,4.0,3.0,2.0,1.0,0.1,0.30000000000000004,20.0,6,0,1,5,0,5,7
198386,3.0,15.0,4.0,3.0,2.0,1.0,0.1,0.30000000000000004,20.0,7,0,1,3,0,2,4
198386,3.0,15.0,4.0,3.0,2.0,1.0,0.1,0.30000000000000004,20.0,8,0,1,1,0,1,2
198386,3.0,15.0,4.0,3.0,2.0,1.0,0.1,0.30000000000000004,20.0,9,0,0,0,0,1,0