Exp Num,agent:svo_convergence_factor,agent:params:metabolism,agent:params:consumption_factor,agent:params:procreate_cost_factor,agent:params:procreate_req_factor,agent:params:start_energy_factor,agent:params:caught_chance,agent:params:caught_cooldown_factor,agent:params:maximum_age,Epoch,Resource,A,B,C,D,E
19306,1.0,5.0,4.0,5.0,1.0,2.0,0.30000000000000004,0.2,20.0,0,3720.0,13,36,20,35,97
19306,1.0,5.0,4.0,5.0,1.0,2.0,0.30000000000000004,0.2,20.0,1,2830.0,12,36,24,37,101
19306,1.0,5.0,4.0,5.0,1.0,2.0,0.30000000000000004,0.2,20.0,2,2517.5,12,46,36,41,123
19306,1.0,5.0,4.0,5.0,1.0,2.0,0.30000000000000004,0.2,20.0,3,2006.875,12,58,51,44,150
19306,1.0,5.0,4.0,5.0,1.0,2.0,0.30000000000000004,0.2,20.0,4,908.59375,8,65,67,43,168
19306,1.0,5.0,4.0,5.0,1.0,2.0,0.30000000000000004,0.2,20.0,5,0,8,69,84,35,188
19306,1.0,5.0,4.0,5.0,1.0,2.0,0.30000000000000004,0.2,20.0,6,0,4,67,84,31,179
19306,1.0,5.0,4.0,5.0,1.0,2.0,0.30000000000000004,0.2,20.0,7,0,3,62,79,26,165
19306,1.0,5.0,4.0,5.0,1.0,2.0,0.30000000000000004,0.2,20.0,8,0,2,53,69,15,136
19306,1.0,5.0,4.0,5.0,1.0,2.0,0.30000000000000004,0.2,20.0,9,0,1,40,57,7,104
19306,1.0,5.0,4.0,5.0,1.0,2.0,0.30000000000000004,0.2,20.0,10,0,0,31,48,3,80
19306,1.0,5.0,4.0,5.0,1.0,2.0,0.30000000000000004,0.2,20.0,11,0,0,26,38,1,65
19306,1.0,5.0,4.0,5.0,1.0,2.0,0.30000000000000004,0.2,20.0,12,0,0,19,28,0,47
19306,1.0,5.0,4.0,5.0,1.0,2.0,0.30000000000000004,0.2,20.0,13,0,0,14,20,0,34
19306,1.0,5.0,4.0,5.0,1.0,2.0,0.30000000000000004,0.2,20.0,14,0,0,9,13,0,22
19306,1.0,5.0,4.0,5.0,1.0,2.0,0.30000000000000004,0.2,20.0,15,0,0,4,9,0,13
19306,1.0,5.0,4.0,5.0,1.0,2.0,0.30000000000000004,0.2,20.0,16,40.0,0,4,8,0,12
19306,1.0,5.0,4.0,5.0,1.0,2.0,0.30000000000000004,0.2,20.0,17,0,0,1,9,0,10
19306,1.0,5.0,4.0,5.0,1.0,2.0,0.30000000000000004,0.2,20.0,18,0,0,1,7,0,8
19306,1.0,5.0,4.0,5.0,1.0,2.0,0.30000000000000004,0.2,20.0,19,0,0,0,6,0,6
19306,1.0,5.0,4.0,5.0,1.0,2.0,0.30000000000000004,0.2,20.0,20,0,0,0,5,0,5
19306,1.0,5.0,4.0,5.0,1.0,2.0,0.30000000000000004,0.2,20.0,21,0,0,0,4,0,4
19306,1.0,5.0,4.0,5.0,1.0,2.0,0.30000000000000004,0.2,20.0,22,0,0,0,2,0,2
19306,1.0,5.0,4.0,5.0,1.0,2.0,0.30000000000000004,0.2,20.0,23,0,0,0,1,0,1