Exp Num,agent:svo_convergence_factor,agent:params:metabolism,agent:params:consumption_factor,agent:params:procreate_cost_factor,agent:params:procreate_req_factor,agent:params:start_energy_factor,agent:params:caught_chance,agent:params:caught_cooldown_factor,agent:params:maximum_age,Epoch,Resource,A,B,C,D,E
178330,3.0,10.0,4.0,7.0,2.0,2.0,0.4,0.2,10.0,0,3720.0,20,21,15,26,74
178330,3.0,10.0,4.0,7.0,2.0,2.0,0.4,0.2,10.0,1,2330.0,17,18,11,26,63
178330,3.0,10.0,4.0,7.0,2.0,2.0,0.4,0.2,10.0,2,1992.5,16,18,9,26,60
178330,3.0,10.0,4.0,7.0,2.0,2.0,0.4,0.2,10.0,3,1890.625,16,18,9,26,60
178330,3.0,10.0,4.0,7.0,2.0,2.0,0.4,0.2,10.0,4,1723.28125,16,18,9,26,60
178330,3.0,10.0,4.0,7.0,2.0,2.0,0.4,0.2,10.0,5,474.1015625,14,15,9,25,55
178330,3.0,10.0,4.0,7.0,2.0,2.0,0.4,0.2,10.0,6,0,15,15,9,21,54
178330,3.0,10.0,4.0,7.0,2.0,2.0,0.4,0.2,10.0,7,0,15,15,9,21,54
178330,3.0,10.0,4.0,7.0,2.0,2.0,0.4,0.2,10.0,8,0,15,15,9,21,54
178330,3.0,10.0,4.0,7.0,2.0,2.0,0.4,0.2,10.0,9,0,13,11,8,14,37
178330,3.0,10.0,4.0,7.0,2.0,2.0,0.4,0.2,10.0,10,0,7,8,4,9,22
178330,3.0,10.0,4.0,7.0,2.0,2.0,0.4,0.2,10.0,11,0,3,4,3,5,12
178330,3.0,10.0,4.0,7.0,2.0,2.0,0.4,0.2,10.0,12,0,1,3,2,3,6
178330,3.0,10.0,4.0,7.0,2.0,2.0,0.4,0.2,10.0,13,0,1,3,1,1,5
178330,3.0,10.0,4.0,7.0,2.0,2.0,0.4,0.2,10.0,14,0,1,2,1,0,4
178330,3.0,10.0,4.0,7.0,2.0,2.0,0.4,0.2,10.0,15,0,1,0,1,0,2
178330,3.0,10.0,4.0,7.0,2.0,2.0,0.4,0.2,10.0,16,0,1,0,0,0,1