Exp Num,agent:svo_convergence_factor,agent:params:metabolism,agent:params:consumption_factor,agent:params:procreate_cost_factor,agent:params:procreate_req_factor,agent:params:start_energy_factor,agent:params:caught_chance,agent:params:caught_cooldown_factor,agent:params:maximum_age,Epoch,Resource,A,B,C,D,E
174110,3.0,10.0,3.0,9.0,3.0,1.0,0.5,0.30000000000000004,10.0,0,2000.0,25,27,6,26,74
174110,3.0,10.0,3.0,9.0,3.0,1.0,0.5,0.30000000000000004,10.0,1,1720.0,25,27,6,26,74
174110,3.0,10.0,3.0,9.0,3.0,1.0,0.5,0.30000000000000004,10.0,2,1640.0,25,27,6,26,74
174110,3.0,10.0,3.0,9.0,3.0,1.0,0.5,0.30000000000000004,10.0,3,1060.0,19,20,3,20,56
174110,3.0,10.0,3.0,9.0,3.0,1.0,0.5,0.30000000000000004,10.0,4,965.0,13,17,1,20,45
174110,3.0,10.0,3.0,9.0,3.0,1.0,0.5,0.30000000000000004,10.0,5,966.25,13,17,1,19,45
174110,3.0,10.0,3.0,9.0,3.0,1.0,0.5,0.30000000000000004,10.0,6,667.8125,8,14,1,18,36
174110,3.0,10.0,3.0,9.0,3.0,1.0,0.5,0.30000000000000004,10.0,7,504.765625,6,12,1,18,31
174110,3.0,10.0,3.0,9.0,3.0,1.0,0.5,0.30000000000000004,10.0,8,420.95703125,6,12,1,18,30
174110,3.0,10.0,3.0,9.0,3.0,1.0,0.5,0.30000000000000004,10.0,9,196.1962890625,5,12,0,14,28
174110,3.0,10.0,3.0,9.0,3.0,1.0,0.5,0.30000000000000004,10.0,10,65.245361328125,2,10,0,10,19
174110,3.0,10.0,3.0,9.0,3.0,1.0,0.5,0.30000000000000004,10.0,11,0,1,5,0,7,10
174110,3.0,10.0,3.0,9.0,3.0,1.0,0.5,0.30000000000000004,10.0,12,0,1,1,0,3,6
174110,3.0,10.0,3.0,9.0,3.0,1.0,0.5,0.30000000000000004,10.0,13,0,1,0,0,1,4
174110,3.0,10.0,3.0,9.0,3.0,1.0,0.5,0.30000000000000004,10.0,14,0,0,0,0,1,1
174110,3.0,10.0,3.0,9.0,3.0,1.0,0.5,0.30000000000000004,10.0,15,0,0,0,0,0,1