Exp Num,agent:svo_convergence_factor,agent:params:metabolism,agent:params:consumption_factor,agent:params:procreate_cost_factor,agent:params:procreate_req_factor,agent:params:start_energy_factor,agent:params:caught_chance,agent:params:caught_cooldown_factor,agent:params:maximum_age,Epoch,Resource,A,B,C,D,E
14799,1.0,5.0,3.0,7.0,1.0,2.0,0.2,0.5,50.0,0,3500.0,16,25,11,31,69
14799,1.0,5.0,3.0,7.0,1.0,2.0,0.2,0.5,50.0,1,2965.0,16,25,11,31,69
14799,1.0,5.0,3.0,7.0,1.0,2.0,0.2,0.5,50.0,2,2761.25,19,35,18,42,89
14799,1.0,5.0,3.0,7.0,1.0,2.0,0.2,0.5,50.0,3,2161.5625,19,42,25,47,103
14799,1.0,5.0,3.0,7.0,1.0,2.0,0.2,0.5,50.0,4,1771.953125,18,47,35,49,117
14799,1.0,5.0,3.0,7.0,1.0,2.0,0.2,0.5,50.0,5,1284.94140625,18,58,45,50,138
14799,1.0,5.0,3.0,7.0,1.0,2.0,0.2,0.5,50.0,6,331.1767578125,14,62,53,51,146
14799,1.0,5.0,3.0,7.0,1.0,2.0,0.2,0.5,50.0,7,0,10,65,61,47,150
14799,1.0,5.0,3.0,7.0,1.0,2.0,0.2,0.5,50.0,8,0,8,59,61,38,142
14799,1.0,5.0,3.0,7.0,1.0,2.0,0.2,0.5,50.0,9,0,5,47,56,29,115
14799,1.0,5.0,3.0,7.0,1.0,2.0,0.2,0.5,50.0,10,0,4,41,53,16,102
14799,1.0,5.0,3.0,7.0,1.0,2.0,0.2,0.5,50.0,11,0,4,36,51,5,93
14799,1.0,5.0,3.0,7.0,1.0,2.0,0.2,0.5,50.0,12,0,2,27,45,2,75
14799,1.0,5.0,3.0,7.0,1.0,2.0,0.2,0.5,50.0,13,0,2,22,39,2,63
14799,1.0,5.0,3.0,7.0,1.0,2.0,0.2,0.5,50.0,14,0,1,16,35,0,52
14799,1.0,5.0,3.0,7.0,1.0,2.0,0.2,0.5,50.0,15,0,0,9,29,0,38
14799,1.0,5.0,3.0,7.0,1.0,2.0,0.2,0.5,50.0,16,0,0,6,20,0,26
14799,1.0,5.0,3.0,7.0,1.0,2.0,0.2,0.5,50.0,17,0,0,2,16,0,18
14799,1.0,5.0,3.0,7.0,1.0,2.0,0.2,0.5,50.0,18,10.0,0,1,14,0,15
14799,1.0,5.0,3.0,7.0,1.0,2.0,0.2,0.5,50.0,19,0,0,1,10,0,11
14799,1.0,5.0,3.0,7.0,1.0,2.0,0.2,0.5,50.0,20,0,0,1,8,0,9
14799,1.0,5.0,3.0,7.0,1.0,2.0,0.2,0.5,50.0,21,0,0,1,6,0,7
14799,1.0,5.0,3.0,7.0,1.0,2.0,0.2,0.5,50.0,22,0,0,0,5,0,5
14799,1.0,5.0,3.0,7.0,1.0,2.0,0.2,0.5,50.0,23,0,0,0,3,0,3
14799,1.0,5.0,3.0,7.0,1.0,2.0,0.2,0.5,50.0,24,0,0,0,2,0,2
14799,1.0,5.0,3.0,7.0,1.0,2.0,0.2,0.5,50.0,25,0,0,0,2,0,2
14799,1.0,5.0,3.0,7.0,1.0,2.0,0.2,0.5,50.0,26,0,0,0,2,0,2
14799,1.0,5.0,3.0,7.0,1.0,2.0,0.2,0.5,50.0,27,0,0,0,1,0,1