Exp Num,agent:svo_convergence_factor,agent:params:metabolism,agent:params:consumption_factor,agent:params:procreate_cost_factor,agent:params:procreate_req_factor,agent:params:start_energy_factor,agent:params:caught_chance,agent:params:caught_cooldown_factor,agent:params:maximum_age,Epoch,Resource,A,B,C,D,E
146720,3.0,5.0,3.0,1.0,2.0,1.0,0.4,0.5,10.0,0,3500.0,24,35,26,41,109
146720,3.0,5.0,3.0,1.0,2.0,1.0,0.4,0.5,10.0,1,3595.0,31,44,30,44,132
146720,3.0,5.0,3.0,1.0,2.0,1.0,0.4,0.5,10.0,2,3053.75,34,52,45,52,163
146720,3.0,5.0,3.0,1.0,2.0,1.0,0.4,0.5,10.0,3,2767.1875,33,59,58,56,185
146720,3.0,5.0,3.0,1.0,2.0,1.0,0.4,0.5,10.0,4,1943.984375,38,62,76,63,217
146720,3.0,5.0,3.0,1.0,2.0,1.0,0.4,0.5,10.0,5,869.98046875,36,79,89,74,249
146720,3.0,5.0,3.0,1.0,2.0,1.0,0.4,0.5,10.0,6,0,34,80,90,72,238
146720,3.0,5.0,3.0,1.0,2.0,1.0,0.4,0.5,10.0,7,0,31,67,67,50,185
146720,3.0,5.0,3.0,1.0,2.0,1.0,0.4,0.5,10.0,8,0,24,47,40,24,124
146720,3.0,5.0,3.0,1.0,2.0,1.0,0.4,0.5,10.0,9,0,15,33,23,12,77
146720,3.0,5.0,3.0,1.0,2.0,1.0,0.4,0.5,10.0,10,0,10,18,13,6,43
146720,3.0,5.0,3.0,1.0,2.0,1.0,0.4,0.5,10.0,11,0,4,9,10,2,23
146720,3.0,5.0,3.0,1.0,2.0,1.0,0.4,0.5,10.0,12,0,3,2,7,1,12
146720,3.0,5.0,3.0,1.0,2.0,1.0,0.4,0.5,10.0,13,0,0,1,5,0,6
146720,3.0,5.0,3.0,1.0,2.0,1.0,0.4,0.5,10.0,14,0,0,0,3,0,3
146720,3.0,5.0,3.0,1.0,2.0,1.0,0.4,0.5,10.0,15,0,0,0,1,0,1