Exp Num,agent:svo_convergence_factor,agent:params:metabolism,agent:params:consumption_factor,agent:params:procreate_cost_factor,agent:params:procreate_req_factor,agent:params:start_energy_factor,agent:params:caught_chance,agent:params:caught_cooldown_factor,agent:params:maximum_age,Epoch,Resource,A,B,C,D,E
181404,3.0,15.0,1.0,3.0,1.0,3.0,0.2,0.1,50.0,0,3500.0,22,50,26,32,118
181404,3.0,15.0,1.0,3.0,1.0,3.0,0.2,0.1,50.0,1,3100.0,14,35,15,22,77
181404,3.0,15.0,1.0,3.0,1.0,3.0,0.2,0.1,50.0,2,2780.0,15,38,14,20,77
181404,3.0,15.0,1.0,3.0,1.0,3.0,0.2,0.1,50.0,3,2380.0,13,39,14,23,74
181404,3.0,15.0,1.0,3.0,1.0,3.0,0.2,0.1,50.0,4,2180.0,15,39,17,19,78
181404,3.0,15.0,1.0,3.0,1.0,3.0,0.2,0.1,50.0,5,2125.0,15,31,19,15,73
181404,3.0,15.0,1.0,3.0,1.0,3.0,0.2,0.1,50.0,6,2101.25,14,29,19,14,70
181404,3.0,15.0,1.0,3.0,1.0,3.0,0.2,0.1,50.0,7,1981.5625,9,32,20,15,70
181404,3.0,15.0,1.0,3.0,1.0,3.0,0.2,0.1,50.0,8,1861.953125,4,29,17,14,58
181404,3.0,15.0,1.0,3.0,1.0,3.0,0.2,0.1,50.0,9,1712.44140625,3,26,14,14,52
181404,3.0,15.0,1.0,3.0,1.0,3.0,0.2,0.1,50.0,10,1405.5517578125,2,28,13,15,52
181404,3.0,15.0,1.0,3.0,1.0,3.0,0.2,0.1,50.0,11,1096.939697265625,2,27,11,14,50
181404,3.0,15.0,1.0,3.0,1.0,3.0,0.2,0.1,50.0,12,681.1746215820312,2,22,11,14,45
181404,3.0,15.0,1.0,3.0,1.0,3.0,0.2,0.1,50.0,13,86.46827697753906,2,21,12,14,45
181404,3.0,15.0,1.0,3.0,1.0,3.0,0.2,0.1,50.0,14,0,2,12,9,8,29
181404,3.0,15.0,1.0,3.0,1.0,3.0,0.2,0.1,50.0,15,0,0,9,5,5,17
181404,3.0,15.0,1.0,3.0,1.0,3.0,0.2,0.1,50.0,16,0,0,4,3,3,9
181404,3.0,15.0,1.0,3.0,1.0,3.0,0.2,0.1,50.0,17,0,0,3,2,1,6
181404,3.0,15.0,1.0,3.0,1.0,3.0,0.2,0.1,50.0,18,0,0,1,1,1,2
181404,3.0,15.0,1.0,3.0,1.0,3.0,0.2,0.1,50.0,19,0,0,1,1,0,2
181404,3.0,15.0,1.0,3.0,1.0,3.0,0.2,0.1,50.0,20,0,0,1,1,0,2
181404,3.0,15.0,1.0,3.0,1.0,3.0,0.2,0.1,50.0,21,0,0,0,1,0,1