Exp Num,agent:svo_convergence_factor,agent:params:metabolism,agent:params:consumption_factor,agent:params:procreate_cost_factor,agent:params:procreate_req_factor,agent:params:start_energy_factor,agent:params:caught_chance,agent:params:caught_cooldown_factor,agent:params:maximum_age,Epoch,Resource,A,B,C,D,E
191433,3.0,15.0,3.0,1.0,1.0,2.0,0.30000000000000004,0.2,40.0,0,3695.0,19,52,16,40,110
191433,3.0,15.0,3.0,1.0,1.0,2.0,0.30000000000000004,0.2,40.0,1,748.75,23,62,34,48,151
191433,3.0,15.0,3.0,1.0,1.0,2.0,0.30000000000000004,0.2,40.0,2,0,29,60,47,34,158
191433,3.0,15.0,3.0,1.0,1.0,2.0,0.30000000000000004,0.2,40.0,3,0,27,42,44,24,130
191433,3.0,15.0,3.0,1.0,1.0,2.0,0.30000000000000004,0.2,40.0,4,0,29,37,33,16,107
191433,3.0,15.0,3.0,1.0,1.0,2.0,0.30000000000000004,0.2,40.0,5,0,21,25,30,10,81
191433,3.0,15.0,3.0,1.0,1.0,2.0,0.30000000000000004,0.2,40.0,6,0,16,18,23,6,60
191433,3.0,15.0,3.0,1.0,1.0,2.0,0.30000000000000004,0.2,40.0,7,0,9,16,17,3,42
191433,3.0,15.0,3.0,1.0,1.0,2.0,0.30000000000000004,0.2,40.0,8,0,7,12,13,2,32
191433,3.0,15.0,3.0,1.0,1.0,2.0,0.30000000000000004,0.2,40.0,9,0,3,9,7,2,19
191433,3.0,15.0,3.0,1.0,1.0,2.0,0.30000000000000004,0.2,40.0,10,0,2,5,5,2,12
191433,3.0,15.0,3.0,1.0,1.0,2.0,0.30000000000000004,0.2,40.0,11,0,2,2,4,1,8
191433,3.0,15.0,3.0,1.0,1.0,2.0,0.30000000000000004,0.2,40.0,12,0,3,1,3,0,7
191433,3.0,15.0,3.0,1.0,1.0,2.0,0.30000000000000004,0.2,40.0,13,0,3,0,3,0,6
191433,3.0,15.0,3.0,1.0,1.0,2.0,0.30000000000000004,0.2,40.0,14,0,1,0,4,0,5
191433,3.0,15.0,3.0,1.0,1.0,2.0,0.30000000000000004,0.2,40.0,15,0,1,0,2,0,3
191433,3.0,15.0,3.0,1.0,1.0,2.0,0.30000000000000004,0.2,40.0,16,0,0,0,1,0,1