Exp Num,agent:svo_convergence_factor,agent:params:metabolism,agent:params:consumption_factor,agent:params:procreate_cost_factor,agent:params:procreate_req_factor,agent:params:start_energy_factor,agent:params:caught_chance,agent:params:caught_cooldown_factor,agent:params:maximum_age,Epoch,Resource,A,B,C,D,E
185110,3.0,15.0,1.0,9.0,2.0,2.0,0.5,0.30000000000000004,10.0,0,3500.0,18,19,9,35,65
185110,3.0,15.0,1.0,9.0,2.0,2.0,0.5,0.30000000000000004,10.0,1,2965.0,18,19,9,35,65
185110,3.0,15.0,1.0,9.0,2.0,2.0,0.5,0.30000000000000004,10.0,2,2791.25,17,18,9,35,62
185110,3.0,15.0,1.0,9.0,2.0,2.0,0.5,0.30000000000000004,10.0,3,2574.0625,13,16,7,34,52
185110,3.0,15.0,1.0,9.0,2.0,2.0,0.5,0.30000000000000004,10.0,4,2302.578125,11,15,7,32,49
185110,3.0,15.0,1.0,9.0,2.0,2.0,0.5,0.30000000000000004,10.0,5,2008.22265625,8,14,6,31,44
185110,3.0,15.0,1.0,9.0,2.0,2.0,0.5,0.30000000000000004,10.0,6,1640.2783203125,8,12,5,31,41
185110,3.0,15.0,1.0,9.0,2.0,2.0,0.5,0.30000000000000004,10.0,7,1135.347900390625,7,12,5,29,40
185110,3.0,15.0,1.0,9.0,2.0,2.0,0.5,0.30000000000000004,10.0,8,564.1848754882812,5,10,5,29,36
185110,3.0,15.0,1.0,9.0,2.0,2.0,0.5,0.30000000000000004,10.0,9,0,3,7,5,26,30
185110,3.0,15.0,1.0,9.0,2.0,2.0,0.5,0.30000000000000004,10.0,10,0,0,5,2,11,17
185110,3.0,15.0,1.0,9.0,2.0,2.0,0.5,0.30000000000000004,10.0,11,0,0,3,0,5,9
185110,3.0,15.0,1.0,9.0,2.0,2.0,0.5,0.30000000000000004,10.0,12,0,0,3,0,3,4
185110,3.0,15.0,1.0,9.0,2.0,2.0,0.5,0.30000000000000004,10.0,13,0,0,1,0,2,1
185110,3.0,15.0,1.0,9.0,2.0,2.0,0.5,0.30000000000000004,10.0,14,0,0,1,0,0,1