Exp Num,agent:svo_convergence_factor,agent:params:metabolism,agent:params:consumption_factor,agent:params:procreate_cost_factor,agent:params:procreate_req_factor,agent:params:start_energy_factor,agent:params:caught_chance,agent:params:caught_cooldown_factor,agent:params:maximum_age,Epoch,Resource,A,B,C,D,E
116981,2.0,15.0,1.0,7.0,3.0,3.0,0.5,0.2,20.0,0,3500.0,16,31,6,31,69
116981,2.0,15.0,1.0,7.0,3.0,3.0,0.5,0.2,20.0,1,2980.0,16,31,6,31,69
116981,2.0,15.0,1.0,7.0,3.0,3.0,0.5,0.2,20.0,2,2870.0,16,31,6,31,69
116981,2.0,15.0,1.0,7.0,3.0,3.0,0.5,0.2,20.0,3,2807.5,16,28,6,30,66
116981,2.0,15.0,1.0,7.0,3.0,3.0,0.5,0.2,20.0,4,2714.375,14,22,4,27,55
116981,2.0,15.0,1.0,7.0,3.0,3.0,0.5,0.2,20.0,5,2567.96875,11,17,4,25,47
116981,2.0,15.0,1.0,7.0,3.0,3.0,0.5,0.2,20.0,6,2279.9609375,10,16,4,24,45
116981,2.0,15.0,1.0,7.0,3.0,3.0,0.5,0.2,20.0,7,1949.951171875,8,15,3,24,41
116981,2.0,15.0,1.0,7.0,3.0,3.0,0.5,0.2,20.0,8,1642.43896484375,7,15,3,24,40
116981,2.0,15.0,1.0,7.0,3.0,3.0,0.5,0.2,20.0,9,1513.0487060546875,7,15,3,24,40
116981,2.0,15.0,1.0,7.0,3.0,3.0,0.5,0.2,20.0,10,1351.3108825683594,6,14,3,23,38
116981,2.0,15.0,1.0,7.0,3.0,3.0,0.5,0.2,20.0,11,1074.1386032104492,6,11,2,21,34
116981,2.0,15.0,1.0,7.0,3.0,3.0,0.5,0.2,20.0,12,712.6732540130615,6,10,2,21,33
116981,2.0,15.0,1.0,7.0,3.0,3.0,0.5,0.2,20.0,13,335.8415675163269,3,8,2,19,28
116981,2.0,15.0,1.0,7.0,3.0,3.0,0.5,0.2,20.0,14,0,1,6,2,16,21
116981,2.0,15.0,1.0,7.0,3.0,3.0,0.5,0.2,20.0,15,0,1,4,1,9,9
116981,2.0,15.0,1.0,7.0,3.0,3.0,0.5,0.2,20.0,16,0,0,2,1,4,5
116981,2.0,15.0,1.0,7.0,3.0,3.0,0.5,0.2,20.0,17,0,0,2,1,1,3
116981,2.0,15.0,1.0,7.0,3.0,3.0,0.5,0.2,20.0,18,0,0,1,0,1,1
116981,2.0,15.0,1.0,7.0,3.0,3.0,0.5,0.2,20.0,19,0,0,1,0,0,1