Exp Num,agent:svo_convergence_factor,agent:params:metabolism,agent:params:consumption_factor,agent:params:procreate_cost_factor,agent:params:procreate_req_factor,agent:params:start_energy_factor,agent:params:caught_chance,agent:params:caught_cooldown_factor,agent:params:maximum_age,Epoch,Resource,A,B,C,D,E
175823,3.0,10.0,4.0,3.0,1.0,3.0,0.30000000000000004,0.5,40.0,0,3560.0,32,20,19,31,87
175823,3.0,10.0,4.0,3.0,1.0,3.0,0.30000000000000004,0.5,40.0,1,2810.0,39,28,27,32,111
175823,3.0,10.0,4.0,3.0,1.0,3.0,0.30000000000000004,0.5,40.0,2,1192.5,39,34,38,33,129
175823,3.0,10.0,4.0,3.0,1.0,3.0,0.30000000000000004,0.5,40.0,3,0,35,42,42,30,137
175823,3.0,10.0,4.0,3.0,1.0,3.0,0.30000000000000004,0.5,40.0,4,0,25,48,45,23,129
175823,3.0,10.0,4.0,3.0,1.0,3.0,0.30000000000000004,0.5,40.0,5,0,16,42,41,17,107
175823,3.0,10.0,4.0,3.0,1.0,3.0,0.30000000000000004,0.5,40.0,6,0,9,33,30,13,78
175823,3.0,10.0,4.0,3.0,1.0,3.0,0.30000000000000004,0.5,40.0,7,0,4,21,27,7,55
175823,3.0,10.0,4.0,3.0,1.0,3.0,0.30000000000000004,0.5,40.0,8,0,2,13,19,6,36
175823,3.0,10.0,4.0,3.0,1.0,3.0,0.30000000000000004,0.5,40.0,9,0,0,11,13,3,26
175823,3.0,10.0,4.0,3.0,1.0,3.0,0.30000000000000004,0.5,40.0,10,0,1,8,9,1,20
175823,3.0,10.0,4.0,3.0,1.0,3.0,0.30000000000000004,0.5,40.0,11,0,1,6,5,2,13
175823,3.0,10.0,4.0,3.0,1.0,3.0,0.30000000000000004,0.5,40.0,12,0,1,3,3,2,7
175823,3.0,10.0,4.0,3.0,1.0,3.0,0.30000000000000004,0.5,40.0,13,0,1,1,2,1,4
175823,3.0,10.0,4.0,3.0,1.0,3.0,0.30000000000000004,0.5,40.0,14,0,2,1,1,1,4
175823,3.0,10.0,4.0,3.0,1.0,3.0,0.30000000000000004,0.5,40.0,15,0,1,0,1,1,2
175823,3.0,10.0,4.0,3.0,1.0,3.0,0.30000000000000004,0.5,40.0,16,0,1,0,2,1,3
175823,3.0,10.0,4.0,3.0,1.0,3.0,0.30000000000000004,0.5,40.0,17,0,1,0,2,1,3
175823,3.0,10.0,4.0,3.0,1.0,3.0,0.30000000000000004,0.5,40.0,18,0,0,0,2,0,2
175823,3.0,10.0,4.0,3.0,1.0,3.0,0.30000000000000004,0.5,40.0,19,0,0,0,1,0,1