Exp Num,agent:svo_convergence_factor,agent:params:metabolism,agent:params:consumption_factor,agent:params:procreate_cost_factor,agent:params:procreate_req_factor,agent:params:start_energy_factor,agent:params:caught_chance,agent:params:caught_cooldown_factor,agent:params:maximum_age,Epoch,Resource,A,B,C,D,E
177057,3.0,10.0,4.0,5.0,2.0,1.0,0.30000000000000004,0.2,30.0,0,1000.0,24,27,8,32,68
177057,3.0,10.0,4.0,5.0,2.0,1.0,0.30000000000000004,0.2,30.0,1,0,24,27,8,32,68
177057,3.0,10.0,4.0,5.0,2.0,1.0,0.30000000000000004,0.2,30.0,2,0,24,27,8,32,68
177057,3.0,10.0,4.0,5.0,2.0,1.0,0.30000000000000004,0.2,30.0,3,0,24,27,8,32,68
177057,3.0,10.0,4.0,5.0,2.0,1.0,0.30000000000000004,0.2,30.0,4,0,19,19,4,15,45
177057,3.0,10.0,4.0,5.0,2.0,1.0,0.30000000000000004,0.2,30.0,5,0,17,15,2,7,34
177057,3.0,10.0,4.0,5.0,2.0,1.0,0.30000000000000004,0.2,30.0,6,0,12,15,1,5,28
177057,3.0,10.0,4.0,5.0,2.0,1.0,0.30000000000000004,0.2,30.0,7,0,12,15,0,4,27
177057,3.0,10.0,4.0,5.0,2.0,1.0,0.30000000000000004,0.2,30.0,8,0,8,13,0,4,21
177057,3.0,10.0,4.0,5.0,2.0,1.0,0.30000000000000004,0.2,30.0,9,0,2,10,0,1,12
177057,3.0,10.0,4.0,5.0,2.0,1.0,0.30000000000000004,0.2,30.0,10,0,2,5,0,1,7
177057,3.0,10.0,4.0,5.0,2.0,1.0,0.30000000000000004,0.2,30.0,11,0,1,2,0,1,3
177057,3.0,10.0,4.0,5.0,2.0,1.0,0.30000000000000004,0.2,30.0,12,20.0,1,2,0,1,3
177057,3.0,10.0,4.0,5.0,2.0,1.0,0.30000000000000004,0.2,30.0,13,0,0,1,0,1,1
177057,3.0,10.0,4.0,5.0,2.0,1.0,0.30000000000000004,0.2,30.0,14,0,0,1,0,1,1
177057,3.0,10.0,4.0,5.0,2.0,1.0,0.30000000000000004,0.2,30.0,15,0,0,1,0,1,1
177057,3.0,10.0,4.0,5.0,2.0,1.0,0.30000000000000004,0.2,30.0,16,0,0,1,0,0,1