Exp Num,agent:svo_convergence_factor,agent:params:metabolism,agent:params:consumption_factor,agent:params:procreate_cost_factor,agent:params:procreate_req_factor,agent:params:start_energy_factor,agent:params:caught_chance,agent:params:caught_cooldown_factor,agent:params:maximum_age,Epoch,Resource,A,B,C,D,E
149955,3.0,5.0,3.0,7.0,1.0,3.0,0.4,0.2,10.0,0,3500.0,16,18,19,28,72
149955,3.0,5.0,3.0,7.0,1.0,3.0,0.4,0.2,10.0,1,2995.0,25,29,27,41,105
149955,3.0,5.0,3.0,7.0,1.0,3.0,0.4,0.2,10.0,2,2138.75,30,35,31,46,123
149955,3.0,5.0,3.0,7.0,1.0,3.0,0.4,0.2,10.0,3,1848.4375,36,40,38,49,142
149955,3.0,5.0,3.0,7.0,1.0,3.0,0.4,0.2,10.0,4,1095.546875,35,39,39,50,141
149955,3.0,5.0,3.0,7.0,1.0,3.0,0.4,0.2,10.0,5,424.43359375,36,47,43,51,153
149955,3.0,5.0,3.0,7.0,1.0,3.0,0.4,0.2,10.0,6,0,35,53,47,52,162
149955,3.0,5.0,3.0,7.0,1.0,3.0,0.4,0.2,10.0,7,0,27,52,39,35,134
149955,3.0,5.0,3.0,7.0,1.0,3.0,0.4,0.2,10.0,8,0,23,49,32,26,117
149955,3.0,5.0,3.0,7.0,1.0,3.0,0.4,0.2,10.0,9,0,20,46,30,20,105
149955,3.0,5.0,3.0,7.0,1.0,3.0,0.4,0.2,10.0,10,0,16,45,21,17,85
149955,3.0,5.0,3.0,7.0,1.0,3.0,0.4,0.2,10.0,11,0,12,43,16,12,73
149955,3.0,5.0,3.0,7.0,1.0,3.0,0.4,0.2,10.0,12,0,6,37,13,7,57
149955,3.0,5.0,3.0,7.0,1.0,3.0,0.4,0.2,10.0,13,0,4,31,10,2,45
149955,3.0,5.0,3.0,7.0,1.0,3.0,0.4,0.2,10.0,14,0,3,23,7,1,33
149955,3.0,5.0,3.0,7.0,1.0,3.0,0.4,0.2,10.0,15,0,1,17,5,1,23
149955,3.0,5.0,3.0,7.0,1.0,3.0,0.4,0.2,10.0,16,0,1,12,3,1,16
149955,3.0,5.0,3.0,7.0,1.0,3.0,0.4,0.2,10.0,17,40.0,1,11,2,0,14
149955,3.0,5.0,3.0,7.0,1.0,3.0,0.4,0.2,10.0,18,0,2,8,2,0,12
149955,3.0,5.0,3.0,7.0,1.0,3.0,0.4,0.2,10.0,19,0,2,4,2,0,8
149955,3.0,5.0,3.0,7.0,1.0,3.0,0.4,0.2,10.0,20,0,1,4,2,0,7
149955,3.0,5.0,3.0,7.0,1.0,3.0,0.4,0.2,10.0,21,0,1,4,0,0,5
149955,3.0,5.0,3.0,7.0,1.0,3.0,0.4,0.2,10.0,22,0,1,3,0,0,4
149955,3.0,5.0,3.0,7.0,1.0,3.0,0.4,0.2,10.0,23,0,1,1,0,0,2
149955,3.0,5.0,3.0,7.0,1.0,3.0,0.4,0.2,10.0,24,0,1,1,0,0,2
149955,3.0,5.0,3.0,7.0,1.0,3.0,0.4,0.2,10.0,25,0,1,1,0,0,2
149955,3.0,5.0,3.0,7.0,1.0,3.0,0.4,0.2,10.0,26,0,1,0,0,0,1