Exp Num,agent:svo_convergence_factor,agent:params:metabolism,agent:params:consumption_factor,agent:params:procreate_cost_factor,agent:params:procreate_req_factor,agent:params:start_energy_factor,agent:params:caught_chance,agent:params:caught_cooldown_factor,agent:params:maximum_age,Epoch,Resource,A,B,C,D,E
189160,3.0,15.0,2.0,7.0,1.0,2.0,0.2,0.30000000000000004,10.0,0,3950.0,18,28,13,21,79
189160,3.0,15.0,2.0,7.0,1.0,2.0,0.2,0.30000000000000004,10.0,1,3197.5,15,21,10,20,65
189160,3.0,15.0,2.0,7.0,1.0,2.0,0.2,0.30000000000000004,10.0,2,3036.875,14,20,10,20,63
189160,3.0,15.0,2.0,7.0,1.0,2.0,0.2,0.30000000000000004,10.0,3,2266.09375,12,18,8,20,56
189160,3.0,15.0,2.0,7.0,1.0,2.0,0.2,0.30000000000000004,10.0,4,1962.6171875,14,19,8,20,59
189160,3.0,15.0,2.0,7.0,1.0,2.0,0.2,0.30000000000000004,10.0,5,953.271484375,15,18,7,20,58
189160,3.0,15.0,2.0,7.0,1.0,2.0,0.2,0.30000000000000004,10.0,6,231.58935546875,16,18,7,20,59
189160,3.0,15.0,2.0,7.0,1.0,2.0,0.2,0.30000000000000004,10.0,7,0,16,15,3,14,48
189160,3.0,15.0,2.0,7.0,1.0,2.0,0.2,0.30000000000000004,10.0,8,0,10,14,2,11,34
189160,3.0,15.0,2.0,7.0,1.0,2.0,0.2,0.30000000000000004,10.0,9,0,10,11,1,6,25
189160,3.0,15.0,2.0,7.0,1.0,2.0,0.2,0.30000000000000004,10.0,10,0,9,8,1,3,19
189160,3.0,15.0,2.0,7.0,1.0,2.0,0.2,0.30000000000000004,10.0,11,0,9,4,1,0,15
189160,3.0,15.0,2.0,7.0,1.0,2.0,0.2,0.30000000000000004,10.0,12,0,9,2,1,0,12
189160,3.0,15.0,2.0,7.0,1.0,2.0,0.2,0.30000000000000004,10.0,13,0,7,1,1,0,9
189160,3.0,15.0,2.0,7.0,1.0,2.0,0.2,0.30000000000000004,10.0,14,0,6,0,1,0,7
189160,3.0,15.0,2.0,7.0,1.0,2.0,0.2,0.30000000000000004,10.0,15,0,4,0,1,0,5
189160,3.0,15.0,2.0,7.0,1.0,2.0,0.2,0.30000000000000004,10.0,16,0,3,0,1,0,4
189160,3.0,15.0,2.0,7.0,1.0,2.0,0.2,0.30000000000000004,10.0,17,0,2,0,0,0,2
189160,3.0,15.0,2.0,7.0,1.0,2.0,0.2,0.30000000000000004,10.0,18,40.0,2,0,0,0,2
189160,3.0,15.0,2.0,7.0,1.0,2.0,0.2,0.30000000000000004,10.0,19,0,2,0,0,0,2
189160,3.0,15.0,2.0,7.0,1.0,2.0,0.2,0.30000000000000004,10.0,20,0,1,0,0,0,1