Exp Num,agent:svo_convergence_factor,agent:params:metabolism,agent:params:consumption_factor,agent:params:procreate_cost_factor,agent:params:procreate_req_factor,agent:params:start_energy_factor,agent:params:caught_chance,agent:params:caught_cooldown_factor,agent:params:maximum_age,Epoch,Resource,A,B,C,D,E
107787,2.0,10.0,4.0,1.0,3.0,2.0,0.2,0.30000000000000004,30.0,0,3320.0,30,31,11,27,94
107787,2.0,10.0,4.0,1.0,3.0,2.0,0.2,0.30000000000000004,30.0,1,1110.0,27,46,17,35,122
107787,2.0,10.0,4.0,1.0,3.0,2.0,0.2,0.30000000000000004,30.0,2,0,32,53,24,36,141
107787,2.0,10.0,4.0,1.0,3.0,2.0,0.2,0.30000000000000004,30.0,3,0,35,48,20,32,125
107787,2.0,10.0,4.0,1.0,3.0,2.0,0.2,0.30000000000000004,30.0,4,0,29,36,14,19,88
107787,2.0,10.0,4.0,1.0,3.0,2.0,0.2,0.30000000000000004,30.0,5,0,23,25,9,14,61
107787,2.0,10.0,4.0,1.0,3.0,2.0,0.2,0.30000000000000004,30.0,6,0,15,18,8,11,43
107787,2.0,10.0,4.0,1.0,3.0,2.0,0.2,0.30000000000000004,30.0,7,0,14,11,4,5,30
107787,2.0,10.0,4.0,1.0,3.0,2.0,0.2,0.30000000000000004,30.0,8,0,8,7,0,4,16
107787,2.0,10.0,4.0,1.0,3.0,2.0,0.2,0.30000000000000004,30.0,9,0,4,5,0,1,9
107787,2.0,10.0,4.0,1.0,3.0,2.0,0.2,0.30000000000000004,30.0,10,0,3,2,0,1,5
107787,2.0,10.0,4.0,1.0,3.0,2.0,0.2,0.30000000000000004,30.0,11,0,2,1,0,0,3
107787,2.0,10.0,4.0,1.0,3.0,2.0,0.2,0.30000000000000004,30.0,12,0,1,1,0,0,2
107787,2.0,10.0,4.0,1.0,3.0,2.0,0.2,0.30000000000000004,30.0,13,100,1,0,0,0,1