Exp Num,agent:svo_convergence_factor,agent:params:metabolism,agent:params:consumption_factor,agent:params:procreate_cost_factor,agent:params:procreate_req_factor,agent:params:start_energy_factor,agent:params:caught_chance,agent:params:caught_cooldown_factor,agent:params:maximum_age,Epoch,Resource,A,B,C,D,E
196686,3.0,15.0,3.0,9.0,3.0,2.0,0.30000000000000004,0.30000000000000004,20.0,0,3650.0,16,30,9,29,71
196686,3.0,15.0,3.0,9.0,3.0,2.0,0.30000000000000004,0.30000000000000004,20.0,1,2132.5,11,24,8,25,58
196686,3.0,15.0,3.0,9.0,3.0,2.0,0.30000000000000004,0.30000000000000004,20.0,2,820.625,9,23,8,25,55
196686,3.0,15.0,3.0,9.0,3.0,2.0,0.30000000000000004,0.30000000000000004,20.0,3,350.78125,9,23,8,25,55
196686,3.0,15.0,3.0,9.0,3.0,2.0,0.30000000000000004,0.30000000000000004,20.0,4,0,9,17,8,18,43
196686,3.0,15.0,3.0,9.0,3.0,2.0,0.30000000000000004,0.30000000000000004,20.0,5,0,9,15,7,11,36
196686,3.0,15.0,3.0,9.0,3.0,2.0,0.30000000000000004,0.30000000000000004,20.0,6,0,8,15,6,11,31
196686,3.0,15.0,3.0,9.0,3.0,2.0,0.30000000000000004,0.30000000000000004,20.0,7,0,8,12,5,7,27
196686,3.0,15.0,3.0,9.0,3.0,2.0,0.30000000000000004,0.30000000000000004,20.0,8,0,8,10,5,3,25
196686,3.0,15.0,3.0,9.0,3.0,2.0,0.30000000000000004,0.30000000000000004,20.0,9,0,7,8,4,1,21
196686,3.0,15.0,3.0,9.0,3.0,2.0,0.30000000000000004,0.30000000000000004,20.0,10,0,7,6,3,1,16
196686,3.0,15.0,3.0,9.0,3.0,2.0,0.30000000000000004,0.30000000000000004,20.0,11,0,6,6,2,1,14
196686,3.0,15.0,3.0,9.0,3.0,2.0,0.30000000000000004,0.30000000000000004,20.0,12,0,5,5,0,0,10
196686,3.0,15.0,3.0,9.0,3.0,2.0,0.30000000000000004,0.30000000000000004,20.0,13,0,4,4,0,0,8
196686,3.0,15.0,3.0,9.0,3.0,2.0,0.30000000000000004,0.30000000000000004,20.0,14,0,3,3,0,0,6
196686,3.0,15.0,3.0,9.0,3.0,2.0,0.30000000000000004,0.30000000000000004,20.0,15,55.0,2,2,0,0,4
196686,3.0,15.0,3.0,9.0,3.0,2.0,0.30000000000000004,0.30000000000000004,20.0,16,68.75,2,1,0,0,3
196686,3.0,15.0,3.0,9.0,3.0,2.0,0.30000000000000004,0.30000000000000004,20.0,17,40.9375,2,1,0,0,3
196686,3.0,15.0,3.0,9.0,3.0,2.0,0.30000000000000004,0.30000000000000004,20.0,18,6.171875,2,0,0,0,2
196686,3.0,15.0,3.0,9.0,3.0,2.0,0.30000000000000004,0.30000000000000004,20.0,19,7.71484375,1,0,0,0,1