Exp Num,agent:svo_convergence_factor,agent:params:metabolism,agent:params:consumption_factor,agent:params:procreate_cost_factor,agent:params:procreate_req_factor,agent:params:start_energy_factor,agent:params:caught_chance,agent:params:caught_cooldown_factor,agent:params:maximum_age,Epoch,Resource,A,B,C,D,E
105088,2.0,10.0,3.0,7.0,2.0,1.0,0.4,0.30000000000000004,40.0,0,2000.0,17,27,8,31,69
105088,2.0,10.0,3.0,7.0,2.0,1.0,0.4,0.30000000000000004,40.0,1,1540.0,17,27,8,31,69
105088,2.0,10.0,3.0,7.0,2.0,1.0,0.4,0.30000000000000004,40.0,2,1355.0,17,27,8,31,69
105088,2.0,10.0,3.0,7.0,2.0,1.0,0.4,0.30000000000000004,40.0,3,703.75,11,22,6,26,55
105088,2.0,10.0,3.0,7.0,2.0,1.0,0.4,0.30000000000000004,40.0,4,249.6875,10,22,6,26,53
105088,2.0,10.0,3.0,7.0,2.0,1.0,0.4,0.30000000000000004,40.0,5,0,10,22,6,26,53
105088,2.0,10.0,3.0,7.0,2.0,1.0,0.4,0.30000000000000004,40.0,6,0,5,15,4,18,34
105088,2.0,10.0,3.0,7.0,2.0,1.0,0.4,0.30000000000000004,40.0,7,0,3,12,3,12,25
105088,2.0,10.0,3.0,7.0,2.0,1.0,0.4,0.30000000000000004,40.0,8,0,3,9,3,11,19
105088,2.0,10.0,3.0,7.0,2.0,1.0,0.4,0.30000000000000004,40.0,9,0,3,8,1,8,16
105088,2.0,10.0,3.0,7.0,2.0,1.0,0.4,0.30000000000000004,40.0,10,0,3,8,0,6,12
105088,2.0,10.0,3.0,7.0,2.0,1.0,0.4,0.30000000000000004,40.0,11,0,3,6,0,3,10
105088,2.0,10.0,3.0,7.0,2.0,1.0,0.4,0.30000000000000004,40.0,12,0,3,4,0,1,8
105088,2.0,10.0,3.0,7.0,2.0,1.0,0.4,0.30000000000000004,40.0,13,0,3,1,0,1,4
105088,2.0,10.0,3.0,7.0,2.0,1.0,0.4,0.30000000000000004,40.0,14,0,3,1,0,1,4
105088,2.0,10.0,3.0,7.0,2.0,1.0,0.4,0.30000000000000004,40.0,15,0,2,1,0,1,3
105088,2.0,10.0,3.0,7.0,2.0,1.0,0.4,0.30000000000000004,40.0,16,100,2,0,0,0,2
105088,2.0,10.0,3.0,7.0,2.0,1.0,0.4,0.30000000000000004,40.0,17,125.0,1,0,0,0,1