Exp Num,agent:svo_convergence_factor,agent:params:metabolism,agent:params:consumption_factor,agent:params:procreate_cost_factor,agent:params:procreate_req_factor,agent:params:start_energy_factor,agent:params:caught_chance,agent:params:caught_cooldown_factor,agent:params:maximum_age,Epoch,Resource,A,B,C,D,E
12896,1.0,5.0,3.0,3.0,2.0,2.0,0.1,0.5,20.0,0,3500.0,26,22,12,24,76
12896,1.0,5.0,3.0,3.0,2.0,2.0,0.1,0.5,20.0,1,2935.0,30,36,28,38,110
12896,1.0,5.0,3.0,3.0,2.0,2.0,0.1,0.5,20.0,2,2558.75,31,40,34,40,121
12896,1.0,5.0,3.0,3.0,2.0,2.0,0.1,0.5,20.0,3,2043.4375,39,51,43,42,149
12896,1.0,5.0,3.0,3.0,2.0,2.0,0.1,0.5,20.0,4,1024.296875,45,66,52,42,178
12896,1.0,5.0,3.0,3.0,2.0,2.0,0.1,0.5,20.0,5,0,48,72,58,42,193
12896,1.0,5.0,3.0,3.0,2.0,2.0,0.1,0.5,20.0,6,0,48,72,58,42,193
12896,1.0,5.0,3.0,3.0,2.0,2.0,0.1,0.5,20.0,7,0,41,61,43,26,151
12896,1.0,5.0,3.0,3.0,2.0,2.0,0.1,0.5,20.0,8,0,37,55,36,19,131
12896,1.0,5.0,3.0,3.0,2.0,2.0,0.1,0.5,20.0,9,0,31,48,28,18,110
12896,1.0,5.0,3.0,3.0,2.0,2.0,0.1,0.5,20.0,10,0,20,35,12,14,69
12896,1.0,5.0,3.0,3.0,2.0,2.0,0.1,0.5,20.0,11,0,11,24,7,8,43
12896,1.0,5.0,3.0,3.0,2.0,2.0,0.1,0.5,20.0,12,0,6,13,3,5,23
12896,1.0,5.0,3.0,3.0,2.0,2.0,0.1,0.5,20.0,13,0,3,8,2,2,14
12896,1.0,5.0,3.0,3.0,2.0,2.0,0.1,0.5,20.0,14,0,2,5,1,1,8
12896,1.0,5.0,3.0,3.0,2.0,2.0,0.1,0.5,20.0,15,0,2,3,0,0,5
12896,1.0,5.0,3.0,3.0,2.0,2.0,0.1,0.5,20.0,16,70.0,2,2,0,0,4
12896,1.0,5.0,3.0,3.0,2.0,2.0,0.1,0.5,20.0,17,72.5,1,2,0,0,3
12896,1.0,5.0,3.0,3.0,2.0,2.0,0.1,0.5,20.0,18,60.625,1,2,0,0,3
12896,1.0,5.0,3.0,3.0,2.0,2.0,0.1,0.5,20.0,19,60.78125,1,1,0,0,2
12896,1.0,5.0,3.0,3.0,2.0,2.0,0.1,0.5,20.0,20,60.9765625,1,1,0,0,2
12896,1.0,5.0,3.0,3.0,2.0,2.0,0.1,0.5,20.0,21,46.220703125,1,1,0,0,2
12896,1.0,5.0,3.0,3.0,2.0,2.0,0.1,0.5,20.0,22,42.77587890625,1,1,0,0,2
12896,1.0,5.0,3.0,3.0,2.0,2.0,0.1,0.5,20.0,23,38.4698486328125,1,1,0,0,2
12896,1.0,5.0,3.0,3.0,2.0,2.0,0.1,0.5,20.0,24,18.087310791015625,1,1,0,0,2
12896,1.0,5.0,3.0,3.0,2.0,2.0,0.1,0.5,20.0,25,0,1,1,0,0,2
12896,1.0,5.0,3.0,3.0,2.0,2.0,0.1,0.5,20.0,26,0,1,1,0,0,2
12896,1.0,5.0,3.0,3.0,2.0,2.0,0.1,0.5,20.0,27,0,1,1,0,0,2
12896,1.0,5.0,3.0,3.0,2.0,2.0,0.1,0.5,20.0,28,0,1,0,0,0,1