Exp Num,agent:svo_convergence_factor,agent:params:metabolism,agent:params:consumption_factor,agent:params:procreate_cost_factor,agent:params:procreate_req_factor,agent:params:start_energy_factor,agent:params:caught_chance,agent:params:caught_cooldown_factor,agent:params:maximum_age,Epoch,Resource,A,B,C,D,E
185233,3.0,15.0,1.0,9.0,2.0,3.0,0.5,0.2,40.0,0,3500.0,17,22,12,37,63
185233,3.0,15.0,1.0,9.0,2.0,3.0,0.5,0.2,40.0,1,2980.0,17,22,12,37,63
185233,3.0,15.0,1.0,9.0,2.0,3.0,0.5,0.2,40.0,2,2780.0,17,22,12,37,63
185233,3.0,15.0,1.0,9.0,2.0,3.0,0.5,0.2,40.0,3,2800.0,16,20,12,36,60
185233,3.0,15.0,1.0,9.0,2.0,3.0,0.5,0.2,40.0,4,2765.0,14,17,11,30,53
185233,3.0,15.0,1.0,9.0,2.0,3.0,0.5,0.2,40.0,5,2676.25,10,13,11,27,45
185233,3.0,15.0,1.0,9.0,2.0,3.0,0.5,0.2,40.0,6,2460.3125,9,9,11,26,40
185233,3.0,15.0,1.0,9.0,2.0,3.0,0.5,0.2,40.0,7,2145.390625,9,7,11,26,38
185233,3.0,15.0,1.0,9.0,2.0,3.0,0.5,0.2,40.0,8,1811.73828125,9,7,11,26,38
185233,3.0,15.0,1.0,9.0,2.0,3.0,0.5,0.2,40.0,9,1634.6728515625,9,7,11,26,38
185233,3.0,15.0,1.0,9.0,2.0,3.0,0.5,0.2,40.0,10,1623.341064453125,7,7,9,26,34
185233,3.0,15.0,1.0,9.0,2.0,3.0,0.5,0.2,40.0,11,1489.1763305664062,5,6,9,25,31
185233,3.0,15.0,1.0,9.0,2.0,3.0,0.5,0.2,40.0,12,1231.4704132080078,4,3,9,24,27
185233,3.0,15.0,1.0,9.0,2.0,3.0,0.5,0.2,40.0,13,924.3380165100098,2,2,9,23,24
185233,3.0,15.0,1.0,9.0,2.0,3.0,0.5,0.2,40.0,14,510.4225206375122,1,2,8,23,22
185233,3.0,15.0,1.0,9.0,2.0,3.0,0.5,0.2,40.0,15,0,1,2,7,22,21
185233,3.0,15.0,1.0,9.0,2.0,3.0,0.5,0.2,40.0,16,0,1,2,4,10,11
185233,3.0,15.0,1.0,9.0,2.0,3.0,0.5,0.2,40.0,17,0,1,0,3,5,5
185233,3.0,15.0,1.0,9.0,2.0,3.0,0.5,0.2,40.0,18,0,0,0,1,3,2
185233,3.0,15.0,1.0,9.0,2.0,3.0,0.5,0.2,40.0,19,0,0,0,0,2,0
185233,3.0,15.0,1.0,9.0,2.0,3.0,0.5,0.2,40.0,20,0,0,0,0,1,0