Exp Num,agent:svo_convergence_factor,agent:params:metabolism,agent:params:consumption_factor,agent:params:procreate_cost_factor,agent:params:procreate_req_factor,agent:params:start_energy_factor,agent:params:caught_chance,agent:params:caught_cooldown_factor,agent:params:maximum_age,Epoch,Resource,A,B,C,D,E
109696,2.0,10.0,4.0,5.0,2.0,2.0,0.30000000000000004,0.5,20.0,0,3480.0,20,22,9,31,69
109696,2.0,10.0,4.0,5.0,2.0,2.0,0.30000000000000004,0.5,20.0,1,2030.0,15,20,7,28,60
109696,2.0,10.0,4.0,5.0,2.0,2.0,0.30000000000000004,0.5,20.0,2,1457.5,14,22,7,28,61
109696,2.0,10.0,4.0,5.0,2.0,2.0,0.30000000000000004,0.5,20.0,3,1181.875,14,24,9,28,65
109696,2.0,10.0,4.0,5.0,2.0,2.0,0.30000000000000004,0.5,20.0,4,397.34375,14,28,9,28,69
109696,2.0,10.0,4.0,5.0,2.0,2.0,0.30000000000000004,0.5,20.0,5,0,9,23,8,21,55
109696,2.0,10.0,4.0,5.0,2.0,2.0,0.30000000000000004,0.5,20.0,6,0,9,22,8,17,49
109696,2.0,10.0,4.0,5.0,2.0,2.0,0.30000000000000004,0.5,20.0,7,0,8,22,8,16,48
109696,2.0,10.0,4.0,5.0,2.0,2.0,0.30000000000000004,0.5,20.0,8,0,8,22,8,14,48
109696,2.0,10.0,4.0,5.0,2.0,2.0,0.30000000000000004,0.5,20.0,9,0,7,19,7,8,38
109696,2.0,10.0,4.0,5.0,2.0,2.0,0.30000000000000004,0.5,20.0,10,0,5,18,6,6,32
109696,2.0,10.0,4.0,5.0,2.0,2.0,0.30000000000000004,0.5,20.0,11,0,4,12,6,5,23
109696,2.0,10.0,4.0,5.0,2.0,2.0,0.30000000000000004,0.5,20.0,12,0,3,11,6,3,21
109696,2.0,10.0,4.0,5.0,2.0,2.0,0.30000000000000004,0.5,20.0,13,0,1,8,5,3,14
109696,2.0,10.0,4.0,5.0,2.0,2.0,0.30000000000000004,0.5,20.0,14,0,1,5,3,3,9
109696,2.0,10.0,4.0,5.0,2.0,2.0,0.30000000000000004,0.5,20.0,15,0,1,3,2,2,6
109696,2.0,10.0,4.0,5.0,2.0,2.0,0.30000000000000004,0.5,20.0,16,60.0,0,3,0,2,3
109696,2.0,10.0,4.0,5.0,2.0,2.0,0.30000000000000004,0.5,20.0,17,0,0,3,0,1,3
109696,2.0,10.0,4.0,5.0,2.0,2.0,0.30000000000000004,0.5,20.0,18,0,0,1,0,1,1
109696,2.0,10.0,4.0,5.0,2.0,2.0,0.30000000000000004,0.5,20.0,19,0,0,1,0,1,1
109696,2.0,10.0,4.0,5.0,2.0,2.0,0.30000000000000004,0.5,20.0,20,0,0,1,0,1,1
109696,2.0,10.0,4.0,5.0,2.0,2.0,0.30000000000000004,0.5,20.0,21,0,0,0,0,1,0