Exp Num,agent:svo_convergence_factor,agent:params:metabolism,agent:params:consumption_factor,agent:params:procreate_cost_factor,agent:params:procreate_req_factor,agent:params:start_energy_factor,agent:params:caught_chance,agent:params:caught_cooldown_factor,agent:params:maximum_age,Epoch,Resource,A,B,C,D,E
115686,2.0,15.0,1.0,5.0,3.0,2.0,0.30000000000000004,0.30000000000000004,20.0,0,3500.0,18,27,10,28,72
115686,2.0,15.0,1.0,5.0,3.0,2.0,0.30000000000000004,0.30000000000000004,20.0,1,2935.0,18,27,10,28,72
115686,2.0,15.0,1.0,5.0,3.0,2.0,0.30000000000000004,0.30000000000000004,20.0,2,2723.75,18,27,10,28,72
115686,2.0,15.0,1.0,5.0,3.0,2.0,0.30000000000000004,0.30000000000000004,20.0,3,2564.6875,16,23,7,27,62
115686,2.0,15.0,1.0,5.0,3.0,2.0,0.30000000000000004,0.30000000000000004,20.0,4,2320.859375,13,22,6,24,56
115686,2.0,15.0,1.0,5.0,3.0,2.0,0.30000000000000004,0.30000000000000004,20.0,5,1971.07421875,12,19,6,22,52
115686,2.0,15.0,1.0,5.0,3.0,2.0,0.30000000000000004,0.30000000000000004,20.0,6,1608.8427734375,10,19,6,21,50
115686,2.0,15.0,1.0,5.0,3.0,2.0,0.30000000000000004,0.30000000000000004,20.0,7,1201.053466796875,10,14,5,21,44
115686,2.0,15.0,1.0,5.0,3.0,2.0,0.30000000000000004,0.30000000000000004,20.0,8,661.3168334960938,9,12,5,21,41
115686,2.0,15.0,1.0,5.0,3.0,2.0,0.30000000000000004,0.30000000000000004,20.0,9,0,8,12,5,18,40
115686,2.0,15.0,1.0,5.0,3.0,2.0,0.30000000000000004,0.30000000000000004,20.0,10,0,3,3,2,11,18
115686,2.0,15.0,1.0,5.0,3.0,2.0,0.30000000000000004,0.30000000000000004,20.0,11,0,2,2,0,4,10
115686,2.0,15.0,1.0,5.0,3.0,2.0,0.30000000000000004,0.30000000000000004,20.0,12,0,1,1,0,2,5
115686,2.0,15.0,1.0,5.0,3.0,2.0,0.30000000000000004,0.30000000000000004,20.0,13,0,1,0,0,0,3
115686,2.0,15.0,1.0,5.0,3.0,2.0,0.30000000000000004,0.30000000000000004,20.0,14,0,1,0,0,0,1