Exp Num,agent:svo_convergence_factor,agent:params:metabolism,agent:params:consumption_factor,agent:params:procreate_cost_factor,agent:params:procreate_req_factor,agent:params:start_energy_factor,agent:params:caught_chance,agent:params:caught_cooldown_factor,agent:params:maximum_age,Epoch,Resource,A,B,C,D,E
173017,3.0,10.0,3.0,7.0,3.0,2.0,0.1,0.4,30.0,0,3890.0,14,33,17,20,80
173017,3.0,10.0,3.0,7.0,3.0,2.0,0.1,0.4,30.0,1,2672.5,13,29,17,20,75
173017,3.0,10.0,3.0,7.0,3.0,2.0,0.1,0.4,30.0,2,2050.625,13,29,17,20,75
173017,3.0,10.0,3.0,7.0,3.0,2.0,0.1,0.4,30.0,3,1303.28125,13,29,17,20,75
173017,3.0,10.0,3.0,7.0,3.0,2.0,0.1,0.4,30.0,4,9.1015625,11,25,15,19,67
173017,3.0,10.0,3.0,7.0,3.0,2.0,0.1,0.4,30.0,5,0,11,25,14,18,65
173017,3.0,10.0,3.0,7.0,3.0,2.0,0.1,0.4,30.0,6,0,11,25,14,18,64
173017,3.0,10.0,3.0,7.0,3.0,2.0,0.1,0.4,30.0,7,0,11,22,11,10,50
173017,3.0,10.0,3.0,7.0,3.0,2.0,0.1,0.4,30.0,8,0,11,19,9,6,41
173017,3.0,10.0,3.0,7.0,3.0,2.0,0.1,0.4,30.0,9,0,11,18,8,4,38
173017,3.0,10.0,3.0,7.0,3.0,2.0,0.1,0.4,30.0,10,0,10,14,5,3,29
173017,3.0,10.0,3.0,7.0,3.0,2.0,0.1,0.4,30.0,11,0,9,11,4,1,24
173017,3.0,10.0,3.0,7.0,3.0,2.0,0.1,0.4,30.0,12,0,9,10,4,1,23
173017,3.0,10.0,3.0,7.0,3.0,2.0,0.1,0.4,30.0,13,0,9,6,4,1,19
173017,3.0,10.0,3.0,7.0,3.0,2.0,0.1,0.4,30.0,14,0,9,5,2,1,16
173017,3.0,10.0,3.0,7.0,3.0,2.0,0.1,0.4,30.0,15,0,9,3,0,0,12
173017,3.0,10.0,3.0,7.0,3.0,2.0,0.1,0.4,30.0,16,10.0,8,3,0,0,11
173017,3.0,10.0,3.0,7.0,3.0,2.0,0.1,0.4,30.0,17,0,6,2,0,0,8
173017,3.0,10.0,3.0,7.0,3.0,2.0,0.1,0.4,30.0,18,0,4,2,0,0,6
173017,3.0,10.0,3.0,7.0,3.0,2.0,0.1,0.4,30.0,19,0,4,1,0,0,5
173017,3.0,10.0,3.0,7.0,3.0,2.0,0.1,0.4,30.0,20,0,2,1,0,0,3
173017,3.0,10.0,3.0,7.0,3.0,2.0,0.1,0.4,30.0,21,0,1,1,0,0,2
173017,3.0,10.0,3.0,7.0,3.0,2.0,0.1,0.4,30.0,22,0,0,1,0,0,1