Exp Num,agent:svo_convergence_factor,agent:params:metabolism,agent:params:consumption_factor,agent:params:procreate_cost_factor,agent:params:procreate_req_factor,agent:params:start_energy_factor,agent:params:caught_chance,agent:params:caught_cooldown_factor,agent:params:maximum_age,Epoch,Resource,A,B,C,D,E
17369,1.0,5.0,4.0,1.0,2.0,1.0,0.5,0.4,50.0,0,3000.0,18,29,31,43,107
17369,1.0,5.0,4.0,1.0,2.0,1.0,0.5,0.4,50.0,1,3130.0,23,43,48,58,147
17369,1.0,5.0,4.0,1.0,2.0,1.0,0.5,0.4,50.0,2,2132.5,18,46,50,72,150
17369,1.0,5.0,4.0,1.0,2.0,1.0,0.5,0.4,50.0,3,1305.625,19,56,73,93,188
17369,1.0,5.0,4.0,1.0,2.0,1.0,0.5,0.4,50.0,4,0,19,52,95,103,207
17369,1.0,5.0,4.0,1.0,2.0,1.0,0.5,0.4,50.0,5,0,16,51,83,85,185
17369,1.0,5.0,4.0,1.0,2.0,1.0,0.5,0.4,50.0,6,0,11,43,55,53,134
17369,1.0,5.0,4.0,1.0,2.0,1.0,0.5,0.4,50.0,7,0,12,32,36,27,91
17369,1.0,5.0,4.0,1.0,2.0,1.0,0.5,0.4,50.0,8,0,8,25,24,16,62
17369,1.0,5.0,4.0,1.0,2.0,1.0,0.5,0.4,50.0,9,0,5,18,12,11,38
17369,1.0,5.0,4.0,1.0,2.0,1.0,0.5,0.4,50.0,10,0,4,8,10,5,24
17369,1.0,5.0,4.0,1.0,2.0,1.0,0.5,0.4,50.0,11,0,2,4,7,3,14
17369,1.0,5.0,4.0,1.0,2.0,1.0,0.5,0.4,50.0,12,0,2,2,4,0,9
17369,1.0,5.0,4.0,1.0,2.0,1.0,0.5,0.4,50.0,13,0,1,1,2,0,5
17369,1.0,5.0,4.0,1.0,2.0,1.0,0.5,0.4,50.0,14,0,1,0,0,0,2
17369,1.0,5.0,4.0,1.0,2.0,1.0,0.5,0.4,50.0,15,80.0,1,0,1,0,3
17369,1.0,5.0,4.0,1.0,2.0,1.0,0.5,0.4,50.0,16,100.0,0,0,1,0,2
17369,1.0,5.0,4.0,1.0,2.0,1.0,0.5,0.4,50.0,17,85.0,0,0,1,1,2
17369,1.0,5.0,4.0,1.0,2.0,1.0,0.5,0.4,50.0,18,106.25,0,0,1,2,2
17369,1.0,5.0,4.0,1.0,2.0,1.0,0.5,0.4,50.0,19,92.8125,0,0,2,2,3
17369,1.0,5.0,4.0,1.0,2.0,1.0,0.5,0.4,50.0,20,56.015625,0,0,3,2,3
17369,1.0,5.0,4.0,1.0,2.0,1.0,0.5,0.4,50.0,21,70.01953125,0,0,4,2,4
17369,1.0,5.0,4.0,1.0,2.0,1.0,0.5,0.4,50.0,22,27.5244140625,0,0,5,4,5
17369,1.0,5.0,4.0,1.0,2.0,1.0,0.5,0.4,50.0,23,0,0,0,5,4,5
17369,1.0,5.0,4.0,1.0,2.0,1.0,0.5,0.4,50.0,24,0,0,0,4,2,4
17369,1.0,5.0,4.0,1.0,2.0,1.0,0.5,0.4,50.0,25,0,0,0,2,2,2
17369,1.0,5.0,4.0,1.0,2.0,1.0,0.5,0.4,50.0,26,0,0,0,1,1,1
17369,1.0,5.0,4.0,1.0,2.0,1.0,0.5,0.4,50.0,27,0,0,0,0,1,0