Exp Num,agent:svo_convergence_factor,agent:params:metabolism,agent:params:consumption_factor,agent:params:procreate_cost_factor,agent:params:procreate_req_factor,agent:params:start_energy_factor,agent:params:caught_chance,agent:params:caught_cooldown_factor,agent:params:maximum_age,Epoch,Resource,A,B,C,D,E
146321,3.0,5.0,3.0,1.0,1.0,1.0,0.30000000000000004,0.5,20.0,0,3500.0,25,48,17,37,113
146321,3.0,5.0,3.0,1.0,1.0,1.0,0.30000000000000004,0.5,20.0,1,3520.0,34,79,29,52,173
146321,3.0,5.0,3.0,1.0,1.0,1.0,0.30000000000000004,0.5,20.0,2,2705.0,37,106,46,71,228
146321,3.0,5.0,3.0,1.0,1.0,1.0,0.30000000000000004,0.5,20.0,3,711.25,43,141,71,100,300
146321,3.0,5.0,3.0,1.0,1.0,1.0,0.30000000000000004,0.5,20.0,4,0,52,166,92,118,364
146321,3.0,5.0,3.0,1.0,1.0,1.0,0.30000000000000004,0.5,20.0,5,0,54,143,87,79,324
146321,3.0,5.0,3.0,1.0,1.0,1.0,0.30000000000000004,0.5,20.0,6,0,44,110,79,55,261
146321,3.0,5.0,3.0,1.0,1.0,1.0,0.30000000000000004,0.5,20.0,7,0,36,79,55,33,197
146321,3.0,5.0,3.0,1.0,1.0,1.0,0.30000000000000004,0.5,20.0,8,0,29,54,45,17,150
146321,3.0,5.0,3.0,1.0,1.0,1.0,0.30000000000000004,0.5,20.0,9,0,18,37,41,10,110
146321,3.0,5.0,3.0,1.0,1.0,1.0,0.30000000000000004,0.5,20.0,10,0,9,26,31,8,76
146321,3.0,5.0,3.0,1.0,1.0,1.0,0.30000000000000004,0.5,20.0,11,0,6,17,23,6,52
146321,3.0,5.0,3.0,1.0,1.0,1.0,0.30000000000000004,0.5,20.0,12,0,5,12,21,3,38
146321,3.0,5.0,3.0,1.0,1.0,1.0,0.30000000000000004,0.5,20.0,13,0,5,8,15,1,28
146321,3.0,5.0,3.0,1.0,1.0,1.0,0.30000000000000004,0.5,20.0,14,0,3,5,10,1,18
146321,3.0,5.0,3.0,1.0,1.0,1.0,0.30000000000000004,0.5,20.0,15,0,2,7,9,0,18
146321,3.0,5.0,3.0,1.0,1.0,1.0,0.30000000000000004,0.5,20.0,16,0,2,6,8,1,16
146321,3.0,5.0,3.0,1.0,1.0,1.0,0.30000000000000004,0.5,20.0,17,0,0,4,4,1,8
146321,3.0,5.0,3.0,1.0,1.0,1.0,0.30000000000000004,0.5,20.0,18,0,0,3,3,1,6
146321,3.0,5.0,3.0,1.0,1.0,1.0,0.30000000000000004,0.5,20.0,19,0,0,1,4,0,5
146321,3.0,5.0,3.0,1.0,1.0,1.0,0.30000000000000004,0.5,20.0,20,0,0,0,2,0,2
146321,3.0,5.0,3.0,1.0,1.0,1.0,0.30000000000000004,0.5,20.0,21,0,0,0,1,0,1