Exp Num,agent:svo_convergence_factor,agent:params:metabolism,agent:params:consumption_factor,agent:params:procreate_cost_factor,agent:params:procreate_req_factor,agent:params:start_energy_factor,agent:params:caught_chance,agent:params:caught_cooldown_factor,agent:params:maximum_age,Epoch,Resource,A,B,C,D,E
190565,3.0,15.0,2.0,9.0,2.0,1.0,0.30000000000000004,0.4,10.0,0,2000.0,19,26,16,28,72
190565,3.0,15.0,2.0,9.0,2.0,1.0,0.30000000000000004,0.4,10.0,1,1420.0,19,26,16,28,72
190565,3.0,15.0,2.0,9.0,2.0,1.0,0.30000000000000004,0.4,10.0,2,215.0,13,21,14,26,59
190565,3.0,15.0,2.0,9.0,2.0,1.0,0.30000000000000004,0.4,10.0,3,0,12,18,13,24,52
190565,3.0,15.0,2.0,9.0,2.0,1.0,0.30000000000000004,0.4,10.0,4,0,9,13,10,13,36
190565,3.0,15.0,2.0,9.0,2.0,1.0,0.30000000000000004,0.4,10.0,5,0,9,8,7,7,25
190565,3.0,15.0,2.0,9.0,2.0,1.0,0.30000000000000004,0.4,10.0,6,0,6,6,3,4,15
190565,3.0,15.0,2.0,9.0,2.0,1.0,0.30000000000000004,0.4,10.0,7,0,4,4,2,0,10
190565,3.0,15.0,2.0,9.0,2.0,1.0,0.30000000000000004,0.4,10.0,8,0,2,3,2,0,7
190565,3.0,15.0,2.0,9.0,2.0,1.0,0.30000000000000004,0.4,10.0,9,0,0,2,2,0,4
190565,3.0,15.0,2.0,9.0,2.0,1.0,0.30000000000000004,0.4,10.0,10,0,0,2,1,0,3
190565,3.0,15.0,2.0,9.0,2.0,1.0,0.30000000000000004,0.4,10.0,11,0,0,1,0,0,1