Exp Num,agent:svo_convergence_factor,agent:params:metabolism,agent:params:consumption_factor,agent:params:procreate_cost_factor,agent:params:procreate_req_factor,agent:params:start_energy_factor,agent:params:caught_chance,agent:params:caught_cooldown_factor,agent:params:maximum_age,Epoch,Resource,A,B,C,D,E
122307,2.0,15.0,2.0,7.0,3.0,1.0,0.30000000000000004,0.2,30.0,0,2000.0,17,23,7,38,62
122307,2.0,15.0,2.0,7.0,3.0,1.0,0.30000000000000004,0.2,30.0,1,1510.0,17,23,7,38,62
122307,2.0,15.0,2.0,7.0,3.0,1.0,0.30000000000000004,0.2,30.0,2,0,12,18,6,35,51
122307,2.0,15.0,2.0,7.0,3.0,1.0,0.30000000000000004,0.2,30.0,3,0,12,18,6,31,51
122307,2.0,15.0,2.0,7.0,3.0,1.0,0.30000000000000004,0.2,30.0,4,0,9,11,3,19,30
122307,2.0,15.0,2.0,7.0,3.0,1.0,0.30000000000000004,0.2,30.0,5,0,7,10,2,6,23
122307,2.0,15.0,2.0,7.0,3.0,1.0,0.30000000000000004,0.2,30.0,6,0,6,6,2,1,16
122307,2.0,15.0,2.0,7.0,3.0,1.0,0.30000000000000004,0.2,30.0,7,0,6,3,0,0,11
122307,2.0,15.0,2.0,7.0,3.0,1.0,0.30000000000000004,0.2,30.0,8,0,4,1,0,0,6
122307,2.0,15.0,2.0,7.0,3.0,1.0,0.30000000000000004,0.2,30.0,9,0,3,0,0,0,3
122307,2.0,15.0,2.0,7.0,3.0,1.0,0.30000000000000004,0.2,30.0,10,0,2,0,0,0,2
122307,2.0,15.0,2.0,7.0,3.0,1.0,0.30000000000000004,0.2,30.0,11,0,1,0,0,0,1