Exp Num,agent:svo_convergence_factor,agent:params:metabolism,agent:params:consumption_factor,agent:params:procreate_cost_factor,agent:params:procreate_req_factor,agent:params:start_energy_factor,agent:params:caught_chance,agent:params:caught_cooldown_factor,agent:params:maximum_age,Epoch,Resource,A,B,C,D,E
135640,3.0,5.0,1.0,1.0,2.0,3.0,0.1,0.4,10.0,0,4500.0,25,38,31,37,113
135640,3.0,5.0,1.0,1.0,2.0,3.0,0.1,0.4,10.0,1,4875.0,38,53,52,56,169
135640,3.0,5.0,1.0,1.0,2.0,3.0,0.1,0.4,10.0,2,4968.75,44,62,65,64,198
135640,3.0,5.0,1.0,1.0,2.0,3.0,0.1,0.4,10.0,3,4900.9375,46,67,73,67,214
135640,3.0,5.0,1.0,1.0,2.0,3.0,0.1,0.4,10.0,4,4721.171875,48,69,77,68,222
135640,3.0,5.0,1.0,1.0,2.0,3.0,0.1,0.4,10.0,5,4451.46484375,49,71,79,68,227
135640,3.0,5.0,1.0,1.0,2.0,3.0,0.1,0.4,10.0,6,4089.3310546875,49,72,80,68,229
135640,3.0,5.0,1.0,1.0,2.0,3.0,0.1,0.4,10.0,7,3626.663818359375,49,73,80,68,230
135640,3.0,5.0,1.0,1.0,2.0,3.0,0.1,0.4,10.0,8,3043.3297729492188,49,74,80,68,231
135640,3.0,5.0,1.0,1.0,2.0,3.0,0.1,0.4,10.0,9,2309.1622161865234,49,74,80,68,231
135640,3.0,5.0,1.0,1.0,2.0,3.0,0.1,0.4,10.0,10,1776.4527702331543,35,54,68,48,174
135640,3.0,5.0,1.0,1.0,2.0,3.0,0.1,0.4,10.0,11,1335.5659627914429,28,44,58,36,142
135640,3.0,5.0,1.0,1.0,2.0,3.0,0.1,0.4,10.0,12,1034.4574534893036,16,32,42,27,99
135640,3.0,5.0,1.0,1.0,2.0,3.0,0.1,0.4,10.0,13,873.0718168616295,10,21,30,18,66
135640,3.0,5.0,1.0,1.0,2.0,3.0,0.1,0.4,10.0,14,806.3397710770369,8,15,24,8,49
135640,3.0,5.0,1.0,1.0,2.0,3.0,0.1,0.4,10.0,15,802.9247138462961,7,13,15,4,37
135640,3.0,5.0,1.0,1.0,2.0,3.0,0.1,0.4,10.0,16,873.6558923078701,5,8,10,2,24
135640,3.0,5.0,1.0,1.0,2.0,3.0,0.1,0.4,10.0,17,997.0698653848376,3,6,7,2,16
135640,3.0,5.0,1.0,1.0,2.0,3.0,0.1,0.4,10.0,18,1186.337331731047,1,5,5,1,11
135640,3.0,5.0,1.0,1.0,2.0,3.0,0.1,0.4,10.0,19,1432.9216646638088,0,5,3,1,8
135640,3.0,5.0,1.0,1.0,2.0,3.0,0.1,0.4,10.0,20,1756.152080829761,0,2,3,1,5
135640,3.0,5.0,1.0,1.0,2.0,3.0,0.1,0.4,10.0,21,2175.190101037201,0,2,2,0,4
135640,3.0,5.0,1.0,1.0,2.0,3.0,0.1,0.4,10.0,22,2708.9876262965017,0,1,1,0,2
135640,3.0,5.0,1.0,1.0,2.0,3.0,0.1,0.4,10.0,23,3376.234532870627,0,1,0,0,1