Exp Num,agent:svo_convergence_factor,agent:params:metabolism,agent:params:consumption_factor,agent:params:procreate_cost_factor,agent:params:procreate_req_factor,agent:params:start_energy_factor,agent:params:caught_chance,agent:params:caught_cooldown_factor,agent:params:maximum_age,Epoch,Resource,A,B,C,D,E
185002,3.0,15.0,1.0,9.0,2.0,2.0,0.1,0.1,30.0,0,3500.0,15,25,12,25,75
185002,3.0,15.0,1.0,9.0,2.0,2.0,0.1,0.1,30.0,1,2950.0,15,25,12,25,75
185002,3.0,15.0,1.0,9.0,2.0,2.0,0.1,0.1,30.0,2,2667.5,15,25,12,25,75
185002,3.0,15.0,1.0,9.0,2.0,2.0,0.1,0.1,30.0,3,2329.375,14,22,12,24,71
185002,3.0,15.0,1.0,9.0,2.0,2.0,0.1,0.1,30.0,4,1786.71875,14,21,11,24,69
185002,3.0,15.0,1.0,9.0,2.0,2.0,0.1,0.1,30.0,5,1018.3984375,13,21,11,24,68
185002,3.0,15.0,1.0,9.0,2.0,2.0,0.1,0.1,30.0,6,0,12,21,11,23,66
185002,3.0,15.0,1.0,9.0,2.0,2.0,0.1,0.1,30.0,7,0,8,16,7,9,39
185002,3.0,15.0,1.0,9.0,2.0,2.0,0.1,0.1,30.0,8,0,3,8,5,6,18
185002,3.0,15.0,1.0,9.0,2.0,2.0,0.1,0.1,30.0,9,0,2,4,4,2,11
185002,3.0,15.0,1.0,9.0,2.0,2.0,0.1,0.1,30.0,10,0,0,2,3,1,6
185002,3.0,15.0,1.0,9.0,2.0,2.0,0.1,0.1,30.0,11,0,0,1,1,1,2
185002,3.0,15.0,1.0,9.0,2.0,2.0,0.1,0.1,30.0,12,0,0,0,0,1,0