Exp Num,agent:svo_convergence_factor,agent:params:metabolism,agent:params:consumption_factor,agent:params:procreate_cost_factor,agent:params:procreate_req_factor,agent:params:start_energy_factor,agent:params:caught_chance,agent:params:caught_cooldown_factor,agent:params:maximum_age,Epoch,Resource,A,B,C,D,E
120448,2.0,15.0,2.0,5.0,1.0,1.0,0.30000000000000004,0.5,40.0,0,2000.0,17,26,11,27,73
120448,2.0,15.0,2.0,5.0,1.0,1.0,0.30000000000000004,0.5,40.0,1,1450.0,17,26,11,27,73
120448,2.0,15.0,2.0,5.0,1.0,1.0,0.30000000000000004,0.5,40.0,2,162.5,12,22,7,24,60
120448,2.0,15.0,2.0,5.0,1.0,1.0,0.30000000000000004,0.5,40.0,3,0,12,23,4,23,55
120448,2.0,15.0,2.0,5.0,1.0,1.0,0.30000000000000004,0.5,40.0,4,0,5,20,3,12,37
120448,2.0,15.0,2.0,5.0,1.0,1.0,0.30000000000000004,0.5,40.0,5,0,3,14,1,5,23
120448,2.0,15.0,2.0,5.0,1.0,1.0,0.30000000000000004,0.5,40.0,6,0,3,11,0,3,17
120448,2.0,15.0,2.0,5.0,1.0,1.0,0.30000000000000004,0.5,40.0,7,0,3,8,0,1,12
120448,2.0,15.0,2.0,5.0,1.0,1.0,0.30000000000000004,0.5,40.0,8,0,0,6,0,1,7
120448,2.0,15.0,2.0,5.0,1.0,1.0,0.30000000000000004,0.5,40.0,9,0,0,3,0,1,3
120448,2.0,15.0,2.0,5.0,1.0,1.0,0.30000000000000004,0.5,40.0,10,0,0,2,0,0,2
120448,2.0,15.0,2.0,5.0,1.0,1.0,0.30000000000000004,0.5,40.0,11,0,0,1,0,0,1