Exp Num,agent:svo_convergence_factor,agent:params:metabolism,agent:params:consumption_factor,agent:params:procreate_cost_factor,agent:params:procreate_req_factor,agent:params:start_energy_factor,agent:params:caught_chance,agent:params:caught_cooldown_factor,agent:params:maximum_age,Epoch,Resource,A,B,C,D,E
181384,3.0,15.0,1.0,3.0,1.0,3.0,0.1,0.2,50.0,0,3500.0,25,39,17,44,106
181384,3.0,15.0,1.0,3.0,1.0,3.0,0.1,0.2,50.0,1,3055.0,15,30,12,30,75
181384,3.0,15.0,1.0,3.0,1.0,3.0,0.1,0.2,50.0,2,2738.75,10,27,18,23,71
181384,3.0,15.0,1.0,3.0,1.0,3.0,0.1,0.2,50.0,3,2358.4375,10,27,23,21,76
181384,3.0,15.0,1.0,3.0,1.0,3.0,0.1,0.2,50.0,4,2063.046875,8,26,25,22,71
181384,3.0,15.0,1.0,3.0,1.0,3.0,0.1,0.2,50.0,5,1903.80859375,5,24,29,23,69
181384,3.0,15.0,1.0,3.0,1.0,3.0,0.1,0.2,50.0,6,1674.7607421875,3,23,30,23,68
181384,3.0,15.0,1.0,3.0,1.0,3.0,0.1,0.2,50.0,7,1358.450927734375,4,22,27,26,66
181384,3.0,15.0,1.0,3.0,1.0,3.0,0.1,0.2,50.0,8,858.0636596679688,3,20,28,28,64
181384,3.0,15.0,1.0,3.0,1.0,3.0,0.1,0.2,50.0,9,112.57957458496094,5,18,26,28,62
181384,3.0,15.0,1.0,3.0,1.0,3.0,0.1,0.2,50.0,10,0,3,13,21,15,43
181384,3.0,15.0,1.0,3.0,1.0,3.0,0.1,0.2,50.0,11,0,2,10,11,7,25
181384,3.0,15.0,1.0,3.0,1.0,3.0,0.1,0.2,50.0,12,0,2,8,7,3,17
181384,3.0,15.0,1.0,3.0,1.0,3.0,0.1,0.2,50.0,13,0,1,8,4,1,13
181384,3.0,15.0,1.0,3.0,1.0,3.0,0.1,0.2,50.0,14,0,1,3,3,1,7
181384,3.0,15.0,1.0,3.0,1.0,3.0,0.1,0.2,50.0,15,0,0,3,2,0,5
181384,3.0,15.0,1.0,3.0,1.0,3.0,0.1,0.2,50.0,16,0,0,2,1,0,3
181384,3.0,15.0,1.0,3.0,1.0,3.0,0.1,0.2,50.0,17,0,0,2,0,0,2
181384,3.0,15.0,1.0,3.0,1.0,3.0,0.1,0.2,50.0,18,0,0,1,0,0,1