Exp Num,agent:svo_convergence_factor,agent:params:metabolism,agent:params:consumption_factor,agent:params:procreate_cost_factor,agent:params:procreate_req_factor,agent:params:start_energy_factor,agent:params:caught_chance,agent:params:caught_cooldown_factor,agent:params:maximum_age,Epoch,Resource,A,B,C,D,E
107057,2.0,10.0,4.0,1.0,1.0,2.0,0.30000000000000004,0.2,30.0,0,3680.0,29,38,27,38,112
107057,2.0,10.0,4.0,1.0,1.0,2.0,0.30000000000000004,0.2,30.0,1,1640.0,27,46,40,51,134
107057,2.0,10.0,4.0,1.0,1.0,2.0,0.30000000000000004,0.2,30.0,2,0,34,67,65,68,189
107057,2.0,10.0,4.0,1.0,1.0,2.0,0.30000000000000004,0.2,30.0,3,0,32,75,77,50,195
107057,2.0,10.0,4.0,1.0,1.0,2.0,0.30000000000000004,0.2,30.0,4,0,27,77,72,42,179
107057,2.0,10.0,4.0,1.0,1.0,2.0,0.30000000000000004,0.2,30.0,5,0,24,68,62,27,155
107057,2.0,10.0,4.0,1.0,1.0,2.0,0.30000000000000004,0.2,30.0,6,0,17,57,46,16,121
107057,2.0,10.0,4.0,1.0,1.0,2.0,0.30000000000000004,0.2,30.0,7,0,14,45,39,6,99
107057,2.0,10.0,4.0,1.0,1.0,2.0,0.30000000000000004,0.2,30.0,8,0,8,42,24,6,74
107057,2.0,10.0,4.0,1.0,1.0,2.0,0.30000000000000004,0.2,30.0,9,0,3,28,20,5,51
107057,2.0,10.0,4.0,1.0,1.0,2.0,0.30000000000000004,0.2,30.0,10,0,2,22,13,3,37
107057,2.0,10.0,4.0,1.0,1.0,2.0,0.30000000000000004,0.2,30.0,11,0,2,15,7,2,24
107057,2.0,10.0,4.0,1.0,1.0,2.0,0.30000000000000004,0.2,30.0,12,0,1,8,5,1,14
107057,2.0,10.0,4.0,1.0,1.0,2.0,0.30000000000000004,0.2,30.0,13,0,0,7,6,0,13
107057,2.0,10.0,4.0,1.0,1.0,2.0,0.30000000000000004,0.2,30.0,14,0,0,6,7,0,13
107057,2.0,10.0,4.0,1.0,1.0,2.0,0.30000000000000004,0.2,30.0,15,0,0,5,2,0,7
107057,2.0,10.0,4.0,1.0,1.0,2.0,0.30000000000000004,0.2,30.0,16,0,0,4,1,0,5
107057,2.0,10.0,4.0,1.0,1.0,2.0,0.30000000000000004,0.2,30.0,17,0,0,2,1,0,3
107057,2.0,10.0,4.0,1.0,1.0,2.0,0.30000000000000004,0.2,30.0,18,0,0,1,1,0,2
107057,2.0,10.0,4.0,1.0,1.0,2.0,0.30000000000000004,0.2,30.0,19,0,0,0,1,0,1