Exp Num,agent:svo_convergence_factor,agent:params:metabolism,agent:params:consumption_factor,agent:params:procreate_cost_factor,agent:params:procreate_req_factor,agent:params:start_energy_factor,agent:params:caught_chance,agent:params:caught_cooldown_factor,agent:params:maximum_age,Epoch,Resource,A,B,C,D,E
152446,3.0,5.0,4.0,1.0,2.0,2.0,0.30000000000000004,0.5,20.0,0,3660.0,25,34,18,35,98
152446,3.0,5.0,4.0,1.0,2.0,2.0,0.30000000000000004,0.5,20.0,1,3535.0,30,46,32,41,133
152446,3.0,5.0,4.0,1.0,2.0,2.0,0.30000000000000004,0.5,20.0,2,3298.75,32,62,42,52,164
152446,3.0,5.0,4.0,1.0,2.0,2.0,0.30000000000000004,0.5,20.0,3,2543.4375,29,60,54,64,176
152446,3.0,5.0,4.0,1.0,2.0,2.0,0.30000000000000004,0.5,20.0,4,1399.296875,31,72,72,80,218
152446,3.0,5.0,4.0,1.0,2.0,2.0,0.30000000000000004,0.5,20.0,5,0,30,90,89,82,259
152446,3.0,5.0,4.0,1.0,2.0,2.0,0.30000000000000004,0.5,20.0,6,0,31,76,84,69,229
152446,3.0,5.0,4.0,1.0,2.0,2.0,0.30000000000000004,0.5,20.0,7,0,30,50,59,54,162
152446,3.0,5.0,4.0,1.0,2.0,2.0,0.30000000000000004,0.5,20.0,8,0,26,33,43,30,115
152446,3.0,5.0,4.0,1.0,2.0,2.0,0.30000000000000004,0.5,20.0,9,0,20,23,30,16,77
152446,3.0,5.0,4.0,1.0,2.0,2.0,0.30000000000000004,0.5,20.0,10,0,15,16,21,11,54
152446,3.0,5.0,4.0,1.0,2.0,2.0,0.30000000000000004,0.5,20.0,11,0,12,11,13,6,36
152446,3.0,5.0,4.0,1.0,2.0,2.0,0.30000000000000004,0.5,20.0,12,0,9,7,11,3,27
152446,3.0,5.0,4.0,1.0,2.0,2.0,0.30000000000000004,0.5,20.0,13,0,7,5,6,1,18
152446,3.0,5.0,4.0,1.0,2.0,2.0,0.30000000000000004,0.5,20.0,14,0,6,4,4,1,14
152446,3.0,5.0,4.0,1.0,2.0,2.0,0.30000000000000004,0.5,20.0,15,0,5,2,1,1,8
152446,3.0,5.0,4.0,1.0,2.0,2.0,0.30000000000000004,0.5,20.0,16,0.0,5,3,1,1,9
152446,3.0,5.0,4.0,1.0,2.0,2.0,0.30000000000000004,0.5,20.0,17,0,3,4,2,1,9
152446,3.0,5.0,4.0,1.0,2.0,2.0,0.30000000000000004,0.5,20.0,18,0,1,3,2,0,6
152446,3.0,5.0,4.0,1.0,2.0,2.0,0.30000000000000004,0.5,20.0,19,0,1,2,1,0,4
152446,3.0,5.0,4.0,1.0,2.0,2.0,0.30000000000000004,0.5,20.0,20,0,0,1,1,0,2
152446,3.0,5.0,4.0,1.0,2.0,2.0,0.30000000000000004,0.5,20.0,21,0,0,1,0,0,1