Exp Num,agent:svo_convergence_factor,agent:params:metabolism,agent:params:consumption_factor,agent:params:procreate_cost_factor,agent:params:procreate_req_factor,agent:params:start_energy_factor,agent:params:caught_chance,agent:params:caught_cooldown_factor,agent:params:maximum_age,Epoch,Resource,A,B,C,D,E
119162,2.0,15.0,2.0,1.0,3.0,3.0,0.2,0.30000000000000004,30.0,0,3740.0,24,35,13,28,93
119162,2.0,15.0,2.0,1.0,3.0,3.0,0.2,0.30000000000000004,30.0,1,3685.0,29,45,13,29,108
119162,2.0,15.0,2.0,1.0,3.0,3.0,0.2,0.30000000000000004,30.0,2,2536.25,29,45,10,28,105
119162,2.0,15.0,2.0,1.0,3.0,3.0,0.2,0.30000000000000004,30.0,3,1550.3125,34,43,13,28,111
119162,2.0,15.0,2.0,1.0,3.0,3.0,0.2,0.30000000000000004,30.0,4,0,34,44,15,27,110
119162,2.0,15.0,2.0,1.0,3.0,3.0,0.2,0.30000000000000004,30.0,5,0,27,32,11,20,86
119162,2.0,15.0,2.0,1.0,3.0,3.0,0.2,0.30000000000000004,30.0,6,0,20,17,7,10,50
119162,2.0,15.0,2.0,1.0,3.0,3.0,0.2,0.30000000000000004,30.0,7,0,12,11,4,3,31
119162,2.0,15.0,2.0,1.0,3.0,3.0,0.2,0.30000000000000004,30.0,8,0,8,5,3,1,18
119162,2.0,15.0,2.0,1.0,3.0,3.0,0.2,0.30000000000000004,30.0,9,0,4,3,1,1,8
119162,2.0,15.0,2.0,1.0,3.0,3.0,0.2,0.30000000000000004,30.0,10,0,2,1,1,1,4
119162,2.0,15.0,2.0,1.0,3.0,3.0,0.2,0.30000000000000004,30.0,11,0,2,0,0,1,2
119162,2.0,15.0,2.0,1.0,3.0,3.0,0.2,0.30000000000000004,30.0,12,0,2,0,0,0,2
119162,2.0,15.0,2.0,1.0,3.0,3.0,0.2,0.30000000000000004,30.0,13,0,1,0,0,0,1