Exp Num,agent:svo_convergence_factor,agent:params:metabolism,agent:params:consumption_factor,agent:params:procreate_cost_factor,agent:params:procreate_req_factor,agent:params:start_energy_factor,agent:params:caught_chance,agent:params:caught_cooldown_factor,agent:params:maximum_age,Epoch,Resource,A,B,C,D,E
177200,3.0,10.0,4.0,5.0,2.0,2.0,0.4,0.1,10.0,0,3960.0,12,26,16,31,69
177200,3.0,10.0,4.0,5.0,2.0,2.0,0.4,0.1,10.0,1,2670.0,10,21,14,28,59
177200,3.0,10.0,4.0,5.0,2.0,2.0,0.4,0.1,10.0,2,2377.5,7,20,13,28,54
177200,3.0,10.0,4.0,5.0,2.0,2.0,0.4,0.1,10.0,3,2171.875,7,24,13,28,58
177200,3.0,10.0,4.0,5.0,2.0,2.0,0.4,0.1,10.0,4,2034.84375,7,25,13,28,59
177200,3.0,10.0,4.0,5.0,2.0,2.0,0.4,0.1,10.0,5,863.5546875,8,24,13,26,59
177200,3.0,10.0,4.0,5.0,2.0,2.0,0.4,0.1,10.0,6,119.443359375,9,26,14,26,63
177200,3.0,10.0,4.0,5.0,2.0,2.0,0.4,0.1,10.0,7,0,9,26,14,26,63
177200,3.0,10.0,4.0,5.0,2.0,2.0,0.4,0.1,10.0,8,0,9,25,14,25,62
177200,3.0,10.0,4.0,5.0,2.0,2.0,0.4,0.1,10.0,9,0,9,21,11,13,47
177200,3.0,10.0,4.0,5.0,2.0,2.0,0.4,0.1,10.0,10,0,8,18,6,5,34
177200,3.0,10.0,4.0,5.0,2.0,2.0,0.4,0.1,10.0,11,0,4,14,3,4,22
177200,3.0,10.0,4.0,5.0,2.0,2.0,0.4,0.1,10.0,12,0,4,10,1,1,16
177200,3.0,10.0,4.0,5.0,2.0,2.0,0.4,0.1,10.0,13,0,3,6,1,0,10
177200,3.0,10.0,4.0,5.0,2.0,2.0,0.4,0.1,10.0,14,0,3,6,1,0,10
177200,3.0,10.0,4.0,5.0,2.0,2.0,0.4,0.1,10.0,15,0,2,4,1,0,7
177200,3.0,10.0,4.0,5.0,2.0,2.0,0.4,0.1,10.0,16,0,2,3,1,0,6
177200,3.0,10.0,4.0,5.0,2.0,2.0,0.4,0.1,10.0,17,0,2,1,1,0,4
177200,3.0,10.0,4.0,5.0,2.0,2.0,0.4,0.1,10.0,18,20.0,2,1,1,0,4
177200,3.0,10.0,4.0,5.0,2.0,2.0,0.4,0.1,10.0,19,0,2,0,0,0,2
177200,3.0,10.0,4.0,5.0,2.0,2.0,0.4,0.1,10.0,20,0,1,0,0,0,1