Exp Num,agent:svo_convergence_factor,agent:params:metabolism,agent:params:consumption_factor,agent:params:procreate_cost_factor,agent:params:procreate_req_factor,agent:params:start_energy_factor,agent:params:caught_chance,agent:params:caught_cooldown_factor,agent:params:maximum_age,Epoch,Resource,A,B,C,D,E
128801,2.0,15.0,3.0,9.0,2.0,2.0,0.30000000000000004,0.1,20.0,0,3425.0,13,29,15,26,74
128801,2.0,15.0,3.0,9.0,2.0,2.0,0.30000000000000004,0.1,20.0,1,1851.25,10,24,13,23,64
128801,2.0,15.0,3.0,9.0,2.0,2.0,0.30000000000000004,0.1,20.0,2,1009.0625,10,23,12,23,62
128801,2.0,15.0,3.0,9.0,2.0,2.0,0.30000000000000004,0.1,20.0,3,496.328125,10,23,12,23,62
128801,2.0,15.0,3.0,9.0,2.0,2.0,0.30000000000000004,0.1,20.0,4,0,8,19,7,17,45
128801,2.0,15.0,3.0,9.0,2.0,2.0,0.30000000000000004,0.1,20.0,5,0,6,15,5,13,33
128801,2.0,15.0,3.0,9.0,2.0,2.0,0.30000000000000004,0.1,20.0,6,0,5,15,3,10,30
128801,2.0,15.0,3.0,9.0,2.0,2.0,0.30000000000000004,0.1,20.0,7,0,4,13,3,8,25
128801,2.0,15.0,3.0,9.0,2.0,2.0,0.30000000000000004,0.1,20.0,8,0,4,11,3,5,20
128801,2.0,15.0,3.0,9.0,2.0,2.0,0.30000000000000004,0.1,20.0,9,0,4,10,1,2,16
128801,2.0,15.0,3.0,9.0,2.0,2.0,0.30000000000000004,0.1,20.0,10,0,3,9,1,0,14
128801,2.0,15.0,3.0,9.0,2.0,2.0,0.30000000000000004,0.1,20.0,11,0,3,8,1,0,12
128801,2.0,15.0,3.0,9.0,2.0,2.0,0.30000000000000004,0.1,20.0,12,0,1,7,1,0,9
128801,2.0,15.0,3.0,9.0,2.0,2.0,0.30000000000000004,0.1,20.0,13,0,1,7,0,0,8
128801,2.0,15.0,3.0,9.0,2.0,2.0,0.30000000000000004,0.1,20.0,14,0,1,6,0,0,7
128801,2.0,15.0,3.0,9.0,2.0,2.0,0.30000000000000004,0.1,20.0,15,55.0,0,4,0,0,4
128801,2.0,15.0,3.0,9.0,2.0,2.0,0.30000000000000004,0.1,20.0,16,0,0,3,0,0,3
128801,2.0,15.0,3.0,9.0,2.0,2.0,0.30000000000000004,0.1,20.0,17,0,0,2,0,0,2
128801,2.0,15.0,3.0,9.0,2.0,2.0,0.30000000000000004,0.1,20.0,18,0,0,2,0,0,2
128801,2.0,15.0,3.0,9.0,2.0,2.0,0.30000000000000004,0.1,20.0,19,0,0,1,0,0,1