Exp Num,agent:svo_convergence_factor,agent:params:metabolism,agent:params:consumption_factor,agent:params:procreate_cost_factor,agent:params:procreate_req_factor,agent:params:start_energy_factor,agent:params:caught_chance,agent:params:caught_cooldown_factor,agent:params:maximum_age,Epoch,Resource,A,B,C,D,E
106310,2.0,10.0,3.0,9.0,2.0,2.0,0.30000000000000004,0.30000000000000004,10.0,0,3890.0,15,22,13,33,67
106310,2.0,10.0,3.0,9.0,2.0,2.0,0.30000000000000004,0.30000000000000004,10.0,1,3152.5,13,17,10,31,57
106310,2.0,10.0,3.0,9.0,2.0,2.0,0.30000000000000004,0.30000000000000004,10.0,2,3250.625,13,16,10,31,56
106310,2.0,10.0,3.0,9.0,2.0,2.0,0.30000000000000004,0.30000000000000004,10.0,3,3493.28125,13,16,10,31,56
106310,2.0,10.0,3.0,9.0,2.0,2.0,0.30000000000000004,0.30000000000000004,10.0,4,3406.6015625,10,12,6,30,42
106310,2.0,10.0,3.0,9.0,2.0,2.0,0.30000000000000004,0.30000000000000004,10.0,5,3748.251953125,6,12,6,29,38
106310,2.0,10.0,3.0,9.0,2.0,2.0,0.30000000000000004,0.30000000000000004,10.0,6,4235.31494140625,5,11,6,29,36
106310,2.0,10.0,3.0,9.0,2.0,2.0,0.30000000000000004,0.30000000000000004,10.0,7,4514.1436767578125,5,10,6,27,33
106310,2.0,10.0,3.0,9.0,2.0,2.0,0.30000000000000004,0.30000000000000004,10.0,8,4862.679595947266,4,10,5,27,31
106310,2.0,10.0,3.0,9.0,2.0,2.0,0.30000000000000004,0.30000000000000004,10.0,9,5028.349494934082,4,10,5,27,31
106310,2.0,10.0,3.0,9.0,2.0,2.0,0.30000000000000004,0.30000000000000004,10.0,10,5265.4368686676025,1,7,5,18,20
106310,2.0,10.0,3.0,9.0,2.0,2.0,0.30000000000000004,0.30000000000000004,10.0,11,6041.796085834503,0,3,1,11,9
106310,2.0,10.0,3.0,9.0,2.0,2.0,0.30000000000000004,0.30000000000000004,10.0,12,7252.245107293129,0,3,1,6,6
106310,2.0,10.0,3.0,9.0,2.0,2.0,0.30000000000000004,0.30000000000000004,10.0,13,8855.306384116411,0,2,1,3,4
106310,2.0,10.0,3.0,9.0,2.0,2.0,0.30000000000000004,0.30000000000000004,10.0,14,9880.0,0,1,0,2,1
106310,2.0,10.0,3.0,9.0,2.0,2.0,0.30000000000000004,0.30000000000000004,10.0,15,9910.0,0,1,0,1,1
106310,2.0,10.0,3.0,9.0,2.0,2.0,0.30000000000000004,0.30000000000000004,10.0,16,9970.0,0,1,0,0,1