Exp Num,agent:svo_convergence_factor,agent:params:metabolism,agent:params:consumption_factor,agent:params:procreate_cost_factor,agent:params:procreate_req_factor,agent:params:start_energy_factor,agent:params:caught_chance,agent:params:caught_cooldown_factor,agent:params:maximum_age,Epoch,Resource,A,B,C,D,E
116167,2.0,15.0,1.0,7.0,1.0,3.0,0.2,0.4,30.0,0,3500.0,19,29,15,22,78
116167,2.0,15.0,1.0,7.0,1.0,3.0,0.2,0.4,30.0,1,2935.0,19,29,15,22,78
116167,2.0,15.0,1.0,7.0,1.0,3.0,0.2,0.4,30.0,2,2633.75,19,29,15,22,78
116167,2.0,15.0,1.0,7.0,1.0,3.0,0.2,0.4,30.0,3,2632.1875,19,28,15,21,76
116167,2.0,15.0,1.0,7.0,1.0,3.0,0.2,0.4,30.0,4,2480.234375,18,26,14,21,72
116167,2.0,15.0,1.0,7.0,1.0,3.0,0.2,0.4,30.0,5,2380.29296875,14,19,14,20,61
116167,2.0,15.0,1.0,7.0,1.0,3.0,0.2,0.4,30.0,6,2135.3662109375,13,17,13,19,57
116167,2.0,15.0,1.0,7.0,1.0,3.0,0.2,0.4,30.0,7,1829.207763671875,12,17,12,17,55
116167,2.0,15.0,1.0,7.0,1.0,3.0,0.2,0.4,30.0,8,1431.5097045898438,10,16,12,17,52
116167,2.0,15.0,1.0,7.0,1.0,3.0,0.2,0.4,30.0,9,964.3871307373047,9,15,12,17,50
116167,2.0,15.0,1.0,7.0,1.0,3.0,0.2,0.4,30.0,10,365.48391342163086,7,15,10,17,45
116167,2.0,15.0,1.0,7.0,1.0,3.0,0.2,0.4,30.0,11,0,6,9,6,13,34
116167,2.0,15.0,1.0,7.0,1.0,3.0,0.2,0.4,30.0,12,0,4,5,4,4,20
116167,2.0,15.0,1.0,7.0,1.0,3.0,0.2,0.4,30.0,13,0,4,1,3,1,13
116167,2.0,15.0,1.0,7.0,1.0,3.0,0.2,0.4,30.0,14,0,1,1,3,1,6
116167,2.0,15.0,1.0,7.0,1.0,3.0,0.2,0.4,30.0,15,0,1,0,1,1,3
116167,2.0,15.0,1.0,7.0,1.0,3.0,0.2,0.4,30.0,16,0,1,0,1,0,2
116167,2.0,15.0,1.0,7.0,1.0,3.0,0.2,0.4,30.0,17,0,0,0,1,0,1