Exp Num,agent:svo_convergence_factor,agent:params:metabolism,agent:params:consumption_factor,agent:params:procreate_cost_factor,agent:params:procreate_req_factor,agent:params:start_energy_factor,agent:params:caught_chance,agent:params:caught_cooldown_factor,agent:params:maximum_age,Epoch,Resource,A,B,C,D,E
117899,2.0,15.0,1.0,9.0,3.0,2.0,0.1,0.5,50.0,0,3500.0,19,23,8,31,69
117899,2.0,15.0,1.0,9.0,3.0,2.0,0.1,0.5,50.0,1,2935.0,19,23,8,31,69
117899,2.0,15.0,1.0,9.0,3.0,2.0,0.1,0.5,50.0,2,2573.75,19,23,8,31,69
117899,2.0,15.0,1.0,9.0,3.0,2.0,0.1,0.5,50.0,3,2122.1875,19,23,8,30,69
117899,2.0,15.0,1.0,9.0,3.0,2.0,0.1,0.5,50.0,4,1542.734375,16,23,8,30,66
117899,2.0,15.0,1.0,9.0,3.0,2.0,0.1,0.5,50.0,5,758.41796875,15,22,8,30,64
117899,2.0,15.0,1.0,9.0,3.0,2.0,0.1,0.5,50.0,6,0,11,17,8,25,53
117899,2.0,15.0,1.0,9.0,3.0,2.0,0.1,0.5,50.0,7,0,8,10,5,11,30
117899,2.0,15.0,1.0,9.0,3.0,2.0,0.1,0.5,50.0,8,0,5,5,3,6,15
117899,2.0,15.0,1.0,9.0,3.0,2.0,0.1,0.5,50.0,9,0,4,3,2,1,10
117899,2.0,15.0,1.0,9.0,3.0,2.0,0.1,0.5,50.0,10,0,3,1,1,0,5
117899,2.0,15.0,1.0,9.0,3.0,2.0,0.1,0.5,50.0,11,0,2,1,0,0,3
117899,2.0,15.0,1.0,9.0,3.0,2.0,0.1,0.5,50.0,12,0,1,0,0,0,1