Exp Num,agent:svo_convergence_factor,agent:params:metabolism,agent:params:consumption_factor,agent:params:procreate_cost_factor,agent:params:procreate_req_factor,agent:params:start_energy_factor,agent:params:caught_chance,agent:params:caught_cooldown_factor,agent:params:maximum_age,Epoch,Resource,A,B,C,D,E
190926,3.0,15.0,2.0,9.0,3.0,1.0,0.30000000000000004,0.1,20.0,0,2000.0,17,23,9,37,63
190926,3.0,15.0,2.0,9.0,3.0,1.0,0.30000000000000004,0.1,20.0,1,1480.0,17,23,9,37,63
190926,3.0,15.0,2.0,9.0,3.0,1.0,0.30000000000000004,0.1,20.0,2,320.0,12,21,6,32,52
190926,3.0,15.0,2.0,9.0,3.0,1.0,0.30000000000000004,0.1,20.0,3,0,11,21,6,30,49
190926,3.0,15.0,2.0,9.0,3.0,1.0,0.30000000000000004,0.1,20.0,4,0,8,15,4,15,31
190926,3.0,15.0,2.0,9.0,3.0,1.0,0.30000000000000004,0.1,20.0,5,0,7,10,3,9,22
190926,3.0,15.0,2.0,9.0,3.0,1.0,0.30000000000000004,0.1,20.0,6,0,5,6,2,6,15
190926,3.0,15.0,2.0,9.0,3.0,1.0,0.30000000000000004,0.1,20.0,7,0,4,4,2,2,11
190926,3.0,15.0,2.0,9.0,3.0,1.0,0.30000000000000004,0.1,20.0,8,0,4,4,0,1,8
190926,3.0,15.0,2.0,9.0,3.0,1.0,0.30000000000000004,0.1,20.0,9,0,2,2,0,1,4
190926,3.0,15.0,2.0,9.0,3.0,1.0,0.30000000000000004,0.1,20.0,10,0,0,2,0,0,2
190926,3.0,15.0,2.0,9.0,3.0,1.0,0.30000000000000004,0.1,20.0,11,0,0,1,0,0,1