Exp Num,agent:svo_convergence_factor,agent:params:metabolism,agent:params:consumption_factor,agent:params:procreate_cost_factor,agent:params:procreate_req_factor,agent:params:start_energy_factor,agent:params:caught_chance,agent:params:caught_cooldown_factor,agent:params:maximum_age,Epoch,Resource,A,B,C,D,E
187135,3.0,15.0,2.0,3.0,2.0,1.0,0.1,0.30000000000000004,10.0,0,2000.0,16,20,13,29,71
187135,3.0,15.0,2.0,3.0,2.0,1.0,0.1,0.30000000000000004,10.0,1,1390.0,16,20,13,29,71
187135,3.0,15.0,2.0,3.0,2.0,1.0,0.1,0.30000000000000004,10.0,2,0,15,15,11,23,62
187135,3.0,15.0,2.0,3.0,2.0,1.0,0.1,0.30000000000000004,10.0,3,0,15,14,10,20,57
187135,3.0,15.0,2.0,3.0,2.0,1.0,0.1,0.30000000000000004,10.0,4,0,13,11,6,9,38
187135,3.0,15.0,2.0,3.0,2.0,1.0,0.1,0.30000000000000004,10.0,5,0,11,11,4,2,30
187135,3.0,15.0,2.0,3.0,2.0,1.0,0.1,0.30000000000000004,10.0,6,0,7,7,3,1,18
187135,3.0,15.0,2.0,3.0,2.0,1.0,0.1,0.30000000000000004,10.0,7,0,4,3,3,1,11
187135,3.0,15.0,2.0,3.0,2.0,1.0,0.1,0.30000000000000004,10.0,8,0,2,1,3,0,6
187135,3.0,15.0,2.0,3.0,2.0,1.0,0.1,0.30000000000000004,10.0,9,0,1,0,2,0,3
187135,3.0,15.0,2.0,3.0,2.0,1.0,0.1,0.30000000000000004,10.0,10,0,1,0,1,0,2
187135,3.0,15.0,2.0,3.0,2.0,1.0,0.1,0.30000000000000004,10.0,11,0,1,0,0,0,1