Exp Num,agent:svo_convergence_factor,agent:params:metabolism,agent:params:consumption_factor,agent:params:procreate_cost_factor,agent:params:procreate_req_factor,agent:params:start_energy_factor,agent:params:caught_chance,agent:params:caught_cooldown_factor,agent:params:maximum_age,Epoch,Resource,A,B,C,D,E
185312,3.0,15.0,1.0,9.0,3.0,1.0,0.30000000000000004,0.30000000000000004,30.0,0,3500.0,17,26,11,30,70
185312,3.0,15.0,1.0,9.0,3.0,1.0,0.30000000000000004,0.30000000000000004,30.0,1,2875.0,17,26,11,30,70
185312,3.0,15.0,1.0,9.0,3.0,1.0,0.30000000000000004,0.30000000000000004,30.0,2,2093.75,17,26,11,30,70
185312,3.0,15.0,1.0,9.0,3.0,1.0,0.30000000000000004,0.30000000000000004,30.0,3,1117.1875,17,26,11,30,70
185312,3.0,15.0,1.0,9.0,3.0,1.0,0.30000000000000004,0.30000000000000004,30.0,4,0,16,26,10,29,67
185312,3.0,15.0,1.0,9.0,3.0,1.0,0.30000000000000004,0.30000000000000004,30.0,5,0,6,15,7,13,35
185312,3.0,15.0,1.0,9.0,3.0,1.0,0.30000000000000004,0.30000000000000004,30.0,6,0,3,8,5,5,19
185312,3.0,15.0,1.0,9.0,3.0,1.0,0.30000000000000004,0.30000000000000004,30.0,7,0,0,4,3,4,8
185312,3.0,15.0,1.0,9.0,3.0,1.0,0.30000000000000004,0.30000000000000004,30.0,8,0,0,3,1,2,4
185312,3.0,15.0,1.0,9.0,3.0,1.0,0.30000000000000004,0.30000000000000004,30.0,9,0,0,1,1,1,2
185312,3.0,15.0,1.0,9.0,3.0,1.0,0.30000000000000004,0.30000000000000004,30.0,10,0,0,0,1,0,1