Exp Num,agent:svo_convergence_factor,agent:params:metabolism,agent:params:consumption_factor,agent:params:procreate_cost_factor,agent:params:procreate_req_factor,agent:params:start_energy_factor,agent:params:caught_chance,agent:params:caught_cooldown_factor,agent:params:maximum_age,Epoch,Resource,A,B,C,D,E
183572,3.0,15.0,1.0,7.0,1.0,2.0,0.30000000000000004,0.5,30.0,0,3500.0,13,24,10,33,67
183572,3.0,15.0,1.0,7.0,1.0,2.0,0.30000000000000004,0.5,30.0,1,2965.0,13,24,10,33,67
183572,3.0,15.0,1.0,7.0,1.0,2.0,0.30000000000000004,0.5,30.0,2,2686.25,13,23,8,33,64
183572,3.0,15.0,1.0,7.0,1.0,2.0,0.30000000000000004,0.5,30.0,3,2442.8125,13,18,8,32,59
183572,3.0,15.0,1.0,7.0,1.0,2.0,0.30000000000000004,0.5,30.0,4,2078.515625,13,16,6,31,55
183572,3.0,15.0,1.0,7.0,1.0,2.0,0.30000000000000004,0.5,30.0,5,1653.14453125,10,15,5,30,50
183572,3.0,15.0,1.0,7.0,1.0,2.0,0.30000000000000004,0.5,30.0,6,1091.4306640625,9,14,5,30,47
183572,3.0,15.0,1.0,7.0,1.0,2.0,0.30000000000000004,0.5,30.0,7,344.288330078125,8,12,5,30,44
183572,3.0,15.0,1.0,7.0,1.0,2.0,0.30000000000000004,0.5,30.0,8,0,6,8,4,23,29
183572,3.0,15.0,1.0,7.0,1.0,2.0,0.30000000000000004,0.5,30.0,9,0,4,4,1,12,14
183572,3.0,15.0,1.0,7.0,1.0,2.0,0.30000000000000004,0.5,30.0,10,0,3,3,0,6,7
183572,3.0,15.0,1.0,7.0,1.0,2.0,0.30000000000000004,0.5,30.0,11,0,2,1,0,2,4
183572,3.0,15.0,1.0,7.0,1.0,2.0,0.30000000000000004,0.5,30.0,12,0,2,1,0,0,3
183572,3.0,15.0,1.0,7.0,1.0,2.0,0.30000000000000004,0.5,30.0,13,0,1,0,0,0,1