Exp Num,agent:svo_convergence_factor,agent:params:metabolism,agent:params:consumption_factor,agent:params:procreate_cost_factor,agent:params:procreate_req_factor,agent:params:start_energy_factor,agent:params:caught_chance,agent:params:caught_cooldown_factor,agent:params:maximum_age,Epoch,Resource,A,B,C,D,E
118122,2.0,15.0,1.0,9.0,3.0,3.0,0.5,0.5,30.0,0,3500.0,24,19,14,22,78
118122,2.0,15.0,1.0,9.0,3.0,3.0,0.5,0.5,30.0,1,2980.0,24,19,14,22,78
118122,2.0,15.0,1.0,9.0,3.0,3.0,0.5,0.5,30.0,2,2915.0,24,19,14,22,78
118122,2.0,15.0,1.0,9.0,3.0,3.0,0.5,0.5,30.0,3,2848.75,23,18,13,20,75
118122,2.0,15.0,1.0,9.0,3.0,3.0,0.5,0.5,30.0,4,2720.9375,17,12,10,19,60
118122,2.0,15.0,1.0,9.0,3.0,3.0,0.5,0.5,30.0,5,2456.171875,15,10,10,18,55
118122,2.0,15.0,1.0,9.0,3.0,3.0,0.5,0.5,30.0,6,2095.21484375,12,10,10,18,52
118122,2.0,15.0,1.0,9.0,3.0,3.0,0.5,0.5,30.0,7,1854.0185546875,11,10,10,18,51
118122,2.0,15.0,1.0,9.0,3.0,3.0,0.5,0.5,30.0,8,1837.523193359375,10,10,10,18,50
118122,2.0,15.0,1.0,9.0,3.0,3.0,0.5,0.5,30.0,9,1816.9039916992188,7,9,10,16,46
118122,2.0,15.0,1.0,9.0,3.0,3.0,0.5,0.5,30.0,10,1656.1299896240234,5,6,9,14,40
118122,2.0,15.0,1.0,9.0,3.0,3.0,0.5,0.5,30.0,11,1425.1624870300293,3,4,8,14,35
118122,2.0,15.0,1.0,9.0,3.0,3.0,0.5,0.5,30.0,12,1136.4531087875366,3,4,8,13,35
118122,2.0,15.0,1.0,9.0,3.0,3.0,0.5,0.5,30.0,13,775.5663859844208,3,4,8,13,35
118122,2.0,15.0,1.0,9.0,3.0,3.0,0.5,0.5,30.0,14,324.45798248052597,3,4,8,12,35
118122,2.0,15.0,1.0,9.0,3.0,3.0,0.5,0.5,30.0,15,0,2,4,5,9,28
118122,2.0,15.0,1.0,9.0,3.0,3.0,0.5,0.5,30.0,16,0,1,4,1,6,12
118122,2.0,15.0,1.0,9.0,3.0,3.0,0.5,0.5,30.0,17,0,1,3,1,1,8
118122,2.0,15.0,1.0,9.0,3.0,3.0,0.5,0.5,30.0,18,0,0,1,1,1,3
118122,2.0,15.0,1.0,9.0,3.0,3.0,0.5,0.5,30.0,19,0,0,1,0,0,2
118122,2.0,15.0,1.0,9.0,3.0,3.0,0.5,0.5,30.0,20,0,0,0,0,0,1