Exp Num,agent:svo_convergence_factor,agent:params:metabolism,agent:params:consumption_factor,agent:params:procreate_cost_factor,agent:params:procreate_req_factor,agent:params:start_energy_factor,agent:params:caught_chance,agent:params:caught_cooldown_factor,agent:params:maximum_age,Epoch,Resource,A,B,C,D,E
127467,2.0,15.0,3.0,7.0,1.0,3.0,0.4,0.4,30.0,0,3830.0,10,29,15,32,68
127467,2.0,15.0,3.0,7.0,1.0,3.0,0.4,0.4,30.0,1,4022.5,12,31,15,32,72
127467,2.0,15.0,3.0,7.0,1.0,3.0,0.4,0.4,30.0,2,3138.125,9,22,14,24,59
127467,2.0,15.0,3.0,7.0,1.0,3.0,0.4,0.4,30.0,3,2662.65625,10,23,12,24,59
127467,2.0,15.0,3.0,7.0,1.0,3.0,0.4,0.4,30.0,4,2608.3203125,9,26,13,24,62
127467,2.0,15.0,3.0,7.0,1.0,3.0,0.4,0.4,30.0,5,1865.400390625,9,23,10,20,54
127467,2.0,15.0,3.0,7.0,1.0,3.0,0.4,0.4,30.0,6,1386.75048828125,8,24,8,17,52
127467,2.0,15.0,3.0,7.0,1.0,3.0,0.4,0.4,30.0,7,788.4381103515625,8,27,8,16,55
127467,2.0,15.0,3.0,7.0,1.0,3.0,0.4,0.4,30.0,8,0,6,29,8,14,54
127467,2.0,15.0,3.0,7.0,1.0,3.0,0.4,0.4,30.0,9,0,6,29,6,11,51
127467,2.0,15.0,3.0,7.0,1.0,3.0,0.4,0.4,30.0,10,0,6,24,3,10,42
127467,2.0,15.0,3.0,7.0,1.0,3.0,0.4,0.4,30.0,11,0,4,21,2,5,32
127467,2.0,15.0,3.0,7.0,1.0,3.0,0.4,0.4,30.0,12,0,2,18,2,2,26
127467,2.0,15.0,3.0,7.0,1.0,3.0,0.4,0.4,30.0,13,0,2,14,2,1,19
127467,2.0,15.0,3.0,7.0,1.0,3.0,0.4,0.4,30.0,14,0,1,13,1,0,15
127467,2.0,15.0,3.0,7.0,1.0,3.0,0.4,0.4,30.0,15,0,0,11,1,0,12
127467,2.0,15.0,3.0,7.0,1.0,3.0,0.4,0.4,30.0,16,0,0,10,1,0,11
127467,2.0,15.0,3.0,7.0,1.0,3.0,0.4,0.4,30.0,17,0,0,6,1,0,7
127467,2.0,15.0,3.0,7.0,1.0,3.0,0.4,0.4,30.0,18,0,0,4,1,0,5
127467,2.0,15.0,3.0,7.0,1.0,3.0,0.4,0.4,30.0,19,100,0,3,0,0,3
127467,2.0,15.0,3.0,7.0,1.0,3.0,0.4,0.4,30.0,20,80.0,0,2,0,0,2
127467,2.0,15.0,3.0,7.0,1.0,3.0,0.4,0.4,30.0,21,55.0,0,2,0,0,2
127467,2.0,15.0,3.0,7.0,1.0,3.0,0.4,0.4,30.0,22,68.75,0,2,0,0,2
127467,2.0,15.0,3.0,7.0,1.0,3.0,0.4,0.4,30.0,23,85.9375,0,2,0,0,2
127467,2.0,15.0,3.0,7.0,1.0,3.0,0.4,0.4,30.0,24,107.421875,0,2,0,0,2
127467,2.0,15.0,3.0,7.0,1.0,3.0,0.4,0.4,30.0,25,134.27734375,0,2,0,0,2
127467,2.0,15.0,3.0,7.0,1.0,3.0,0.4,0.4,30.0,26,167.8466796875,0,1,0,0,1