Exp Num,agent:svo_convergence_factor,agent:params:metabolism,agent:params:consumption_factor,agent:params:procreate_cost_factor,agent:params:procreate_req_factor,agent:params:start_energy_factor,agent:params:caught_chance,agent:params:caught_cooldown_factor,agent:params:maximum_age,Epoch,Resource,A,B,C,D,E
189513,3.0,15.0,2.0,7.0,2.0,2.0,0.1,0.30000000000000004,40.0,0,3680.0,21,23,8,33,67
189513,3.0,15.0,2.0,7.0,2.0,2.0,0.1,0.30000000000000004,40.0,1,2080.0,19,23,8,33,65
189513,3.0,15.0,2.0,7.0,2.0,2.0,0.1,0.30000000000000004,40.0,2,1250.0,19,23,8,33,65
189513,3.0,15.0,2.0,7.0,2.0,2.0,0.1,0.30000000000000004,40.0,3,0,18,21,8,29,61
189513,3.0,15.0,2.0,7.0,2.0,2.0,0.1,0.30000000000000004,40.0,4,0,18,20,8,25,58
189513,3.0,15.0,2.0,7.0,2.0,2.0,0.1,0.30000000000000004,40.0,5,0,16,16,5,12,41
189513,3.0,15.0,2.0,7.0,2.0,2.0,0.1,0.30000000000000004,40.0,6,0,15,14,5,5,35
189513,3.0,15.0,2.0,7.0,2.0,2.0,0.1,0.30000000000000004,40.0,7,0,14,7,3,3,25
189513,3.0,15.0,2.0,7.0,2.0,2.0,0.1,0.30000000000000004,40.0,8,0,12,4,2,3,18
189513,3.0,15.0,2.0,7.0,2.0,2.0,0.1,0.30000000000000004,40.0,9,0,9,3,1,1,13
189513,3.0,15.0,2.0,7.0,2.0,2.0,0.1,0.30000000000000004,40.0,10,0,7,3,0,0,10
189513,3.0,15.0,2.0,7.0,2.0,2.0,0.1,0.30000000000000004,40.0,11,0,4,1,0,0,5
189513,3.0,15.0,2.0,7.0,2.0,2.0,0.1,0.30000000000000004,40.0,12,0,2,1,0,0,3
189513,3.0,15.0,2.0,7.0,2.0,2.0,0.1,0.30000000000000004,40.0,13,0,1,1,0,0,2
189513,3.0,15.0,2.0,7.0,2.0,2.0,0.1,0.30000000000000004,40.0,14,100,1,0,0,0,1