Exp Num,agent:svo_convergence_factor,agent:params:metabolism,agent:params:consumption_factor,agent:params:procreate_cost_factor,agent:params:procreate_req_factor,agent:params:start_energy_factor,agent:params:caught_chance,agent:params:caught_cooldown_factor,agent:params:maximum_age,Epoch,Resource,A,B,C,D,E
19760,1.0,5.0,4.0,5.0,2.0,3.0,0.1,0.30000000000000004,10.0,0,3740.0,19,23,6,36,64
19760,1.0,5.0,4.0,5.0,2.0,3.0,0.1,0.30000000000000004,10.0,1,3635.0,19,23,6,36,64
19760,1.0,5.0,4.0,5.0,2.0,3.0,0.1,0.30000000000000004,10.0,2,3303.75,26,23,9,34,75
19760,1.0,5.0,4.0,5.0,2.0,3.0,0.1,0.30000000000000004,10.0,3,3189.6875,33,30,12,34,92
19760,1.0,5.0,4.0,5.0,2.0,3.0,0.1,0.30000000000000004,10.0,4,2787.109375,40,39,12,35,108
19760,1.0,5.0,4.0,5.0,2.0,3.0,0.1,0.30000000000000004,10.0,5,2163.88671875,51,47,13,35,128
19760,1.0,5.0,4.0,5.0,2.0,3.0,0.1,0.30000000000000004,10.0,6,1144.8583984375,62,53,13,35,144
19760,1.0,5.0,4.0,5.0,2.0,3.0,0.1,0.30000000000000004,10.0,7,0,70,64,15,36,165
19760,1.0,5.0,4.0,5.0,2.0,3.0,0.1,0.30000000000000004,10.0,8,0,69,63,15,35,163
19760,1.0,5.0,4.0,5.0,2.0,3.0,0.1,0.30000000000000004,10.0,9,0,68,62,15,32,160
19760,1.0,5.0,4.0,5.0,2.0,3.0,0.1,0.30000000000000004,10.0,10,0,54,49,10,17,121
19760,1.0,5.0,4.0,5.0,2.0,3.0,0.1,0.30000000000000004,10.0,11,0,50,44,8,7,107
19760,1.0,5.0,4.0,5.0,2.0,3.0,0.1,0.30000000000000004,10.0,12,0,46,40,7,4,95
19760,1.0,5.0,4.0,5.0,2.0,3.0,0.1,0.30000000000000004,10.0,13,0,39,36,5,3,81
19760,1.0,5.0,4.0,5.0,2.0,3.0,0.1,0.30000000000000004,10.0,14,0,30,31,4,2,65
19760,1.0,5.0,4.0,5.0,2.0,3.0,0.1,0.30000000000000004,10.0,15,0,22,24,2,2,48
19760,1.0,5.0,4.0,5.0,2.0,3.0,0.1,0.30000000000000004,10.0,16,0,16,21,2,1,39
19760,1.0,5.0,4.0,5.0,2.0,3.0,0.1,0.30000000000000004,10.0,17,0,12,18,2,1,32
19760,1.0,5.0,4.0,5.0,2.0,3.0,0.1,0.30000000000000004,10.0,18,0,12,12,1,1,25
19760,1.0,5.0,4.0,5.0,2.0,3.0,0.1,0.30000000000000004,10.0,19,0,7,7,1,1,15
19760,1.0,5.0,4.0,5.0,2.0,3.0,0.1,0.30000000000000004,10.0,20,0,6,2,1,0,9
19760,1.0,5.0,4.0,5.0,2.0,3.0,0.1,0.30000000000000004,10.0,21,0,4,0,1,0,5
19760,1.0,5.0,4.0,5.0,2.0,3.0,0.1,0.30000000000000004,10.0,22,0,2,0,0,0,2
19760,1.0,5.0,4.0,5.0,2.0,3.0,0.1,0.30000000000000004,10.0,23,0,1,0,0,0,1