Exp Num,agent:svo_convergence_factor,agent:params:metabolism,agent:params:consumption_factor,agent:params:procreate_cost_factor,agent:params:procreate_req_factor,agent:params:start_energy_factor,agent:params:caught_chance,agent:params:caught_cooldown_factor,agent:params:maximum_age,Epoch,Resource,A,B,C,D,E
154001,3.0,5.0,4.0,3.0,3.0,3.0,0.1,0.1,20.0,0,3560.0,14,26,5,37,63
154001,3.0,5.0,4.0,3.0,3.0,3.0,0.1,0.1,20.0,1,3470.0,18,33,10,39,81
154001,3.0,5.0,4.0,3.0,3.0,3.0,0.1,0.1,20.0,2,3017.5,22,37,14,44,93
154001,3.0,5.0,4.0,3.0,3.0,3.0,0.1,0.1,20.0,3,2691.875,25,46,17,46,109
154001,3.0,5.0,4.0,3.0,3.0,3.0,0.1,0.1,20.0,4,1964.84375,33,51,25,47,131
154001,3.0,5.0,4.0,3.0,3.0,3.0,0.1,0.1,20.0,5,956.0546875,42,59,30,48,154
154001,3.0,5.0,4.0,3.0,3.0,3.0,0.1,0.1,20.0,6,0,47,66,30,45,164
154001,3.0,5.0,4.0,3.0,3.0,3.0,0.1,0.1,20.0,7,0,47,63,30,41,159
154001,3.0,5.0,4.0,3.0,3.0,3.0,0.1,0.1,20.0,8,0,46,59,29,40,152
154001,3.0,5.0,4.0,3.0,3.0,3.0,0.1,0.1,20.0,9,0,46,57,28,40,148
154001,3.0,5.0,4.0,3.0,3.0,3.0,0.1,0.1,20.0,10,0,42,55,23,28,132
154001,3.0,5.0,4.0,3.0,3.0,3.0,0.1,0.1,20.0,11,0,36,41,18,25,102
154001,3.0,5.0,4.0,3.0,3.0,3.0,0.1,0.1,20.0,12,0,21,35,13,14,74
154001,3.0,5.0,4.0,3.0,3.0,3.0,0.1,0.1,20.0,13,0,13,20,8,11,45
154001,3.0,5.0,4.0,3.0,3.0,3.0,0.1,0.1,20.0,14,0,11,10,3,8,26
154001,3.0,5.0,4.0,3.0,3.0,3.0,0.1,0.1,20.0,15,0,5,6,2,4,15
154001,3.0,5.0,4.0,3.0,3.0,3.0,0.1,0.1,20.0,16,0,3,3,1,4,8
154001,3.0,5.0,4.0,3.0,3.0,3.0,0.1,0.1,20.0,17,60.0,1,3,0,3,5
154001,3.0,5.0,4.0,3.0,3.0,3.0,0.1,0.1,20.0,18,0,1,3,0,2,5
154001,3.0,5.0,4.0,3.0,3.0,3.0,0.1,0.1,20.0,19,0,1,1,0,2,2
154001,3.0,5.0,4.0,3.0,3.0,3.0,0.1,0.1,20.0,20,0,1,1,0,2,2
154001,3.0,5.0,4.0,3.0,3.0,3.0,0.1,0.1,20.0,21,0,1,1,0,2,2
154001,3.0,5.0,4.0,3.0,3.0,3.0,0.1,0.1,20.0,22,0,1,0,0,1,1
154001,3.0,5.0,4.0,3.0,3.0,3.0,0.1,0.1,20.0,23,0,1,0,0,1,1
154001,3.0,5.0,4.0,3.0,3.0,3.0,0.1,0.1,20.0,24,0,1,0,0,0,1