Exp Num,agent:svo_convergence_factor,agent:params:metabolism,agent:params:consumption_factor,agent:params:procreate_cost_factor,agent:params:procreate_req_factor,agent:params:start_energy_factor,agent:params:caught_chance,agent:params:caught_cooldown_factor,agent:params:maximum_age,Epoch,Resource,A,B,C,D,E
180244,3.0,15.0,1.0,1.0,1.0,2.0,0.5,0.4,50.0,0,3500.0,35,41,16,35,115
180244,3.0,15.0,1.0,1.0,1.0,2.0,0.5,0.4,50.0,1,2605.0,48,60,32,54,171
180244,3.0,15.0,1.0,1.0,1.0,2.0,0.5,0.4,50.0,2,1861.25,37,47,29,42,133
180244,3.0,15.0,1.0,1.0,1.0,2.0,0.5,0.4,50.0,3,1261.5625,22,39,25,33,97
180244,3.0,15.0,1.0,1.0,1.0,2.0,0.5,0.4,50.0,4,781.953125,16,31,23,22,81
180244,3.0,15.0,1.0,1.0,1.0,2.0,0.5,0.4,50.0,5,257.44140625,13,24,23,15,68
180244,3.0,15.0,1.0,1.0,1.0,2.0,0.5,0.4,50.0,6,0,12,20,16,8,51
180244,3.0,15.0,1.0,1.0,1.0,2.0,0.5,0.4,50.0,7,0,5,18,9,2,35
180244,3.0,15.0,1.0,1.0,1.0,2.0,0.5,0.4,50.0,8,0,4,13,8,1,27
180244,3.0,15.0,1.0,1.0,1.0,2.0,0.5,0.4,50.0,9,0,3,9,7,1,21
180244,3.0,15.0,1.0,1.0,1.0,2.0,0.5,0.4,50.0,10,0,0,6,8,1,16
180244,3.0,15.0,1.0,1.0,1.0,2.0,0.5,0.4,50.0,11,0,0,4,4,0,10
180244,3.0,15.0,1.0,1.0,1.0,2.0,0.5,0.4,50.0,12,0,0,2,5,0,7
180244,3.0,15.0,1.0,1.0,1.0,2.0,0.5,0.4,50.0,13,0,0,1,3,0,4
180244,3.0,15.0,1.0,1.0,1.0,2.0,0.5,0.4,50.0,14,0,0,1,1,0,2
180244,3.0,15.0,1.0,1.0,1.0,2.0,0.5,0.4,50.0,15,0,0,0,1,0,1