Exp Num,agent:svo_convergence_factor,agent:params:metabolism,agent:params:consumption_factor,agent:params:procreate_cost_factor,agent:params:procreate_req_factor,agent:params:start_energy_factor,agent:params:caught_chance,agent:params:caught_cooldown_factor,agent:params:maximum_age,Epoch,Resource,A,B,C,D,E
146887,3.0,5.0,3.0,1.0,2.0,3.0,0.1,0.30000000000000004,30.0,0,3500.0,25,46,20,43,107
146887,3.0,5.0,3.0,1.0,2.0,3.0,0.1,0.30000000000000004,30.0,1,3250.0,35,68,39,53,160
146887,3.0,5.0,3.0,1.0,2.0,3.0,0.1,0.30000000000000004,30.0,2,2472.5,49,96,50,62,216
146887,3.0,5.0,3.0,1.0,2.0,3.0,0.1,0.30000000000000004,30.0,3,285.625,66,126,79,79,296
146887,3.0,5.0,3.0,1.0,2.0,3.0,0.1,0.30000000000000004,30.0,4,0,76,151,83,65,331
146887,3.0,5.0,3.0,1.0,2.0,3.0,0.1,0.30000000000000004,30.0,5,0,59,125,56,37,246
146887,3.0,5.0,3.0,1.0,2.0,3.0,0.1,0.30000000000000004,30.0,6,0,46,80,36,19,164
146887,3.0,5.0,3.0,1.0,2.0,3.0,0.1,0.30000000000000004,30.0,7,0,29,50,21,10,102
146887,3.0,5.0,3.0,1.0,2.0,3.0,0.1,0.30000000000000004,30.0,8,0,23,35,9,6,67
146887,3.0,5.0,3.0,1.0,2.0,3.0,0.1,0.30000000000000004,30.0,9,0,16,18,5,3,39
146887,3.0,5.0,3.0,1.0,2.0,3.0,0.1,0.30000000000000004,30.0,10,0,10,12,2,0,24
146887,3.0,5.0,3.0,1.0,2.0,3.0,0.1,0.30000000000000004,30.0,11,0,2,10,0,0,12
146887,3.0,5.0,3.0,1.0,2.0,3.0,0.1,0.30000000000000004,30.0,12,0,1,6,0,0,7
146887,3.0,5.0,3.0,1.0,2.0,3.0,0.1,0.30000000000000004,30.0,13,0,0,4,0,0,4
146887,3.0,5.0,3.0,1.0,2.0,3.0,0.1,0.30000000000000004,30.0,14,0,0,2,0,0,2
146887,3.0,5.0,3.0,1.0,2.0,3.0,0.1,0.30000000000000004,30.0,15,70.0,0,3,0,0,3
146887,3.0,5.0,3.0,1.0,2.0,3.0,0.1,0.30000000000000004,30.0,16,87.5,0,4,0,0,4
146887,3.0,5.0,3.0,1.0,2.0,3.0,0.1,0.30000000000000004,30.0,17,79.375,0,5,0,0,5
146887,3.0,5.0,3.0,1.0,2.0,3.0,0.1,0.30000000000000004,30.0,18,54.21875,0,5,0,0,5
146887,3.0,5.0,3.0,1.0,2.0,3.0,0.1,0.30000000000000004,30.0,19,7.7734375,0,7,0,0,7
146887,3.0,5.0,3.0,1.0,2.0,3.0,0.1,0.30000000000000004,30.0,20,0,0,9,0,0,9
146887,3.0,5.0,3.0,1.0,2.0,3.0,0.1,0.30000000000000004,30.0,21,0,0,7,0,0,7
146887,3.0,5.0,3.0,1.0,2.0,3.0,0.1,0.30000000000000004,30.0,22,0,0,4,0,0,4
146887,3.0,5.0,3.0,1.0,2.0,3.0,0.1,0.30000000000000004,30.0,23,0,0,2,0,0,2
146887,3.0,5.0,3.0,1.0,2.0,3.0,0.1,0.30000000000000004,30.0,24,0,0,1,0,0,1