Exp Num,agent:svo_convergence_factor,agent:params:metabolism,agent:params:consumption_factor,agent:params:procreate_cost_factor,agent:params:procreate_req_factor,agent:params:start_energy_factor,agent:params:caught_chance,agent:params:caught_cooldown_factor,agent:params:maximum_age,Epoch,Resource,A,B,C,D,E
174561,3.0,10.0,4.0,1.0,1.0,2.0,0.30000000000000004,0.30000000000000004,20.0,0,3680.0,32,36,19,40,110
174561,3.0,10.0,4.0,1.0,1.0,2.0,0.30000000000000004,0.30000000000000004,20.0,1,1400.0,35,55,30,55,146
174561,3.0,10.0,4.0,1.0,1.0,2.0,0.30000000000000004,0.30000000000000004,20.0,2,0,45,75,48,73,198
174561,3.0,10.0,4.0,1.0,1.0,2.0,0.30000000000000004,0.30000000000000004,20.0,3,0,43,73,54,60,188
174561,3.0,10.0,4.0,1.0,1.0,2.0,0.30000000000000004,0.30000000000000004,20.0,4,0,34,63,50,42,162
174561,3.0,10.0,4.0,1.0,1.0,2.0,0.30000000000000004,0.30000000000000004,20.0,5,0,29,62,35,32,136
174561,3.0,10.0,4.0,1.0,1.0,2.0,0.30000000000000004,0.30000000000000004,20.0,6,0,20,55,29,25,111
174561,3.0,10.0,4.0,1.0,1.0,2.0,0.30000000000000004,0.30000000000000004,20.0,7,0,18,40,16,18,78
174561,3.0,10.0,4.0,1.0,1.0,2.0,0.30000000000000004,0.30000000000000004,20.0,8,0,12,34,11,8,60
174561,3.0,10.0,4.0,1.0,1.0,2.0,0.30000000000000004,0.30000000000000004,20.0,9,0,9,24,10,3,45
174561,3.0,10.0,4.0,1.0,1.0,2.0,0.30000000000000004,0.30000000000000004,20.0,10,0,8,20,8,1,37
174561,3.0,10.0,4.0,1.0,1.0,2.0,0.30000000000000004,0.30000000000000004,20.0,11,0,7,14,8,0,29
174561,3.0,10.0,4.0,1.0,1.0,2.0,0.30000000000000004,0.30000000000000004,20.0,12,0,6,9,5,0,20
174561,3.0,10.0,4.0,1.0,1.0,2.0,0.30000000000000004,0.30000000000000004,20.0,13,0,5,8,3,0,16
174561,3.0,10.0,4.0,1.0,1.0,2.0,0.30000000000000004,0.30000000000000004,20.0,14,0,3,6,1,0,10
174561,3.0,10.0,4.0,1.0,1.0,2.0,0.30000000000000004,0.30000000000000004,20.0,15,0,1,6,0,0,7
174561,3.0,10.0,4.0,1.0,1.0,2.0,0.30000000000000004,0.30000000000000004,20.0,16,0,0,5,0,0,5
174561,3.0,10.0,4.0,1.0,1.0,2.0,0.30000000000000004,0.30000000000000004,20.0,17,0,0,5,0,0,5
174561,3.0,10.0,4.0,1.0,1.0,2.0,0.30000000000000004,0.30000000000000004,20.0,18,0,0,3,0,0,3
174561,3.0,10.0,4.0,1.0,1.0,2.0,0.30000000000000004,0.30000000000000004,20.0,19,0,0,1,0,0,1