Exp Num,agent:svo_convergence_factor,agent:params:metabolism,agent:params:consumption_factor,agent:params:procreate_cost_factor,agent:params:procreate_req_factor,agent:params:start_energy_factor,agent:params:caught_chance,agent:params:caught_cooldown_factor,agent:params:maximum_age,Epoch,Resource,A,B,C,D,E
156530,3.0,5.0,4.0,9.0,1.0,2.0,0.2,0.2,10.0,0,3420.0,18,28,9,22,78
156530,3.0,5.0,4.0,9.0,1.0,2.0,0.2,0.2,10.0,1,3255.0,17,27,9,20,76
156530,3.0,5.0,4.0,9.0,1.0,2.0,0.2,0.2,10.0,2,3408.75,22,31,10,20,86
156530,3.0,5.0,4.0,9.0,1.0,2.0,0.2,0.2,10.0,3,3680.9375,24,37,10,20,94
156530,3.0,5.0,4.0,9.0,1.0,2.0,0.2,0.2,10.0,4,3741.171875,29,40,10,21,102
156530,3.0,5.0,4.0,9.0,1.0,2.0,0.2,0.2,10.0,5,3256.46484375,34,44,9,19,110
156530,3.0,5.0,4.0,9.0,1.0,2.0,0.2,0.2,10.0,6,2810.5810546875,40,57,9,19,129
156530,3.0,5.0,4.0,9.0,1.0,2.0,0.2,0.2,10.0,7,2173.226318359375,47,70,10,19,150
156530,3.0,5.0,4.0,9.0,1.0,2.0,0.2,0.2,10.0,8,916.5328979492188,55,82,14,18,174
156530,3.0,5.0,4.0,9.0,1.0,2.0,0.2,0.2,10.0,9,0,62,90,14,14,186
156530,3.0,5.0,4.0,9.0,1.0,2.0,0.2,0.2,10.0,10,0,52,80,9,4,146
156530,3.0,5.0,4.0,9.0,1.0,2.0,0.2,0.2,10.0,11,0,47,65,9,2,122
156530,3.0,5.0,4.0,9.0,1.0,2.0,0.2,0.2,10.0,12,0,39,61,8,2,108
156530,3.0,5.0,4.0,9.0,1.0,2.0,0.2,0.2,10.0,13,0,39,59,7,2,105
156530,3.0,5.0,4.0,9.0,1.0,2.0,0.2,0.2,10.0,14,0,37,57,7,1,101
156530,3.0,5.0,4.0,9.0,1.0,2.0,0.2,0.2,10.0,15,0,35,52,7,1,94
156530,3.0,5.0,4.0,9.0,1.0,2.0,0.2,0.2,10.0,16,0,32,48,7,1,87
156530,3.0,5.0,4.0,9.0,1.0,2.0,0.2,0.2,10.0,17,0,30,41,5,1,76
156530,3.0,5.0,4.0,9.0,1.0,2.0,0.2,0.2,10.0,18,0,25,31,3,1,59
156530,3.0,5.0,4.0,9.0,1.0,2.0,0.2,0.2,10.0,19,0,22,24,2,1,48
156530,3.0,5.0,4.0,9.0,1.0,2.0,0.2,0.2,10.0,20,0,15,19,1,1,35
156530,3.0,5.0,4.0,9.0,1.0,2.0,0.2,0.2,10.0,21,0,9,17,1,1,27
156530,3.0,5.0,4.0,9.0,1.0,2.0,0.2,0.2,10.0,22,0,7,12,0,1,19
156530,3.0,5.0,4.0,9.0,1.0,2.0,0.2,0.2,10.0,23,0,4,10,0,0,14
156530,3.0,5.0,4.0,9.0,1.0,2.0,0.2,0.2,10.0,24,0,3,8,0,0,11
156530,3.0,5.0,4.0,9.0,1.0,2.0,0.2,0.2,10.0,25,0,3,4,0,0,7
156530,3.0,5.0,4.0,9.0,1.0,2.0,0.2,0.2,10.0,26,0,2,3,0,0,5
156530,3.0,5.0,4.0,9.0,1.0,2.0,0.2,0.2,10.0,27,0,1,3,0,0,4
156530,3.0,5.0,4.0,9.0,1.0,2.0,0.2,0.2,10.0,28,0,1,1,0,0,2
156530,3.0,5.0,4.0,9.0,1.0,2.0,0.2,0.2,10.0,29,0,0,1,0,0,1