Exp Num,agent:svo_convergence_factor,agent:params:metabolism,agent:params:consumption_factor,agent:params:procreate_cost_factor,agent:params:procreate_req_factor,agent:params:start_energy_factor,agent:params:caught_chance,agent:params:caught_cooldown_factor,agent:params:maximum_age,Epoch,Resource,A,B,C,D,E
118710,2.0,15.0,2.0,1.0,2.0,2.0,0.4,0.30000000000000004,10.0,0,4130.0,32,30,15,25,89
118710,2.0,15.0,2.0,1.0,2.0,2.0,0.4,0.30000000000000004,10.0,1,3482.5,27,34,22,30,96
118710,2.0,15.0,2.0,1.0,2.0,2.0,0.4,0.30000000000000004,10.0,2,2343.125,25,33,29,39,105
118710,2.0,15.0,2.0,1.0,2.0,2.0,0.4,0.30000000000000004,10.0,3,138.90625,22,42,40,56,124
118710,2.0,15.0,2.0,1.0,2.0,2.0,0.4,0.30000000000000004,10.0,4,0,17,22,27,33,76
118710,2.0,15.0,2.0,1.0,2.0,2.0,0.4,0.30000000000000004,10.0,5,0,11,14,19,17,49
118710,2.0,15.0,2.0,1.0,2.0,2.0,0.4,0.30000000000000004,10.0,6,0,7,6,11,10,28
118710,2.0,15.0,2.0,1.0,2.0,2.0,0.4,0.30000000000000004,10.0,7,0,4,3,6,4,16
118710,2.0,15.0,2.0,1.0,2.0,2.0,0.4,0.30000000000000004,10.0,8,0,2,2,4,3,10
118710,2.0,15.0,2.0,1.0,2.0,2.0,0.4,0.30000000000000004,10.0,9,0,2,1,2,1,6
118710,2.0,15.0,2.0,1.0,2.0,2.0,0.4,0.30000000000000004,10.0,10,0,1,0,1,1,2
118710,2.0,15.0,2.0,1.0,2.0,2.0,0.4,0.30000000000000004,10.0,11,0,1,0,0,0,1