Exp Num,agent:svo_convergence_factor,agent:params:metabolism,agent:params:consumption_factor,agent:params:procreate_cost_factor,agent:params:procreate_req_factor,agent:params:start_energy_factor,agent:params:caught_chance,agent:params:caught_cooldown_factor,agent:params:maximum_age,Epoch,Resource,A,B,C,D,E
184387,3.0,15.0,1.0,7.0,3.0,3.0,0.1,0.30000000000000004,30.0,0,3500.0,18,29,8,25,75
184387,3.0,15.0,1.0,7.0,3.0,3.0,0.1,0.30000000000000004,30.0,1,2950.0,18,29,8,25,75
184387,3.0,15.0,1.0,7.0,3.0,3.0,0.1,0.30000000000000004,30.0,2,2607.5,18,29,8,25,75
184387,3.0,15.0,1.0,7.0,3.0,3.0,0.1,0.30000000000000004,30.0,3,2539.375,18,29,8,24,75
184387,3.0,15.0,1.0,7.0,3.0,3.0,0.1,0.30000000000000004,30.0,4,2274.21875,16,29,8,23,73
184387,3.0,15.0,1.0,7.0,3.0,3.0,0.1,0.30000000000000004,30.0,5,1867.7734375,14,27,8,23,69
184387,3.0,15.0,1.0,7.0,3.0,3.0,0.1,0.30000000000000004,30.0,6,1404.716796875,13,24,7,23,64
184387,3.0,15.0,1.0,7.0,3.0,3.0,0.1,0.30000000000000004,30.0,7,585.89599609375,13,22,7,23,62
184387,3.0,15.0,1.0,7.0,3.0,3.0,0.1,0.30000000000000004,30.0,8,0,11,20,5,22,51
184387,3.0,15.0,1.0,7.0,3.0,3.0,0.1,0.30000000000000004,30.0,9,0,10,15,1,12,29
184387,3.0,15.0,1.0,7.0,3.0,3.0,0.1,0.30000000000000004,30.0,10,0,9,7,0,6,17
184387,3.0,15.0,1.0,7.0,3.0,3.0,0.1,0.30000000000000004,30.0,11,0,7,3,0,2,11
184387,3.0,15.0,1.0,7.0,3.0,3.0,0.1,0.30000000000000004,30.0,12,0,5,0,0,2,5
184387,3.0,15.0,1.0,7.0,3.0,3.0,0.1,0.30000000000000004,30.0,13,0,3,0,0,0,3
184387,3.0,15.0,1.0,7.0,3.0,3.0,0.1,0.30000000000000004,30.0,14,0,2,0,0,0,2
184387,3.0,15.0,1.0,7.0,3.0,3.0,0.1,0.30000000000000004,30.0,15,0,1,0,0,0,1