Exp Num,agent:svo_convergence_factor,agent:params:metabolism,agent:params:consumption_factor,agent:params:procreate_cost_factor,agent:params:procreate_req_factor,agent:params:start_energy_factor,agent:params:caught_chance,agent:params:caught_cooldown_factor,agent:params:maximum_age,Epoch,Resource,A,B,C,D,E
116928,2.0,15.0,1.0,7.0,3.0,3.0,0.30000000000000004,0.1,40.0,0,3500.0,15,30,13,27,73
116928,2.0,15.0,1.0,7.0,3.0,3.0,0.30000000000000004,0.1,40.0,1,2935.0,15,30,13,27,73
116928,2.0,15.0,1.0,7.0,3.0,3.0,0.30000000000000004,0.1,40.0,2,2783.75,15,30,13,27,73
116928,2.0,15.0,1.0,7.0,3.0,3.0,0.30000000000000004,0.1,40.0,3,2759.6875,14,30,13,25,72
116928,2.0,15.0,1.0,7.0,3.0,3.0,0.30000000000000004,0.1,40.0,4,2759.609375,10,27,10,22,62
116928,2.0,15.0,1.0,7.0,3.0,3.0,0.30000000000000004,0.1,40.0,5,2729.51171875,6,23,8,21,52
116928,2.0,15.0,1.0,7.0,3.0,3.0,0.30000000000000004,0.1,40.0,6,2556.8896484375,5,20,7,20,47
116928,2.0,15.0,1.0,7.0,3.0,3.0,0.30000000000000004,0.1,40.0,7,2281.112060546875,5,19,7,20,46
116928,2.0,15.0,1.0,7.0,3.0,3.0,0.30000000000000004,0.1,40.0,8,1921.3900756835938,5,19,6,20,45
116928,2.0,15.0,1.0,7.0,3.0,3.0,0.30000000000000004,0.1,40.0,9,1591.7375946044922,5,18,6,20,44
116928,2.0,15.0,1.0,7.0,3.0,3.0,0.30000000000000004,0.1,40.0,10,1314.6719932556152,4,18,6,20,43
116928,2.0,15.0,1.0,7.0,3.0,3.0,0.30000000000000004,0.1,40.0,11,1058.339991569519,4,17,6,18,42
116928,2.0,15.0,1.0,7.0,3.0,3.0,0.30000000000000004,0.1,40.0,12,707.9249894618988,3,14,5,18,37
116928,2.0,15.0,1.0,7.0,3.0,3.0,0.30000000000000004,0.1,40.0,13,239.9062368273735,3,11,4,17,33
116928,2.0,15.0,1.0,7.0,3.0,3.0,0.30000000000000004,0.1,40.0,14,0,3,9,2,9,27
116928,2.0,15.0,1.0,7.0,3.0,3.0,0.30000000000000004,0.1,40.0,15,0,2,5,0,6,12
116928,2.0,15.0,1.0,7.0,3.0,3.0,0.30000000000000004,0.1,40.0,16,0,2,2,0,2,7
116928,2.0,15.0,1.0,7.0,3.0,3.0,0.30000000000000004,0.1,40.0,17,0,1,1,0,1,3
116928,2.0,15.0,1.0,7.0,3.0,3.0,0.30000000000000004,0.1,40.0,18,0,1,1,0,0,2
116928,2.0,15.0,1.0,7.0,3.0,3.0,0.30000000000000004,0.1,40.0,19,0,1,0,0,0,1