Exp Num,agent:svo_convergence_factor,agent:params:metabolism,agent:params:consumption_factor,agent:params:procreate_cost_factor,agent:params:procreate_req_factor,agent:params:start_energy_factor,agent:params:caught_chance,agent:params:caught_cooldown_factor,agent:params:maximum_age,Epoch,Resource,A,B,C,D,E
115862,2.0,15.0,1.0,5.0,3.0,3.0,0.5,0.30000000000000004,30.0,0,3500.0,20,27,6,26,74
115862,2.0,15.0,1.0,5.0,3.0,3.0,0.5,0.30000000000000004,30.0,1,2965.0,20,27,6,26,74
115862,2.0,15.0,1.0,5.0,3.0,3.0,0.5,0.30000000000000004,30.0,2,2821.25,20,27,6,26,74
115862,2.0,15.0,1.0,5.0,3.0,3.0,0.5,0.30000000000000004,30.0,3,2836.5625,18,25,6,26,70
115862,2.0,15.0,1.0,5.0,3.0,3.0,0.5,0.30000000000000004,30.0,4,2975.703125,11,19,4,21,53
115862,2.0,15.0,1.0,5.0,3.0,3.0,0.5,0.30000000000000004,30.0,5,2849.62890625,10,18,4,19,51
115862,2.0,15.0,1.0,5.0,3.0,3.0,0.5,0.30000000000000004,30.0,6,2677.0361328125,9,15,4,19,47
115862,2.0,15.0,1.0,5.0,3.0,3.0,0.5,0.30000000000000004,30.0,7,2416.295166015625,8,15,4,19,46
115862,2.0,15.0,1.0,5.0,3.0,3.0,0.5,0.30000000000000004,30.0,8,2105.3689575195312,6,15,4,19,44
115862,2.0,15.0,1.0,5.0,3.0,3.0,0.5,0.30000000000000004,30.0,9,1761.711196899414,6,15,4,19,44
115862,2.0,15.0,1.0,5.0,3.0,3.0,0.5,0.30000000000000004,30.0,10,1587.1389961242676,5,15,4,19,43
115862,2.0,15.0,1.0,5.0,3.0,3.0,0.5,0.30000000000000004,30.0,11,1488.9237451553345,5,14,4,19,42
115862,2.0,15.0,1.0,5.0,3.0,3.0,0.5,0.30000000000000004,30.0,12,1381.154681444168,2,13,2,18,36
115862,2.0,15.0,1.0,5.0,3.0,3.0,0.5,0.30000000000000004,30.0,13,1216.44335180521,1,8,2,17,30
115862,2.0,15.0,1.0,5.0,3.0,3.0,0.5,0.30000000000000004,30.0,14,980.5541897565126,0,7,2,16,27
115862,2.0,15.0,1.0,5.0,3.0,3.0,0.5,0.30000000000000004,30.0,15,655.6927371956408,0,5,2,16,25
115862,2.0,15.0,1.0,5.0,3.0,3.0,0.5,0.30000000000000004,30.0,16,219.615921494551,0,5,2,16,25
115862,2.0,15.0,1.0,5.0,3.0,3.0,0.5,0.30000000000000004,30.0,17,0,0,4,2,13,16
115862,2.0,15.0,1.0,5.0,3.0,3.0,0.5,0.30000000000000004,30.0,18,0,0,2,1,5,9
115862,2.0,15.0,1.0,5.0,3.0,3.0,0.5,0.30000000000000004,30.0,19,0,0,0,0,5,2
115862,2.0,15.0,1.0,5.0,3.0,3.0,0.5,0.30000000000000004,30.0,20,0,0,0,0,2,1
115862,2.0,15.0,1.0,5.0,3.0,3.0,0.5,0.30000000000000004,30.0,21,0,0,0,0,0,1