Exp Num,agent:svo_convergence_factor,agent:params:metabolism,agent:params:consumption_factor,agent:params:procreate_cost_factor,agent:params:procreate_req_factor,agent:params:start_energy_factor,agent:params:caught_chance,agent:params:caught_cooldown_factor,agent:params:maximum_age,Epoch,Resource,A,B,C,D,E
185463,3.0,15.0,1.0,9.0,3.0,2.0,0.4,0.30000000000000004,40.0,0,3500.0,18,22,9,31,69
185463,3.0,15.0,1.0,9.0,3.0,2.0,0.4,0.30000000000000004,40.0,1,2935.0,18,22,9,31,69
185463,3.0,15.0,1.0,9.0,3.0,2.0,0.4,0.30000000000000004,40.0,2,2768.75,18,22,9,31,68
185463,3.0,15.0,1.0,9.0,3.0,2.0,0.4,0.30000000000000004,40.0,3,2455.9375,16,18,8,30,61
185463,3.0,15.0,1.0,9.0,3.0,2.0,0.4,0.30000000000000004,40.0,4,2199.921875,12,16,6,30,53
185463,3.0,15.0,1.0,9.0,3.0,2.0,0.4,0.30000000000000004,40.0,5,1894.90234375,10,13,5,29,47
185463,3.0,15.0,1.0,9.0,3.0,2.0,0.4,0.30000000000000004,40.0,6,1483.6279296875,8,12,5,29,44
185463,3.0,15.0,1.0,9.0,3.0,2.0,0.4,0.30000000000000004,40.0,7,954.534912109375,4,10,5,29,38
185463,3.0,15.0,1.0,9.0,3.0,2.0,0.4,0.30000000000000004,40.0,8,233.16864013671875,3,10,5,29,37
185463,3.0,15.0,1.0,9.0,3.0,2.0,0.4,0.30000000000000004,40.0,9,0,2,4,2,18,24
185463,3.0,15.0,1.0,9.0,3.0,2.0,0.4,0.30000000000000004,40.0,10,0,1,2,2,10,11
185463,3.0,15.0,1.0,9.0,3.0,2.0,0.4,0.30000000000000004,40.0,11,0,1,1,1,5,5
185463,3.0,15.0,1.0,9.0,3.0,2.0,0.4,0.30000000000000004,40.0,12,0,1,1,0,1,4
185463,3.0,15.0,1.0,9.0,3.0,2.0,0.4,0.30000000000000004,40.0,13,0,0,1,0,0,2
185463,3.0,15.0,1.0,9.0,3.0,2.0,0.4,0.30000000000000004,40.0,14,0,0,1,0,0,1