Exp Num,agent:svo_convergence_factor,agent:params:metabolism,agent:params:consumption_factor,agent:params:procreate_cost_factor,agent:params:procreate_req_factor,agent:params:start_energy_factor,agent:params:caught_chance,agent:params:caught_cooldown_factor,agent:params:maximum_age,Epoch,Resource,A,B,C,D,E
114088,2.0,15.0,1.0,3.0,2.0,1.0,0.4,0.30000000000000004,40.0,0,3500.0,17,28,12,25,75
114088,2.0,15.0,1.0,3.0,2.0,1.0,0.4,0.30000000000000004,40.0,1,2875.0,17,28,12,25,75
114088,2.0,15.0,1.0,3.0,2.0,1.0,0.4,0.30000000000000004,40.0,2,2093.75,17,28,12,25,75
114088,2.0,15.0,1.0,3.0,2.0,1.0,0.4,0.30000000000000004,40.0,3,1117.1875,17,28,12,25,75
114088,2.0,15.0,1.0,3.0,2.0,1.0,0.4,0.30000000000000004,40.0,4,0,16,27,12,23,73
114088,2.0,15.0,1.0,3.0,2.0,1.0,0.4,0.30000000000000004,40.0,5,0,10,10,6,13,35
114088,2.0,15.0,1.0,3.0,2.0,1.0,0.4,0.30000000000000004,40.0,6,0,2,7,4,7,17
114088,2.0,15.0,1.0,3.0,2.0,1.0,0.4,0.30000000000000004,40.0,7,0,0,2,2,6,6
114088,2.0,15.0,1.0,3.0,2.0,1.0,0.4,0.30000000000000004,40.0,8,0,0,1,1,2,4
114088,2.0,15.0,1.0,3.0,2.0,1.0,0.4,0.30000000000000004,40.0,9,0,0,1,1,0,3
114088,2.0,15.0,1.0,3.0,2.0,1.0,0.4,0.30000000000000004,40.0,10,0,0,1,0,0,1