Exp Num,agent:svo_convergence_factor,agent:params:metabolism,agent:params:consumption_factor,agent:params:procreate_cost_factor,agent:params:procreate_req_factor,agent:params:start_energy_factor,agent:params:caught_chance,agent:params:caught_cooldown_factor,agent:params:maximum_age,Epoch,Resource,A,B,C,D,E
108317,2.0,10.0,4.0,3.0,1.0,3.0,0.30000000000000004,0.4,30.0,0,3040.0,21,39,26,18,106
108317,2.0,10.0,4.0,3.0,1.0,3.0,0.30000000000000004,0.4,30.0,1,2400.0,21,53,35,19,129
108317,2.0,10.0,4.0,3.0,1.0,3.0,0.30000000000000004,0.4,30.0,2,680.0,21,60,37,24,140
108317,2.0,10.0,4.0,3.0,1.0,3.0,0.30000000000000004,0.4,30.0,3,0,13,70,35,21,133
108317,2.0,10.0,4.0,3.0,1.0,3.0,0.30000000000000004,0.4,30.0,4,0,10,76,28,19,122
108317,2.0,10.0,4.0,3.0,1.0,3.0,0.30000000000000004,0.4,30.0,5,0,5,69,20,14,98
108317,2.0,10.0,4.0,3.0,1.0,3.0,0.30000000000000004,0.4,30.0,6,0,4,53,13,5,72
108317,2.0,10.0,4.0,3.0,1.0,3.0,0.30000000000000004,0.4,30.0,7,0,3,41,10,3,54
108317,2.0,10.0,4.0,3.0,1.0,3.0,0.30000000000000004,0.4,30.0,8,0,3,32,5,1,40
108317,2.0,10.0,4.0,3.0,1.0,3.0,0.30000000000000004,0.4,30.0,9,0,1,22,4,1,27
108317,2.0,10.0,4.0,3.0,1.0,3.0,0.30000000000000004,0.4,30.0,10,0,1,16,3,1,20
108317,2.0,10.0,4.0,3.0,1.0,3.0,0.30000000000000004,0.4,30.0,11,0,0,12,3,0,15
108317,2.0,10.0,4.0,3.0,1.0,3.0,0.30000000000000004,0.4,30.0,12,0,0,8,1,0,9
108317,2.0,10.0,4.0,3.0,1.0,3.0,0.30000000000000004,0.4,30.0,13,0,0,4,1,0,5
108317,2.0,10.0,4.0,3.0,1.0,3.0,0.30000000000000004,0.4,30.0,14,0,1,4,0,0,5
108317,2.0,10.0,4.0,3.0,1.0,3.0,0.30000000000000004,0.4,30.0,15,0,1,2,0,0,3
108317,2.0,10.0,4.0,3.0,1.0,3.0,0.30000000000000004,0.4,30.0,16,0,1,2,0,0,3
108317,2.0,10.0,4.0,3.0,1.0,3.0,0.30000000000000004,0.4,30.0,17,0,1,3,0,0,4
108317,2.0,10.0,4.0,3.0,1.0,3.0,0.30000000000000004,0.4,30.0,18,0,1,2,0,0,3
108317,2.0,10.0,4.0,3.0,1.0,3.0,0.30000000000000004,0.4,30.0,19,0,0,1,0,0,1