Exp Num,agent:svo_convergence_factor,agent:params:metabolism,agent:params:consumption_factor,agent:params:procreate_cost_factor,agent:params:procreate_req_factor,agent:params:start_energy_factor,agent:params:caught_chance,agent:params:caught_cooldown_factor,agent:params:maximum_age,Epoch,Resource,A,B,C,D,E
117503,2.0,15.0,1.0,9.0,2.0,2.0,0.1,0.1,40.0,0,3500.0,19,30,10,26,74
117503,2.0,15.0,1.0,9.0,2.0,2.0,0.1,0.1,40.0,1,2935.0,19,30,10,26,74
117503,2.0,15.0,1.0,9.0,2.0,2.0,0.1,0.1,40.0,2,2723.75,18,30,10,25,73
117503,2.0,15.0,1.0,9.0,2.0,2.0,0.1,0.1,40.0,3,2309.6875,16,27,10,25,68
117503,2.0,15.0,1.0,9.0,2.0,2.0,0.1,0.1,40.0,4,1867.109375,16,26,9,25,66
117503,2.0,15.0,1.0,9.0,2.0,2.0,0.1,0.1,40.0,5,1163.88671875,15,26,8,25,64
117503,2.0,15.0,1.0,9.0,2.0,2.0,0.1,0.1,40.0,6,254.8583984375,14,25,8,25,62
117503,2.0,15.0,1.0,9.0,2.0,2.0,0.1,0.1,40.0,7,0,12,18,4,14,41
117503,2.0,15.0,1.0,9.0,2.0,2.0,0.1,0.1,40.0,8,0,10,9,0,8,23
117503,2.0,15.0,1.0,9.0,2.0,2.0,0.1,0.1,40.0,9,0,7,6,0,2,14
117503,2.0,15.0,1.0,9.0,2.0,2.0,0.1,0.1,40.0,10,0,4,3,0,0,8
117503,2.0,15.0,1.0,9.0,2.0,2.0,0.1,0.1,40.0,11,0,1,2,0,0,4
117503,2.0,15.0,1.0,9.0,2.0,2.0,0.1,0.1,40.0,12,0,0,1,0,0,2
117503,2.0,15.0,1.0,9.0,2.0,2.0,0.1,0.1,40.0,13,0,0,1,0,0,1