Exp Num,agent:svo_convergence_factor,agent:params:metabolism,agent:params:consumption_factor,agent:params:procreate_cost_factor,agent:params:procreate_req_factor,agent:params:start_energy_factor,agent:params:caught_chance,agent:params:caught_cooldown_factor,agent:params:maximum_age,Epoch,Resource,A,B,C,D,E
131449,2.0,15.0,4.0,3.0,3.0,2.0,0.30000000000000004,0.5,50.0,0,2720.0,16,31,11,28,72
131449,2.0,15.0,4.0,3.0,3.0,2.0,0.30000000000000004,0.5,50.0,1,220.0,12,27,10,23,62
131449,2.0,15.0,4.0,3.0,3.0,2.0,0.30000000000000004,0.5,50.0,2,0,11,27,9,22,57
131449,2.0,15.0,4.0,3.0,3.0,2.0,0.30000000000000004,0.5,50.0,3,0,11,27,8,22,56
131449,2.0,15.0,4.0,3.0,3.0,2.0,0.30000000000000004,0.5,50.0,4,0,11,27,8,22,56
131449,2.0,15.0,4.0,3.0,3.0,2.0,0.30000000000000004,0.5,50.0,5,0,10,16,5,13,36
131449,2.0,15.0,4.0,3.0,3.0,2.0,0.30000000000000004,0.5,50.0,6,0,8,9,4,7,24
131449,2.0,15.0,4.0,3.0,3.0,2.0,0.30000000000000004,0.5,50.0,7,0,6,7,3,3,18
131449,2.0,15.0,4.0,3.0,3.0,2.0,0.30000000000000004,0.5,50.0,8,0,6,6,2,2,15
131449,2.0,15.0,4.0,3.0,3.0,2.0,0.30000000000000004,0.5,50.0,9,0,5,5,2,0,13
131449,2.0,15.0,4.0,3.0,3.0,2.0,0.30000000000000004,0.5,50.0,10,0,3,4,2,0,10
131449,2.0,15.0,4.0,3.0,3.0,2.0,0.30000000000000004,0.5,50.0,11,0,2,1,1,0,5
131449,2.0,15.0,4.0,3.0,3.0,2.0,0.30000000000000004,0.5,50.0,12,0,1,1,0,0,3
131449,2.0,15.0,4.0,3.0,3.0,2.0,0.30000000000000004,0.5,50.0,13,40.0,1,1,0,0,3
131449,2.0,15.0,4.0,3.0,3.0,2.0,0.30000000000000004,0.5,50.0,14,50.0,1,0,0,0,2
131449,2.0,15.0,4.0,3.0,3.0,2.0,0.30000000000000004,0.5,50.0,15,62.5,0,0,0,0,1