Exp Num,agent:svo_convergence_factor,agent:params:metabolism,agent:params:consumption_factor,agent:params:procreate_cost_factor,agent:params:procreate_req_factor,agent:params:start_energy_factor,agent:params:caught_chance,agent:params:caught_cooldown_factor,agent:params:maximum_age,Epoch,Resource,A,B,C,D,E
199680,3.0,15.0,4.0,5.0,2.0,2.0,0.30000000000000004,0.2,10.0,0,2780.0,20,33,7,29,71
199680,3.0,15.0,4.0,5.0,2.0,2.0,0.30000000000000004,0.2,10.0,1,655.0,15,26,4,28,56
199680,3.0,15.0,4.0,5.0,2.0,2.0,0.30000000000000004,0.2,10.0,2,0,15,24,3,23,53
199680,3.0,15.0,4.0,5.0,2.0,2.0,0.30000000000000004,0.2,10.0,3,0,15,24,3,23,53
199680,3.0,15.0,4.0,5.0,2.0,2.0,0.30000000000000004,0.2,10.0,4,0,15,24,3,23,53
199680,3.0,15.0,4.0,5.0,2.0,2.0,0.30000000000000004,0.2,10.0,5,0,11,16,2,10,37
199680,3.0,15.0,4.0,5.0,2.0,2.0,0.30000000000000004,0.2,10.0,6,0,9,13,2,5,29
199680,3.0,15.0,4.0,5.0,2.0,2.0,0.30000000000000004,0.2,10.0,7,0,4,11,2,1,21
199680,3.0,15.0,4.0,5.0,2.0,2.0,0.30000000000000004,0.2,10.0,8,0,3,11,1,1,18
199680,3.0,15.0,4.0,5.0,2.0,2.0,0.30000000000000004,0.2,10.0,9,0,3,9,1,1,15
199680,3.0,15.0,4.0,5.0,2.0,2.0,0.30000000000000004,0.2,10.0,10,0,3,8,1,1,13
199680,3.0,15.0,4.0,5.0,2.0,2.0,0.30000000000000004,0.2,10.0,11,0,1,4,0,1,6
199680,3.0,15.0,4.0,5.0,2.0,2.0,0.30000000000000004,0.2,10.0,12,0,1,2,0,0,4
199680,3.0,15.0,4.0,5.0,2.0,2.0,0.30000000000000004,0.2,10.0,13,100,0,2,0,0,2
199680,3.0,15.0,4.0,5.0,2.0,2.0,0.30000000000000004,0.2,10.0,14,65.0,0,2,0,0,2
199680,3.0,15.0,4.0,5.0,2.0,2.0,0.30000000000000004,0.2,10.0,15,21.25,0,2,0,0,2
199680,3.0,15.0,4.0,5.0,2.0,2.0,0.30000000000000004,0.2,10.0,16,26.5625,0,1,0,0,1