Exp Num,agent:svo_convergence_factor,agent:params:metabolism,agent:params:consumption_factor,agent:params:procreate_cost_factor,agent:params:procreate_req_factor,agent:params:start_energy_factor,agent:params:caught_chance,agent:params:caught_cooldown_factor,agent:params:maximum_age,Epoch,Resource,A,B,C,D,E
126179,2.0,15.0,3.0,5.0,1.0,2.0,0.30000000000000004,0.1,50.0,0,3605.0,21,31,12,18,82
126179,2.0,15.0,3.0,5.0,1.0,2.0,0.30000000000000004,0.1,50.0,1,1941.25,20,25,12,16,74
126179,2.0,15.0,3.0,5.0,1.0,2.0,0.30000000000000004,0.1,50.0,2,851.5625,21,30,13,16,81
126179,2.0,15.0,3.0,5.0,1.0,2.0,0.30000000000000004,0.1,50.0,3,0,23,33,12,16,84
126179,2.0,15.0,3.0,5.0,1.0,2.0,0.30000000000000004,0.1,50.0,4,0,18,29,6,11,61
126179,2.0,15.0,3.0,5.0,1.0,2.0,0.30000000000000004,0.1,50.0,5,0,16,27,3,6,50
126179,2.0,15.0,3.0,5.0,1.0,2.0,0.30000000000000004,0.1,50.0,6,0,11,24,2,3,39
126179,2.0,15.0,3.0,5.0,1.0,2.0,0.30000000000000004,0.1,50.0,7,0,9,20,1,2,30
126179,2.0,15.0,3.0,5.0,1.0,2.0,0.30000000000000004,0.1,50.0,8,0,7,17,1,1,25
126179,2.0,15.0,3.0,5.0,1.0,2.0,0.30000000000000004,0.1,50.0,9,0,5,13,1,1,19
126179,2.0,15.0,3.0,5.0,1.0,2.0,0.30000000000000004,0.1,50.0,10,0,3,9,1,1,13
126179,2.0,15.0,3.0,5.0,1.0,2.0,0.30000000000000004,0.1,50.0,11,0,2,6,1,1,9
126179,2.0,15.0,3.0,5.0,1.0,2.0,0.30000000000000004,0.1,50.0,12,0,2,3,0,1,5
126179,2.0,15.0,3.0,5.0,1.0,2.0,0.30000000000000004,0.1,50.0,13,0,2,3,0,0,5
126179,2.0,15.0,3.0,5.0,1.0,2.0,0.30000000000000004,0.1,50.0,14,55.0,0,3,0,0,3
126179,2.0,15.0,3.0,5.0,1.0,2.0,0.30000000000000004,0.1,50.0,15,23.75,0,3,0,0,3
126179,2.0,15.0,3.0,5.0,1.0,2.0,0.30000000000000004,0.1,50.0,16,0,0,2,0,0,2
126179,2.0,15.0,3.0,5.0,1.0,2.0,0.30000000000000004,0.1,50.0,17,0,0,2,0,0,2
126179,2.0,15.0,3.0,5.0,1.0,2.0,0.30000000000000004,0.1,50.0,18,0,0,1,0,0,1