Exp Num,agent:svo_convergence_factor,agent:params:metabolism,agent:params:consumption_factor,agent:params:procreate_cost_factor,agent:params:procreate_req_factor,agent:params:start_energy_factor,agent:params:caught_chance,agent:params:caught_cooldown_factor,agent:params:maximum_age,Epoch,Resource,A,B,C,D,E
18177,1.0,5.0,4.0,3.0,1.0,2.0,0.30000000000000004,0.1,30.0,0,3640.0,28,44,19,29,105
18177,1.0,5.0,4.0,3.0,1.0,2.0,0.30000000000000004,0.1,30.0,1,3210.0,32,60,30,35,136
18177,1.0,5.0,4.0,3.0,1.0,2.0,0.30000000000000004,0.1,30.0,2,2092.5,33,85,43,49,177
18177,1.0,5.0,4.0,3.0,1.0,2.0,0.30000000000000004,0.1,30.0,3,395.625,30,108,74,60,229
18177,1.0,5.0,4.0,3.0,1.0,2.0,0.30000000000000004,0.1,30.0,4,0,23,116,87,44,236
18177,1.0,5.0,4.0,3.0,1.0,2.0,0.30000000000000004,0.1,30.0,5,0,17,105,93,32,219
18177,1.0,5.0,4.0,3.0,1.0,2.0,0.30000000000000004,0.1,30.0,6,0,9,86,79,20,175
18177,1.0,5.0,4.0,3.0,1.0,2.0,0.30000000000000004,0.1,30.0,7,0,7,60,62,11,130
18177,1.0,5.0,4.0,3.0,1.0,2.0,0.30000000000000004,0.1,30.0,8,0,6,43,50,7,99
18177,1.0,5.0,4.0,3.0,1.0,2.0,0.30000000000000004,0.1,30.0,9,0,2,27,40,5,69
18177,1.0,5.0,4.0,3.0,1.0,2.0,0.30000000000000004,0.1,30.0,10,0,2,17,33,3,52
18177,1.0,5.0,4.0,3.0,1.0,2.0,0.30000000000000004,0.1,30.0,11,0,2,11,21,1,34
18177,1.0,5.0,4.0,3.0,1.0,2.0,0.30000000000000004,0.1,30.0,12,0,0,6,16,1,22
18177,1.0,5.0,4.0,3.0,1.0,2.0,0.30000000000000004,0.1,30.0,13,0,0,3,11,0,14
18177,1.0,5.0,4.0,3.0,1.0,2.0,0.30000000000000004,0.1,30.0,14,0,0,0,9,0,9
18177,1.0,5.0,4.0,3.0,1.0,2.0,0.30000000000000004,0.1,30.0,15,0,0,0,11,0,11
18177,1.0,5.0,4.0,3.0,1.0,2.0,0.30000000000000004,0.1,30.0,16,0,0,0,9,0,9
18177,1.0,5.0,4.0,3.0,1.0,2.0,0.30000000000000004,0.1,30.0,17,0,0,0,8,0,8
18177,1.0,5.0,4.0,3.0,1.0,2.0,0.30000000000000004,0.1,30.0,18,0,0,0,6,0,6
18177,1.0,5.0,4.0,3.0,1.0,2.0,0.30000000000000004,0.1,30.0,19,0,0,0,3,0,3
18177,1.0,5.0,4.0,3.0,1.0,2.0,0.30000000000000004,0.1,30.0,20,0,0,0,2,0,2
18177,1.0,5.0,4.0,3.0,1.0,2.0,0.30000000000000004,0.1,30.0,21,0,0,0,2,0,2
18177,1.0,5.0,4.0,3.0,1.0,2.0,0.30000000000000004,0.1,30.0,22,0,0,0,1,0,1