Exp Num,agent:svo_convergence_factor,agent:params:metabolism,agent:params:consumption_factor,agent:params:procreate_cost_factor,agent:params:procreate_req_factor,agent:params:start_energy_factor,agent:params:caught_chance,agent:params:caught_cooldown_factor,agent:params:maximum_age,Epoch,Resource,A,B,C,D,E
184016,3.0,15.0,1.0,7.0,2.0,3.0,0.1,0.4,20.0,0,3500.0,12,27,10,36,64
184016,3.0,15.0,1.0,7.0,2.0,3.0,0.1,0.4,20.0,1,2950.0,12,27,10,36,64
184016,3.0,15.0,1.0,7.0,2.0,3.0,0.1,0.4,20.0,2,2712.5,12,27,10,36,64
184016,3.0,15.0,1.0,7.0,2.0,3.0,0.1,0.4,20.0,3,2505.625,12,27,10,36,64
184016,3.0,15.0,1.0,7.0,2.0,3.0,0.1,0.4,20.0,4,2247.03125,12,26,10,36,63
184016,3.0,15.0,1.0,7.0,2.0,3.0,0.1,0.4,20.0,5,1908.7890625,10,25,10,35,60
184016,3.0,15.0,1.0,7.0,2.0,3.0,0.1,0.4,20.0,6,1365.986328125,10,22,10,34,57
184016,3.0,15.0,1.0,7.0,2.0,3.0,0.1,0.4,20.0,7,717.48291015625,8,18,10,32,51
184016,3.0,15.0,1.0,7.0,2.0,3.0,0.1,0.4,20.0,8,0,8,16,10,27,48
184016,3.0,15.0,1.0,7.0,2.0,3.0,0.1,0.4,20.0,9,0,6,10,3,15,23
184016,3.0,15.0,1.0,7.0,2.0,3.0,0.1,0.4,20.0,10,0,6,6,2,8,14
184016,3.0,15.0,1.0,7.0,2.0,3.0,0.1,0.4,20.0,11,0,3,5,2,2,10
184016,3.0,15.0,1.0,7.0,2.0,3.0,0.1,0.4,20.0,12,0,1,4,1,0,6
184016,3.0,15.0,1.0,7.0,2.0,3.0,0.1,0.4,20.0,13,0,0,2,1,0,3
184016,3.0,15.0,1.0,7.0,2.0,3.0,0.1,0.4,20.0,14,0,0,0,1,0,1