Exp Num,agent:svo_convergence_factor,agent:params:metabolism,agent:params:consumption_factor,agent:params:procreate_cost_factor,agent:params:procreate_req_factor,agent:params:start_energy_factor,agent:params:caught_chance,agent:params:caught_cooldown_factor,agent:params:maximum_age,Epoch,Resource,A,B,C,D,E
197692,3.0,15.0,4.0,1.0,3.0,1.0,0.30000000000000004,0.4,30.0,0,0,12,35,24,47,85
197692,3.0,15.0,4.0,1.0,3.0,1.0,0.30000000000000004,0.4,30.0,1,0,12,32,23,44,81
197692,3.0,15.0,4.0,1.0,3.0,1.0,0.30000000000000004,0.4,30.0,2,0,9,22,16,36,59
197692,3.0,15.0,4.0,1.0,3.0,1.0,0.30000000000000004,0.4,30.0,3,0,7,12,6,22,31
197692,3.0,15.0,4.0,1.0,3.0,1.0,0.30000000000000004,0.4,30.0,4,0,5,6,3,15,16
197692,3.0,15.0,4.0,1.0,3.0,1.0,0.30000000000000004,0.4,30.0,5,0,1,3,1,10,7
197692,3.0,15.0,4.0,1.0,3.0,1.0,0.30000000000000004,0.4,30.0,6,0,1,1,1,3,5
197692,3.0,15.0,4.0,1.0,3.0,1.0,0.30000000000000004,0.4,30.0,7,0,0,1,0,1,3
197692,3.0,15.0,4.0,1.0,3.0,1.0,0.30000000000000004,0.4,30.0,8,0,0,1,0,1,1
197692,3.0,15.0,4.0,1.0,3.0,1.0,0.30000000000000004,0.4,30.0,9,0,0,1,0,0,1