Exp Num,agent:svo_convergence_factor,agent:params:metabolism,agent:params:consumption_factor,agent:params:procreate_cost_factor,agent:params:procreate_req_factor,agent:params:start_energy_factor,agent:params:caught_chance,agent:params:caught_cooldown_factor,agent:params:maximum_age,Epoch,Resource,A,B,C,D,E
118788,2.0,15.0,2.0,1.0,2.0,3.0,0.2,0.30000000000000004,40.0,0,3680.0,30,39,17,39,111
118788,2.0,15.0,2.0,1.0,2.0,3.0,0.2,0.30000000000000004,40.0,1,1750.0,32,54,31,51,147
118788,2.0,15.0,2.0,1.0,2.0,3.0,0.2,0.30000000000000004,40.0,2,0,36,55,43,46,158
118788,2.0,15.0,2.0,1.0,2.0,3.0,0.2,0.30000000000000004,40.0,3,0,30,35,32,26,109
118788,2.0,15.0,2.0,1.0,2.0,3.0,0.2,0.30000000000000004,40.0,4,0,17,27,19,12,70
118788,2.0,15.0,2.0,1.0,2.0,3.0,0.2,0.30000000000000004,40.0,5,0,11,19,10,4,44
118788,2.0,15.0,2.0,1.0,2.0,3.0,0.2,0.30000000000000004,40.0,6,0,6,11,4,2,23
118788,2.0,15.0,2.0,1.0,2.0,3.0,0.2,0.30000000000000004,40.0,7,0,3,5,3,2,12
118788,2.0,15.0,2.0,1.0,2.0,3.0,0.2,0.30000000000000004,40.0,8,0,1,3,1,2,5
118788,2.0,15.0,2.0,1.0,2.0,3.0,0.2,0.30000000000000004,40.0,9,0,1,2,1,0,4
118788,2.0,15.0,2.0,1.0,2.0,3.0,0.2,0.30000000000000004,40.0,10,0,0,2,0,0,2
118788,2.0,15.0,2.0,1.0,2.0,3.0,0.2,0.30000000000000004,40.0,11,0,0,1,0,0,1