Exp Num,agent:svo_convergence_factor,agent:params:metabolism,agent:params:consumption_factor,agent:params:procreate_cost_factor,agent:params:procreate_req_factor,agent:params:start_energy_factor,agent:params:caught_chance,agent:params:caught_cooldown_factor,agent:params:maximum_age,Epoch,Resource,A,B,C,D,E
122320,2.0,15.0,2.0,7.0,3.0,1.0,0.30000000000000004,0.5,10.0,0,2000.0,21,27,11,29,71
122320,2.0,15.0,2.0,7.0,3.0,1.0,0.30000000000000004,0.5,10.0,1,1090.0,21,27,11,29,71
122320,2.0,15.0,2.0,7.0,3.0,1.0,0.30000000000000004,0.5,10.0,2,0,19,23,11,23,63
122320,2.0,15.0,2.0,7.0,3.0,1.0,0.30000000000000004,0.5,10.0,3,0,18,22,10,21,58
122320,2.0,15.0,2.0,7.0,3.0,1.0,0.30000000000000004,0.5,10.0,4,0,12,15,5,14,35
122320,2.0,15.0,2.0,7.0,3.0,1.0,0.30000000000000004,0.5,10.0,5,0,8,9,4,7,23
122320,2.0,15.0,2.0,7.0,3.0,1.0,0.30000000000000004,0.5,10.0,6,0,4,6,2,3,14
122320,2.0,15.0,2.0,7.0,3.0,1.0,0.30000000000000004,0.5,10.0,7,0,1,5,1,1,8
122320,2.0,15.0,2.0,7.0,3.0,1.0,0.30000000000000004,0.5,10.0,8,0,1,2,1,0,4
122320,2.0,15.0,2.0,7.0,3.0,1.0,0.30000000000000004,0.5,10.0,9,0,1,1,0,0,2
122320,2.0,15.0,2.0,7.0,3.0,1.0,0.30000000000000004,0.5,10.0,10,0,1,0,0,0,1