Exp Num,agent:svo_convergence_factor,agent:params:metabolism,agent:params:consumption_factor,agent:params:procreate_cost_factor,agent:params:procreate_req_factor,agent:params:start_energy_factor,agent:params:caught_chance,agent:params:caught_cooldown_factor,agent:params:maximum_age,Epoch,Resource,A,B,C,D,E
198237,3.0,15.0,4.0,3.0,1.0,2.0,0.5,0.30000000000000004,30.0,0,3620.0,18,28,23,24,87
198237,3.0,15.0,4.0,3.0,1.0,2.0,0.5,0.30000000000000004,30.0,1,1765.0,15,21,26,31,84
198237,3.0,15.0,4.0,3.0,1.0,2.0,0.5,0.30000000000000004,30.0,2,0,9,23,29,37,84
198237,3.0,15.0,4.0,3.0,1.0,2.0,0.5,0.30000000000000004,30.0,3,0,7,15,23,36,61
198237,3.0,15.0,4.0,3.0,1.0,2.0,0.5,0.30000000000000004,30.0,4,0,3,14,20,31,50
198237,3.0,15.0,4.0,3.0,1.0,2.0,0.5,0.30000000000000004,30.0,5,0,2,13,13,24,36
198237,3.0,15.0,4.0,3.0,1.0,2.0,0.5,0.30000000000000004,30.0,6,0,1,7,8,21,20
198237,3.0,15.0,4.0,3.0,1.0,2.0,0.5,0.30000000000000004,30.0,7,0,0,6,8,10,18
198237,3.0,15.0,4.0,3.0,1.0,2.0,0.5,0.30000000000000004,30.0,8,0,0,7,6,5,15
198237,3.0,15.0,4.0,3.0,1.0,2.0,0.5,0.30000000000000004,30.0,9,0,0,5,4,3,11
198237,3.0,15.0,4.0,3.0,1.0,2.0,0.5,0.30000000000000004,30.0,10,0,0,3,3,2,7
198237,3.0,15.0,4.0,3.0,1.0,2.0,0.5,0.30000000000000004,30.0,11,0,0,2,4,1,6
198237,3.0,15.0,4.0,3.0,1.0,2.0,0.5,0.30000000000000004,30.0,12,0,0,1,2,1,3
198237,3.0,15.0,4.0,3.0,1.0,2.0,0.5,0.30000000000000004,30.0,13,0,0,1,2,2,3
198237,3.0,15.0,4.0,3.0,1.0,2.0,0.5,0.30000000000000004,30.0,14,0,0,1,1,1,2
198237,3.0,15.0,4.0,3.0,1.0,2.0,0.5,0.30000000000000004,30.0,15,0,0,0,1,2,1
198237,3.0,15.0,4.0,3.0,1.0,2.0,0.5,0.30000000000000004,30.0,16,0,0,0,0,2,0
198237,3.0,15.0,4.0,3.0,1.0,2.0,0.5,0.30000000000000004,30.0,17,0,0,0,0,1,0