Exp Num,agent:svo_convergence_factor,agent:params:metabolism,agent:params:consumption_factor,agent:params:procreate_cost_factor,agent:params:procreate_req_factor,agent:params:start_energy_factor,agent:params:caught_chance,agent:params:caught_cooldown_factor,agent:params:maximum_age,Epoch,Resource,A,B,C,D,E
196735,3.0,15.0,3.0,9.0,3.0,2.0,0.5,0.30000000000000004,10.0,0,3560.0,20,29,17,21,79
196735,3.0,15.0,3.0,9.0,3.0,2.0,0.5,0.30000000000000004,10.0,1,2650.0,13,21,12,20,58
196735,3.0,15.0,3.0,9.0,3.0,2.0,0.5,0.30000000000000004,10.0,2,2142.5,12,19,11,19,54
196735,3.0,15.0,3.0,9.0,3.0,2.0,0.5,0.30000000000000004,10.0,3,2183.125,12,19,11,19,54
196735,3.0,15.0,3.0,9.0,3.0,2.0,0.5,0.30000000000000004,10.0,4,2098.90625,11,13,8,12,44
196735,3.0,15.0,3.0,9.0,3.0,2.0,0.5,0.30000000000000004,10.0,5,1948.6328125,10,9,8,11,39
196735,3.0,15.0,3.0,9.0,3.0,2.0,0.5,0.30000000000000004,10.0,6,2075.791015625,9,8,8,10,37
196735,3.0,15.0,3.0,9.0,3.0,2.0,0.5,0.30000000000000004,10.0,7,2099.73876953125,9,7,7,9,35
196735,3.0,15.0,3.0,9.0,3.0,2.0,0.5,0.30000000000000004,10.0,8,2174.6734619140625,7,7,5,8,31
196735,3.0,15.0,3.0,9.0,3.0,2.0,0.5,0.30000000000000004,10.0,9,2448.341827392578,6,6,5,8,29
196735,3.0,15.0,3.0,9.0,3.0,2.0,0.5,0.30000000000000004,10.0,10,2700.4272842407227,5,4,4,7,21
196735,3.0,15.0,3.0,9.0,3.0,2.0,0.5,0.30000000000000004,10.0,11,3015.5341053009033,2,2,3,4,14
196735,3.0,15.0,3.0,9.0,3.0,2.0,0.5,0.30000000000000004,10.0,12,3409.417631626129,2,1,1,3,7
196735,3.0,15.0,3.0,9.0,3.0,2.0,0.5,0.30000000000000004,10.0,13,4081.7720395326614,2,1,0,1,6
196735,3.0,15.0,3.0,9.0,3.0,2.0,0.5,0.30000000000000004,10.0,14,5012.215049415827,0,1,0,1,2
196735,3.0,15.0,3.0,9.0,3.0,2.0,0.5,0.30000000000000004,10.0,15,6220.2688117697835,0,0,0,0,1