Exp Num,agent:svo_convergence_factor,agent:params:metabolism,agent:params:consumption_factor,agent:params:procreate_cost_factor,agent:params:procreate_req_factor,agent:params:start_energy_factor,agent:params:caught_chance,agent:params:caught_cooldown_factor,agent:params:maximum_age,Epoch,Resource,A,B,C,D,E
1910,1.0,5.0,1.0,3.0,3.0,1.0,0.2,0.30000000000000004,10.0,0,4500.0,18,27,8,25,75
1910,1.0,5.0,1.0,3.0,3.0,1.0,0.2,0.30000000000000004,10.0,1,5125.0,18,27,8,25,75
1910,1.0,5.0,1.0,3.0,3.0,1.0,0.2,0.30000000000000004,10.0,2,5906.25,18,27,8,25,75
1910,1.0,5.0,1.0,3.0,3.0,1.0,0.2,0.30000000000000004,10.0,3,6882.8125,18,27,8,25,75
1910,1.0,5.0,1.0,3.0,3.0,1.0,0.2,0.30000000000000004,10.0,4,8103.515625,18,27,8,25,75
1910,1.0,5.0,1.0,3.0,3.0,1.0,0.2,0.30000000000000004,10.0,5,9500.0,18,27,8,25,75
1910,1.0,5.0,1.0,3.0,3.0,1.0,0.2,0.30000000000000004,10.0,6,9500.0,18,27,8,25,75
1910,1.0,5.0,1.0,3.0,3.0,1.0,0.2,0.30000000000000004,10.0,7,9500.0,18,27,8,25,75
1910,1.0,5.0,1.0,3.0,3.0,1.0,0.2,0.30000000000000004,10.0,8,9500.0,18,27,8,25,75
1910,1.0,5.0,1.0,3.0,3.0,1.0,0.2,0.30000000000000004,10.0,9,9500.0,18,27,8,25,75
1910,1.0,5.0,1.0,3.0,3.0,1.0,0.2,0.30000000000000004,10.0,10,9750.0,9,13,2,14,36
1910,1.0,5.0,1.0,3.0,3.0,1.0,0.2,0.30000000000000004,10.0,11,9875.0,3,7,2,6,19
1910,1.0,5.0,1.0,3.0,3.0,1.0,0.2,0.30000000000000004,10.0,12,9935.0,1,1,2,3,9
1910,1.0,5.0,1.0,3.0,3.0,1.0,0.2,0.30000000000000004,10.0,13,9970.0,1,0,1,2,4
1910,1.0,5.0,1.0,3.0,3.0,1.0,0.2,0.30000000000000004,10.0,14,9985.0,0,0,1,1,2
1910,1.0,5.0,1.0,3.0,3.0,1.0,0.2,0.30000000000000004,10.0,15,9990.0,0,0,0,0,1