Exp Num,agent:svo_convergence_factor,agent:params:metabolism,agent:params:consumption_factor,agent:params:procreate_cost_factor,agent:params:procreate_req_factor,agent:params:start_energy_factor,agent:params:caught_chance,agent:params:caught_cooldown_factor,agent:params:maximum_age,Epoch,Resource,A,B,C,D,E
173230,3.0,10.0,3.0,7.0,3.0,3.0,0.5,0.2,10.0,0,4220.0,21,21,13,27,73
173230,3.0,10.0,3.0,7.0,3.0,3.0,0.5,0.2,10.0,1,4705.0,21,21,13,27,73
173230,3.0,10.0,3.0,7.0,3.0,3.0,0.5,0.2,10.0,2,4981.25,16,12,11,22,56
173230,3.0,10.0,3.0,7.0,3.0,3.0,0.5,0.2,10.0,3,5746.5625,15,12,9,19,53
173230,3.0,10.0,3.0,7.0,3.0,3.0,0.5,0.2,10.0,4,6103.203125,15,11,9,19,52
173230,3.0,10.0,3.0,7.0,3.0,3.0,0.5,0.2,10.0,5,6099.00390625,14,10,6,18,46
173230,3.0,10.0,3.0,7.0,3.0,3.0,0.5,0.2,10.0,6,5853.7548828125,14,10,6,17,46
173230,3.0,10.0,3.0,7.0,3.0,3.0,0.5,0.2,10.0,7,5427.193603515625,14,10,6,17,46
173230,3.0,10.0,3.0,7.0,3.0,3.0,0.5,0.2,10.0,8,4893.992004394531,14,10,6,17,46
173230,3.0,10.0,3.0,7.0,3.0,3.0,0.5,0.2,10.0,9,4227.490005493164,14,10,6,17,46
173230,3.0,10.0,3.0,7.0,3.0,3.0,0.5,0.2,10.0,10,4024.362506866455,9,4,6,10,32
173230,3.0,10.0,3.0,7.0,3.0,3.0,0.5,0.2,10.0,11,4340.453133583069,5,2,4,6,17
173230,3.0,10.0,3.0,7.0,3.0,3.0,0.5,0.2,10.0,12,5065.566416978836,1,1,2,5,6
173230,3.0,10.0,3.0,7.0,3.0,3.0,0.5,0.2,10.0,13,6121.958021223545,1,1,2,2,4
173230,3.0,10.0,3.0,7.0,3.0,3.0,0.5,0.2,10.0,14,7562.447526529431,1,1,1,0,3
173230,3.0,10.0,3.0,7.0,3.0,3.0,0.5,0.2,10.0,15,9393.05940816179,0,0,1,0,1