Exp Num,agent:svo_convergence_factor,agent:params:metabolism,agent:params:consumption_factor,agent:params:procreate_cost_factor,agent:params:procreate_req_factor,agent:params:start_energy_factor,agent:params:caught_chance,agent:params:caught_cooldown_factor,agent:params:maximum_age,Epoch,Resource,A,B,C,D,E
14783,1.0,5.0,3.0,7.0,1.0,2.0,0.2,0.2,40.0,0,3500.0,20,25,7,32,68
14783,1.0,5.0,3.0,7.0,1.0,2.0,0.2,0.2,40.0,1,2965.0,20,25,7,32,68
14783,1.0,5.0,3.0,7.0,1.0,2.0,0.2,0.2,40.0,2,2671.25,23,37,17,38,95
14783,1.0,5.0,3.0,7.0,1.0,2.0,0.2,0.2,40.0,3,1899.0625,23,45,26,44,112
14783,1.0,5.0,3.0,7.0,1.0,2.0,0.2,0.2,40.0,4,1503.828125,22,55,33,47,128
14783,1.0,5.0,3.0,7.0,1.0,2.0,0.2,0.2,40.0,5,979.78515625,22,66,41,47,147
14783,1.0,5.0,3.0,7.0,1.0,2.0,0.2,0.2,40.0,6,0,19,72,42,45,151
14783,1.0,5.0,3.0,7.0,1.0,2.0,0.2,0.2,40.0,7,0,17,75,42,36,148
14783,1.0,5.0,3.0,7.0,1.0,2.0,0.2,0.2,40.0,8,0,11,69,38,36,131
14783,1.0,5.0,3.0,7.0,1.0,2.0,0.2,0.2,40.0,9,0,8,67,33,20,116
14783,1.0,5.0,3.0,7.0,1.0,2.0,0.2,0.2,40.0,10,0,6,54,29,12,92
14783,1.0,5.0,3.0,7.0,1.0,2.0,0.2,0.2,40.0,11,0,5,50,27,6,83
14783,1.0,5.0,3.0,7.0,1.0,2.0,0.2,0.2,40.0,12,0,5,45,23,4,74
14783,1.0,5.0,3.0,7.0,1.0,2.0,0.2,0.2,40.0,13,0,5,36,14,3,55
14783,1.0,5.0,3.0,7.0,1.0,2.0,0.2,0.2,40.0,14,0,1,30,12,0,43
14783,1.0,5.0,3.0,7.0,1.0,2.0,0.2,0.2,40.0,15,0,1,20,10,0,31
14783,1.0,5.0,3.0,7.0,1.0,2.0,0.2,0.2,40.0,16,0,0,17,7,0,24
14783,1.0,5.0,3.0,7.0,1.0,2.0,0.2,0.2,40.0,17,70.0,0,12,7,0,19
14783,1.0,5.0,3.0,7.0,1.0,2.0,0.2,0.2,40.0,18,12.5,0,10,5,0,15
14783,1.0,5.0,3.0,7.0,1.0,2.0,0.2,0.2,40.0,19,0,0,8,3,0,11
14783,1.0,5.0,3.0,7.0,1.0,2.0,0.2,0.2,40.0,20,0,0,5,3,0,8
14783,1.0,5.0,3.0,7.0,1.0,2.0,0.2,0.2,40.0,21,0,0,4,2,0,6
14783,1.0,5.0,3.0,7.0,1.0,2.0,0.2,0.2,40.0,22,0,0,3,2,0,5
14783,1.0,5.0,3.0,7.0,1.0,2.0,0.2,0.2,40.0,23,0,0,3,2,0,5
14783,1.0,5.0,3.0,7.0,1.0,2.0,0.2,0.2,40.0,24,0,0,2,1,0,3
14783,1.0,5.0,3.0,7.0,1.0,2.0,0.2,0.2,40.0,25,0,0,2,1,0,3
14783,1.0,5.0,3.0,7.0,1.0,2.0,0.2,0.2,40.0,26,0,0,2,0,0,2
14783,1.0,5.0,3.0,7.0,1.0,2.0,0.2,0.2,40.0,27,0,0,2,0,0,2
14783,1.0,5.0,3.0,7.0,1.0,2.0,0.2,0.2,40.0,28,0,0,1,0,0,1