Exp Num,agent:svo_convergence_factor,agent:params:metabolism,agent:params:consumption_factor,agent:params:procreate_cost_factor,agent:params:procreate_req_factor,agent:params:start_energy_factor,agent:params:caught_chance,agent:params:caught_cooldown_factor,agent:params:maximum_age,Epoch,Resource,A,B,C,D,E
130930,2.0,15.0,4.0,3.0,2.0,1.0,0.30000000000000004,0.2,10.0,0,0,18,29,7,18,73
130930,2.0,15.0,4.0,3.0,2.0,1.0,0.30000000000000004,0.2,10.0,1,0,17,26,6,17,67
130930,2.0,15.0,4.0,3.0,2.0,1.0,0.30000000000000004,0.2,10.0,2,0,17,25,6,17,66
130930,2.0,15.0,4.0,3.0,2.0,1.0,0.30000000000000004,0.2,10.0,3,0,17,25,6,17,66
130930,2.0,15.0,4.0,3.0,2.0,1.0,0.30000000000000004,0.2,10.0,4,0,10,12,3,8,35
130930,2.0,15.0,4.0,3.0,2.0,1.0,0.30000000000000004,0.2,10.0,5,0,6,6,1,4,18
130930,2.0,15.0,4.0,3.0,2.0,1.0,0.30000000000000004,0.2,10.0,6,0,2,4,1,3,8
130930,2.0,15.0,4.0,3.0,2.0,1.0,0.30000000000000004,0.2,10.0,7,0,1,2,1,1,4
130930,2.0,15.0,4.0,3.0,2.0,1.0,0.30000000000000004,0.2,10.0,8,0,1,0,1,0,2
130930,2.0,15.0,4.0,3.0,2.0,1.0,0.30000000000000004,0.2,10.0,9,0,0,0,1,0,1