Exp Num,agent:svo_convergence_factor,agent:params:metabolism,agent:params:consumption_factor,agent:params:procreate_cost_factor,agent:params:procreate_req_factor,agent:params:start_energy_factor,agent:params:caught_chance,agent:params:caught_cooldown_factor,agent:params:maximum_age,Epoch,Resource,A,B,C,D,E
130463,2.0,15.0,4.0,1.0,3.0,3.0,0.4,0.30000000000000004,40.0,0,3440.0,30,27,15,27,86
130463,2.0,15.0,4.0,1.0,3.0,3.0,0.4,0.30000000000000004,40.0,1,2440.0,35,34,21,31,105
130463,2.0,15.0,4.0,1.0,3.0,3.0,0.4,0.30000000000000004,40.0,2,410.0,28,33,20,34,102
130463,2.0,15.0,4.0,1.0,3.0,3.0,0.4,0.30000000000000004,40.0,3,0,26,36,22,29,104
130463,2.0,15.0,4.0,1.0,3.0,3.0,0.4,0.30000000000000004,40.0,4,0,18,29,18,24,82
130463,2.0,15.0,4.0,1.0,3.0,3.0,0.4,0.30000000000000004,40.0,5,0,17,22,10,14,59
130463,2.0,15.0,4.0,1.0,3.0,3.0,0.4,0.30000000000000004,40.0,6,0,14,17,7,7,42
130463,2.0,15.0,4.0,1.0,3.0,3.0,0.4,0.30000000000000004,40.0,7,0,13,11,3,4,29
130463,2.0,15.0,4.0,1.0,3.0,3.0,0.4,0.30000000000000004,40.0,8,0,10,7,1,2,18
130463,2.0,15.0,4.0,1.0,3.0,3.0,0.4,0.30000000000000004,40.0,9,0,6,3,1,1,10
130463,2.0,15.0,4.0,1.0,3.0,3.0,0.4,0.30000000000000004,40.0,10,0,5,2,0,0,7
130463,2.0,15.0,4.0,1.0,3.0,3.0,0.4,0.30000000000000004,40.0,11,0,4,0,0,0,4
130463,2.0,15.0,4.0,1.0,3.0,3.0,0.4,0.30000000000000004,40.0,12,0,2,0,0,0,2
130463,2.0,15.0,4.0,1.0,3.0,3.0,0.4,0.30000000000000004,40.0,13,0,1,0,0,0,1