Exp Num,agent:svo_convergence_factor,agent:params:metabolism,agent:params:consumption_factor,agent:params:procreate_cost_factor,agent:params:procreate_req_factor,agent:params:start_energy_factor,agent:params:caught_chance,agent:params:caught_cooldown_factor,agent:params:maximum_age,Epoch,Resource,A,B,C,D,E
128235,2.0,15.0,3.0,7.0,3.0,3.0,0.5,0.30000000000000004,10.0,0,3650.0,18,27,20,24,76
128235,2.0,15.0,3.0,7.0,3.0,3.0,0.5,0.30000000000000004,10.0,1,3662.5,18,27,20,24,76
128235,2.0,15.0,3.0,7.0,3.0,3.0,0.5,0.30000000000000004,10.0,2,3093.125,11,17,16,22,54
128235,2.0,15.0,3.0,7.0,3.0,3.0,0.5,0.30000000000000004,10.0,3,2696.40625,10,14,16,19,50
128235,2.0,15.0,3.0,7.0,3.0,3.0,0.5,0.30000000000000004,10.0,4,2695.5078125,10,14,16,19,50
128235,2.0,15.0,3.0,7.0,3.0,3.0,0.5,0.30000000000000004,10.0,5,2694.384765625,8,11,12,15,40
128235,2.0,15.0,3.0,7.0,3.0,3.0,0.5,0.30000000000000004,10.0,6,2827.98095703125,7,11,11,14,38
128235,2.0,15.0,3.0,7.0,3.0,3.0,0.5,0.30000000000000004,10.0,7,3264.9761962890625,6,11,11,13,37
128235,2.0,15.0,3.0,7.0,3.0,3.0,0.5,0.30000000000000004,10.0,8,3406.220245361328,6,11,9,13,34
128235,2.0,15.0,3.0,7.0,3.0,3.0,0.5,0.30000000000000004,10.0,9,3852.77530670166,6,11,8,11,33
128235,2.0,15.0,3.0,7.0,3.0,3.0,0.5,0.30000000000000004,10.0,10,4455.969133377075,3,6,7,7,22
128235,2.0,15.0,3.0,7.0,3.0,3.0,0.5,0.30000000000000004,10.0,11,4984.961416721344,3,4,4,4,15
128235,2.0,15.0,3.0,7.0,3.0,3.0,0.5,0.30000000000000004,10.0,12,5916.20177090168,1,2,3,2,9
128235,2.0,15.0,3.0,7.0,3.0,3.0,0.5,0.30000000000000004,10.0,13,7125.2522136271,1,2,1,0,6
128235,2.0,15.0,3.0,7.0,3.0,3.0,0.5,0.30000000000000004,10.0,14,8681.565267033875,1,2,0,0,4
128235,2.0,15.0,3.0,7.0,3.0,3.0,0.5,0.30000000000000004,10.0,15,9910.0,0,2,0,0,2
128235,2.0,15.0,3.0,7.0,3.0,3.0,0.5,0.30000000000000004,10.0,16,10000,0,1,0,0,1