Exp Num,agent:svo_convergence_factor,agent:params:metabolism,agent:params:consumption_factor,agent:params:procreate_cost_factor,agent:params:procreate_req_factor,agent:params:start_energy_factor,agent:params:caught_chance,agent:params:caught_cooldown_factor,agent:params:maximum_age,Epoch,Resource,A,B,C,D,E
102746,2.0,10.0,3.0,3.0,1.0,3.0,0.5,0.5,20.0,0,4190.0,16,47,11,20,93
102746,2.0,10.0,3.0,3.0,1.0,3.0,0.5,0.5,20.0,1,4547.5,19,55,15,22,108
102746,2.0,10.0,3.0,3.0,1.0,3.0,0.5,0.5,20.0,2,4214.375,11,46,23,24,102
102746,2.0,10.0,3.0,3.0,1.0,3.0,0.5,0.5,20.0,3,3407.96875,9,46,27,29,105
102746,2.0,10.0,3.0,3.0,1.0,3.0,0.5,0.5,20.0,4,2969.9609375,11,50,34,36,118
102746,2.0,10.0,3.0,3.0,1.0,3.0,0.5,0.5,20.0,5,1822.451171875,9,51,44,42,127
102746,2.0,10.0,3.0,3.0,1.0,3.0,0.5,0.5,20.0,6,0,8,55,56,44,143
102746,2.0,10.0,3.0,3.0,1.0,3.0,0.5,0.5,20.0,7,0,8,50,53,34,128
102746,2.0,10.0,3.0,3.0,1.0,3.0,0.5,0.5,20.0,8,0,6,44,42,22,102
102746,2.0,10.0,3.0,3.0,1.0,3.0,0.5,0.5,20.0,9,0,2,35,31,17,72
102746,2.0,10.0,3.0,3.0,1.0,3.0,0.5,0.5,20.0,10,0,0,24,27,10,55
102746,2.0,10.0,3.0,3.0,1.0,3.0,0.5,0.5,20.0,11,0,0,15,17,8,35
102746,2.0,10.0,3.0,3.0,1.0,3.0,0.5,0.5,20.0,12,0,0,9,11,7,23
102746,2.0,10.0,3.0,3.0,1.0,3.0,0.5,0.5,20.0,13,0,0,4,8,3,14
102746,2.0,10.0,3.0,3.0,1.0,3.0,0.5,0.5,20.0,14,0,0,3,5,3,9
102746,2.0,10.0,3.0,3.0,1.0,3.0,0.5,0.5,20.0,15,0,0,1,5,1,7
102746,2.0,10.0,3.0,3.0,1.0,3.0,0.5,0.5,20.0,16,0,0,2,4,0,7
102746,2.0,10.0,3.0,3.0,1.0,3.0,0.5,0.5,20.0,17,40.0,0,1,3,1,5
102746,2.0,10.0,3.0,3.0,1.0,3.0,0.5,0.5,20.0,18,0,0,2,1,1,4
102746,2.0,10.0,3.0,3.0,1.0,3.0,0.5,0.5,20.0,19,0,0,1,1,1,2
102746,2.0,10.0,3.0,3.0,1.0,3.0,0.5,0.5,20.0,20,0,0,1,1,0,2
102746,2.0,10.0,3.0,3.0,1.0,3.0,0.5,0.5,20.0,21,0,0,2,1,0,3
102746,2.0,10.0,3.0,3.0,1.0,3.0,0.5,0.5,20.0,22,0,0,2,1,0,3
102746,2.0,10.0,3.0,3.0,1.0,3.0,0.5,0.5,20.0,23,0,0,1,1,0,2
102746,2.0,10.0,3.0,3.0,1.0,3.0,0.5,0.5,20.0,24,0,0,1,0,0,1