Exp Num,agent:svo_convergence_factor,agent:params:metabolism,agent:params:consumption_factor,agent:params:procreate_cost_factor,agent:params:procreate_req_factor,agent:params:start_energy_factor,agent:params:caught_chance,agent:params:caught_cooldown_factor,agent:params:maximum_age,Epoch,Resource,A,B,C,D,E
115669,2.0,15.0,1.0,5.0,3.0,2.0,0.2,0.4,50.0,0,3500.0,18,23,14,30,70
115669,2.0,15.0,1.0,5.0,3.0,2.0,0.2,0.4,50.0,1,2965.0,18,23,14,30,70
115669,2.0,15.0,1.0,5.0,3.0,2.0,0.2,0.4,50.0,2,2626.25,17,23,14,30,69
115669,2.0,15.0,1.0,5.0,3.0,2.0,0.2,0.4,50.0,3,2382.8125,13,20,13,30,61
115669,2.0,15.0,1.0,5.0,3.0,2.0,0.2,0.4,50.0,4,2093.515625,10,18,11,30,54
115669,2.0,15.0,1.0,5.0,3.0,2.0,0.2,0.4,50.0,5,1686.89453125,8,16,11,30,49
115669,2.0,15.0,1.0,5.0,3.0,2.0,0.2,0.4,50.0,6,1133.6181640625,7,15,10,29,46
115669,2.0,15.0,1.0,5.0,3.0,2.0,0.2,0.4,50.0,7,427.022705078125,6,14,10,29,44
115669,2.0,15.0,1.0,5.0,3.0,2.0,0.2,0.4,50.0,8,0,5,12,8,21,34
115669,2.0,15.0,1.0,5.0,3.0,2.0,0.2,0.4,50.0,9,0,2,7,2,9,18
115669,2.0,15.0,1.0,5.0,3.0,2.0,0.2,0.4,50.0,10,0,2,4,1,6,8
115669,2.0,15.0,1.0,5.0,3.0,2.0,0.2,0.4,50.0,11,0,1,1,0,4,3
115669,2.0,15.0,1.0,5.0,3.0,2.0,0.2,0.4,50.0,12,0,0,0,0,3,0
115669,2.0,15.0,1.0,5.0,3.0,2.0,0.2,0.4,50.0,13,0,0,0,0,1,0