Exp Num,agent:svo_convergence_factor,agent:params:metabolism,agent:params:consumption_factor,agent:params:procreate_cost_factor,agent:params:procreate_req_factor,agent:params:start_energy_factor,agent:params:caught_chance,agent:params:caught_cooldown_factor,agent:params:maximum_age,Epoch,Resource,A,B,C,D,E
140839,3.0,5.0,2.0,1.0,1.0,2.0,0.4,0.30000000000000004,50.0,0,4000.0,30,32,32,33,117
140839,3.0,5.0,2.0,1.0,1.0,2.0,0.4,0.30000000000000004,50.0,1,3500.0,41,47,55,48,177
140839,3.0,5.0,2.0,1.0,1.0,2.0,0.4,0.30000000000000004,50.0,2,3805.0,60,80,85,71,266
140839,3.0,5.0,2.0,1.0,1.0,2.0,0.4,0.30000000000000004,50.0,3,3336.25,54,93,115,100,307
140839,3.0,5.0,2.0,1.0,1.0,2.0,0.4,0.30000000000000004,50.0,4,2020.3125,56,112,169,133,393
140839,3.0,5.0,2.0,1.0,1.0,2.0,0.4,0.30000000000000004,50.0,5,0,60,140,217,179,484
140839,3.0,5.0,2.0,1.0,1.0,2.0,0.4,0.30000000000000004,50.0,6,0,43,125,185,137,389
140839,3.0,5.0,2.0,1.0,1.0,2.0,0.4,0.30000000000000004,50.0,7,0,31,98,123,101,282
140839,3.0,5.0,2.0,1.0,1.0,2.0,0.4,0.30000000000000004,50.0,8,0,24,70,86,65,206
140839,3.0,5.0,2.0,1.0,1.0,2.0,0.4,0.30000000000000004,50.0,9,0,16,53,62,42,148
140839,3.0,5.0,2.0,1.0,1.0,2.0,0.4,0.30000000000000004,50.0,10,0,8,38,52,29,112
140839,3.0,5.0,2.0,1.0,1.0,2.0,0.4,0.30000000000000004,50.0,11,0,6,28,41,17,83
140839,3.0,5.0,2.0,1.0,1.0,2.0,0.4,0.30000000000000004,50.0,12,0,3,21,30,9,61
140839,3.0,5.0,2.0,1.0,1.0,2.0,0.4,0.30000000000000004,50.0,13,0,2,15,22,4,45
140839,3.0,5.0,2.0,1.0,1.0,2.0,0.4,0.30000000000000004,50.0,14,0,2,8,18,3,32
140839,3.0,5.0,2.0,1.0,1.0,2.0,0.4,0.30000000000000004,50.0,15,0,1,4,14,2,20
140839,3.0,5.0,2.0,1.0,1.0,2.0,0.4,0.30000000000000004,50.0,16,0,2,3,16,3,22
140839,3.0,5.0,2.0,1.0,1.0,2.0,0.4,0.30000000000000004,50.0,17,0,1,3,11,2,15
140839,3.0,5.0,2.0,1.0,1.0,2.0,0.4,0.30000000000000004,50.0,18,0,1,3,7,0,11
140839,3.0,5.0,2.0,1.0,1.0,2.0,0.4,0.30000000000000004,50.0,19,0,1,2,3,0,6
140839,3.0,5.0,2.0,1.0,1.0,2.0,0.4,0.30000000000000004,50.0,20,0,2,1,2,0,5
140839,3.0,5.0,2.0,1.0,1.0,2.0,0.4,0.30000000000000004,50.0,21,0,1,1,1,0,3
140839,3.0,5.0,2.0,1.0,1.0,2.0,0.4,0.30000000000000004,50.0,22,0,1,1,0,0,2
140839,3.0,5.0,2.0,1.0,1.0,2.0,0.4,0.30000000000000004,50.0,23,0,1,0,0,0,1