Exp Num,agent:svo_convergence_factor,agent:params:metabolism,agent:params:consumption_factor,agent:params:procreate_cost_factor,agent:params:procreate_req_factor,agent:params:start_energy_factor,agent:params:caught_chance,agent:params:caught_cooldown_factor,agent:params:maximum_age,Epoch,Resource,A,B,C,D,E
191572,3.0,15.0,3.0,1.0,1.0,3.0,0.30000000000000004,0.5,30.0,0,3515.0,22,43,24,36,114
191572,3.0,15.0,3.0,1.0,1.0,3.0,0.30000000000000004,0.5,30.0,1,1198.75,24,52,37,49,144
191572,3.0,15.0,3.0,1.0,1.0,3.0,0.30000000000000004,0.5,30.0,2,0,30,69,52,59,182
191572,3.0,15.0,3.0,1.0,1.0,3.0,0.30000000000000004,0.5,30.0,3,0,36,63,46,44,164
191572,3.0,15.0,3.0,1.0,1.0,3.0,0.30000000000000004,0.5,30.0,4,0,25,54,40,31,133
191572,3.0,15.0,3.0,1.0,1.0,3.0,0.30000000000000004,0.5,30.0,5,0,15,38,34,19,95
191572,3.0,15.0,3.0,1.0,1.0,3.0,0.30000000000000004,0.5,30.0,6,0,5,30,29,12,69
191572,3.0,15.0,3.0,1.0,1.0,3.0,0.30000000000000004,0.5,30.0,7,0,3,18,28,11,53
191572,3.0,15.0,3.0,1.0,1.0,3.0,0.30000000000000004,0.5,30.0,8,0,4,16,21,4,42
191572,3.0,15.0,3.0,1.0,1.0,3.0,0.30000000000000004,0.5,30.0,9,0,3,11,15,4,29
191572,3.0,15.0,3.0,1.0,1.0,3.0,0.30000000000000004,0.5,30.0,10,0,1,5,12,3,18
191572,3.0,15.0,3.0,1.0,1.0,3.0,0.30000000000000004,0.5,30.0,11,0,0,3,7,3,10
191572,3.0,15.0,3.0,1.0,1.0,3.0,0.30000000000000004,0.5,30.0,12,0,0,2,4,1,6
191572,3.0,15.0,3.0,1.0,1.0,3.0,0.30000000000000004,0.5,30.0,13,0,0,3,3,1,6
191572,3.0,15.0,3.0,1.0,1.0,3.0,0.30000000000000004,0.5,30.0,14,0,0,2,4,0,6
191572,3.0,15.0,3.0,1.0,1.0,3.0,0.30000000000000004,0.5,30.0,15,0,0,2,1,0,3
191572,3.0,15.0,3.0,1.0,1.0,3.0,0.30000000000000004,0.5,30.0,16,0,0,1,1,0,2
191572,3.0,15.0,3.0,1.0,1.0,3.0,0.30000000000000004,0.5,30.0,17,0,0,0,1,0,1