Exp Num,agent:svo_convergence_factor,agent:params:metabolism,agent:params:consumption_factor,agent:params:procreate_cost_factor,agent:params:procreate_req_factor,agent:params:start_energy_factor,agent:params:caught_chance,agent:params:caught_cooldown_factor,agent:params:maximum_age,Epoch,Resource,A,B,C,D,E
132911,2.0,15.0,4.0,7.0,1.0,2.0,0.2,0.30000000000000004,20.0,0,2840.0,17,29,10,21,79
132911,2.0,15.0,4.0,7.0,1.0,2.0,0.2,0.30000000000000004,20.0,1,0,19,27,10,17,76
132911,2.0,15.0,4.0,7.0,1.0,2.0,0.2,0.30000000000000004,20.0,2,0,13,20,10,16,62
132911,2.0,15.0,4.0,7.0,1.0,2.0,0.2,0.30000000000000004,20.0,3,0,13,20,10,15,61
132911,2.0,15.0,4.0,7.0,1.0,2.0,0.2,0.30000000000000004,20.0,4,0,13,21,10,15,62
132911,2.0,15.0,4.0,7.0,1.0,2.0,0.2,0.30000000000000004,20.0,5,0,12,13,7,9,42
132911,2.0,15.0,4.0,7.0,1.0,2.0,0.2,0.30000000000000004,20.0,6,0,8,11,5,5,28
132911,2.0,15.0,4.0,7.0,1.0,2.0,0.2,0.30000000000000004,20.0,7,0,7,9,2,3,20
132911,2.0,15.0,4.0,7.0,1.0,2.0,0.2,0.30000000000000004,20.0,8,0,4,8,2,1,15
132911,2.0,15.0,4.0,7.0,1.0,2.0,0.2,0.30000000000000004,20.0,9,0,4,6,2,0,12
132911,2.0,15.0,4.0,7.0,1.0,2.0,0.2,0.30000000000000004,20.0,10,0,3,4,1,0,8
132911,2.0,15.0,4.0,7.0,1.0,2.0,0.2,0.30000000000000004,20.0,11,0,1,3,1,0,5
132911,2.0,15.0,4.0,7.0,1.0,2.0,0.2,0.30000000000000004,20.0,12,0,0,3,1,0,4
132911,2.0,15.0,4.0,7.0,1.0,2.0,0.2,0.30000000000000004,20.0,13,0,0,2,1,0,3
132911,2.0,15.0,4.0,7.0,1.0,2.0,0.2,0.30000000000000004,20.0,14,0,0,2,0,0,2
132911,2.0,15.0,4.0,7.0,1.0,2.0,0.2,0.30000000000000004,20.0,15,0,0,1,0,0,1