Exp Num,agent:svo_convergence_factor,agent:params:metabolism,agent:params:consumption_factor,agent:params:procreate_cost_factor,agent:params:procreate_req_factor,agent:params:start_energy_factor,agent:params:caught_chance,agent:params:caught_cooldown_factor,agent:params:maximum_age,Epoch,Resource,A,B,C,D,E
193552,3.0,15.0,3.0,5.0,1.0,1.0,0.30000000000000004,0.1,30.0,0,500.0,15,25,16,24,76
193552,3.0,15.0,3.0,5.0,1.0,1.0,0.30000000000000004,0.1,30.0,1,0,15,27,19,25,81
193552,3.0,15.0,3.0,5.0,1.0,1.0,0.30000000000000004,0.1,30.0,2,0,12,22,20,24,73
193552,3.0,15.0,3.0,5.0,1.0,1.0,0.30000000000000004,0.1,30.0,3,0,6,13,13,14,40
193552,3.0,15.0,3.0,5.0,1.0,1.0,0.30000000000000004,0.1,30.0,4,0,4,7,11,8,25
193552,3.0,15.0,3.0,5.0,1.0,1.0,0.30000000000000004,0.1,30.0,5,0,2,5,8,2,16
193552,3.0,15.0,3.0,5.0,1.0,1.0,0.30000000000000004,0.1,30.0,6,0,2,4,5,3,11
193552,3.0,15.0,3.0,5.0,1.0,1.0,0.30000000000000004,0.1,30.0,7,0,0,3,4,3,7
193552,3.0,15.0,3.0,5.0,1.0,1.0,0.30000000000000004,0.1,30.0,8,0,0,2,2,3,4
193552,3.0,15.0,3.0,5.0,1.0,1.0,0.30000000000000004,0.1,30.0,9,0,0,2,1,2,3
193552,3.0,15.0,3.0,5.0,1.0,1.0,0.30000000000000004,0.1,30.0,10,0,0,2,0,1,2
193552,3.0,15.0,3.0,5.0,1.0,1.0,0.30000000000000004,0.1,30.0,11,0,0,1,0,1,1
193552,3.0,15.0,3.0,5.0,1.0,1.0,0.30000000000000004,0.1,30.0,12,55.0,0,1,0,1,1
193552,3.0,15.0,3.0,5.0,1.0,1.0,0.30000000000000004,0.1,30.0,13,68.75,0,1,0,1,1
193552,3.0,15.0,3.0,5.0,1.0,1.0,0.30000000000000004,0.1,30.0,14,85.9375,0,1,0,1,1
193552,3.0,15.0,3.0,5.0,1.0,1.0,0.30000000000000004,0.1,30.0,15,62.421875,0,0,0,1,0