Exp Num,agent:svo_convergence_factor,agent:params:metabolism,agent:params:consumption_factor,agent:params:procreate_cost_factor,agent:params:procreate_req_factor,agent:params:start_energy_factor,agent:params:caught_chance,agent:params:caught_cooldown_factor,agent:params:maximum_age,Epoch,Resource,A,B,C,D,E
106400,2.0,10.0,3.0,9.0,2.0,3.0,0.2,0.1,10.0,0,3650.0,20,30,13,18,82
106400,2.0,10.0,3.0,9.0,2.0,3.0,0.2,0.1,10.0,1,3422.5,20,30,13,18,82
106400,2.0,10.0,3.0,9.0,2.0,3.0,0.2,0.1,10.0,2,2328.125,20,28,13,17,80
106400,2.0,10.0,3.0,9.0,2.0,3.0,0.2,0.1,10.0,3,1770.15625,20,28,13,17,80
106400,2.0,10.0,3.0,9.0,2.0,3.0,0.2,0.1,10.0,4,1192.6953125,20,28,13,17,80
106400,2.0,10.0,3.0,9.0,2.0,3.0,0.2,0.1,10.0,5,0,20,28,13,15,77
106400,2.0,10.0,3.0,9.0,2.0,3.0,0.2,0.1,10.0,6,0,18,28,12,15,73
106400,2.0,10.0,3.0,9.0,2.0,3.0,0.2,0.1,10.0,7,0,18,28,12,15,73
106400,2.0,10.0,3.0,9.0,2.0,3.0,0.2,0.1,10.0,8,0,16,24,8,11,51
106400,2.0,10.0,3.0,9.0,2.0,3.0,0.2,0.1,10.0,9,0,15,21,7,9,43
106400,2.0,10.0,3.0,9.0,2.0,3.0,0.2,0.1,10.0,10,0,11,12,6,5,29
106400,2.0,10.0,3.0,9.0,2.0,3.0,0.2,0.1,10.0,11,0,6,7,3,2,16
106400,2.0,10.0,3.0,9.0,2.0,3.0,0.2,0.1,10.0,12,0,4,5,1,0,10
106400,2.0,10.0,3.0,9.0,2.0,3.0,0.2,0.1,10.0,13,0,2,2,1,0,5
106400,2.0,10.0,3.0,9.0,2.0,3.0,0.2,0.1,10.0,14,0,0,1,1,0,2
106400,2.0,10.0,3.0,9.0,2.0,3.0,0.2,0.1,10.0,15,0,0,1,0,0,1