Exp Num,agent:svo_convergence_factor,agent:params:metabolism,agent:params:consumption_factor,agent:params:procreate_cost_factor,agent:params:procreate_req_factor,agent:params:start_energy_factor,agent:params:caught_chance,agent:params:caught_cooldown_factor,agent:params:maximum_age,Epoch,Resource,A,B,C,D,E
133176,2.0,15.0,4.0,7.0,2.0,1.0,0.30000000000000004,0.1,20.0,0,0,15,22,15,26,65
133176,2.0,15.0,4.0,7.0,2.0,1.0,0.30000000000000004,0.1,20.0,1,0,15,21,14,22,63
133176,2.0,15.0,4.0,7.0,2.0,1.0,0.30000000000000004,0.1,20.0,2,0,15,19,14,22,61
133176,2.0,15.0,4.0,7.0,2.0,1.0,0.30000000000000004,0.1,20.0,3,0,15,19,14,22,61
133176,2.0,15.0,4.0,7.0,2.0,1.0,0.30000000000000004,0.1,20.0,4,0,9,10,9,7,36
133176,2.0,15.0,4.0,7.0,2.0,1.0,0.30000000000000004,0.1,20.0,5,0,4,5,4,3,19
133176,2.0,15.0,4.0,7.0,2.0,1.0,0.30000000000000004,0.1,20.0,6,0,1,3,3,2,9
133176,2.0,15.0,4.0,7.0,2.0,1.0,0.30000000000000004,0.1,20.0,7,0,0,2,2,1,4
133176,2.0,15.0,4.0,7.0,2.0,1.0,0.30000000000000004,0.1,20.0,8,0,0,1,1,0,2
133176,2.0,15.0,4.0,7.0,2.0,1.0,0.30000000000000004,0.1,20.0,9,0,0,0,1,0,1