Exp Num,agent:svo_convergence_factor,agent:params:metabolism,agent:params:consumption_factor,agent:params:procreate_cost_factor,agent:params:procreate_req_factor,agent:params:start_energy_factor,agent:params:caught_chance,agent:params:caught_cooldown_factor,agent:params:maximum_age,Epoch,Resource,A,B,C,D,E
18887,1.0,5.0,4.0,3.0,3.0,2.0,0.1,0.30000000000000004,30.0,0,3460.0,21,23,12,35,65
18887,1.0,5.0,4.0,3.0,3.0,2.0,0.1,0.30000000000000004,30.0,1,3045.0,20,21,12,35,62
18887,1.0,5.0,4.0,3.0,3.0,2.0,0.1,0.30000000000000004,30.0,2,2826.25,27,27,13,36,76
18887,1.0,5.0,4.0,3.0,3.0,2.0,0.1,0.30000000000000004,30.0,3,2572.8125,36,35,16,37,96
18887,1.0,5.0,4.0,3.0,3.0,2.0,0.1,0.30000000000000004,30.0,4,2016.015625,47,48,18,38,122
18887,1.0,5.0,4.0,3.0,3.0,2.0,0.1,0.30000000000000004,30.0,5,1020.01953125,60,55,18,36,142
18887,1.0,5.0,4.0,3.0,3.0,2.0,0.1,0.30000000000000004,30.0,6,0,70,65,20,36,164
18887,1.0,5.0,4.0,3.0,3.0,2.0,0.1,0.30000000000000004,30.0,7,0,70,65,20,36,164
18887,1.0,5.0,4.0,3.0,3.0,2.0,0.1,0.30000000000000004,30.0,8,0,69,65,19,36,162
18887,1.0,5.0,4.0,3.0,3.0,2.0,0.1,0.30000000000000004,30.0,9,0,68,62,15,19,149
18887,1.0,5.0,4.0,3.0,3.0,2.0,0.1,0.30000000000000004,30.0,10,0,61,57,15,12,136
18887,1.0,5.0,4.0,3.0,3.0,2.0,0.1,0.30000000000000004,30.0,11,0,49,51,11,8,113
18887,1.0,5.0,4.0,3.0,3.0,2.0,0.1,0.30000000000000004,30.0,12,0,32,33,8,8,75
18887,1.0,5.0,4.0,3.0,3.0,2.0,0.1,0.30000000000000004,30.0,13,0,21,23,4,6,49
18887,1.0,5.0,4.0,3.0,3.0,2.0,0.1,0.30000000000000004,30.0,14,0,13,16,1,4,31
18887,1.0,5.0,4.0,3.0,3.0,2.0,0.1,0.30000000000000004,30.0,15,0,9,10,1,3,20
18887,1.0,5.0,4.0,3.0,3.0,2.0,0.1,0.30000000000000004,30.0,16,0,4,6,1,3,11
18887,1.0,5.0,4.0,3.0,3.0,2.0,0.1,0.30000000000000004,30.0,17,20.0,3,5,0,3,8
18887,1.0,5.0,4.0,3.0,3.0,2.0,0.1,0.30000000000000004,30.0,18,0,3,4,0,2,7
18887,1.0,5.0,4.0,3.0,3.0,2.0,0.1,0.30000000000000004,30.0,19,0,1,3,0,1,4
18887,1.0,5.0,4.0,3.0,3.0,2.0,0.1,0.30000000000000004,30.0,20,0,0,3,0,1,3
18887,1.0,5.0,4.0,3.0,3.0,2.0,0.1,0.30000000000000004,30.0,21,0,0,3,0,0,3
18887,1.0,5.0,4.0,3.0,3.0,2.0,0.1,0.30000000000000004,30.0,22,0,0,3,0,0,3
18887,1.0,5.0,4.0,3.0,3.0,2.0,0.1,0.30000000000000004,30.0,23,0,0,3,0,0,3
18887,1.0,5.0,4.0,3.0,3.0,2.0,0.1,0.30000000000000004,30.0,24,0,0,2,0,0,2
18887,1.0,5.0,4.0,3.0,3.0,2.0,0.1,0.30000000000000004,30.0,25,0,0,1,0,0,1