Exp Num,agent:svo_convergence_factor,agent:params:metabolism,agent:params:consumption_factor,agent:params:procreate_cost_factor,agent:params:procreate_req_factor,agent:params:start_energy_factor,agent:params:caught_chance,agent:params:caught_cooldown_factor,agent:params:maximum_age,Epoch,Resource,A,B,C,D,E
133612,2.0,15.0,4.0,7.0,3.0,1.0,0.5,0.30000000000000004,30.0,0,0,14,22,8,28,63
133612,2.0,15.0,4.0,7.0,3.0,1.0,0.5,0.30000000000000004,30.0,1,0,13,20,6,26,57
133612,2.0,15.0,4.0,7.0,3.0,1.0,0.5,0.30000000000000004,30.0,2,0,13,20,6,26,57
133612,2.0,15.0,4.0,7.0,3.0,1.0,0.5,0.30000000000000004,30.0,3,0,13,20,6,26,57
133612,2.0,15.0,4.0,7.0,3.0,1.0,0.5,0.30000000000000004,30.0,4,0,7,10,4,16,28
133612,2.0,15.0,4.0,7.0,3.0,1.0,0.5,0.30000000000000004,30.0,5,0,4,2,4,7,15
133612,2.0,15.0,4.0,7.0,3.0,1.0,0.5,0.30000000000000004,30.0,6,0,2,1,2,5,6
133612,2.0,15.0,4.0,7.0,3.0,1.0,0.5,0.30000000000000004,30.0,7,0,1,1,1,3,3
133612,2.0,15.0,4.0,7.0,3.0,1.0,0.5,0.30000000000000004,30.0,8,0,0,1,1,1,2
133612,2.0,15.0,4.0,7.0,3.0,1.0,0.5,0.30000000000000004,30.0,9,0,0,0,0,1,0