Exp Num,agent:svo_convergence_factor,agent:params:metabolism,agent:params:consumption_factor,agent:params:procreate_cost_factor,agent:params:procreate_req_factor,agent:params:start_energy_factor,agent:params:caught_chance,agent:params:caught_cooldown_factor,agent:params:maximum_age,Epoch,Resource,A,B,C,D,E
164037,3.0,10.0,2.0,1.0,3.0,2.0,0.2,0.30000000000000004,30.0,0,3620.0,27,36,10,45,89
164037,3.0,10.0,2.0,1.0,3.0,2.0,0.2,0.30000000000000004,30.0,1,3185.0,32,39,14,49,100
164037,3.0,10.0,2.0,1.0,3.0,2.0,0.2,0.30000000000000004,30.0,2,2221.25,41,40,16,51,113
164037,3.0,10.0,2.0,1.0,3.0,2.0,0.2,0.30000000000000004,30.0,3,876.5625,49,47,18,54,130
164037,3.0,10.0,2.0,1.0,3.0,2.0,0.2,0.30000000000000004,30.0,4,0,47,43,18,50,121
164037,3.0,10.0,2.0,1.0,3.0,2.0,0.2,0.30000000000000004,30.0,5,0,33,22,16,33,80
164037,3.0,10.0,2.0,1.0,3.0,2.0,0.2,0.30000000000000004,30.0,6,0,18,12,10,19,47
164037,3.0,10.0,2.0,1.0,3.0,2.0,0.2,0.30000000000000004,30.0,7,0,7,7,8,11,26
164037,3.0,10.0,2.0,1.0,3.0,2.0,0.2,0.30000000000000004,30.0,8,0,4,5,5,4,16
164037,3.0,10.0,2.0,1.0,3.0,2.0,0.2,0.30000000000000004,30.0,9,0,1,3,3,2,8
164037,3.0,10.0,2.0,1.0,3.0,2.0,0.2,0.30000000000000004,30.0,10,0,0,2,3,1,5
164037,3.0,10.0,2.0,1.0,3.0,2.0,0.2,0.30000000000000004,30.0,11,0,0,0,2,1,2
164037,3.0,10.0,2.0,1.0,3.0,2.0,0.2,0.30000000000000004,30.0,12,0,0,0,0,1,0