Exp Num,agent:svo_convergence_factor,agent:params:metabolism,agent:params:consumption_factor,agent:params:procreate_cost_factor,agent:params:procreate_req_factor,agent:params:start_energy_factor,agent:params:caught_chance,agent:params:caught_cooldown_factor,agent:params:maximum_age,Epoch,Resource,A,B,C,D,E
181462,3.0,15.0,1.0,3.0,1.0,3.0,0.4,0.30000000000000004,30.0,0,3500.0,25,34,26,46,104
181462,3.0,15.0,1.0,3.0,1.0,3.0,0.4,0.30000000000000004,30.0,1,3010.0,17,24,22,28,81
181462,3.0,15.0,1.0,3.0,1.0,3.0,0.4,0.30000000000000004,30.0,2,2637.5,14,27,21,19,76
181462,3.0,15.0,1.0,3.0,1.0,3.0,0.4,0.30000000000000004,30.0,3,2216.875,13,27,24,19,79
181462,3.0,15.0,1.0,3.0,1.0,3.0,0.4,0.30000000000000004,30.0,4,2156.09375,14,27,23,14,75
181462,3.0,15.0,1.0,3.0,1.0,3.0,0.4,0.30000000000000004,30.0,5,2230.1171875,9,28,25,15,73
181462,3.0,15.0,1.0,3.0,1.0,3.0,0.4,0.30000000000000004,30.0,6,2307.646484375,5,26,25,14,66
181462,3.0,15.0,1.0,3.0,1.0,3.0,0.4,0.30000000000000004,30.0,7,2239.55810546875,3,21,26,13,60
181462,3.0,15.0,1.0,3.0,1.0,3.0,0.4,0.30000000000000004,30.0,8,2124.4476318359375,3,17,24,11,53
181462,3.0,15.0,1.0,3.0,1.0,3.0,0.4,0.30000000000000004,30.0,9,1920.5595397949219,2,13,28,9,52
181462,3.0,15.0,1.0,3.0,1.0,3.0,0.4,0.30000000000000004,30.0,10,1650.6994247436523,2,14,27,8,52
181462,3.0,15.0,1.0,3.0,1.0,3.0,0.4,0.30000000000000004,30.0,11,1388.3742809295654,2,15,24,8,50
181462,3.0,15.0,1.0,3.0,1.0,3.0,0.4,0.30000000000000004,30.0,12,1180.4678511619568,4,16,24,8,53
181462,3.0,15.0,1.0,3.0,1.0,3.0,0.4,0.30000000000000004,30.0,13,965.584813952446,4,18,21,8,52
181462,3.0,15.0,1.0,3.0,1.0,3.0,0.4,0.30000000000000004,30.0,14,726.9810174405575,3,17,20,8,48
181462,3.0,15.0,1.0,3.0,1.0,3.0,0.4,0.30000000000000004,30.0,15,428.72627180069685,2,14,18,8,42
181462,3.0,15.0,1.0,3.0,1.0,3.0,0.4,0.30000000000000004,30.0,16,130.90783975087106,1,10,17,8,36
181462,3.0,15.0,1.0,3.0,1.0,3.0,0.4,0.30000000000000004,30.0,17,0,0,7,10,6,22
181462,3.0,15.0,1.0,3.0,1.0,3.0,0.4,0.30000000000000004,30.0,18,0,0,6,3,3,11
181462,3.0,15.0,1.0,3.0,1.0,3.0,0.4,0.30000000000000004,30.0,19,0,0,3,2,1,6
181462,3.0,15.0,1.0,3.0,1.0,3.0,0.4,0.30000000000000004,30.0,20,0,0,1,2,0,3
181462,3.0,15.0,1.0,3.0,1.0,3.0,0.4,0.30000000000000004,30.0,21,0,0,1,1,0,2
181462,3.0,15.0,1.0,3.0,1.0,3.0,0.4,0.30000000000000004,30.0,22,0,0,1,0,0,1