Exp Num,agent:svo_convergence_factor,agent:params:metabolism,agent:params:consumption_factor,agent:params:procreate_cost_factor,agent:params:procreate_req_factor,agent:params:start_energy_factor,agent:params:caught_chance,agent:params:caught_cooldown_factor,agent:params:maximum_age,Epoch,Resource,A,B,C,D,E
120064,2.0,15.0,2.0,3.0,3.0,1.0,0.30000000000000004,0.30000000000000004,50.0,0,2000.0,16,29,4,29,71
120064,2.0,15.0,2.0,3.0,3.0,1.0,0.30000000000000004,0.30000000000000004,50.0,1,1630.0,16,29,4,29,71
120064,2.0,15.0,2.0,3.0,3.0,1.0,0.30000000000000004,0.30000000000000004,50.0,2,447.5,12,22,4,25,58
120064,2.0,15.0,2.0,3.0,3.0,1.0,0.30000000000000004,0.30000000000000004,50.0,3,0,12,20,3,24,55
120064,2.0,15.0,2.0,3.0,3.0,1.0,0.30000000000000004,0.30000000000000004,50.0,4,0,9,14,3,17,36
120064,2.0,15.0,2.0,3.0,3.0,1.0,0.30000000000000004,0.30000000000000004,50.0,5,0,8,10,3,7,27
120064,2.0,15.0,2.0,3.0,3.0,1.0,0.30000000000000004,0.30000000000000004,50.0,6,0,7,5,3,4,17
120064,2.0,15.0,2.0,3.0,3.0,1.0,0.30000000000000004,0.30000000000000004,50.0,7,0,5,2,2,2,10
120064,2.0,15.0,2.0,3.0,3.0,1.0,0.30000000000000004,0.30000000000000004,50.0,8,0,3,1,1,1,5
120064,2.0,15.0,2.0,3.0,3.0,1.0,0.30000000000000004,0.30000000000000004,50.0,9,0,1,1,1,1,3
120064,2.0,15.0,2.0,3.0,3.0,1.0,0.30000000000000004,0.30000000000000004,50.0,10,0,1,0,1,0,2
120064,2.0,15.0,2.0,3.0,3.0,1.0,0.30000000000000004,0.30000000000000004,50.0,11,0,0,0,1,0,1