Exp Num,agent:svo_convergence_factor,agent:params:metabolism,agent:params:consumption_factor,agent:params:procreate_cost_factor,agent:params:procreate_req_factor,agent:params:start_energy_factor,agent:params:caught_chance,agent:params:caught_cooldown_factor,agent:params:maximum_age,Epoch,Resource,A,B,C,D,E
104916,2.0,10.0,3.0,7.0,1.0,3.0,0.2,0.4,20.0,0,3530.0,13,35,14,19,81
104916,2.0,10.0,3.0,7.0,1.0,3.0,0.2,0.4,20.0,1,3452.5,14,44,15,20,92
104916,2.0,10.0,3.0,7.0,1.0,3.0,0.2,0.4,20.0,2,2425.625,13,41,12,20,85
104916,2.0,10.0,3.0,7.0,1.0,3.0,0.2,0.4,20.0,3,1742.03125,13,49,13,20,94
104916,2.0,10.0,3.0,7.0,1.0,3.0,0.2,0.4,20.0,4,857.5390625,15,52,15,20,101
104916,2.0,10.0,3.0,7.0,1.0,3.0,0.2,0.4,20.0,5,0,17,52,16,16,96
104916,2.0,10.0,3.0,7.0,1.0,3.0,0.2,0.4,20.0,6,0,15,46,13,12,84
104916,2.0,10.0,3.0,7.0,1.0,3.0,0.2,0.4,20.0,7,0,15,41,13,9,77
104916,2.0,10.0,3.0,7.0,1.0,3.0,0.2,0.4,20.0,8,0,13,34,11,3,64
104916,2.0,10.0,3.0,7.0,1.0,3.0,0.2,0.4,20.0,9,0,11,33,9,1,57
104916,2.0,10.0,3.0,7.0,1.0,3.0,0.2,0.4,20.0,10,0,11,29,5,0,48
104916,2.0,10.0,3.0,7.0,1.0,3.0,0.2,0.4,20.0,11,0,10,23,3,0,38
104916,2.0,10.0,3.0,7.0,1.0,3.0,0.2,0.4,20.0,12,0,9,18,2,0,30
104916,2.0,10.0,3.0,7.0,1.0,3.0,0.2,0.4,20.0,13,0,7,15,0,0,22
104916,2.0,10.0,3.0,7.0,1.0,3.0,0.2,0.4,20.0,14,0,4,11,0,0,15
104916,2.0,10.0,3.0,7.0,1.0,3.0,0.2,0.4,20.0,15,0,3,6,0,0,9
104916,2.0,10.0,3.0,7.0,1.0,3.0,0.2,0.4,20.0,16,0,3,4,0,0,7
104916,2.0,10.0,3.0,7.0,1.0,3.0,0.2,0.4,20.0,17,0,2,3,0,0,5
104916,2.0,10.0,3.0,7.0,1.0,3.0,0.2,0.4,20.0,18,0,2,2,0,0,4
104916,2.0,10.0,3.0,7.0,1.0,3.0,0.2,0.4,20.0,19,0,1,2,0,0,3
104916,2.0,10.0,3.0,7.0,1.0,3.0,0.2,0.4,20.0,20,0,0,2,0,0,2
104916,2.0,10.0,3.0,7.0,1.0,3.0,0.2,0.4,20.0,21,0,0,2,0,0,2
104916,2.0,10.0,3.0,7.0,1.0,3.0,0.2,0.4,20.0,22,0,0,2,0,0,2
104916,2.0,10.0,3.0,7.0,1.0,3.0,0.2,0.4,20.0,23,0,0,2,0,0,2
104916,2.0,10.0,3.0,7.0,1.0,3.0,0.2,0.4,20.0,24,0,0,2,0,0,2
104916,2.0,10.0,3.0,7.0,1.0,3.0,0.2,0.4,20.0,25,0,0,1,0,0,1