Exp Num,agent:svo_convergence_factor,agent:params:metabolism,agent:params:consumption_factor,agent:params:procreate_cost_factor,agent:params:procreate_req_factor,agent:params:start_energy_factor,agent:params:caught_chance,agent:params:caught_cooldown_factor,agent:params:maximum_age,Epoch,Resource,A,B,C,D,E
11982,1.0,5.0,3.0,1.0,2.0,3.0,0.5,0.2,30.0,0,3500.0,17,38,26,46,104
11982,1.0,5.0,3.0,1.0,2.0,3.0,0.5,0.2,30.0,1,3655.0,21,56,41,64,145
11982,1.0,5.0,3.0,1.0,2.0,3.0,0.5,0.2,30.0,2,3623.75,24,74,50,71,177
11982,1.0,5.0,3.0,1.0,2.0,3.0,0.5,0.2,30.0,3,3254.6875,19,73,60,86,184
11982,1.0,5.0,3.0,1.0,2.0,3.0,0.5,0.2,30.0,4,2823.359375,18,74,71,93,196
11982,1.0,5.0,3.0,1.0,2.0,3.0,0.5,0.2,30.0,5,1879.19921875,18,77,88,103,219
11982,1.0,5.0,3.0,1.0,2.0,3.0,0.5,0.2,30.0,6,683.9990234375,13,76,114,118,241
11982,1.0,5.0,3.0,1.0,2.0,3.0,0.5,0.2,30.0,7,0,10,68,123,103,229
11982,1.0,5.0,3.0,1.0,2.0,3.0,0.5,0.2,30.0,8,0,9,56,86,62,166
11982,1.0,5.0,3.0,1.0,2.0,3.0,0.5,0.2,30.0,9,0,4,40,56,33,109
11982,1.0,5.0,3.0,1.0,2.0,3.0,0.5,0.2,30.0,10,0,3,28,28,19,63
11982,1.0,5.0,3.0,1.0,2.0,3.0,0.5,0.2,30.0,11,0,4,16,17,10,38
11982,1.0,5.0,3.0,1.0,2.0,3.0,0.5,0.2,30.0,12,0,1,8,12,6,21
11982,1.0,5.0,3.0,1.0,2.0,3.0,0.5,0.2,30.0,13,0,0,4,7,3,11
11982,1.0,5.0,3.0,1.0,2.0,3.0,0.5,0.2,30.0,14,0,0,3,3,2,6
11982,1.0,5.0,3.0,1.0,2.0,3.0,0.5,0.2,30.0,15,0,0,2,1,1,3
11982,1.0,5.0,3.0,1.0,2.0,3.0,0.5,0.2,30.0,16,0,0,1,1,0,2
11982,1.0,5.0,3.0,1.0,2.0,3.0,0.5,0.2,30.0,17,0,0,0,1,0,1