Exp Num,agent:svo_convergence_factor,agent:params:metabolism,agent:params:consumption_factor,agent:params:procreate_cost_factor,agent:params:procreate_req_factor,agent:params:start_energy_factor,agent:params:caught_chance,agent:params:caught_cooldown_factor,agent:params:maximum_age,Epoch,Resource,A,B,C,D,E
132943,2.0,15.0,4.0,7.0,1.0,2.0,0.30000000000000004,0.4,40.0,0,2720.0,21,24,12,24,76
132943,2.0,15.0,4.0,7.0,1.0,2.0,0.30000000000000004,0.4,40.0,1,0,19,21,15,21,73
132943,2.0,15.0,4.0,7.0,1.0,2.0,0.30000000000000004,0.4,40.0,2,0,12,20,13,19,61
132943,2.0,15.0,4.0,7.0,1.0,2.0,0.30000000000000004,0.4,40.0,3,0,12,22,12,19,61
132943,2.0,15.0,4.0,7.0,1.0,2.0,0.30000000000000004,0.4,40.0,4,0,12,23,12,19,62
132943,2.0,15.0,4.0,7.0,1.0,2.0,0.30000000000000004,0.4,40.0,5,0,9,16,8,12,41
132943,2.0,15.0,4.0,7.0,1.0,2.0,0.30000000000000004,0.4,40.0,6,0,5,10,4,6,24
132943,2.0,15.0,4.0,7.0,1.0,2.0,0.30000000000000004,0.4,40.0,7,0,3,7,4,4,15
132943,2.0,15.0,4.0,7.0,1.0,2.0,0.30000000000000004,0.4,40.0,8,0,3,5,2,1,10
132943,2.0,15.0,4.0,7.0,1.0,2.0,0.30000000000000004,0.4,40.0,9,0,3,4,2,0,9
132943,2.0,15.0,4.0,7.0,1.0,2.0,0.30000000000000004,0.4,40.0,10,0,3,3,1,0,7
132943,2.0,15.0,4.0,7.0,1.0,2.0,0.30000000000000004,0.4,40.0,11,0,1,3,1,0,5
132943,2.0,15.0,4.0,7.0,1.0,2.0,0.30000000000000004,0.4,40.0,12,100,0,3,0,0,3
132943,2.0,15.0,4.0,7.0,1.0,2.0,0.30000000000000004,0.4,40.0,13,125.0,0,2,0,0,2
132943,2.0,15.0,4.0,7.0,1.0,2.0,0.30000000000000004,0.4,40.0,14,156.25,0,2,0,0,2
132943,2.0,15.0,4.0,7.0,1.0,2.0,0.30000000000000004,0.4,40.0,15,195.3125,0,1,0,0,1