Exp Num,agent:svo_convergence_factor,agent:params:metabolism,agent:params:consumption_factor,agent:params:procreate_cost_factor,agent:params:procreate_req_factor,agent:params:start_energy_factor,agent:params:caught_chance,agent:params:caught_cooldown_factor,agent:params:maximum_age,Epoch,Resource,A,B,C,D,E
133570,2.0,15.0,4.0,7.0,3.0,1.0,0.30000000000000004,0.5,10.0,0,0,16,19,9,24,67
133570,2.0,15.0,4.0,7.0,3.0,1.0,0.30000000000000004,0.5,10.0,1,0,15,18,9,20,64
133570,2.0,15.0,4.0,7.0,3.0,1.0,0.30000000000000004,0.5,10.0,2,0,15,18,9,19,64
133570,2.0,15.0,4.0,7.0,3.0,1.0,0.30000000000000004,0.5,10.0,3,0,15,18,9,19,64
133570,2.0,15.0,4.0,7.0,3.0,1.0,0.30000000000000004,0.5,10.0,4,0,8,8,6,9,33
133570,2.0,15.0,4.0,7.0,3.0,1.0,0.30000000000000004,0.5,10.0,5,0,4,4,4,4,18
133570,2.0,15.0,4.0,7.0,3.0,1.0,0.30000000000000004,0.5,10.0,6,0,3,2,2,2,9
133570,2.0,15.0,4.0,7.0,3.0,1.0,0.30000000000000004,0.5,10.0,7,0,1,2,1,1,5
133570,2.0,15.0,4.0,7.0,3.0,1.0,0.30000000000000004,0.5,10.0,8,0,0,1,1,0,3
133570,2.0,15.0,4.0,7.0,3.0,1.0,0.30000000000000004,0.5,10.0,9,0,0,0,0,0,1