Exp Num,agent:svo_convergence_factor,agent:params:metabolism,agent:params:consumption_factor,agent:params:procreate_cost_factor,agent:params:procreate_req_factor,agent:params:start_energy_factor,agent:params:caught_chance,agent:params:caught_cooldown_factor,agent:params:maximum_age,Epoch,Resource,A,B,C,D,E
102364,2.0,10.0,3.0,1.0,3.0,3.0,0.5,0.30000000000000004,50.0,0,4130.0,18,33,21,32,82
102364,2.0,10.0,3.0,1.0,3.0,3.0,0.5,0.30000000000000004,50.0,1,4412.5,21,42,27,35,100
102364,2.0,10.0,3.0,1.0,3.0,3.0,0.5,0.30000000000000004,50.0,2,4345.625,15,41,27,35,96
102364,2.0,10.0,3.0,1.0,3.0,3.0,0.5,0.30000000000000004,50.0,3,4502.03125,11,37,28,39,89
102364,2.0,10.0,3.0,1.0,3.0,3.0,0.5,0.30000000000000004,50.0,4,4487.5390625,8,34,29,42,86
102364,2.0,10.0,3.0,1.0,3.0,3.0,0.5,0.30000000000000004,50.0,5,4559.423828125,6,33,31,41,85
102364,2.0,10.0,3.0,1.0,3.0,3.0,0.5,0.30000000000000004,50.0,6,4289.27978515625,5,34,31,46,90
102364,2.0,10.0,3.0,1.0,3.0,3.0,0.5,0.30000000000000004,50.0,7,4071.5997314453125,5,38,36,48,100
102364,2.0,10.0,3.0,1.0,3.0,3.0,0.5,0.30000000000000004,50.0,8,3739.4996643066406,3,39,42,47,108
102364,2.0,10.0,3.0,1.0,3.0,3.0,0.5,0.30000000000000004,50.0,9,3144.374580383301,3,31,45,56,106
102364,2.0,10.0,3.0,1.0,3.0,3.0,0.5,0.30000000000000004,50.0,10,2130.468225479126,4,30,48,68,111
102364,2.0,10.0,3.0,1.0,3.0,3.0,0.5,0.30000000000000004,50.0,11,803.0852818489075,4,31,57,75,124
102364,2.0,10.0,3.0,1.0,3.0,3.0,0.5,0.30000000000000004,50.0,12,0,3,26,54,67,107
102364,2.0,10.0,3.0,1.0,3.0,3.0,0.5,0.30000000000000004,50.0,13,0,2,20,36,45,73
102364,2.0,10.0,3.0,1.0,3.0,3.0,0.5,0.30000000000000004,50.0,14,0,2,17,21,26,46
102364,2.0,10.0,3.0,1.0,3.0,3.0,0.5,0.30000000000000004,50.0,15,0,2,11,15,15,30
102364,2.0,10.0,3.0,1.0,3.0,3.0,0.5,0.30000000000000004,50.0,16,0,1,8,7,7,17
102364,2.0,10.0,3.0,1.0,3.0,3.0,0.5,0.30000000000000004,50.0,17,0,0,7,4,5,12
102364,2.0,10.0,3.0,1.0,3.0,3.0,0.5,0.30000000000000004,50.0,18,0,0,5,1,4,7
102364,2.0,10.0,3.0,1.0,3.0,3.0,0.5,0.30000000000000004,50.0,19,0,0,2,0,2,3
102364,2.0,10.0,3.0,1.0,3.0,3.0,0.5,0.30000000000000004,50.0,20,0,0,2,0,1,2
102364,2.0,10.0,3.0,1.0,3.0,3.0,0.5,0.30000000000000004,50.0,21,0,0,1,0,0,1