Exp Num,agent:svo_convergence_factor,agent:params:metabolism,agent:params:consumption_factor,agent:params:procreate_cost_factor,agent:params:procreate_req_factor,agent:params:start_energy_factor,agent:params:caught_chance,agent:params:caught_cooldown_factor,agent:params:maximum_age,Epoch,Resource,A,B,C,D,E
114681,2.0,15.0,1.0,3.0,3.0,3.0,0.30000000000000004,0.2,20.0,0,3500.0,11,28,13,31,69
114681,2.0,15.0,1.0,3.0,3.0,3.0,0.30000000000000004,0.2,20.0,1,2980.0,11,28,13,31,69
114681,2.0,15.0,1.0,3.0,3.0,3.0,0.30000000000000004,0.2,20.0,2,2735.0,11,28,13,31,69
114681,2.0,15.0,1.0,3.0,3.0,3.0,0.30000000000000004,0.2,20.0,3,2728.75,10,28,13,31,68
114681,2.0,15.0,1.0,3.0,3.0,3.0,0.30000000000000004,0.2,20.0,4,2720.9375,8,23,11,29,58
114681,2.0,15.0,1.0,3.0,3.0,3.0,0.30000000000000004,0.2,20.0,5,2546.171875,6,19,10,29,51
114681,2.0,15.0,1.0,3.0,3.0,3.0,0.30000000000000004,0.2,20.0,6,2207.71484375,4,18,10,29,48
114681,2.0,15.0,1.0,3.0,3.0,3.0,0.30000000000000004,0.2,20.0,7,1904.6435546875,3,17,10,29,46
114681,2.0,15.0,1.0,3.0,3.0,3.0,0.30000000000000004,0.2,20.0,8,1600.804443359375,2,14,10,28,42
114681,2.0,15.0,1.0,3.0,3.0,3.0,0.30000000000000004,0.2,20.0,9,1191.0055541992188,1,14,10,27,41
114681,2.0,15.0,1.0,3.0,3.0,3.0,0.30000000000000004,0.2,20.0,10,618.7569427490234,1,12,9,27,38
114681,2.0,15.0,1.0,3.0,3.0,3.0,0.30000000000000004,0.2,20.0,11,0,1,9,8,26,34
114681,2.0,15.0,1.0,3.0,3.0,3.0,0.30000000000000004,0.2,20.0,12,0,1,5,5,11,19
114681,2.0,15.0,1.0,3.0,3.0,3.0,0.30000000000000004,0.2,20.0,13,0,1,3,3,5,10
114681,2.0,15.0,1.0,3.0,3.0,3.0,0.30000000000000004,0.2,20.0,14,0,1,2,3,2,6
114681,2.0,15.0,1.0,3.0,3.0,3.0,0.30000000000000004,0.2,20.0,15,0,0,1,2,1,3
114681,2.0,15.0,1.0,3.0,3.0,3.0,0.30000000000000004,0.2,20.0,16,0,0,1,1,0,2
114681,2.0,15.0,1.0,3.0,3.0,3.0,0.30000000000000004,0.2,20.0,17,0,0,1,0,0,1