Exp Num,agent:svo_convergence_factor,agent:params:metabolism,agent:params:consumption_factor,agent:params:procreate_cost_factor,agent:params:procreate_req_factor,agent:params:start_energy_factor,agent:params:caught_chance,agent:params:caught_cooldown_factor,agent:params:maximum_age,Epoch,Resource,A,B,C,D,E
169564,3.0,10.0,3.0,1.0,3.0,1.0,0.30000000000000004,0.30000000000000004,50.0,0,2000.0,18,43,21,36,114
169564,3.0,10.0,3.0,1.0,3.0,1.0,0.30000000000000004,0.30000000000000004,50.0,1,1240.0,19,57,21,40,131
169564,3.0,10.0,3.0,1.0,3.0,1.0,0.30000000000000004,0.30000000000000004,50.0,2,0,16,48,16,37,117
169564,3.0,10.0,3.0,1.0,3.0,1.0,0.30000000000000004,0.30000000000000004,50.0,3,0,16,38,12,30,94
169564,3.0,10.0,3.0,1.0,3.0,1.0,0.30000000000000004,0.30000000000000004,50.0,4,0,11,28,10,14,62
169564,3.0,10.0,3.0,1.0,3.0,1.0,0.30000000000000004,0.30000000000000004,50.0,5,0,6,14,4,10,33
169564,3.0,10.0,3.0,1.0,3.0,1.0,0.30000000000000004,0.30000000000000004,50.0,6,0,3,10,4,3,22
169564,3.0,10.0,3.0,1.0,3.0,1.0,0.30000000000000004,0.30000000000000004,50.0,7,0,2,6,3,1,13
169564,3.0,10.0,3.0,1.0,3.0,1.0,0.30000000000000004,0.30000000000000004,50.0,8,0,2,2,1,1,6
169564,3.0,10.0,3.0,1.0,3.0,1.0,0.30000000000000004,0.30000000000000004,50.0,9,0,1,0,1,1,2
169564,3.0,10.0,3.0,1.0,3.0,1.0,0.30000000000000004,0.30000000000000004,50.0,10,0,0,0,1,1,1
169564,3.0,10.0,3.0,1.0,3.0,1.0,0.30000000000000004,0.30000000000000004,50.0,11,0,0,0,1,0,1