Exp Num,agent:svo_convergence_factor,agent:params:metabolism,agent:params:consumption_factor,agent:params:procreate_cost_factor,agent:params:procreate_req_factor,agent:params:start_energy_factor,agent:params:caught_chance,agent:params:caught_cooldown_factor,agent:params:maximum_age,Epoch,Resource,A,B,C,D,E
133064,2.0,15.0,4.0,7.0,1.0,3.0,0.30000000000000004,0.30000000000000004,50.0,0,2600.0,14,25,11,32,68
133064,2.0,15.0,4.0,7.0,1.0,3.0,0.30000000000000004,0.30000000000000004,50.0,1,1990.0,16,27,12,32,73
133064,2.0,15.0,4.0,7.0,1.0,3.0,0.30000000000000004,0.30000000000000004,50.0,2,567.5,15,25,12,26,67
133064,2.0,15.0,4.0,7.0,1.0,3.0,0.30000000000000004,0.30000000000000004,50.0,3,0,13,21,13,25,60
133064,2.0,15.0,4.0,7.0,1.0,3.0,0.30000000000000004,0.30000000000000004,50.0,4,0,13,20,13,24,59
133064,2.0,15.0,4.0,7.0,1.0,3.0,0.30000000000000004,0.30000000000000004,50.0,5,0,13,20,13,24,59
133064,2.0,15.0,4.0,7.0,1.0,3.0,0.30000000000000004,0.30000000000000004,50.0,6,0,8,16,12,10,44
133064,2.0,15.0,4.0,7.0,1.0,3.0,0.30000000000000004,0.30000000000000004,50.0,7,0,5,16,7,6,31
133064,2.0,15.0,4.0,7.0,1.0,3.0,0.30000000000000004,0.30000000000000004,50.0,8,0,5,13,4,4,24
133064,2.0,15.0,4.0,7.0,1.0,3.0,0.30000000000000004,0.30000000000000004,50.0,9,0,3,10,2,2,16
133064,2.0,15.0,4.0,7.0,1.0,3.0,0.30000000000000004,0.30000000000000004,50.0,10,0,2,8,1,1,11
133064,2.0,15.0,4.0,7.0,1.0,3.0,0.30000000000000004,0.30000000000000004,50.0,11,0,2,6,1,1,9
133064,2.0,15.0,4.0,7.0,1.0,3.0,0.30000000000000004,0.30000000000000004,50.0,12,0,1,3,1,1,5
133064,2.0,15.0,4.0,7.0,1.0,3.0,0.30000000000000004,0.30000000000000004,50.0,13,0,0,3,1,0,4
133064,2.0,15.0,4.0,7.0,1.0,3.0,0.30000000000000004,0.30000000000000004,50.0,14,100,0,2,0,0,2
133064,2.0,15.0,4.0,7.0,1.0,3.0,0.30000000000000004,0.30000000000000004,50.0,15,125.0,0,2,0,0,2
133064,2.0,15.0,4.0,7.0,1.0,3.0,0.30000000000000004,0.30000000000000004,50.0,16,96.25,0,1,0,0,1