Exp Num,agent:svo_convergence_factor,agent:params:metabolism,agent:params:consumption_factor,agent:params:procreate_cost_factor,agent:params:procreate_req_factor,agent:params:start_energy_factor,agent:params:caught_chance,agent:params:caught_cooldown_factor,agent:params:maximum_age,Epoch,Resource,A,B,C,D,E
192444,3.0,15.0,3.0,3.0,1.0,1.0,0.30000000000000004,0.4,50.0,0,500.0,19,51,26,27,123
192444,3.0,15.0,3.0,3.0,1.0,1.0,0.30000000000000004,0.4,50.0,1,0,11,40,26,17,98
192444,3.0,15.0,3.0,3.0,1.0,1.0,0.30000000000000004,0.4,50.0,2,0,8,32,25,16,84
192444,3.0,15.0,3.0,3.0,1.0,1.0,0.30000000000000004,0.4,50.0,3,0,2,22,18,15,59
192444,3.0,15.0,3.0,3.0,1.0,1.0,0.30000000000000004,0.4,50.0,4,0,1,17,15,15,45
192444,3.0,15.0,3.0,3.0,1.0,1.0,0.30000000000000004,0.4,50.0,5,0,0,11,11,14,30
192444,3.0,15.0,3.0,3.0,1.0,1.0,0.30000000000000004,0.4,50.0,6,0,1,6,7,9,17
192444,3.0,15.0,3.0,3.0,1.0,1.0,0.30000000000000004,0.4,50.0,7,0,1,3,7,6,11
192444,3.0,15.0,3.0,3.0,1.0,1.0,0.30000000000000004,0.4,50.0,8,0,1,3,3,2,7
192444,3.0,15.0,3.0,3.0,1.0,1.0,0.30000000000000004,0.4,50.0,9,0,1,0,4,2,5
192444,3.0,15.0,3.0,3.0,1.0,1.0,0.30000000000000004,0.4,50.0,10,0,1,0,2,2,3
192444,3.0,15.0,3.0,3.0,1.0,1.0,0.30000000000000004,0.4,50.0,11,0,0,0,3,1,3
192444,3.0,15.0,3.0,3.0,1.0,1.0,0.30000000000000004,0.4,50.0,12,100,0,0,2,0,2
192444,3.0,15.0,3.0,3.0,1.0,1.0,0.30000000000000004,0.4,50.0,13,80.0,0,0,3,0,3
192444,3.0,15.0,3.0,3.0,1.0,1.0,0.30000000000000004,0.4,50.0,14,10.0,0,0,3,0,3
192444,3.0,15.0,3.0,3.0,1.0,1.0,0.30000000000000004,0.4,50.0,15,0,0,0,2,0,2
192444,3.0,15.0,3.0,3.0,1.0,1.0,0.30000000000000004,0.4,50.0,16,0,0,0,2,0,2
192444,3.0,15.0,3.0,3.0,1.0,1.0,0.30000000000000004,0.4,50.0,17,0,0,0,1,0,1