Exp Num,agent:svo_convergence_factor,agent:params:metabolism,agent:params:consumption_factor,agent:params:procreate_cost_factor,agent:params:procreate_req_factor,agent:params:start_energy_factor,agent:params:caught_chance,agent:params:caught_cooldown_factor,agent:params:maximum_age,Epoch,Resource,A,B,C,D,E
128580,2.0,15.0,3.0,9.0,1.0,3.0,0.4,0.2,10.0,0,3605.0,21,25,12,34,66
128580,2.0,15.0,3.0,9.0,1.0,3.0,0.4,0.2,10.0,1,3426.25,21,25,12,34,66
128580,2.0,15.0,3.0,9.0,1.0,3.0,0.4,0.2,10.0,2,2707.8125,19,16,11,26,54
128580,2.0,15.0,3.0,9.0,1.0,3.0,0.4,0.2,10.0,3,2169.765625,21,14,9,24,52
128580,2.0,15.0,3.0,9.0,1.0,3.0,0.4,0.2,10.0,4,1812.20703125,24,15,9,24,56
128580,2.0,15.0,3.0,9.0,1.0,3.0,0.4,0.2,10.0,5,915.2587890625,23,13,9,21,53
128580,2.0,15.0,3.0,9.0,1.0,3.0,0.4,0.2,10.0,6,0,21,15,9,19,53
128580,2.0,15.0,3.0,9.0,1.0,3.0,0.4,0.2,10.0,7,0,20,15,9,18,51
128580,2.0,15.0,3.0,9.0,1.0,3.0,0.4,0.2,10.0,8,0,16,13,4,14,36
128580,2.0,15.0,3.0,9.0,1.0,3.0,0.4,0.2,10.0,9,0,13,13,3,10,30
128580,2.0,15.0,3.0,9.0,1.0,3.0,0.4,0.2,10.0,10,0,12,11,3,6,27
128580,2.0,15.0,3.0,9.0,1.0,3.0,0.4,0.2,10.0,11,0,8,10,2,3,20
128580,2.0,15.0,3.0,9.0,1.0,3.0,0.4,0.2,10.0,12,0,8,9,2,1,19
128580,2.0,15.0,3.0,9.0,1.0,3.0,0.4,0.2,10.0,13,0,4,9,1,1,14
128580,2.0,15.0,3.0,9.0,1.0,3.0,0.4,0.2,10.0,14,0,2,9,0,1,11
128580,2.0,15.0,3.0,9.0,1.0,3.0,0.4,0.2,10.0,15,0,1,7,0,0,8
128580,2.0,15.0,3.0,9.0,1.0,3.0,0.4,0.2,10.0,16,0,0,5,0,0,5
128580,2.0,15.0,3.0,9.0,1.0,3.0,0.4,0.2,10.0,17,0,0,4,0,0,4
128580,2.0,15.0,3.0,9.0,1.0,3.0,0.4,0.2,10.0,18,0,0,3,0,0,3
128580,2.0,15.0,3.0,9.0,1.0,3.0,0.4,0.2,10.0,19,0,0,2,0,0,2
128580,2.0,15.0,3.0,9.0,1.0,3.0,0.4,0.2,10.0,20,0,0,2,0,0,2
128580,2.0,15.0,3.0,9.0,1.0,3.0,0.4,0.2,10.0,21,0,0,2,0,0,2
128580,2.0,15.0,3.0,9.0,1.0,3.0,0.4,0.2,10.0,22,0,0,1,0,0,1