Exp Num,agent:svo_convergence_factor,agent:params:metabolism,agent:params:consumption_factor,agent:params:procreate_cost_factor,agent:params:procreate_req_factor,agent:params:start_energy_factor,agent:params:caught_chance,agent:params:caught_cooldown_factor,agent:params:maximum_age,Epoch,Resource,A,B,C,D,E
130181,2.0,15.0,4.0,1.0,3.0,1.0,0.30000000000000004,0.2,20.0,0,0,11,41,18,43,89
130181,2.0,15.0,4.0,1.0,3.0,1.0,0.30000000000000004,0.2,20.0,1,0,11,37,18,40,84
130181,2.0,15.0,4.0,1.0,3.0,1.0,0.30000000000000004,0.2,20.0,2,0,9,29,11,29,64
130181,2.0,15.0,4.0,1.0,3.0,1.0,0.30000000000000004,0.2,20.0,3,0,5,17,6,19,38
130181,2.0,15.0,4.0,1.0,3.0,1.0,0.30000000000000004,0.2,20.0,4,0,3,10,1,12,18
130181,2.0,15.0,4.0,1.0,3.0,1.0,0.30000000000000004,0.2,20.0,5,0,3,5,1,6,11
130181,2.0,15.0,4.0,1.0,3.0,1.0,0.30000000000000004,0.2,20.0,6,0,2,4,0,2,6
130181,2.0,15.0,4.0,1.0,3.0,1.0,0.30000000000000004,0.2,20.0,7,0,2,2,0,0,4
130181,2.0,15.0,4.0,1.0,3.0,1.0,0.30000000000000004,0.2,20.0,8,0,1,1,0,0,2
130181,2.0,15.0,4.0,1.0,3.0,1.0,0.30000000000000004,0.2,20.0,9,0,0,1,0,0,1