Exp Num,agent:svo_convergence_factor,agent:params:metabolism,agent:params:consumption_factor,agent:params:procreate_cost_factor,agent:params:procreate_req_factor,agent:params:start_energy_factor,agent:params:caught_chance,agent:params:caught_cooldown_factor,agent:params:maximum_age,Epoch,Resource,A,B,C,D,E
178928,3.0,10.0,4.0,9.0,1.0,1.0,0.30000000000000004,0.1,40.0,0,1000.0,16,34,11,23,77
178928,3.0,10.0,4.0,9.0,1.0,1.0,0.30000000000000004,0.1,40.0,1,0,16,34,11,23,77
178928,3.0,10.0,4.0,9.0,1.0,1.0,0.30000000000000004,0.1,40.0,2,0,16,34,11,23,77
178928,3.0,10.0,4.0,9.0,1.0,1.0,0.30000000000000004,0.1,40.0,3,0,16,34,11,23,77
178928,3.0,10.0,4.0,9.0,1.0,1.0,0.30000000000000004,0.1,40.0,4,0,11,25,4,12,47
178928,3.0,10.0,4.0,9.0,1.0,1.0,0.30000000000000004,0.1,40.0,5,0,9,18,2,5,34
178928,3.0,10.0,4.0,9.0,1.0,1.0,0.30000000000000004,0.1,40.0,6,0,8,16,1,3,29
178928,3.0,10.0,4.0,9.0,1.0,1.0,0.30000000000000004,0.1,40.0,7,0,8,16,1,2,29
178928,3.0,10.0,4.0,9.0,1.0,1.0,0.30000000000000004,0.1,40.0,8,0,6,13,1,0,23
178928,3.0,10.0,4.0,9.0,1.0,1.0,0.30000000000000004,0.1,40.0,9,0,5,7,1,0,15
178928,3.0,10.0,4.0,9.0,1.0,1.0,0.30000000000000004,0.1,40.0,10,0,5,2,0,0,8
178928,3.0,10.0,4.0,9.0,1.0,1.0,0.30000000000000004,0.1,40.0,11,0,2,2,0,0,5
178928,3.0,10.0,4.0,9.0,1.0,1.0,0.30000000000000004,0.1,40.0,12,100,1,2,0,0,4
178928,3.0,10.0,4.0,9.0,1.0,1.0,0.30000000000000004,0.1,40.0,13,45.0,0,2,0,0,3
178928,3.0,10.0,4.0,9.0,1.0,1.0,0.30000000000000004,0.1,40.0,14,16.25,0,1,0,0,2
178928,3.0,10.0,4.0,9.0,1.0,1.0,0.30000000000000004,0.1,40.0,15,0,0,1,0,0,2
178928,3.0,10.0,4.0,9.0,1.0,1.0,0.30000000000000004,0.1,40.0,16,0,0,1,0,0,2
178928,3.0,10.0,4.0,9.0,1.0,1.0,0.30000000000000004,0.1,40.0,17,0,0,1,0,0,1