Exp Num,agent:svo_convergence_factor,agent:params:metabolism,agent:params:consumption_factor,agent:params:procreate_cost_factor,agent:params:procreate_req_factor,agent:params:start_energy_factor,agent:params:caught_chance,agent:params:caught_cooldown_factor,agent:params:maximum_age,Epoch,Resource,A,B,C,D,E
132068,2.0,15.0,4.0,5.0,2.0,1.0,0.30000000000000004,0.4,40.0,0,0,17,24,11,22,69
132068,2.0,15.0,4.0,5.0,2.0,1.0,0.30000000000000004,0.4,40.0,1,0,17,22,10,18,66
132068,2.0,15.0,4.0,5.0,2.0,1.0,0.30000000000000004,0.4,40.0,2,0,17,22,10,18,65
132068,2.0,15.0,4.0,5.0,2.0,1.0,0.30000000000000004,0.4,40.0,3,0,17,22,10,18,65
132068,2.0,15.0,4.0,5.0,2.0,1.0,0.30000000000000004,0.4,40.0,4,0,11,13,5,8,36
132068,2.0,15.0,4.0,5.0,2.0,1.0,0.30000000000000004,0.4,40.0,5,0,4,8,4,4,18
132068,2.0,15.0,4.0,5.0,2.0,1.0,0.30000000000000004,0.4,40.0,6,0,3,3,3,2,9
132068,2.0,15.0,4.0,5.0,2.0,1.0,0.30000000000000004,0.4,40.0,7,0,2,0,3,1,5
132068,2.0,15.0,4.0,5.0,2.0,1.0,0.30000000000000004,0.4,40.0,8,0,2,0,1,0,3
132068,2.0,15.0,4.0,5.0,2.0,1.0,0.30000000000000004,0.4,40.0,9,0,0,0,1,0,1