Exp Num,agent:svo_convergence_factor,agent:params:metabolism,agent:params:consumption_factor,agent:params:procreate_cost_factor,agent:params:procreate_req_factor,agent:params:start_energy_factor,agent:params:caught_chance,agent:params:caught_cooldown_factor,agent:params:maximum_age,Epoch,Resource,A,B,C,D,E
165274,3.0,10.0,2.0,3.0,3.0,3.0,0.1,0.5,50.0,0,3480.0,20,28,6,29,71
165274,3.0,10.0,2.0,3.0,3.0,3.0,0.1,0.5,50.0,1,3290.0,20,28,6,29,71
165274,3.0,10.0,2.0,3.0,3.0,3.0,0.1,0.5,50.0,2,2952.5,20,27,6,29,70
165274,3.0,10.0,2.0,3.0,3.0,3.0,0.1,0.5,50.0,3,2730.625,20,27,6,29,70
165274,3.0,10.0,2.0,3.0,3.0,3.0,0.1,0.5,50.0,4,2433.28125,20,24,6,27,66
165274,3.0,10.0,2.0,3.0,3.0,3.0,0.1,0.5,50.0,5,2321.6015625,24,27,6,27,73
165274,3.0,10.0,2.0,3.0,3.0,3.0,0.1,0.5,50.0,6,1862.001953125,22,25,5,27,66
165274,3.0,10.0,2.0,3.0,3.0,3.0,0.1,0.5,50.0,7,1507.50244140625,22,27,5,27,68
165274,3.0,10.0,2.0,3.0,3.0,3.0,0.1,0.5,50.0,8,684.3780517578125,24,27,4,27,69
165274,3.0,10.0,2.0,3.0,3.0,3.0,0.1,0.5,50.0,9,0,24,28,4,26,70
165274,3.0,10.0,2.0,3.0,3.0,3.0,0.1,0.5,50.0,10,0,23,27,3,13,62
165274,3.0,10.0,2.0,3.0,3.0,3.0,0.1,0.5,50.0,11,0,23,26,3,8,52
165274,3.0,10.0,2.0,3.0,3.0,3.0,0.1,0.5,50.0,12,0,22,24,2,4,48
165274,3.0,10.0,2.0,3.0,3.0,3.0,0.1,0.5,50.0,13,0,22,22,1,2,45
165274,3.0,10.0,2.0,3.0,3.0,3.0,0.1,0.5,50.0,14,0,21,18,1,1,40
165274,3.0,10.0,2.0,3.0,3.0,3.0,0.1,0.5,50.0,15,0,18,13,1,0,32
165274,3.0,10.0,2.0,3.0,3.0,3.0,0.1,0.5,50.0,16,0,13,11,1,0,25
165274,3.0,10.0,2.0,3.0,3.0,3.0,0.1,0.5,50.0,17,0,10,6,1,0,17
165274,3.0,10.0,2.0,3.0,3.0,3.0,0.1,0.5,50.0,18,0,4,5,0,0,9
165274,3.0,10.0,2.0,3.0,3.0,3.0,0.1,0.5,50.0,19,0,2,4,0,0,6
165274,3.0,10.0,2.0,3.0,3.0,3.0,0.1,0.5,50.0,20,60.0,1,3,0,0,4
165274,3.0,10.0,2.0,3.0,3.0,3.0,0.1,0.5,50.0,21,35.0,1,2,0,0,3
165274,3.0,10.0,2.0,3.0,3.0,3.0,0.1,0.5,50.0,22,0,1,2,0,0,3
165274,3.0,10.0,2.0,3.0,3.0,3.0,0.1,0.5,50.0,23,0,1,1,0,0,2
165274,3.0,10.0,2.0,3.0,3.0,3.0,0.1,0.5,50.0,24,0,1,1,0,0,2
165274,3.0,10.0,2.0,3.0,3.0,3.0,0.1,0.5,50.0,25,0,1,1,0,0,2
165274,3.0,10.0,2.0,3.0,3.0,3.0,0.1,0.5,50.0,26,0,1,0,0,0,1