Exp Num,agent:svo_convergence_factor,agent:params:metabolism,agent:params:consumption_factor,agent:params:procreate_cost_factor,agent:params:procreate_req_factor,agent:params:start_energy_factor,agent:params:caught_chance,agent:params:caught_cooldown_factor,agent:params:maximum_age,Epoch,Resource,A,B,C,D,E
152486,3.0,5.0,4.0,1.0,2.0,2.0,0.5,0.30000000000000004,20.0,0,3800.0,26,39,16,28,102
152486,3.0,5.0,4.0,1.0,2.0,2.0,0.5,0.30000000000000004,20.0,1,3970.0,24,43,21,33,118
152486,3.0,5.0,4.0,1.0,2.0,2.0,0.5,0.30000000000000004,20.0,2,4162.5,25,52,26,43,137
152486,3.0,5.0,4.0,1.0,2.0,2.0,0.5,0.30000000000000004,20.0,3,3823.125,21,58,34,49,155
152486,3.0,5.0,4.0,1.0,2.0,2.0,0.5,0.30000000000000004,20.0,4,3778.90625,25,58,44,58,182
152486,3.0,5.0,4.0,1.0,2.0,2.0,0.5,0.30000000000000004,20.0,5,2843.6328125,20,55,63,77,203
152486,3.0,5.0,4.0,1.0,2.0,2.0,0.5,0.30000000000000004,20.0,6,1994.541015625,21,62,85,95,251
152486,3.0,5.0,4.0,1.0,2.0,2.0,0.5,0.30000000000000004,20.0,7,73.17626953125,23,68,92,115,294
152486,3.0,5.0,4.0,1.0,2.0,2.0,0.5,0.30000000000000004,20.0,8,0,25,56,80,105,260
152486,3.0,5.0,4.0,1.0,2.0,2.0,0.5,0.30000000000000004,20.0,9,0,21,42,56,75,176
152486,3.0,5.0,4.0,1.0,2.0,2.0,0.5,0.30000000000000004,20.0,10,0,14,31,36,53,113
152486,3.0,5.0,4.0,1.0,2.0,2.0,0.5,0.30000000000000004,20.0,11,0,8,19,23,29,67
152486,3.0,5.0,4.0,1.0,2.0,2.0,0.5,0.30000000000000004,20.0,12,0,7,17,13,15,43
152486,3.0,5.0,4.0,1.0,2.0,2.0,0.5,0.30000000000000004,20.0,13,0,5,11,10,4,29
152486,3.0,5.0,4.0,1.0,2.0,2.0,0.5,0.30000000000000004,20.0,14,0,2,9,5,2,18
152486,3.0,5.0,4.0,1.0,2.0,2.0,0.5,0.30000000000000004,20.0,15,0,2,6,2,2,11
152486,3.0,5.0,4.0,1.0,2.0,2.0,0.5,0.30000000000000004,20.0,16,0,1,5,0,1,7
152486,3.0,5.0,4.0,1.0,2.0,2.0,0.5,0.30000000000000004,20.0,17,0,0,3,1,1,5
152486,3.0,5.0,4.0,1.0,2.0,2.0,0.5,0.30000000000000004,20.0,18,0,0,2,1,0,3
152486,3.0,5.0,4.0,1.0,2.0,2.0,0.5,0.30000000000000004,20.0,19,100,0,1,1,0,2
152486,3.0,5.0,4.0,1.0,2.0,2.0,0.5,0.30000000000000004,20.0,20,125.0,0,1,0,0,1