Exp Num,agent:svo_convergence_factor,agent:params:metabolism,agent:params:consumption_factor,agent:params:procreate_cost_factor,agent:params:procreate_req_factor,agent:params:start_energy_factor,agent:params:caught_chance,agent:params:caught_cooldown_factor,agent:params:maximum_age,Epoch,Resource,A,B,C,D,E
122803,2.0,15.0,2.0,9.0,1.0,2.0,0.30000000000000004,0.1,40.0,0,3980.0,21,29,13,19,81
122803,2.0,15.0,2.0,9.0,1.0,2.0,0.30000000000000004,0.1,40.0,1,2935.0,19,26,11,19,74
122803,2.0,15.0,2.0,9.0,1.0,2.0,0.30000000000000004,0.1,40.0,2,2498.75,18,26,11,19,73
122803,2.0,15.0,2.0,9.0,1.0,2.0,0.30000000000000004,0.1,40.0,3,1623.4375,13,24,10,18,64
122803,2.0,15.0,2.0,9.0,1.0,2.0,0.30000000000000004,0.1,40.0,4,1039.296875,13,21,10,18,61
122803,2.0,15.0,2.0,9.0,1.0,2.0,0.30000000000000004,0.1,40.0,5,309.12109375,13,19,9,16,57
122803,2.0,15.0,2.0,9.0,1.0,2.0,0.30000000000000004,0.1,40.0,6,0,13,18,8,14,52
122803,2.0,15.0,2.0,9.0,1.0,2.0,0.30000000000000004,0.1,40.0,7,0,12,14,4,8,37
122803,2.0,15.0,2.0,9.0,1.0,2.0,0.30000000000000004,0.1,40.0,8,0,10,12,3,5,28
122803,2.0,15.0,2.0,9.0,1.0,2.0,0.30000000000000004,0.1,40.0,9,0,9,9,1,2,21
122803,2.0,15.0,2.0,9.0,1.0,2.0,0.30000000000000004,0.1,40.0,10,0,7,7,0,2,15
122803,2.0,15.0,2.0,9.0,1.0,2.0,0.30000000000000004,0.1,40.0,11,0,4,4,0,2,9
122803,2.0,15.0,2.0,9.0,1.0,2.0,0.30000000000000004,0.1,40.0,12,0,3,4,0,1,7
122803,2.0,15.0,2.0,9.0,1.0,2.0,0.30000000000000004,0.1,40.0,13,0,2,2,0,1,4
122803,2.0,15.0,2.0,9.0,1.0,2.0,0.30000000000000004,0.1,40.0,14,0,2,1,0,0,3
122803,2.0,15.0,2.0,9.0,1.0,2.0,0.30000000000000004,0.1,40.0,15,0,1,1,0,0,2
122803,2.0,15.0,2.0,9.0,1.0,2.0,0.30000000000000004,0.1,40.0,16,0,1,0,0,0,1