Exp Num,agent:svo_convergence_factor,agent:params:metabolism,agent:params:consumption_factor,agent:params:procreate_cost_factor,agent:params:procreate_req_factor,agent:params:start_energy_factor,agent:params:caught_chance,agent:params:caught_cooldown_factor,agent:params:maximum_age,Epoch,Resource,A,B,C,D,E
195578,3.0,15.0,3.0,7.0,3.0,2.0,0.4,0.1,40.0,0,3560.0,25,22,12,23,77
195578,3.0,15.0,3.0,7.0,3.0,2.0,0.4,0.1,40.0,1,2110.0,18,14,10,21,60
195578,3.0,15.0,3.0,7.0,3.0,2.0,0.4,0.1,40.0,2,1467.5,16,13,9,20,56
195578,3.0,15.0,3.0,7.0,3.0,2.0,0.4,0.1,40.0,3,1159.375,16,13,9,20,56
195578,3.0,15.0,3.0,7.0,3.0,2.0,0.4,0.1,40.0,4,594.21875,12,12,7,18,47
195578,3.0,15.0,3.0,7.0,3.0,2.0,0.4,0.1,40.0,5,67.7734375,11,10,6,17,43
195578,3.0,15.0,3.0,7.0,3.0,2.0,0.4,0.1,40.0,6,0,11,9,5,16,41
195578,3.0,15.0,3.0,7.0,3.0,2.0,0.4,0.1,40.0,7,0,10,7,3,12,29
195578,3.0,15.0,3.0,7.0,3.0,2.0,0.4,0.1,40.0,8,0,9,6,2,9,20
195578,3.0,15.0,3.0,7.0,3.0,2.0,0.4,0.1,40.0,9,0,9,5,1,6,15
195578,3.0,15.0,3.0,7.0,3.0,2.0,0.4,0.1,40.0,10,0,8,4,1,4,13
195578,3.0,15.0,3.0,7.0,3.0,2.0,0.4,0.1,40.0,11,0,6,4,0,1,10
195578,3.0,15.0,3.0,7.0,3.0,2.0,0.4,0.1,40.0,12,0,4,3,0,0,7
195578,3.0,15.0,3.0,7.0,3.0,2.0,0.4,0.1,40.0,13,0,2,3,0,0,5
195578,3.0,15.0,3.0,7.0,3.0,2.0,0.4,0.1,40.0,14,0,2,3,0,0,5
195578,3.0,15.0,3.0,7.0,3.0,2.0,0.4,0.1,40.0,15,0,2,3,0,0,5
195578,3.0,15.0,3.0,7.0,3.0,2.0,0.4,0.1,40.0,16,0,2,2,0,0,4
195578,3.0,15.0,3.0,7.0,3.0,2.0,0.4,0.1,40.0,17,100,2,2,0,0,4
195578,3.0,15.0,3.0,7.0,3.0,2.0,0.4,0.1,40.0,18,125.0,2,2,0,0,4
195578,3.0,15.0,3.0,7.0,3.0,2.0,0.4,0.1,40.0,19,156.25,1,2,0,0,3
195578,3.0,15.0,3.0,7.0,3.0,2.0,0.4,0.1,40.0,20,150.3125,1,1,0,0,2
195578,3.0,15.0,3.0,7.0,3.0,2.0,0.4,0.1,40.0,21,187.890625,1,1,0,0,2
195578,3.0,15.0,3.0,7.0,3.0,2.0,0.4,0.1,40.0,22,234.86328125,0,1,0,0,1