Exp Num,agent:svo_convergence_factor,agent:params:metabolism,agent:params:consumption_factor,agent:params:procreate_cost_factor,agent:params:procreate_req_factor,agent:params:start_energy_factor,agent:params:caught_chance,agent:params:caught_cooldown_factor,agent:params:maximum_age,Epoch,Resource,A,B,C,D,E
174325,3.0,10.0,3.0,9.0,3.0,3.0,0.4,0.1,10.0,0,4130.0,13,27,14,27,73
174325,3.0,10.0,3.0,9.0,3.0,3.0,0.4,0.1,10.0,1,4472.5,13,27,14,27,73
174325,3.0,10.0,3.0,9.0,3.0,3.0,0.4,0.1,10.0,2,3790.625,13,25,13,24,69
174325,3.0,10.0,3.0,9.0,3.0,3.0,0.4,0.1,10.0,3,3988.28125,13,25,13,24,69
174325,3.0,10.0,3.0,9.0,3.0,3.0,0.4,0.1,10.0,4,4415.3515625,13,25,13,24,69
174325,3.0,10.0,3.0,9.0,3.0,3.0,0.4,0.1,10.0,5,3719.189453125,13,24,13,22,67
174325,3.0,10.0,3.0,9.0,3.0,3.0,0.4,0.1,10.0,6,3808.98681640625,13,24,13,22,66
174325,3.0,10.0,3.0,9.0,3.0,3.0,0.4,0.1,10.0,7,4071.2335205078125,13,24,13,22,66
174325,3.0,10.0,3.0,9.0,3.0,3.0,0.4,0.1,10.0,8,3919.0419006347656,13,23,11,21,63
174325,3.0,10.0,3.0,9.0,3.0,3.0,0.4,0.1,10.0,9,4058.802375793457,13,23,11,21,63
174325,3.0,10.0,3.0,9.0,3.0,3.0,0.4,0.1,10.0,10,4623.502969741821,9,12,7,11,34
174325,3.0,10.0,3.0,9.0,3.0,3.0,0.4,0.1,10.0,11,5179.378712177277,6,5,5,6,19
174325,3.0,10.0,3.0,9.0,3.0,3.0,0.4,0.1,10.0,12,6114.223390221596,3,3,3,3,10
174325,3.0,10.0,3.0,9.0,3.0,3.0,0.4,0.1,10.0,13,7432.779237776995,3,1,1,2,5
174325,3.0,10.0,3.0,9.0,3.0,3.0,0.4,0.1,10.0,14,9200.974047221243,2,0,0,1,2
174325,3.0,10.0,3.0,9.0,3.0,3.0,0.4,0.1,10.0,15,9940.0,1,0,0,0,1