Exp Num,agent:svo_convergence_factor,agent:params:metabolism,agent:params:consumption_factor,agent:params:procreate_cost_factor,agent:params:procreate_req_factor,agent:params:start_energy_factor,agent:params:caught_chance,agent:params:caught_cooldown_factor,agent:params:maximum_age,Epoch,Resource,A,B,C,D,E
18794,1.0,5.0,4.0,3.0,3.0,1.0,0.2,0.4,50.0,0,3000.0,22,25,8,24,76
18794,1.0,5.0,4.0,3.0,3.0,1.0,0.2,0.4,50.0,1,2970.0,22,25,8,24,76
18794,1.0,5.0,4.0,3.0,3.0,1.0,0.2,0.4,50.0,2,2952.5,26,31,8,24,86
18794,1.0,5.0,4.0,3.0,3.0,1.0,0.2,0.4,50.0,3,2950.625,29,40,10,24,100
18794,1.0,5.0,4.0,3.0,3.0,1.0,0.2,0.4,50.0,4,2708.28125,30,41,9,22,101
18794,1.0,5.0,4.0,3.0,3.0,1.0,0.2,0.4,50.0,5,2405.3515625,37,47,12,22,117
18794,1.0,5.0,4.0,3.0,3.0,1.0,0.2,0.4,50.0,6,1986.689453125,48,54,12,23,135
18794,1.0,5.0,4.0,3.0,3.0,1.0,0.2,0.4,50.0,7,1443.36181640625,58,62,14,24,155
18794,1.0,5.0,4.0,3.0,3.0,1.0,0.2,0.4,50.0,8,564.2022705078125,64,65,15,22,165
18794,1.0,5.0,4.0,3.0,3.0,1.0,0.2,0.4,50.0,9,0,62,66,15,20,162
18794,1.0,5.0,4.0,3.0,3.0,1.0,0.2,0.4,50.0,10,0,60,62,15,19,156
18794,1.0,5.0,4.0,3.0,3.0,1.0,0.2,0.4,50.0,11,0,56,59,14,19,148
18794,1.0,5.0,4.0,3.0,3.0,1.0,0.2,0.4,50.0,12,0,52,53,14,15,128
18794,1.0,5.0,4.0,3.0,3.0,1.0,0.2,0.4,50.0,13,0,45,47,13,10,112
18794,1.0,5.0,4.0,3.0,3.0,1.0,0.2,0.4,50.0,14,0,31,35,10,7,82
18794,1.0,5.0,4.0,3.0,3.0,1.0,0.2,0.4,50.0,15,0,22,20,10,5,57
18794,1.0,5.0,4.0,3.0,3.0,1.0,0.2,0.4,50.0,16,0,10,13,6,4,33
18794,1.0,5.0,4.0,3.0,3.0,1.0,0.2,0.4,50.0,17,0,10,7,4,1,23
18794,1.0,5.0,4.0,3.0,3.0,1.0,0.2,0.4,50.0,18,0,8,6,3,1,17
18794,1.0,5.0,4.0,3.0,3.0,1.0,0.2,0.4,50.0,19,0,6,3,2,1,11
18794,1.0,5.0,4.0,3.0,3.0,1.0,0.2,0.4,50.0,20,0.0,4,3,1,1,8
18794,1.0,5.0,4.0,3.0,3.0,1.0,0.2,0.4,50.0,21,0,3,2,1,1,6
18794,1.0,5.0,4.0,3.0,3.0,1.0,0.2,0.4,50.0,22,0,2,1,1,1,4
18794,1.0,5.0,4.0,3.0,3.0,1.0,0.2,0.4,50.0,23,0,2,1,1,1,4
18794,1.0,5.0,4.0,3.0,3.0,1.0,0.2,0.4,50.0,24,0,1,1,1,0,3
18794,1.0,5.0,4.0,3.0,3.0,1.0,0.2,0.4,50.0,25,0,1,0,1,0,2
18794,1.0,5.0,4.0,3.0,3.0,1.0,0.2,0.4,50.0,26,0,0,0,1,0,1