Exp Num,agent:svo_convergence_factor,agent:params:metabolism,agent:params:consumption_factor,agent:params:procreate_cost_factor,agent:params:procreate_req_factor,agent:params:start_energy_factor,agent:params:caught_chance,agent:params:caught_cooldown_factor,agent:params:maximum_age,Epoch,Resource,A,B,C,D,E
149152,3.0,5.0,3.0,5.0,2.0,3.0,0.2,0.1,30.0,0,3500.0,20,28,8,26,74
149152,3.0,5.0,3.0,5.0,2.0,3.0,0.2,0.1,30.0,1,2935.0,20,28,8,26,74
149152,3.0,5.0,3.0,5.0,2.0,3.0,0.2,0.1,30.0,2,2738.75,20,28,8,26,74
149152,3.0,5.0,3.0,5.0,2.0,3.0,0.2,0.1,30.0,3,2613.4375,27,34,11,29,93
149152,3.0,5.0,3.0,5.0,2.0,3.0,0.2,0.1,30.0,4,2681.796875,29,38,13,29,101
149152,3.0,5.0,3.0,5.0,2.0,3.0,0.2,0.1,30.0,5,2617.24609375,35,39,16,29,111
149152,3.0,5.0,3.0,5.0,2.0,3.0,0.2,0.1,30.0,6,2641.5576171875,38,41,16,29,116
149152,3.0,5.0,3.0,5.0,2.0,3.0,0.2,0.1,30.0,7,2716.947021484375,41,45,17,29,124
149152,3.0,5.0,3.0,5.0,2.0,3.0,0.2,0.1,30.0,8,2571.1837768554688,44,49,16,29,130
149152,3.0,5.0,3.0,5.0,2.0,3.0,0.2,0.1,30.0,9,2253.979721069336,48,51,17,29,137
149152,3.0,5.0,3.0,5.0,2.0,3.0,0.2,0.1,30.0,10,1917.47465133667,53,54,17,29,145
149152,3.0,5.0,3.0,5.0,2.0,3.0,0.2,0.1,30.0,11,1331.8433141708374,57,57,17,28,151
149152,3.0,5.0,3.0,5.0,2.0,3.0,0.2,0.1,30.0,12,749.8041427135468,61,58,17,26,156
149152,3.0,5.0,3.0,5.0,2.0,3.0,0.2,0.1,30.0,13,0,62,62,16,26,160
149152,3.0,5.0,3.0,5.0,2.0,3.0,0.2,0.1,30.0,14,0,60,61,14,20,147
149152,3.0,5.0,3.0,5.0,2.0,3.0,0.2,0.1,30.0,15,0,57,54,13,15,131
149152,3.0,5.0,3.0,5.0,2.0,3.0,0.2,0.1,30.0,16,0,54,50,11,13,121
149152,3.0,5.0,3.0,5.0,2.0,3.0,0.2,0.1,30.0,17,0,46,46,10,11,106
149152,3.0,5.0,3.0,5.0,2.0,3.0,0.2,0.1,30.0,18,0,42,40,9,6,91
149152,3.0,5.0,3.0,5.0,2.0,3.0,0.2,0.1,30.0,19,0,35,35,3,5,73
149152,3.0,5.0,3.0,5.0,2.0,3.0,0.2,0.1,30.0,20,0,29,28,2,2,59
149152,3.0,5.0,3.0,5.0,2.0,3.0,0.2,0.1,30.0,21,0,17,19,2,1,38
149152,3.0,5.0,3.0,5.0,2.0,3.0,0.2,0.1,30.0,22,0,13,13,0,1,26
149152,3.0,5.0,3.0,5.0,2.0,3.0,0.2,0.1,30.0,23,0,10,9,0,1,19
149152,3.0,5.0,3.0,5.0,2.0,3.0,0.2,0.1,30.0,24,0,10,6,0,1,16
149152,3.0,5.0,3.0,5.0,2.0,3.0,0.2,0.1,30.0,25,0,9,4,0,1,13
149152,3.0,5.0,3.0,5.0,2.0,3.0,0.2,0.1,30.0,26,0,6,2,0,0,8
149152,3.0,5.0,3.0,5.0,2.0,3.0,0.2,0.1,30.0,27,0,5,1,0,0,6
149152,3.0,5.0,3.0,5.0,2.0,3.0,0.2,0.1,30.0,28,0,3,1,0,0,4
149152,3.0,5.0,3.0,5.0,2.0,3.0,0.2,0.1,30.0,29,0,2,1,0,0,3
149152,3.0,5.0,3.0,5.0,2.0,3.0,0.2,0.1,30.0,30,0,1,0,0,0,1