Exp Num,agent:svo_convergence_factor,agent:params:metabolism,agent:params:consumption_factor,agent:params:procreate_cost_factor,agent:params:procreate_req_factor,agent:params:start_energy_factor,agent:params:caught_chance,agent:params:caught_cooldown_factor,agent:params:maximum_age,Epoch,Resource,A,B,C,D,E
186818,3.0,15.0,2.0,3.0,1.0,1.0,0.30000000000000004,0.4,40.0,0,2000.0,19,17,15,33,67
186818,3.0,15.0,2.0,3.0,1.0,1.0,0.30000000000000004,0.4,40.0,1,1450.0,24,21,18,38,79
186818,3.0,15.0,2.0,3.0,1.0,1.0,0.30000000000000004,0.4,40.0,2,0,22,17,15,32,67
186818,3.0,15.0,2.0,3.0,1.0,1.0,0.30000000000000004,0.4,40.0,3,0,15,16,10,26,50
186818,3.0,15.0,2.0,3.0,1.0,1.0,0.30000000000000004,0.4,40.0,4,0,11,10,4,20,27
186818,3.0,15.0,2.0,3.0,1.0,1.0,0.30000000000000004,0.4,40.0,5,0,5,9,5,11,21
186818,3.0,15.0,2.0,3.0,1.0,1.0,0.30000000000000004,0.4,40.0,6,0,2,6,5,7,15
186818,3.0,15.0,2.0,3.0,1.0,1.0,0.30000000000000004,0.4,40.0,7,0,1,6,3,3,11
186818,3.0,15.0,2.0,3.0,1.0,1.0,0.30000000000000004,0.4,40.0,8,0,1,6,3,1,10
186818,3.0,15.0,2.0,3.0,1.0,1.0,0.30000000000000004,0.4,40.0,9,0,0,5,1,0,6
186818,3.0,15.0,2.0,3.0,1.0,1.0,0.30000000000000004,0.4,40.0,10,0,0,2,1,0,3
186818,3.0,15.0,2.0,3.0,1.0,1.0,0.30000000000000004,0.4,40.0,11,0,0,2,0,0,2
186818,3.0,15.0,2.0,3.0,1.0,1.0,0.30000000000000004,0.4,40.0,12,0,0,3,0,0,3
186818,3.0,15.0,2.0,3.0,1.0,1.0,0.30000000000000004,0.4,40.0,13,40.0,0,3,0,0,3
186818,3.0,15.0,2.0,3.0,1.0,1.0,0.30000000000000004,0.4,40.0,14,0,0,3,0,0,3
186818,3.0,15.0,2.0,3.0,1.0,1.0,0.30000000000000004,0.4,40.0,15,0,0,2,0,0,2
186818,3.0,15.0,2.0,3.0,1.0,1.0,0.30000000000000004,0.4,40.0,16,0,0,1,0,0,1