Exp Num,agent:svo_convergence_factor,agent:params:metabolism,agent:params:consumption_factor,agent:params:procreate_cost_factor,agent:params:procreate_req_factor,agent:params:start_energy_factor,agent:params:caught_chance,agent:params:caught_cooldown_factor,agent:params:maximum_age,Epoch,Resource,A,B,C,D,E
120837,2.0,15.0,2.0,5.0,2.0,1.0,0.4,0.30000000000000004,30.0,0,2000.0,13,35,10,29,71
120837,2.0,15.0,2.0,5.0,2.0,1.0,0.4,0.30000000000000004,30.0,1,1570.0,13,35,10,29,71
120837,2.0,15.0,2.0,5.0,2.0,1.0,0.4,0.30000000000000004,30.0,2,882.5,7,25,10,26,52
120837,2.0,15.0,2.0,5.0,2.0,1.0,0.4,0.30000000000000004,30.0,3,113.125,7,23,10,25,50
120837,2.0,15.0,2.0,5.0,2.0,1.0,0.4,0.30000000000000004,30.0,4,0,5,19,9,13,39
120837,2.0,15.0,2.0,5.0,2.0,1.0,0.4,0.30000000000000004,30.0,5,0,5,13,7,10,27
120837,2.0,15.0,2.0,5.0,2.0,1.0,0.4,0.30000000000000004,30.0,6,0,3,11,4,6,18
120837,2.0,15.0,2.0,5.0,2.0,1.0,0.4,0.30000000000000004,30.0,7,0,3,8,3,1,14
120837,2.0,15.0,2.0,5.0,2.0,1.0,0.4,0.30000000000000004,30.0,8,0,2,5,2,0,9
120837,2.0,15.0,2.0,5.0,2.0,1.0,0.4,0.30000000000000004,30.0,9,0,1,3,2,0,6
120837,2.0,15.0,2.0,5.0,2.0,1.0,0.4,0.30000000000000004,30.0,10,0,1,2,0,0,3
120837,2.0,15.0,2.0,5.0,2.0,1.0,0.4,0.30000000000000004,30.0,11,0,0,2,0,0,2
120837,2.0,15.0,2.0,5.0,2.0,1.0,0.4,0.30000000000000004,30.0,12,0,0,2,0,0,2
120837,2.0,15.0,2.0,5.0,2.0,1.0,0.4,0.30000000000000004,30.0,13,0,0,1,0,0,1