Exp Num,agent:svo_convergence_factor,agent:params:metabolism,agent:params:consumption_factor,agent:params:procreate_cost_factor,agent:params:procreate_req_factor,agent:params:start_energy_factor,agent:params:caught_chance,agent:params:caught_cooldown_factor,agent:params:maximum_age,Epoch,Resource,A,B,C,D,E
133309,2.0,15.0,4.0,7.0,2.0,2.0,0.30000000000000004,0.2,50.0,0,2600.0,21,20,13,23,77
133309,2.0,15.0,4.0,7.0,2.0,2.0,0.30000000000000004,0.2,50.0,1,0,19,14,13,20,68
133309,2.0,15.0,4.0,7.0,2.0,2.0,0.30000000000000004,0.2,50.0,2,0,18,13,12,18,63
133309,2.0,15.0,4.0,7.0,2.0,2.0,0.30000000000000004,0.2,50.0,3,0,18,13,12,17,63
133309,2.0,15.0,4.0,7.0,2.0,2.0,0.30000000000000004,0.2,50.0,4,0,18,13,12,17,63
133309,2.0,15.0,4.0,7.0,2.0,2.0,0.30000000000000004,0.2,50.0,5,0,15,6,7,10,38
133309,2.0,15.0,4.0,7.0,2.0,2.0,0.30000000000000004,0.2,50.0,6,0,13,3,3,6,23
133309,2.0,15.0,4.0,7.0,2.0,2.0,0.30000000000000004,0.2,50.0,7,0,11,3,2,2,17
133309,2.0,15.0,4.0,7.0,2.0,2.0,0.30000000000000004,0.2,50.0,8,0,11,1,1,1,13
133309,2.0,15.0,4.0,7.0,2.0,2.0,0.30000000000000004,0.2,50.0,9,0,8,1,1,1,10
133309,2.0,15.0,4.0,7.0,2.0,2.0,0.30000000000000004,0.2,50.0,10,0,6,1,1,0,8
133309,2.0,15.0,4.0,7.0,2.0,2.0,0.30000000000000004,0.2,50.0,11,0,5,1,0,0,6
133309,2.0,15.0,4.0,7.0,2.0,2.0,0.30000000000000004,0.2,50.0,12,100,2,1,0,0,3
133309,2.0,15.0,4.0,7.0,2.0,2.0,0.30000000000000004,0.2,50.0,13,65.0,1,1,0,0,2
133309,2.0,15.0,4.0,7.0,2.0,2.0,0.30000000000000004,0.2,50.0,14,81.25,0,1,0,0,1