Exp Num,agent:svo_convergence_factor,agent:params:metabolism,agent:params:consumption_factor,agent:params:procreate_cost_factor,agent:params:procreate_req_factor,agent:params:start_energy_factor,agent:params:caught_chance,agent:params:caught_cooldown_factor,agent:params:maximum_age,Epoch,Resource,A,B,C,D,E
181929,3.0,15.0,1.0,3.0,3.0,1.0,0.30000000000000004,0.1,50.0,0,3500.0,13,35,12,19,81
181929,3.0,15.0,1.0,3.0,3.0,1.0,0.30000000000000004,0.1,50.0,1,2875.0,13,35,12,19,81
181929,3.0,15.0,1.0,3.0,3.0,1.0,0.30000000000000004,0.1,50.0,2,2093.75,13,35,12,19,81
181929,3.0,15.0,1.0,3.0,3.0,1.0,0.30000000000000004,0.1,50.0,3,1117.1875,13,35,12,19,81
181929,3.0,15.0,1.0,3.0,3.0,1.0,0.30000000000000004,0.1,50.0,4,0,13,34,12,18,78
181929,3.0,15.0,1.0,3.0,3.0,1.0,0.30000000000000004,0.1,50.0,5,0,6,19,5,8,40
181929,3.0,15.0,1.0,3.0,3.0,1.0,0.30000000000000004,0.1,50.0,6,0,5,6,2,6,18
181929,3.0,15.0,1.0,3.0,3.0,1.0,0.30000000000000004,0.1,50.0,7,0,3,2,2,1,11
181929,3.0,15.0,1.0,3.0,3.0,1.0,0.30000000000000004,0.1,50.0,8,0,2,1,1,1,5
181929,3.0,15.0,1.0,3.0,3.0,1.0,0.30000000000000004,0.1,50.0,9,0,1,0,1,0,3
181929,3.0,15.0,1.0,3.0,3.0,1.0,0.30000000000000004,0.1,50.0,10,0,0,0,0,0,1