Exp Num,agent:svo_convergence_factor,agent:params:metabolism,agent:params:consumption_factor,agent:params:procreate_cost_factor,agent:params:procreate_req_factor,agent:params:start_energy_factor,agent:params:caught_chance,agent:params:caught_cooldown_factor,agent:params:maximum_age,Epoch,Resource,A,B,C,D,E
100031,2.0,10.0,2.0,7.0,3.0,3.0,0.2,0.2,20.0,0,3640.0,19,23,8,30,70
100031,2.0,10.0,2.0,7.0,3.0,3.0,0.2,0.2,20.0,1,3470.0,19,23,8,30,70
100031,2.0,10.0,2.0,7.0,3.0,3.0,0.2,0.2,20.0,2,3457.5,18,23,7,28,66
100031,2.0,10.0,2.0,7.0,3.0,3.0,0.2,0.2,20.0,3,3601.875,18,23,7,28,66
100031,2.0,10.0,2.0,7.0,3.0,3.0,0.2,0.2,20.0,4,3662.34375,17,21,6,26,62
100031,2.0,10.0,2.0,7.0,3.0,3.0,0.2,0.2,20.0,5,4017.9296875,16,21,6,26,61
100031,2.0,10.0,2.0,7.0,3.0,3.0,0.2,0.2,20.0,6,4262.412109375,13,18,6,24,53
100031,2.0,10.0,2.0,7.0,3.0,3.0,0.2,0.2,20.0,7,4328.01513671875,13,17,6,22,51
100031,2.0,10.0,2.0,7.0,3.0,3.0,0.2,0.2,20.0,8,4370.0189208984375,11,15,6,20,47
100031,2.0,10.0,2.0,7.0,3.0,3.0,0.2,0.2,20.0,9,4222.523651123047,11,15,6,20,47
100031,2.0,10.0,2.0,7.0,3.0,3.0,0.2,0.2,20.0,10,4018.1545639038086,11,15,5,20,46
100031,2.0,10.0,2.0,7.0,3.0,3.0,0.2,0.2,20.0,11,3702.6932048797607,11,15,5,20,46
100031,2.0,10.0,2.0,7.0,3.0,3.0,0.2,0.2,20.0,12,3308.366506099701,11,15,5,20,46
100031,2.0,10.0,2.0,7.0,3.0,3.0,0.2,0.2,20.0,13,2815.458132624626,11,15,5,20,46
100031,2.0,10.0,2.0,7.0,3.0,3.0,0.2,0.2,20.0,14,2519.3226657807827,11,15,5,20,46
100031,2.0,10.0,2.0,7.0,3.0,3.0,0.2,0.2,20.0,15,2409.1533322259784,11,15,5,20,46
100031,2.0,10.0,2.0,7.0,3.0,3.0,0.2,0.2,20.0,16,2371.441665282473,11,15,5,20,46
100031,2.0,10.0,2.0,7.0,3.0,3.0,0.2,0.2,20.0,17,2384.302081603091,11,15,5,20,46
100031,2.0,10.0,2.0,7.0,3.0,3.0,0.2,0.2,20.0,18,2520.377602003864,11,15,5,20,46
100031,2.0,10.0,2.0,7.0,3.0,3.0,0.2,0.2,20.0,19,2750.47200250483,11,15,5,20,46
100031,2.0,10.0,2.0,7.0,3.0,3.0,0.2,0.2,20.0,20,2878.0900031310375,4,10,4,12,29
100031,2.0,10.0,2.0,7.0,3.0,3.0,0.2,0.2,20.0,21,3237.612503913797,2,8,1,3,19
100031,2.0,10.0,2.0,7.0,3.0,3.0,0.2,0.2,20.0,22,3887.015629892246,0,6,1,0,13
100031,2.0,10.0,2.0,7.0,3.0,3.0,0.2,0.2,20.0,23,4738.769537365308,0,4,1,0,7
100031,2.0,10.0,2.0,7.0,3.0,3.0,0.2,0.2,20.0,24,5843.461921706635,0,1,0,0,3
100031,2.0,10.0,2.0,7.0,3.0,3.0,0.2,0.2,20.0,25,7264.327402133294,0,1,0,0,1