Exp Num,agent:svo_convergence_factor,agent:params:metabolism,agent:params:consumption_factor,agent:params:procreate_cost_factor,agent:params:procreate_req_factor,agent:params:start_energy_factor,agent:params:caught_chance,agent:params:caught_cooldown_factor,agent:params:maximum_age,Epoch,Resource,A,B,C,D,E
195686,3.0,15.0,3.0,7.0,3.0,3.0,0.30000000000000004,0.30000000000000004,20.0,0,3155.0,20,32,10,23,77
195686,3.0,15.0,3.0,7.0,3.0,3.0,0.30000000000000004,0.30000000000000004,20.0,1,2098.75,20,32,10,23,77
195686,3.0,15.0,3.0,7.0,3.0,3.0,0.30000000000000004,0.30000000000000004,20.0,2,688.4375,18,26,9,22,68
195686,3.0,15.0,3.0,7.0,3.0,3.0,0.30000000000000004,0.30000000000000004,20.0,3,0,18,25,9,22,67
195686,3.0,15.0,3.0,7.0,3.0,3.0,0.30000000000000004,0.30000000000000004,20.0,4,0,18,25,9,22,67
195686,3.0,15.0,3.0,7.0,3.0,3.0,0.30000000000000004,0.30000000000000004,20.0,5,0,14,17,9,13,45
195686,3.0,15.0,3.0,7.0,3.0,3.0,0.30000000000000004,0.30000000000000004,20.0,6,0,13,15,9,7,39
195686,3.0,15.0,3.0,7.0,3.0,3.0,0.30000000000000004,0.30000000000000004,20.0,7,0,12,15,6,5,34
195686,3.0,15.0,3.0,7.0,3.0,3.0,0.30000000000000004,0.30000000000000004,20.0,8,0,7,11,6,5,25
195686,3.0,15.0,3.0,7.0,3.0,3.0,0.30000000000000004,0.30000000000000004,20.0,9,0,6,7,5,3,19
195686,3.0,15.0,3.0,7.0,3.0,3.0,0.30000000000000004,0.30000000000000004,20.0,10,0,5,6,3,2,15
195686,3.0,15.0,3.0,7.0,3.0,3.0,0.30000000000000004,0.30000000000000004,20.0,11,0,5,5,2,0,12
195686,3.0,15.0,3.0,7.0,3.0,3.0,0.30000000000000004,0.30000000000000004,20.0,12,0,5,5,1,0,11
195686,3.0,15.0,3.0,7.0,3.0,3.0,0.30000000000000004,0.30000000000000004,20.0,13,0,4,2,1,0,7
195686,3.0,15.0,3.0,7.0,3.0,3.0,0.30000000000000004,0.30000000000000004,20.0,14,55.0,4,2,1,0,7
195686,3.0,15.0,3.0,7.0,3.0,3.0,0.30000000000000004,0.30000000000000004,20.0,15,0,3,1,1,0,5
195686,3.0,15.0,3.0,7.0,3.0,3.0,0.30000000000000004,0.30000000000000004,20.0,16,0,3,1,0,0,4
195686,3.0,15.0,3.0,7.0,3.0,3.0,0.30000000000000004,0.30000000000000004,20.0,17,0,2,1,0,0,3
195686,3.0,15.0,3.0,7.0,3.0,3.0,0.30000000000000004,0.30000000000000004,20.0,18,0,1,0,0,0,1