Exp Num,agent:svo_convergence_factor,agent:params:metabolism,agent:params:consumption_factor,agent:params:procreate_cost_factor,agent:params:procreate_req_factor,agent:params:start_energy_factor,agent:params:caught_chance,agent:params:caught_cooldown_factor,agent:params:maximum_age,Epoch,Resource,A,B,C,D,E
182393,3.0,15.0,1.0,5.0,1.0,2.0,0.1,0.4,40.0,0,3500.0,13,35,10,30,70
182393,3.0,15.0,1.0,5.0,1.0,2.0,0.1,0.4,40.0,1,2935.0,13,35,10,30,70
182393,3.0,15.0,1.0,5.0,1.0,2.0,0.1,0.4,40.0,2,2633.75,13,35,10,30,70
182393,3.0,15.0,1.0,5.0,1.0,2.0,0.1,0.4,40.0,3,2212.1875,12,33,10,29,67
182393,3.0,15.0,1.0,5.0,1.0,2.0,0.1,0.4,40.0,4,1805.234375,10,30,10,28,62
182393,3.0,15.0,1.0,5.0,1.0,2.0,0.1,0.4,40.0,5,1101.54296875,9,29,10,28,60
182393,3.0,15.0,1.0,5.0,1.0,2.0,0.1,0.4,40.0,6,161.9287109375,9,27,10,28,58
182393,3.0,15.0,1.0,5.0,1.0,2.0,0.1,0.4,40.0,7,0,6,17,4,18,34
182393,3.0,15.0,1.0,5.0,1.0,2.0,0.1,0.4,40.0,8,0,4,9,1,10,18
182393,3.0,15.0,1.0,5.0,1.0,2.0,0.1,0.4,40.0,9,0,4,3,0,5,10
182393,3.0,15.0,1.0,5.0,1.0,2.0,0.1,0.4,40.0,10,0,1,2,0,2,5
182393,3.0,15.0,1.0,5.0,1.0,2.0,0.1,0.4,40.0,11,0,1,1,0,1,2
182393,3.0,15.0,1.0,5.0,1.0,2.0,0.1,0.4,40.0,12,0,0,0,0,1,0