Exp Num,agent:svo_convergence_factor,agent:params:metabolism,agent:params:consumption_factor,agent:params:procreate_cost_factor,agent:params:procreate_req_factor,agent:params:start_energy_factor,agent:params:caught_chance,agent:params:caught_cooldown_factor,agent:params:maximum_age,Epoch,Resource,A,B,C,D,E
183711,3.0,15.0,1.0,7.0,1.0,3.0,0.4,0.30000000000000004,20.0,0,3500.0,24,26,10,27,73
183711,3.0,15.0,1.0,7.0,1.0,3.0,0.4,0.30000000000000004,20.0,1,2980.0,24,26,10,27,73
183711,3.0,15.0,1.0,7.0,1.0,3.0,0.4,0.30000000000000004,20.0,2,2705.0,24,26,10,27,73
183711,3.0,15.0,1.0,7.0,1.0,3.0,0.4,0.30000000000000004,20.0,3,2721.25,22,26,10,27,71
183711,3.0,15.0,1.0,7.0,1.0,3.0,0.4,0.30000000000000004,20.0,4,2606.5625,20,22,10,25,65
183711,3.0,15.0,1.0,7.0,1.0,3.0,0.4,0.30000000000000004,20.0,5,2418.203125,17,18,10,24,58
183711,3.0,15.0,1.0,7.0,1.0,3.0,0.4,0.30000000000000004,20.0,6,2167.75390625,14,17,9,24,53
183711,3.0,15.0,1.0,7.0,1.0,3.0,0.4,0.30000000000000004,20.0,7,1914.6923828125,12,15,7,23,47
183711,3.0,15.0,1.0,7.0,1.0,3.0,0.4,0.30000000000000004,20.0,8,1673.365478515625,11,11,6,23,41
183711,3.0,15.0,1.0,7.0,1.0,3.0,0.4,0.30000000000000004,20.0,9,1431.7068481445312,11,10,6,22,40
183711,3.0,15.0,1.0,7.0,1.0,3.0,0.4,0.30000000000000004,20.0,10,1174.633560180664,7,8,5,22,33
183711,3.0,15.0,1.0,7.0,1.0,3.0,0.4,0.30000000000000004,20.0,11,763.2919502258301,5,7,5,22,30
183711,3.0,15.0,1.0,7.0,1.0,3.0,0.4,0.30000000000000004,20.0,12,249.1149377822876,5,6,5,21,29
183711,3.0,15.0,1.0,7.0,1.0,3.0,0.4,0.30000000000000004,20.0,13,0,5,4,3,14,21
183711,3.0,15.0,1.0,7.0,1.0,3.0,0.4,0.30000000000000004,20.0,14,0,3,3,1,6,11
183711,3.0,15.0,1.0,7.0,1.0,3.0,0.4,0.30000000000000004,20.0,15,0,2,1,0,3,5
183711,3.0,15.0,1.0,7.0,1.0,3.0,0.4,0.30000000000000004,20.0,16,0,2,1,0,0,4
183711,3.0,15.0,1.0,7.0,1.0,3.0,0.4,0.30000000000000004,20.0,17,0,1,1,0,0,2
183711,3.0,15.0,1.0,7.0,1.0,3.0,0.4,0.30000000000000004,20.0,18,0,0,1,0,0,1