Exp Num,agent:svo_convergence_factor,agent:params:metabolism,agent:params:consumption_factor,agent:params:procreate_cost_factor,agent:params:procreate_req_factor,agent:params:start_energy_factor,agent:params:caught_chance,agent:params:caught_cooldown_factor,agent:params:maximum_age,Epoch,Resource,A,B,C,D,E
100016,2.0,10.0,2.0,7.0,3.0,3.0,0.1,0.4,20.0,0,3500.0,23,28,8,22,78
100016,2.0,10.0,2.0,7.0,3.0,3.0,0.1,0.4,20.0,1,3315.0,23,28,8,22,78
100016,2.0,10.0,2.0,7.0,3.0,3.0,0.1,0.4,20.0,2,3063.75,20,27,8,20,74
100016,2.0,10.0,2.0,7.0,3.0,3.0,0.1,0.4,20.0,3,2989.6875,20,27,8,20,74
100016,2.0,10.0,2.0,7.0,3.0,3.0,0.1,0.4,20.0,4,2697.109375,18,27,7,20,71
100016,2.0,10.0,2.0,7.0,3.0,3.0,0.1,0.4,20.0,5,2671.38671875,17,27,7,20,70
100016,2.0,10.0,2.0,7.0,3.0,3.0,0.1,0.4,20.0,6,2299.2333984375,16,24,7,20,66
100016,2.0,10.0,2.0,7.0,3.0,3.0,0.1,0.4,20.0,7,2114.041748046875,16,24,7,20,66
100016,2.0,10.0,2.0,7.0,3.0,3.0,0.1,0.4,20.0,8,1782.5521850585938,14,21,7,19,61
100016,2.0,10.0,2.0,7.0,3.0,3.0,0.1,0.4,20.0,9,1548.1902313232422,14,20,6,19,59
100016,2.0,10.0,2.0,7.0,3.0,3.0,0.1,0.4,20.0,10,995.2377891540527,13,20,5,18,57
100016,2.0,10.0,2.0,7.0,3.0,3.0,0.1,0.4,20.0,11,524.0472364425659,13,20,5,18,56
100016,2.0,10.0,2.0,7.0,3.0,3.0,0.1,0.4,20.0,12,0,13,20,5,15,52
100016,2.0,10.0,2.0,7.0,3.0,3.0,0.1,0.4,20.0,13,0,13,20,5,13,50
100016,2.0,10.0,2.0,7.0,3.0,3.0,0.1,0.4,20.0,14,0,13,19,3,8,41
100016,2.0,10.0,2.0,7.0,3.0,3.0,0.1,0.4,20.0,15,0,12,19,3,7,34
100016,2.0,10.0,2.0,7.0,3.0,3.0,0.1,0.4,20.0,16,0,11,17,2,2,30
100016,2.0,10.0,2.0,7.0,3.0,3.0,0.1,0.4,20.0,17,0,11,17,1,1,29
100016,2.0,10.0,2.0,7.0,3.0,3.0,0.1,0.4,20.0,18,0,11,14,1,1,26
100016,2.0,10.0,2.0,7.0,3.0,3.0,0.1,0.4,20.0,19,0,11,14,0,0,25
100016,2.0,10.0,2.0,7.0,3.0,3.0,0.1,0.4,20.0,20,0,7,12,0,0,19
100016,2.0,10.0,2.0,7.0,3.0,3.0,0.1,0.4,20.0,21,0,5,9,0,0,14
100016,2.0,10.0,2.0,7.0,3.0,3.0,0.1,0.4,20.0,22,0,2,6,0,0,8
100016,2.0,10.0,2.0,7.0,3.0,3.0,0.1,0.4,20.0,23,40.0,1,3,0,0,4
100016,2.0,10.0,2.0,7.0,3.0,3.0,0.1,0.4,20.0,24,30.0,1,1,0,0,2
100016,2.0,10.0,2.0,7.0,3.0,3.0,0.1,0.4,20.0,25,37.5,0,1,0,0,1