Exp Num,agent:svo_convergence_factor,agent:params:metabolism,agent:params:consumption_factor,agent:params:procreate_cost_factor,agent:params:procreate_req_factor,agent:params:start_energy_factor,agent:params:caught_chance,agent:params:caught_cooldown_factor,agent:params:maximum_age,Epoch,Resource,A,B,C,D,E
13746,1.0,5.0,3.0,5.0,1.0,2.0,0.5,0.5,20.0,0,3500.0,16,21,16,33,67
13746,1.0,5.0,3.0,5.0,1.0,2.0,0.5,0.5,20.0,1,2920.0,20,30,35,45,103
13746,1.0,5.0,3.0,5.0,1.0,2.0,0.5,0.5,20.0,2,2045.0,20,36,47,50,122
13746,1.0,5.0,3.0,5.0,1.0,2.0,0.5,0.5,20.0,3,1986.25,21,46,61,56,147
13746,1.0,5.0,3.0,5.0,1.0,2.0,0.5,0.5,20.0,4,1627.8125,20,50,71,59,160
13746,1.0,5.0,3.0,5.0,1.0,2.0,0.5,0.5,20.0,5,1014.765625,11,53,78,52,161
13746,1.0,5.0,3.0,5.0,1.0,2.0,0.5,0.5,20.0,6,458.45703125,5,50,77,51,151
13746,1.0,5.0,3.0,5.0,1.0,2.0,0.5,0.5,20.0,7,0,4,44,85,47,151
13746,1.0,5.0,3.0,5.0,1.0,2.0,0.5,0.5,20.0,8,0,4,36,74,34,124
13746,1.0,5.0,3.0,5.0,1.0,2.0,0.5,0.5,20.0,9,0,1,22,73,23,105
13746,1.0,5.0,3.0,5.0,1.0,2.0,0.5,0.5,20.0,10,0,1,21,57,13,85
13746,1.0,5.0,3.0,5.0,1.0,2.0,0.5,0.5,20.0,11,0,1,16,45,9,64
13746,1.0,5.0,3.0,5.0,1.0,2.0,0.5,0.5,20.0,12,0,0,10,37,6,47
13746,1.0,5.0,3.0,5.0,1.0,2.0,0.5,0.5,20.0,13,0,0,6,27,2,33
13746,1.0,5.0,3.0,5.0,1.0,2.0,0.5,0.5,20.0,14,0,0,3,19,1,22
13746,1.0,5.0,3.0,5.0,1.0,2.0,0.5,0.5,20.0,15,0,0,3,17,0,20
13746,1.0,5.0,3.0,5.0,1.0,2.0,0.5,0.5,20.0,16,0,0,1,11,0,12
13746,1.0,5.0,3.0,5.0,1.0,2.0,0.5,0.5,20.0,17,0,0,1,8,0,9
13746,1.0,5.0,3.0,5.0,1.0,2.0,0.5,0.5,20.0,18,100,0,1,5,0,6
13746,1.0,5.0,3.0,5.0,1.0,2.0,0.5,0.5,20.0,19,125.0,0,0,3,0,3
13746,1.0,5.0,3.0,5.0,1.0,2.0,0.5,0.5,20.0,20,156.25,0,0,2,0,2
13746,1.0,5.0,3.0,5.0,1.0,2.0,0.5,0.5,20.0,21,195.3125,0,0,1,0,1