Exp Num,agent:svo_convergence_factor,agent:params:metabolism,agent:params:consumption_factor,agent:params:procreate_cost_factor,agent:params:procreate_req_factor,agent:params:start_energy_factor,agent:params:caught_chance,agent:params:caught_cooldown_factor,agent:params:maximum_age,Epoch,Resource,A,B,C,D,E
156534,3.0,5.0,4.0,9.0,1.0,2.0,0.2,0.2,50.0,0,3480.0,26,28,8,22,78
156534,3.0,5.0,4.0,9.0,1.0,2.0,0.2,0.2,50.0,1,3150.0,23,28,8,21,75
156534,3.0,5.0,4.0,9.0,1.0,2.0,0.2,0.2,50.0,2,3197.5,25,33,9,21,83
156534,3.0,5.0,4.0,9.0,1.0,2.0,0.2,0.2,50.0,3,3216.875,29,38,13,21,96
156534,3.0,5.0,4.0,9.0,1.0,2.0,0.2,0.2,50.0,4,2861.09375,31,47,17,21,111
156534,3.0,5.0,4.0,9.0,1.0,2.0,0.2,0.2,50.0,5,2436.3671875,32,51,19,21,118
156534,3.0,5.0,4.0,9.0,1.0,2.0,0.2,0.2,50.0,6,2005.458984375,37,60,20,21,133
156534,3.0,5.0,4.0,9.0,1.0,2.0,0.2,0.2,50.0,7,1306.82373046875,38,71,24,21,149
156534,3.0,5.0,4.0,9.0,1.0,2.0,0.2,0.2,50.0,8,313.5296630859375,39,84,26,20,165
156534,3.0,5.0,4.0,9.0,1.0,2.0,0.2,0.2,50.0,9,0,37,89,29,18,165
156534,3.0,5.0,4.0,9.0,1.0,2.0,0.2,0.2,50.0,10,0,36,91,26,15,160
156534,3.0,5.0,4.0,9.0,1.0,2.0,0.2,0.2,50.0,11,0,31,83,21,15,142
156534,3.0,5.0,4.0,9.0,1.0,2.0,0.2,0.2,50.0,12,0,28,78,14,13,127
156534,3.0,5.0,4.0,9.0,1.0,2.0,0.2,0.2,50.0,13,0,25,67,13,6,109
156534,3.0,5.0,4.0,9.0,1.0,2.0,0.2,0.2,50.0,14,0,21,60,11,3,94
156534,3.0,5.0,4.0,9.0,1.0,2.0,0.2,0.2,50.0,15,0,18,56,9,1,83
156534,3.0,5.0,4.0,9.0,1.0,2.0,0.2,0.2,50.0,16,0,13,50,7,1,70
156534,3.0,5.0,4.0,9.0,1.0,2.0,0.2,0.2,50.0,17,0,10,41,5,1,56
156534,3.0,5.0,4.0,9.0,1.0,2.0,0.2,0.2,50.0,18,0,7,35,4,1,46
156534,3.0,5.0,4.0,9.0,1.0,2.0,0.2,0.2,50.0,19,0,7,24,4,0,35
156534,3.0,5.0,4.0,9.0,1.0,2.0,0.2,0.2,50.0,20,0,6,19,2,0,27
156534,3.0,5.0,4.0,9.0,1.0,2.0,0.2,0.2,50.0,21,0,4,15,2,0,21
156534,3.0,5.0,4.0,9.0,1.0,2.0,0.2,0.2,50.0,22,0,2,11,2,0,15
156534,3.0,5.0,4.0,9.0,1.0,2.0,0.2,0.2,50.0,23,0,2,7,2,0,11
156534,3.0,5.0,4.0,9.0,1.0,2.0,0.2,0.2,50.0,24,0,2,6,2,0,10
156534,3.0,5.0,4.0,9.0,1.0,2.0,0.2,0.2,50.0,25,0,1,4,1,0,6
156534,3.0,5.0,4.0,9.0,1.0,2.0,0.2,0.2,50.0,26,0,1,3,0,0,4
156534,3.0,5.0,4.0,9.0,1.0,2.0,0.2,0.2,50.0,27,0,1,2,0,0,3
156534,3.0,5.0,4.0,9.0,1.0,2.0,0.2,0.2,50.0,28,0,1,2,0,0,3
156534,3.0,5.0,4.0,9.0,1.0,2.0,0.2,0.2,50.0,29,0,0,2,0,0,2
156534,3.0,5.0,4.0,9.0,1.0,2.0,0.2,0.2,50.0,30,0,0,1,0,0,1