Exp Num,agent:svo_convergence_factor,agent:params:metabolism,agent:params:consumption_factor,agent:params:procreate_cost_factor,agent:params:procreate_req_factor,agent:params:start_energy_factor,agent:params:caught_chance,agent:params:caught_cooldown_factor,agent:params:maximum_age,Epoch,Resource,A,B,C,D,E
11655,1.0,5.0,3.0,1.0,2.0,1.0,0.2,0.2,10.0,0,3500.0,14,46,34,45,105
11655,1.0,5.0,3.0,1.0,2.0,1.0,0.2,0.2,10.0,1,3415.0,14,62,48,47,135
11655,1.0,5.0,3.0,1.0,2.0,1.0,0.2,0.2,10.0,2,2708.75,12,78,74,58,178
11655,1.0,5.0,3.0,1.0,2.0,1.0,0.2,0.2,10.0,3,1615.9375,14,101,98,65,227
11655,1.0,5.0,3.0,1.0,2.0,1.0,0.2,0.2,10.0,4,0,14,136,124,75,290
11655,1.0,5.0,3.0,1.0,2.0,1.0,0.2,0.2,10.0,5,0,17,124,100,55,254
11655,1.0,5.0,3.0,1.0,2.0,1.0,0.2,0.2,10.0,6,0,14,78,57,37,155
11655,1.0,5.0,3.0,1.0,2.0,1.0,0.2,0.2,10.0,7,0,11,52,39,15,106
11655,1.0,5.0,3.0,1.0,2.0,1.0,0.2,0.2,10.0,8,0,4,32,25,8,63
11655,1.0,5.0,3.0,1.0,2.0,1.0,0.2,0.2,10.0,9,0,2,19,17,3,39
11655,1.0,5.0,3.0,1.0,2.0,1.0,0.2,0.2,10.0,10,0,2,13,6,1,22
11655,1.0,5.0,3.0,1.0,2.0,1.0,0.2,0.2,10.0,11,0,2,6,2,1,11
11655,1.0,5.0,3.0,1.0,2.0,1.0,0.2,0.2,10.0,12,0,1,3,1,0,6
11655,1.0,5.0,3.0,1.0,2.0,1.0,0.2,0.2,10.0,13,0,1,1,0,0,3
11655,1.0,5.0,3.0,1.0,2.0,1.0,0.2,0.2,10.0,14,0,1,1,0,0,2
11655,1.0,5.0,3.0,1.0,2.0,1.0,0.2,0.2,10.0,15,85.0,1,2,0,0,3
11655,1.0,5.0,3.0,1.0,2.0,1.0,0.2,0.2,10.0,16,61.25,1,3,0,0,4
11655,1.0,5.0,3.0,1.0,2.0,1.0,0.2,0.2,10.0,17,46.5625,1,4,0,0,5
11655,1.0,5.0,3.0,1.0,2.0,1.0,0.2,0.2,10.0,18,28.203125,0,5,0,0,5
11655,1.0,5.0,3.0,1.0,2.0,1.0,0.2,0.2,10.0,19,20.25390625,0,6,0,0,6
11655,1.0,5.0,3.0,1.0,2.0,1.0,0.2,0.2,10.0,20,0,0,5,0,0,5
11655,1.0,5.0,3.0,1.0,2.0,1.0,0.2,0.2,10.0,21,0,0,3,0,0,3
11655,1.0,5.0,3.0,1.0,2.0,1.0,0.2,0.2,10.0,22,0,0,2,0,0,2
11655,1.0,5.0,3.0,1.0,2.0,1.0,0.2,0.2,10.0,23,0,0,1,0,0,1