Exp Num,agent:svo_convergence_factor,agent:params:metabolism,agent:params:consumption_factor,agent:params:procreate_cost_factor,agent:params:procreate_req_factor,agent:params:start_energy_factor,agent:params:caught_chance,agent:params:caught_cooldown_factor,agent:params:maximum_age,Epoch,Resource,A,B,C,D,E
181930,3.0,15.0,1.0,3.0,3.0,1.0,0.30000000000000004,0.2,10.0,0,3500.0,23,28,10,21,79
181930,3.0,15.0,1.0,3.0,3.0,1.0,0.30000000000000004,0.2,10.0,1,2875.0,23,28,10,21,79
181930,3.0,15.0,1.0,3.0,3.0,1.0,0.30000000000000004,0.2,10.0,2,2093.75,23,28,10,21,79
181930,3.0,15.0,1.0,3.0,3.0,1.0,0.30000000000000004,0.2,10.0,3,1117.1875,23,28,10,21,79
181930,3.0,15.0,1.0,3.0,3.0,1.0,0.30000000000000004,0.2,10.0,4,0,23,28,10,18,78
181930,3.0,15.0,1.0,3.0,3.0,1.0,0.30000000000000004,0.2,10.0,5,0,13,15,3,9,39
181930,3.0,15.0,1.0,3.0,3.0,1.0,0.30000000000000004,0.2,10.0,6,0,5,8,1,5,19
181930,3.0,15.0,1.0,3.0,3.0,1.0,0.30000000000000004,0.2,10.0,7,0,2,5,0,2,10
181930,3.0,15.0,1.0,3.0,3.0,1.0,0.30000000000000004,0.2,10.0,8,0,2,1,0,1,5
181930,3.0,15.0,1.0,3.0,3.0,1.0,0.30000000000000004,0.2,10.0,9,0,1,1,0,1,2
181930,3.0,15.0,1.0,3.0,3.0,1.0,0.30000000000000004,0.2,10.0,10,0,0,1,0,0,1