Exp Num,agent:svo_convergence_factor,agent:params:metabolism,agent:params:consumption_factor,agent:params:procreate_cost_factor,agent:params:procreate_req_factor,agent:params:start_energy_factor,agent:params:caught_chance,agent:params:caught_cooldown_factor,agent:params:maximum_age,Epoch,Resource,A,B,C,D,E
109215,2.0,10.0,4.0,5.0,1.0,1.0,0.4,0.4,10.0,0,1000.0,22,27,10,23,77
109215,2.0,10.0,4.0,5.0,1.0,1.0,0.4,0.4,10.0,1,50.0,28,33,11,24,91
109215,2.0,10.0,4.0,5.0,1.0,1.0,0.4,0.4,10.0,2,0,31,36,12,24,99
109215,2.0,10.0,4.0,5.0,1.0,1.0,0.4,0.4,10.0,3,0,23,29,11,22,81
109215,2.0,10.0,4.0,5.0,1.0,1.0,0.4,0.4,10.0,4,0,15,20,9,9,51
109215,2.0,10.0,4.0,5.0,1.0,1.0,0.4,0.4,10.0,5,0,11,18,5,6,38
109215,2.0,10.0,4.0,5.0,1.0,1.0,0.4,0.4,10.0,6,0,9,13,3,3,29
109215,2.0,10.0,4.0,5.0,1.0,1.0,0.4,0.4,10.0,7,0,7,10,2,1,20
109215,2.0,10.0,4.0,5.0,1.0,1.0,0.4,0.4,10.0,8,0,5,7,2,1,14
109215,2.0,10.0,4.0,5.0,1.0,1.0,0.4,0.4,10.0,9,0,3,6,1,1,10
109215,2.0,10.0,4.0,5.0,1.0,1.0,0.4,0.4,10.0,10,0,1,6,1,0,8
109215,2.0,10.0,4.0,5.0,1.0,1.0,0.4,0.4,10.0,11,0,1,4,1,0,6
109215,2.0,10.0,4.0,5.0,1.0,1.0,0.4,0.4,10.0,12,0,1,3,0,0,4
109215,2.0,10.0,4.0,5.0,1.0,1.0,0.4,0.4,10.0,13,60.0,0,2,0,0,2
109215,2.0,10.0,4.0,5.0,1.0,1.0,0.4,0.4,10.0,14,75.0,0,2,0,0,2
109215,2.0,10.0,4.0,5.0,1.0,1.0,0.4,0.4,10.0,15,93.75,0,2,0,0,2
109215,2.0,10.0,4.0,5.0,1.0,1.0,0.4,0.4,10.0,16,117.1875,0,2,0,0,2
109215,2.0,10.0,4.0,5.0,1.0,1.0,0.4,0.4,10.0,17,146.484375,0,2,0,0,2
109215,2.0,10.0,4.0,5.0,1.0,1.0,0.4,0.4,10.0,18,183.10546875,0,1,0,0,1