Exp Num,agent:svo_convergence_factor,agent:params:metabolism,agent:params:consumption_factor,agent:params:procreate_cost_factor,agent:params:procreate_req_factor,agent:params:start_energy_factor,agent:params:caught_chance,agent:params:caught_cooldown_factor,agent:params:maximum_age,Epoch,Resource,A,B,C,D,E
107569,2.0,10.0,4.0,1.0,2.0,3.0,0.30000000000000004,0.4,50.0,0,3680.0,22,38,30,41,109
107569,2.0,10.0,4.0,1.0,2.0,3.0,0.30000000000000004,0.4,50.0,1,1920.0,25,33,46,47,126
107569,2.0,10.0,4.0,1.0,2.0,3.0,0.30000000000000004,0.4,50.0,2,0,29,46,62,55,164
107569,2.0,10.0,4.0,1.0,2.0,3.0,0.30000000000000004,0.4,50.0,3,0,25,49,60,50,149
107569,2.0,10.0,4.0,1.0,2.0,3.0,0.30000000000000004,0.4,50.0,4,0,23,41,44,31,112
107569,2.0,10.0,4.0,1.0,2.0,3.0,0.30000000000000004,0.4,50.0,5,0,15,31,26,24,73
107569,2.0,10.0,4.0,1.0,2.0,3.0,0.30000000000000004,0.4,50.0,6,0,14,20,18,13,52
107569,2.0,10.0,4.0,1.0,2.0,3.0,0.30000000000000004,0.4,50.0,7,0,10,14,10,7,34
107569,2.0,10.0,4.0,1.0,2.0,3.0,0.30000000000000004,0.4,50.0,8,0,8,8,6,3,22
107569,2.0,10.0,4.0,1.0,2.0,3.0,0.30000000000000004,0.4,50.0,9,0,5,4,4,0,13
107569,2.0,10.0,4.0,1.0,2.0,3.0,0.30000000000000004,0.4,50.0,10,0,4,2,3,0,9
107569,2.0,10.0,4.0,1.0,2.0,3.0,0.30000000000000004,0.4,50.0,11,0,3,1,0,0,4
107569,2.0,10.0,4.0,1.0,2.0,3.0,0.30000000000000004,0.4,50.0,12,0,2,1,0,0,3
107569,2.0,10.0,4.0,1.0,2.0,3.0,0.30000000000000004,0.4,50.0,13,100,2,0,0,0,2
107569,2.0,10.0,4.0,1.0,2.0,3.0,0.30000000000000004,0.4,50.0,14,125.0,1,0,0,0,1