Exp Num,agent:svo_convergence_factor,agent:params:metabolism,agent:params:consumption_factor,agent:params:procreate_cost_factor,agent:params:procreate_req_factor,agent:params:start_energy_factor,agent:params:caught_chance,agent:params:caught_cooldown_factor,agent:params:maximum_age,Epoch,Resource,A,B,C,D,E
147539,3.0,5.0,3.0,3.0,1.0,2.0,0.2,0.30000000000000004,50.0,0,3500.0,33,48,14,29,121
147539,3.0,5.0,3.0,3.0,1.0,2.0,0.2,0.30000000000000004,50.0,1,2620.0,42,73,34,41,184
147539,3.0,5.0,3.0,3.0,1.0,2.0,0.2,0.30000000000000004,50.0,2,920.0,49,95,48,47,231
147539,3.0,5.0,3.0,3.0,1.0,2.0,0.2,0.30000000000000004,50.0,3,0,60,111,65,51,277
147539,3.0,5.0,3.0,3.0,1.0,2.0,0.2,0.30000000000000004,50.0,4,0,43,79,63,29,207
147539,3.0,5.0,3.0,3.0,1.0,2.0,0.2,0.30000000000000004,50.0,5,0,38,63,54,21,167
147539,3.0,5.0,3.0,3.0,1.0,2.0,0.2,0.30000000000000004,50.0,6,0,33,47,40,16,132
147539,3.0,5.0,3.0,3.0,1.0,2.0,0.2,0.30000000000000004,50.0,7,0,25,36,31,13,99
147539,3.0,5.0,3.0,3.0,1.0,2.0,0.2,0.30000000000000004,50.0,8,0,18,27,19,9,69
147539,3.0,5.0,3.0,3.0,1.0,2.0,0.2,0.30000000000000004,50.0,9,0,13,20,10,8,45
147539,3.0,5.0,3.0,3.0,1.0,2.0,0.2,0.30000000000000004,50.0,10,0,9,11,7,5,29
147539,3.0,5.0,3.0,3.0,1.0,2.0,0.2,0.30000000000000004,50.0,11,0,5,8,4,5,19
147539,3.0,5.0,3.0,3.0,1.0,2.0,0.2,0.30000000000000004,50.0,12,0,3,5,3,4,13
147539,3.0,5.0,3.0,3.0,1.0,2.0,0.2,0.30000000000000004,50.0,13,0,2,3,4,3,11
147539,3.0,5.0,3.0,3.0,1.0,2.0,0.2,0.30000000000000004,50.0,14,0,2,4,5,5,13
147539,3.0,5.0,3.0,3.0,1.0,2.0,0.2,0.30000000000000004,50.0,15,0,1,5,4,3,11
147539,3.0,5.0,3.0,3.0,1.0,2.0,0.2,0.30000000000000004,50.0,16,0,0,3,2,3,6
147539,3.0,5.0,3.0,3.0,1.0,2.0,0.2,0.30000000000000004,50.0,17,0,0,3,1,1,4
147539,3.0,5.0,3.0,3.0,1.0,2.0,0.2,0.30000000000000004,50.0,18,0,0,2,0,1,2
147539,3.0,5.0,3.0,3.0,1.0,2.0,0.2,0.30000000000000004,50.0,19,0,0,1,0,1,1
147539,3.0,5.0,3.0,3.0,1.0,2.0,0.2,0.30000000000000004,50.0,20,0,0,2,0,1,2
147539,3.0,5.0,3.0,3.0,1.0,2.0,0.2,0.30000000000000004,50.0,21,0,0,2,0,0,2
147539,3.0,5.0,3.0,3.0,1.0,2.0,0.2,0.30000000000000004,50.0,22,0,0,1,0,0,1