Exp Num,agent:svo_convergence_factor,agent:params:metabolism,agent:params:consumption_factor,agent:params:procreate_cost_factor,agent:params:procreate_req_factor,agent:params:start_energy_factor,agent:params:caught_chance,agent:params:caught_cooldown_factor,agent:params:maximum_age,Epoch,Resource,A,B,C,D,E
166907,3.0,10.0,2.0,7.0,2.0,1.0,0.2,0.2,30.0,0,3000.0,15,25,11,29,71
166907,3.0,10.0,2.0,7.0,2.0,1.0,0.2,0.2,30.0,1,2930.0,15,25,11,29,71
166907,3.0,10.0,2.0,7.0,2.0,1.0,0.2,0.2,30.0,2,2242.5,13,24,10,27,66
166907,3.0,10.0,2.0,7.0,2.0,1.0,0.2,0.2,30.0,3,2003.125,13,24,10,27,66
166907,3.0,10.0,2.0,7.0,2.0,1.0,0.2,0.2,30.0,4,1423.90625,12,21,10,25,62
166907,3.0,10.0,2.0,7.0,2.0,1.0,0.2,0.2,30.0,5,1179.8828125,12,20,10,25,61
166907,3.0,10.0,2.0,7.0,2.0,1.0,0.2,0.2,30.0,6,714.853515625,10,18,9,24,56
166907,3.0,10.0,2.0,7.0,2.0,1.0,0.2,0.2,30.0,7,533.56689453125,8,18,8,24,53
166907,3.0,10.0,2.0,7.0,2.0,1.0,0.2,0.2,30.0,8,0,6,13,7,21,44
166907,3.0,10.0,2.0,7.0,2.0,1.0,0.2,0.2,30.0,9,0,5,12,6,15,39
166907,3.0,10.0,2.0,7.0,2.0,1.0,0.2,0.2,30.0,10,0,4,10,4,11,24
166907,3.0,10.0,2.0,7.0,2.0,1.0,0.2,0.2,30.0,11,0,4,9,2,5,20
166907,3.0,10.0,2.0,7.0,2.0,1.0,0.2,0.2,30.0,12,0,3,7,1,2,14
166907,3.0,10.0,2.0,7.0,2.0,1.0,0.2,0.2,30.0,13,0,3,4,1,1,10
166907,3.0,10.0,2.0,7.0,2.0,1.0,0.2,0.2,30.0,14,0,2,3,1,0,7
166907,3.0,10.0,2.0,7.0,2.0,1.0,0.2,0.2,30.0,15,0,2,3,0,0,6
166907,3.0,10.0,2.0,7.0,2.0,1.0,0.2,0.2,30.0,16,0,2,1,0,0,3
166907,3.0,10.0,2.0,7.0,2.0,1.0,0.2,0.2,30.0,17,0,2,0,0,0,2
166907,3.0,10.0,2.0,7.0,2.0,1.0,0.2,0.2,30.0,18,0,2,0,0,0,2
166907,3.0,10.0,2.0,7.0,2.0,1.0,0.2,0.2,30.0,19,80.0,2,0,0,0,2
166907,3.0,10.0,2.0,7.0,2.0,1.0,0.2,0.2,30.0,20,80.0,2,0,0,0,2
166907,3.0,10.0,2.0,7.0,2.0,1.0,0.2,0.2,30.0,21,80.0,1,0,0,0,1