Exp Num,agent:svo_convergence_factor,agent:params:metabolism,agent:params:consumption_factor,agent:params:procreate_cost_factor,agent:params:procreate_req_factor,agent:params:start_energy_factor,agent:params:caught_chance,agent:params:caught_cooldown_factor,agent:params:maximum_age,Epoch,Resource,A,B,C,D,E
155643,3.0,5.0,4.0,7.0,2.0,1.0,0.1,0.4,40.0,0,3000.0,17,27,11,28,72
155643,3.0,5.0,4.0,7.0,2.0,1.0,0.1,0.4,40.0,1,2690.0,17,27,11,28,72
155643,3.0,5.0,4.0,7.0,2.0,1.0,0.1,0.4,40.0,2,2462.5,17,27,11,28,72
155643,3.0,5.0,4.0,7.0,2.0,1.0,0.1,0.4,40.0,3,2278.125,17,27,11,28,72
155643,3.0,5.0,4.0,7.0,2.0,1.0,0.1,0.4,40.0,4,1887.65625,16,30,11,28,74
155643,3.0,5.0,4.0,7.0,2.0,1.0,0.1,0.4,40.0,5,1479.5703125,16,33,14,28,80
155643,3.0,5.0,4.0,7.0,2.0,1.0,0.1,0.4,40.0,6,1129.462890625,19,36,15,28,87
155643,3.0,5.0,4.0,7.0,2.0,1.0,0.1,0.4,40.0,7,651.82861328125,21,40,16,28,94
155643,3.0,5.0,4.0,7.0,2.0,1.0,0.1,0.4,40.0,8,0,19,41,20,26,94
155643,3.0,5.0,4.0,7.0,2.0,1.0,0.1,0.4,40.0,9,0,19,41,20,26,93
155643,3.0,5.0,4.0,7.0,2.0,1.0,0.1,0.4,40.0,10,0,19,41,20,25,93
155643,3.0,5.0,4.0,7.0,2.0,1.0,0.1,0.4,40.0,11,0,19,41,20,25,93
155643,3.0,5.0,4.0,7.0,2.0,1.0,0.1,0.4,40.0,12,0,15,39,18,13,78
155643,3.0,5.0,4.0,7.0,2.0,1.0,0.1,0.4,40.0,13,0,14,39,16,10,72
155643,3.0,5.0,4.0,7.0,2.0,1.0,0.1,0.4,40.0,14,0,14,36,16,8,68
155643,3.0,5.0,4.0,7.0,2.0,1.0,0.1,0.4,40.0,15,0,12,34,16,8,64
155643,3.0,5.0,4.0,7.0,2.0,1.0,0.1,0.4,40.0,16,0,10,30,16,7,57
155643,3.0,5.0,4.0,7.0,2.0,1.0,0.1,0.4,40.0,17,0,9,25,14,3,48
155643,3.0,5.0,4.0,7.0,2.0,1.0,0.1,0.4,40.0,18,0,7,20,11,1,38
155643,3.0,5.0,4.0,7.0,2.0,1.0,0.1,0.4,40.0,19,0,7,15,9,0,31
155643,3.0,5.0,4.0,7.0,2.0,1.0,0.1,0.4,40.0,20,0,6,12,8,0,26
155643,3.0,5.0,4.0,7.0,2.0,1.0,0.1,0.4,40.0,21,0,6,9,8,0,23
155643,3.0,5.0,4.0,7.0,2.0,1.0,0.1,0.4,40.0,22,0,2,8,5,0,15
155643,3.0,5.0,4.0,7.0,2.0,1.0,0.1,0.4,40.0,23,0,2,7,3,0,12
155643,3.0,5.0,4.0,7.0,2.0,1.0,0.1,0.4,40.0,24,0,1,6,3,0,10
155643,3.0,5.0,4.0,7.0,2.0,1.0,0.1,0.4,40.0,25,0,0,5,2,0,7
155643,3.0,5.0,4.0,7.0,2.0,1.0,0.1,0.4,40.0,26,0,0,4,0,0,4
155643,3.0,5.0,4.0,7.0,2.0,1.0,0.1,0.4,40.0,27,0,0,2,0,0,2
155643,3.0,5.0,4.0,7.0,2.0,1.0,0.1,0.4,40.0,28,0,0,1,0,0,1