Exp Num,agent:svo_convergence_factor,agent:params:metabolism,agent:params:consumption_factor,agent:params:procreate_cost_factor,agent:params:procreate_req_factor,agent:params:start_energy_factor,agent:params:caught_chance,agent:params:caught_cooldown_factor,agent:params:maximum_age,Epoch,Resource,A,B,C,D,E
194308,3.0,15.0,3.0,5.0,3.0,1.0,0.30000000000000004,0.2,40.0,0,500.0,14,34,10,29,71
194308,3.0,15.0,3.0,5.0,3.0,1.0,0.30000000000000004,0.2,40.0,1,0,14,34,10,29,71
194308,3.0,15.0,3.0,5.0,3.0,1.0,0.30000000000000004,0.2,40.0,2,0,14,34,10,29,71
194308,3.0,15.0,3.0,5.0,3.0,1.0,0.30000000000000004,0.2,40.0,3,0,9,14,4,16,35
194308,3.0,15.0,3.0,5.0,3.0,1.0,0.30000000000000004,0.2,40.0,4,0,5,9,3,11,18
194308,3.0,15.0,3.0,5.0,3.0,1.0,0.30000000000000004,0.2,40.0,5,0,3,6,1,8,11
194308,3.0,15.0,3.0,5.0,3.0,1.0,0.30000000000000004,0.2,40.0,6,0,2,6,1,4,10
194308,3.0,15.0,3.0,5.0,3.0,1.0,0.30000000000000004,0.2,40.0,7,0,2,4,1,3,7
194308,3.0,15.0,3.0,5.0,3.0,1.0,0.30000000000000004,0.2,40.0,8,0,0,3,1,1,4
194308,3.0,15.0,3.0,5.0,3.0,1.0,0.30000000000000004,0.2,40.0,9,0,0,3,0,0,3
194308,3.0,15.0,3.0,5.0,3.0,1.0,0.30000000000000004,0.2,40.0,10,0,0,1,0,0,1