Exp Num,agent:svo_convergence_factor,agent:params:metabolism,agent:params:consumption_factor,agent:params:procreate_cost_factor,agent:params:procreate_req_factor,agent:params:start_energy_factor,agent:params:caught_chance,agent:params:caught_cooldown_factor,agent:params:maximum_age,Epoch,Resource,A,B,C,D,E
199051,3.0,15.0,4.0,3.0,3.0,3.0,0.30000000000000004,0.1,20.0,0,2600.0,17,34,9,28,72
199051,3.0,15.0,4.0,3.0,3.0,3.0,0.30000000000000004,0.1,20.0,1,1750.0,19,39,10,28,80
199051,3.0,15.0,4.0,3.0,3.0,3.0,0.30000000000000004,0.1,20.0,2,0,15,32,8,26,65
199051,3.0,15.0,4.0,3.0,3.0,3.0,0.30000000000000004,0.1,20.0,3,0,14,30,8,24,62
199051,3.0,15.0,4.0,3.0,3.0,3.0,0.30000000000000004,0.1,20.0,4,0,14,30,8,23,62
199051,3.0,15.0,4.0,3.0,3.0,3.0,0.30000000000000004,0.1,20.0,5,0,14,30,8,23,62
199051,3.0,15.0,4.0,3.0,3.0,3.0,0.30000000000000004,0.1,20.0,6,0,14,23,4,11,46
199051,3.0,15.0,4.0,3.0,3.0,3.0,0.30000000000000004,0.1,20.0,7,0,11,15,1,8,30
199051,3.0,15.0,4.0,3.0,3.0,3.0,0.30000000000000004,0.1,20.0,8,0,7,11,0,4,20
199051,3.0,15.0,4.0,3.0,3.0,3.0,0.30000000000000004,0.1,20.0,9,0,6,6,0,2,13
199051,3.0,15.0,4.0,3.0,3.0,3.0,0.30000000000000004,0.1,20.0,10,0,4,4,0,2,8
199051,3.0,15.0,4.0,3.0,3.0,3.0,0.30000000000000004,0.1,20.0,11,0,4,1,0,1,5
199051,3.0,15.0,4.0,3.0,3.0,3.0,0.30000000000000004,0.1,20.0,12,0,4,0,0,0,4
199051,3.0,15.0,4.0,3.0,3.0,3.0,0.30000000000000004,0.1,20.0,13,100,2,0,0,0,2
199051,3.0,15.0,4.0,3.0,3.0,3.0,0.30000000000000004,0.1,20.0,14,5.0,2,0,0,0,2
199051,3.0,15.0,4.0,3.0,3.0,3.0,0.30000000000000004,0.1,20.0,15,0,2,0,0,0,2
199051,3.0,15.0,4.0,3.0,3.0,3.0,0.30000000000000004,0.1,20.0,16,0,2,0,0,0,2
199051,3.0,15.0,4.0,3.0,3.0,3.0,0.30000000000000004,0.1,20.0,17,0,2,0,0,0,2
199051,3.0,15.0,4.0,3.0,3.0,3.0,0.30000000000000004,0.1,20.0,18,0,1,0,0,0,1