Exp Num,agent:svo_convergence_factor,agent:params:metabolism,agent:params:consumption_factor,agent:params:procreate_cost_factor,agent:params:procreate_req_factor,agent:params:start_energy_factor,agent:params:caught_chance,agent:params:caught_cooldown_factor,agent:params:maximum_age,Epoch,Resource,A,B,C,D,E
176364,3.0,10.0,4.0,3.0,3.0,1.0,0.5,0.30000000000000004,50.0,0,1000.0,15,27,16,28,72
176364,3.0,10.0,4.0,3.0,3.0,1.0,0.5,0.30000000000000004,50.0,1,10.0,15,27,16,28,72
176364,3.0,10.0,4.0,3.0,3.0,1.0,0.5,0.30000000000000004,50.0,2,0,15,27,16,28,72
176364,3.0,10.0,4.0,3.0,3.0,1.0,0.5,0.30000000000000004,50.0,3,0,15,27,16,28,72
176364,3.0,10.0,4.0,3.0,3.0,1.0,0.5,0.30000000000000004,50.0,4,0,10,16,10,17,43
176364,3.0,10.0,4.0,3.0,3.0,1.0,0.5,0.30000000000000004,50.0,5,0,8,12,8,10,30
176364,3.0,10.0,4.0,3.0,3.0,1.0,0.5,0.30000000000000004,50.0,6,0,7,10,6,8,24
176364,3.0,10.0,4.0,3.0,3.0,1.0,0.5,0.30000000000000004,50.0,7,0,6,10,6,8,23
176364,3.0,10.0,4.0,3.0,3.0,1.0,0.5,0.30000000000000004,50.0,8,0,5,7,4,7,16
176364,3.0,10.0,4.0,3.0,3.0,1.0,0.5,0.30000000000000004,50.0,9,0,2,5,2,6,9
176364,3.0,10.0,4.0,3.0,3.0,1.0,0.5,0.30000000000000004,50.0,10,0,2,3,1,4,6
176364,3.0,10.0,4.0,3.0,3.0,1.0,0.5,0.30000000000000004,50.0,11,0,2,1,1,1,4
176364,3.0,10.0,4.0,3.0,3.0,1.0,0.5,0.30000000000000004,50.0,12,0,0,1,0,1,1
176364,3.0,10.0,4.0,3.0,3.0,1.0,0.5,0.30000000000000004,50.0,13,60.0,0,1,0,1,1
176364,3.0,10.0,4.0,3.0,3.0,1.0,0.5,0.30000000000000004,50.0,14,35.0,0,1,0,1,1
176364,3.0,10.0,4.0,3.0,3.0,1.0,0.5,0.30000000000000004,50.0,15,0,0,1,0,0,1