Exp Num,agent:svo_convergence_factor,agent:params:metabolism,agent:params:consumption_factor,agent:params:procreate_cost_factor,agent:params:procreate_req_factor,agent:params:start_energy_factor,agent:params:caught_chance,agent:params:caught_cooldown_factor,agent:params:maximum_age,Epoch,Resource,A,B,C,D,E
131071,2.0,15.0,4.0,3.0,2.0,2.0,0.30000000000000004,0.5,20.0,0,3020.0,20,25,12,24,76
131071,2.0,15.0,4.0,3.0,2.0,2.0,0.30000000000000004,0.5,20.0,1,55.0,17,23,13,23,71
131071,2.0,15.0,4.0,3.0,2.0,2.0,0.30000000000000004,0.5,20.0,2,0,17,22,13,21,68
131071,2.0,15.0,4.0,3.0,2.0,2.0,0.30000000000000004,0.5,20.0,3,0,17,22,13,21,68
131071,2.0,15.0,4.0,3.0,2.0,2.0,0.30000000000000004,0.5,20.0,4,0,17,22,13,21,68
131071,2.0,15.0,4.0,3.0,2.0,2.0,0.30000000000000004,0.5,20.0,5,0,13,13,10,9,44
131071,2.0,15.0,4.0,3.0,2.0,2.0,0.30000000000000004,0.5,20.0,6,0,8,8,6,4,27
131071,2.0,15.0,4.0,3.0,2.0,2.0,0.30000000000000004,0.5,20.0,7,0,6,4,3,2,16
131071,2.0,15.0,4.0,3.0,2.0,2.0,0.30000000000000004,0.5,20.0,8,0,2,3,2,2,8
131071,2.0,15.0,4.0,3.0,2.0,2.0,0.30000000000000004,0.5,20.0,9,0,1,1,1,1,4
131071,2.0,15.0,4.0,3.0,2.0,2.0,0.30000000000000004,0.5,20.0,10,0,1,0,1,0,3
131071,2.0,15.0,4.0,3.0,2.0,2.0,0.30000000000000004,0.5,20.0,11,0,1,0,1,0,2
131071,2.0,15.0,4.0,3.0,2.0,2.0,0.30000000000000004,0.5,20.0,12,0,1,0,1,0,2
131071,2.0,15.0,4.0,3.0,2.0,2.0,0.30000000000000004,0.5,20.0,13,100,0,0,1,0,1