Exp Num,agent:svo_convergence_factor,agent:params:metabolism,agent:params:consumption_factor,agent:params:procreate_cost_factor,agent:params:procreate_req_factor,agent:params:start_energy_factor,agent:params:caught_chance,agent:params:caught_cooldown_factor,agent:params:maximum_age,Epoch,Resource,A,B,C,D,E
192962,3.0,15.0,3.0,3.0,2.0,2.0,0.4,0.30000000000000004,30.0,0,4055.0,11,29,10,32,68
192962,3.0,15.0,3.0,3.0,2.0,2.0,0.4,0.30000000000000004,30.0,1,2818.75,8,22,8,30,54
192962,3.0,15.0,3.0,3.0,2.0,2.0,0.4,0.30000000000000004,30.0,2,2038.4375,8,23,8,30,55
192962,3.0,15.0,3.0,3.0,2.0,2.0,0.4,0.30000000000000004,30.0,3,1918.046875,8,25,8,30,57
192962,3.0,15.0,3.0,3.0,2.0,2.0,0.4,0.30000000000000004,30.0,4,642.55859375,4,22,9,27,52
192962,3.0,15.0,3.0,3.0,2.0,2.0,0.4,0.30000000000000004,30.0,5,0,4,21,9,23,51
192962,3.0,15.0,3.0,3.0,2.0,2.0,0.4,0.30000000000000004,30.0,6,0,4,21,9,23,50
192962,3.0,15.0,3.0,3.0,2.0,2.0,0.4,0.30000000000000004,30.0,7,0,2,20,8,13,37
192962,3.0,15.0,3.0,3.0,2.0,2.0,0.4,0.30000000000000004,30.0,8,0,2,16,6,6,28
192962,3.0,15.0,3.0,3.0,2.0,2.0,0.4,0.30000000000000004,30.0,9,0,2,10,6,2,20
192962,3.0,15.0,3.0,3.0,2.0,2.0,0.4,0.30000000000000004,30.0,10,0,1,9,2,2,13
192962,3.0,15.0,3.0,3.0,2.0,2.0,0.4,0.30000000000000004,30.0,11,0,1,5,2,1,9
192962,3.0,15.0,3.0,3.0,2.0,2.0,0.4,0.30000000000000004,30.0,12,0,1,3,1,1,6
192962,3.0,15.0,3.0,3.0,2.0,2.0,0.4,0.30000000000000004,30.0,13,0,0,3,0,0,4
192962,3.0,15.0,3.0,3.0,2.0,2.0,0.4,0.30000000000000004,30.0,14,0,0,1,0,0,2
192962,3.0,15.0,3.0,3.0,2.0,2.0,0.4,0.30000000000000004,30.0,15,0,0,0,0,0,1