Exp Num,agent:svo_convergence_factor,agent:params:metabolism,agent:params:consumption_factor,agent:params:procreate_cost_factor,agent:params:procreate_req_factor,agent:params:start_energy_factor,agent:params:caught_chance,agent:params:caught_cooldown_factor,agent:params:maximum_age,Epoch,Resource,A,B,C,D,E
188160,3.0,15.0,2.0,5.0,1.0,3.0,0.2,0.30000000000000004,10.0,0,3830.0,27,28,8,25,75
188160,3.0,15.0,2.0,5.0,1.0,3.0,0.2,0.30000000000000004,10.0,1,3677.5,34,30,8,25,85
188160,3.0,15.0,2.0,5.0,1.0,3.0,0.2,0.30000000000000004,10.0,2,2946.875,30,27,9,23,78
188160,3.0,15.0,2.0,5.0,1.0,3.0,0.2,0.30000000000000004,10.0,3,2153.59375,32,31,9,24,83
188160,3.0,15.0,2.0,5.0,1.0,3.0,0.2,0.30000000000000004,10.0,4,1161.9921875,35,27,9,21,81
188160,3.0,15.0,2.0,5.0,1.0,3.0,0.2,0.30000000000000004,10.0,5,0,33,30,9,21,82
188160,3.0,15.0,2.0,5.0,1.0,3.0,0.2,0.30000000000000004,10.0,6,0,28,27,8,15,68
188160,3.0,15.0,2.0,5.0,1.0,3.0,0.2,0.30000000000000004,10.0,7,0,23,21,6,8,52
188160,3.0,15.0,2.0,5.0,1.0,3.0,0.2,0.30000000000000004,10.0,8,0,18,16,3,7,37
188160,3.0,15.0,2.0,5.0,1.0,3.0,0.2,0.30000000000000004,10.0,9,0,13,12,3,3,28
188160,3.0,15.0,2.0,5.0,1.0,3.0,0.2,0.30000000000000004,10.0,10,0,10,12,3,2,25
188160,3.0,15.0,2.0,5.0,1.0,3.0,0.2,0.30000000000000004,10.0,11,0,7,6,3,0,16
188160,3.0,15.0,2.0,5.0,1.0,3.0,0.2,0.30000000000000004,10.0,12,0,5,4,2,0,11
188160,3.0,15.0,2.0,5.0,1.0,3.0,0.2,0.30000000000000004,10.0,13,0,3,3,1,0,7
188160,3.0,15.0,2.0,5.0,1.0,3.0,0.2,0.30000000000000004,10.0,14,0,1,2,1,0,4
188160,3.0,15.0,2.0,5.0,1.0,3.0,0.2,0.30000000000000004,10.0,15,0,0,2,1,0,3
188160,3.0,15.0,2.0,5.0,1.0,3.0,0.2,0.30000000000000004,10.0,16,70.0,0,1,1,0,2
188160,3.0,15.0,2.0,5.0,1.0,3.0,0.2,0.30000000000000004,10.0,17,57.5,0,1,1,0,2
188160,3.0,15.0,2.0,5.0,1.0,3.0,0.2,0.30000000000000004,10.0,18,71.875,0,1,1,0,2
188160,3.0,15.0,2.0,5.0,1.0,3.0,0.2,0.30000000000000004,10.0,19,89.84375,0,1,1,0,2
188160,3.0,15.0,2.0,5.0,1.0,3.0,0.2,0.30000000000000004,10.0,20,82.3046875,0,1,0,0,1