Exp Num,agent:svo_convergence_factor,agent:params:metabolism,agent:params:consumption_factor,agent:params:procreate_cost_factor,agent:params:procreate_req_factor,agent:params:start_energy_factor,agent:params:caught_chance,agent:params:caught_cooldown_factor,agent:params:maximum_age,Epoch,Resource,A,B,C,D,E
196926,3.0,15.0,4.0,1.0,1.0,1.0,0.30000000000000004,0.1,20.0,0,0,27,33,15,31,101
196926,3.0,15.0,4.0,1.0,1.0,1.0,0.30000000000000004,0.1,20.0,1,0,43,39,24,40,142
196926,3.0,15.0,4.0,1.0,1.0,1.0,0.30000000000000004,0.1,20.0,2,0,30,26,20,27,98
196926,3.0,15.0,4.0,1.0,1.0,1.0,0.30000000000000004,0.1,20.0,3,0,28,20,15,16,81
196926,3.0,15.0,4.0,1.0,1.0,1.0,0.30000000000000004,0.1,20.0,4,0,18,16,12,11,58
196926,3.0,15.0,4.0,1.0,1.0,1.0,0.30000000000000004,0.1,20.0,5,0,8,12,11,5,40
196926,3.0,15.0,4.0,1.0,1.0,1.0,0.30000000000000004,0.1,20.0,6,0,6,5,6,5,26
196926,3.0,15.0,4.0,1.0,1.0,1.0,0.30000000000000004,0.1,20.0,7,0,3,2,4,6,12
196926,3.0,15.0,4.0,1.0,1.0,1.0,0.30000000000000004,0.1,20.0,8,0,3,2,2,4,9
196926,3.0,15.0,4.0,1.0,1.0,1.0,0.30000000000000004,0.1,20.0,9,0,0,2,3,2,7
196926,3.0,15.0,4.0,1.0,1.0,1.0,0.30000000000000004,0.1,20.0,10,0,0,1,4,1,6
196926,3.0,15.0,4.0,1.0,1.0,1.0,0.30000000000000004,0.1,20.0,11,0,0,2,3,0,6
196926,3.0,15.0,4.0,1.0,1.0,1.0,0.30000000000000004,0.1,20.0,12,0,0,1,2,0,3
196926,3.0,15.0,4.0,1.0,1.0,1.0,0.30000000000000004,0.1,20.0,13,0,0,1,1,0,2
196926,3.0,15.0,4.0,1.0,1.0,1.0,0.30000000000000004,0.1,20.0,14,0,0,0,1,0,1