Exp Num,agent:svo_convergence_factor,agent:params:metabolism,agent:params:consumption_factor,agent:params:procreate_cost_factor,agent:params:procreate_req_factor,agent:params:start_energy_factor,agent:params:caught_chance,agent:params:caught_cooldown_factor,agent:params:maximum_age,Epoch,Resource,A,B,C,D,E
182048,3.0,15.0,1.0,3.0,3.0,2.0,0.2,0.5,40.0,0,3500.0,13,24,12,34,66
182048,3.0,15.0,1.0,3.0,3.0,2.0,0.2,0.5,40.0,1,2935.0,13,24,12,34,66
182048,3.0,15.0,1.0,3.0,3.0,2.0,0.2,0.5,40.0,2,2678.75,13,24,12,34,66
182048,3.0,15.0,1.0,3.0,3.0,2.0,0.2,0.5,40.0,3,2283.4375,12,23,12,33,64
182048,3.0,15.0,1.0,3.0,3.0,2.0,0.2,0.5,40.0,4,1804.296875,11,22,11,33,61
182048,3.0,15.0,1.0,3.0,3.0,2.0,0.2,0.5,40.0,5,1040.37109375,11,20,11,33,59
182048,3.0,15.0,1.0,3.0,3.0,2.0,0.2,0.5,40.0,6,40.4638671875,11,18,11,32,57
182048,3.0,15.0,1.0,3.0,3.0,2.0,0.2,0.5,40.0,7,0,5,13,6,18,30
182048,3.0,15.0,1.0,3.0,3.0,2.0,0.2,0.5,40.0,8,0,3,7,1,11,13
182048,3.0,15.0,1.0,3.0,3.0,2.0,0.2,0.5,40.0,9,0,2,4,1,3,9
182048,3.0,15.0,1.0,3.0,3.0,2.0,0.2,0.5,40.0,10,0,2,3,1,0,7
182048,3.0,15.0,1.0,3.0,3.0,2.0,0.2,0.5,40.0,11,0,1,1,0,0,3
182048,3.0,15.0,1.0,3.0,3.0,2.0,0.2,0.5,40.0,12,0,1,0,0,0,1