Exp Num,agent:svo_convergence_factor,agent:params:metabolism,agent:params:consumption_factor,agent:params:procreate_cost_factor,agent:params:procreate_req_factor,agent:params:start_energy_factor,agent:params:caught_chance,agent:params:caught_cooldown_factor,agent:params:maximum_age,Epoch,Resource,A,B,C,D,E
13393,1.0,5.0,3.0,3.0,3.0,3.0,0.1,0.4,40.0,0,3500.0,21,20,8,32,68
13393,1.0,5.0,3.0,3.0,3.0,3.0,0.1,0.4,40.0,1,2980.0,21,20,8,32,68
13393,1.0,5.0,3.0,3.0,3.0,3.0,0.1,0.4,40.0,2,2645.0,27,30,19,39,96
13393,1.0,5.0,3.0,3.0,3.0,3.0,0.1,0.4,40.0,3,2346.25,27,30,19,39,96
13393,1.0,5.0,3.0,3.0,3.0,3.0,0.1,0.4,40.0,4,2017.8125,35,39,23,39,117
13393,1.0,5.0,3.0,3.0,3.0,3.0,0.1,0.4,40.0,5,1337.265625,41,49,29,40,139
13393,1.0,5.0,3.0,3.0,3.0,3.0,0.1,0.4,40.0,6,486.58203125,42,52,31,40,145
13393,1.0,5.0,3.0,3.0,3.0,3.0,0.1,0.4,40.0,7,0,48,59,31,41,158
13393,1.0,5.0,3.0,3.0,3.0,3.0,0.1,0.4,40.0,8,0,47,54,30,29,143
13393,1.0,5.0,3.0,3.0,3.0,3.0,0.1,0.4,40.0,9,0,46,54,30,26,139
13393,1.0,5.0,3.0,3.0,3.0,3.0,0.1,0.4,40.0,10,0,46,54,28,26,137
13393,1.0,5.0,3.0,3.0,3.0,3.0,0.1,0.4,40.0,11,0,41,49,18,12,111
13393,1.0,5.0,3.0,3.0,3.0,3.0,0.1,0.4,40.0,12,0,40,43,15,10,98
13393,1.0,5.0,3.0,3.0,3.0,3.0,0.1,0.4,40.0,13,0,32,38,15,8,85
13393,1.0,5.0,3.0,3.0,3.0,3.0,0.1,0.4,40.0,14,0,20,26,9,6,55
13393,1.0,5.0,3.0,3.0,3.0,3.0,0.1,0.4,40.0,15,0,12,17,6,3,35
13393,1.0,5.0,3.0,3.0,3.0,3.0,0.1,0.4,40.0,16,0,8,10,3,1,21
13393,1.0,5.0,3.0,3.0,3.0,3.0,0.1,0.4,40.0,17,0,6,5,1,0,12
13393,1.0,5.0,3.0,3.0,3.0,3.0,0.1,0.4,40.0,18,25.0,6,2,1,0,9
13393,1.0,5.0,3.0,3.0,3.0,3.0,0.1,0.4,40.0,19,0,5,1,1,0,7
13393,1.0,5.0,3.0,3.0,3.0,3.0,0.1,0.4,40.0,20,0,4,1,1,0,6
13393,1.0,5.0,3.0,3.0,3.0,3.0,0.1,0.4,40.0,21,0,4,0,1,0,5
13393,1.0,5.0,3.0,3.0,3.0,3.0,0.1,0.4,40.0,22,0,2,0,1,0,3
13393,1.0,5.0,3.0,3.0,3.0,3.0,0.1,0.4,40.0,23,0,2,0,0,0,2
13393,1.0,5.0,3.0,3.0,3.0,3.0,0.1,0.4,40.0,24,0,1,0,0,0,1