Exp Num,agent:svo_convergence_factor,agent:params:metabolism,agent:params:consumption_factor,agent:params:procreate_cost_factor,agent:params:procreate_req_factor,agent:params:start_energy_factor,agent:params:caught_chance,agent:params:caught_cooldown_factor,agent:params:maximum_age,Epoch,Resource,A,B,C,D,E
144154,3.0,5.0,2.0,7.0,1.0,2.0,0.2,0.1,50.0,0,4000.0,21,24,11,30,70
144154,3.0,5.0,2.0,7.0,1.0,2.0,0.2,0.1,50.0,1,4000.0,21,24,11,30,70
144154,3.0,5.0,2.0,7.0,1.0,2.0,0.2,0.1,50.0,2,4000.0,21,24,11,30,70
144154,3.0,5.0,2.0,7.0,1.0,2.0,0.2,0.1,50.0,3,4000.0,21,24,11,30,70
144154,3.0,5.0,2.0,7.0,1.0,2.0,0.2,0.1,50.0,4,4000.0,28,38,22,39,111
144154,3.0,5.0,2.0,7.0,1.0,2.0,0.2,0.1,50.0,5,3500.0,30,45,32,40,135
144154,3.0,5.0,2.0,7.0,1.0,2.0,0.2,0.1,50.0,6,2835.0,36,53,43,46,166
144154,3.0,5.0,2.0,7.0,1.0,2.0,0.2,0.1,50.0,7,2623.75,38,57,52,53,184
144154,3.0,5.0,2.0,7.0,1.0,2.0,0.2,0.1,50.0,8,1869.6875,34,60,61,56,195
144154,3.0,5.0,2.0,7.0,1.0,2.0,0.2,0.1,50.0,9,1357.109375,34,63,70,58,209
144154,3.0,5.0,2.0,7.0,1.0,2.0,0.2,0.1,50.0,10,356.38671875,32,63,73,55,211
144154,3.0,5.0,2.0,7.0,1.0,2.0,0.2,0.1,50.0,11,0,32,64,69,51,206
144154,3.0,5.0,2.0,7.0,1.0,2.0,0.2,0.1,50.0,12,0,26,53,58,38,164
144154,3.0,5.0,2.0,7.0,1.0,2.0,0.2,0.1,50.0,13,0,19,46,45,31,127
144154,3.0,5.0,2.0,7.0,1.0,2.0,0.2,0.1,50.0,14,0,15,33,41,21,101
144154,3.0,5.0,2.0,7.0,1.0,2.0,0.2,0.1,50.0,15,0,12,27,37,12,84
144154,3.0,5.0,2.0,7.0,1.0,2.0,0.2,0.1,50.0,16,0,9,23,31,9,66
144154,3.0,5.0,2.0,7.0,1.0,2.0,0.2,0.1,50.0,17,0,6,19,26,9,51
144154,3.0,5.0,2.0,7.0,1.0,2.0,0.2,0.1,50.0,18,0,1,16,18,8,35
144154,3.0,5.0,2.0,7.0,1.0,2.0,0.2,0.1,50.0,19,0,1,13,12,4,26
144154,3.0,5.0,2.0,7.0,1.0,2.0,0.2,0.1,50.0,20,0,0,11,10,3,21
144154,3.0,5.0,2.0,7.0,1.0,2.0,0.2,0.1,50.0,21,0,0,6,7,2,13
144154,3.0,5.0,2.0,7.0,1.0,2.0,0.2,0.1,50.0,22,30.0,0,6,4,2,10
144154,3.0,5.0,2.0,7.0,1.0,2.0,0.2,0.1,50.0,23,0,0,4,4,2,8
144154,3.0,5.0,2.0,7.0,1.0,2.0,0.2,0.1,50.0,24,0,0,4,3,1,7
144154,3.0,5.0,2.0,7.0,1.0,2.0,0.2,0.1,50.0,25,0,0,3,2,0,5
144154,3.0,5.0,2.0,7.0,1.0,2.0,0.2,0.1,50.0,26,0,0,3,2,0,5
144154,3.0,5.0,2.0,7.0,1.0,2.0,0.2,0.1,50.0,27,0,0,2,1,0,3
144154,3.0,5.0,2.0,7.0,1.0,2.0,0.2,0.1,50.0,28,0,0,2,0,0,2
144154,3.0,5.0,2.0,7.0,1.0,2.0,0.2,0.1,50.0,29,0,0,1,0,0,1