Exp Num,agent:svo_convergence_factor,agent:params:metabolism,agent:params:consumption_factor,agent:params:procreate_cost_factor,agent:params:procreate_req_factor,agent:params:start_energy_factor,agent:params:caught_chance,agent:params:caught_cooldown_factor,agent:params:maximum_age,Epoch,Resource,A,B,C,D,E
174085,3.0,10.0,3.0,9.0,3.0,1.0,0.4,0.30000000000000004,10.0,0,2000.0,22,31,7,31,69
174085,3.0,10.0,3.0,9.0,3.0,1.0,0.4,0.30000000000000004,10.0,1,1480.0,22,31,7,31,69
174085,3.0,10.0,3.0,9.0,3.0,1.0,0.4,0.30000000000000004,10.0,2,1280.0,22,31,7,31,69
174085,3.0,10.0,3.0,9.0,3.0,1.0,0.4,0.30000000000000004,10.0,3,640.0,18,21,6,23,53
174085,3.0,10.0,3.0,9.0,3.0,1.0,0.4,0.30000000000000004,10.0,4,260.0,18,16,4,21,46
174085,3.0,10.0,3.0,9.0,3.0,1.0,0.4,0.30000000000000004,10.0,5,25.0,18,15,4,21,45
174085,3.0,10.0,3.0,9.0,3.0,1.0,0.4,0.30000000000000004,10.0,6,0,15,13,4,15,37
174085,3.0,10.0,3.0,9.0,3.0,1.0,0.4,0.30000000000000004,10.0,7,0,12,9,2,10,26
174085,3.0,10.0,3.0,9.0,3.0,1.0,0.4,0.30000000000000004,10.0,8,0,11,9,1,9,22
174085,3.0,10.0,3.0,9.0,3.0,1.0,0.4,0.30000000000000004,10.0,9,0,10,8,1,5,19
174085,3.0,10.0,3.0,9.0,3.0,1.0,0.4,0.30000000000000004,10.0,10,0,6,6,1,4,13
174085,3.0,10.0,3.0,9.0,3.0,1.0,0.4,0.30000000000000004,10.0,11,0,4,3,0,3,7
174085,3.0,10.0,3.0,9.0,3.0,1.0,0.4,0.30000000000000004,10.0,12,0,3,1,0,2,4
174085,3.0,10.0,3.0,9.0,3.0,1.0,0.4,0.30000000000000004,10.0,13,0,3,0,0,0,3
174085,3.0,10.0,3.0,9.0,3.0,1.0,0.4,0.30000000000000004,10.0,14,0,1,0,0,0,1