Exp Num,agent:svo_convergence_factor,agent:params:metabolism,agent:params:consumption_factor,agent:params:procreate_cost_factor,agent:params:procreate_req_factor,agent:params:start_energy_factor,agent:params:caught_chance,agent:params:caught_cooldown_factor,agent:params:maximum_age,Epoch,Resource,A,B,C,D,E
181715,3.0,15.0,1.0,3.0,2.0,2.0,0.4,0.4,10.0,0,3500.0,17,29,8,30,70
181715,3.0,15.0,1.0,3.0,2.0,2.0,0.4,0.4,10.0,1,2935.0,17,29,8,30,70
181715,3.0,15.0,1.0,3.0,2.0,2.0,0.4,0.4,10.0,2,2768.75,17,29,7,30,69
181715,3.0,15.0,1.0,3.0,2.0,2.0,0.4,0.4,10.0,3,2560.9375,14,26,7,30,63
181715,3.0,15.0,1.0,3.0,2.0,2.0,0.4,0.4,10.0,4,2196.171875,12,22,7,30,57
181715,3.0,15.0,1.0,3.0,2.0,2.0,0.4,0.4,10.0,5,1770.21484375,9,20,7,30,51
181715,3.0,15.0,1.0,3.0,2.0,2.0,0.4,0.4,10.0,6,1192.7685546875,6,19,7,30,47
181715,3.0,15.0,1.0,3.0,2.0,2.0,0.4,0.4,10.0,7,380.960693359375,5,19,7,30,46
181715,3.0,15.0,1.0,3.0,2.0,2.0,0.4,0.4,10.0,8,0,5,13,5,19,34
181715,3.0,15.0,1.0,3.0,2.0,2.0,0.4,0.4,10.0,9,0,3,5,4,11,15
181715,3.0,15.0,1.0,3.0,2.0,2.0,0.4,0.4,10.0,10,0,3,3,3,3,10
181715,3.0,15.0,1.0,3.0,2.0,2.0,0.4,0.4,10.0,11,0,2,0,2,1,5
181715,3.0,15.0,1.0,3.0,2.0,2.0,0.4,0.4,10.0,12,0,1,0,1,1,2
181715,3.0,15.0,1.0,3.0,2.0,2.0,0.4,0.4,10.0,13,0,1,0,0,0,1