Exp Num,agent:svo_convergence_factor,agent:params:metabolism,agent:params:consumption_factor,agent:params:procreate_cost_factor,agent:params:procreate_req_factor,agent:params:start_energy_factor,agent:params:caught_chance,agent:params:caught_cooldown_factor,agent:params:maximum_age,Epoch,Resource,A,B,C,D,E
195680,3.0,15.0,3.0,7.0,3.0,3.0,0.30000000000000004,0.2,10.0,0,3020.0,24,26,8,28,72
195680,3.0,15.0,3.0,7.0,3.0,3.0,0.30000000000000004,0.2,10.0,1,2605.0,24,26,8,28,72
195680,3.0,15.0,3.0,7.0,3.0,3.0,0.30000000000000004,0.2,10.0,2,1951.25,20,19,8,23,59
195680,3.0,15.0,3.0,7.0,3.0,3.0,0.30000000000000004,0.2,10.0,3,1314.0625,19,19,8,23,58
195680,3.0,15.0,3.0,7.0,3.0,3.0,0.30000000000000004,0.2,10.0,4,607.578125,19,19,8,23,58
195680,3.0,15.0,3.0,7.0,3.0,3.0,0.30000000000000004,0.2,10.0,5,0,18,14,8,18,46
195680,3.0,15.0,3.0,7.0,3.0,3.0,0.30000000000000004,0.2,10.0,6,0,17,12,7,15,40
195680,3.0,15.0,3.0,7.0,3.0,3.0,0.30000000000000004,0.2,10.0,7,0,17,11,7,12,39
195680,3.0,15.0,3.0,7.0,3.0,3.0,0.30000000000000004,0.2,10.0,8,0,16,10,4,4,32
195680,3.0,15.0,3.0,7.0,3.0,3.0,0.30000000000000004,0.2,10.0,9,0,14,8,4,4,27
195680,3.0,15.0,3.0,7.0,3.0,3.0,0.30000000000000004,0.2,10.0,10,0,11,2,4,2,18
195680,3.0,15.0,3.0,7.0,3.0,3.0,0.30000000000000004,0.2,10.0,11,0,7,0,3,1,11
195680,3.0,15.0,3.0,7.0,3.0,3.0,0.30000000000000004,0.2,10.0,12,0,6,0,1,0,8
195680,3.0,15.0,3.0,7.0,3.0,3.0,0.30000000000000004,0.2,10.0,13,0,4,0,1,0,6
195680,3.0,15.0,3.0,7.0,3.0,3.0,0.30000000000000004,0.2,10.0,14,0,2,0,1,0,3
195680,3.0,15.0,3.0,7.0,3.0,3.0,0.30000000000000004,0.2,10.0,15,0,0,0,1,0,1