Exp Num,agent:svo_convergence_factor,agent:params:metabolism,agent:params:consumption_factor,agent:params:procreate_cost_factor,agent:params:procreate_req_factor,agent:params:start_energy_factor,agent:params:caught_chance,agent:params:caught_cooldown_factor,agent:params:maximum_age,Epoch,Resource,A,B,C,D,E
134188,2.0,15.0,4.0,9.0,1.0,3.0,0.30000000000000004,0.30000000000000004,40.0,0,2660.0,18,27,11,28,72
134188,2.0,15.0,4.0,9.0,1.0,3.0,0.30000000000000004,0.30000000000000004,40.0,1,1225.0,20,33,12,31,81
134188,2.0,15.0,4.0,9.0,1.0,3.0,0.30000000000000004,0.30000000000000004,40.0,2,0,11,25,11,21,60
134188,2.0,15.0,4.0,9.0,1.0,3.0,0.30000000000000004,0.30000000000000004,40.0,3,0,8,24,10,16,53
134188,2.0,15.0,4.0,9.0,1.0,3.0,0.30000000000000004,0.30000000000000004,40.0,4,0,7,24,11,16,51
134188,2.0,15.0,4.0,9.0,1.0,3.0,0.30000000000000004,0.30000000000000004,40.0,5,0,6,22,10,13,47
134188,2.0,15.0,4.0,9.0,1.0,3.0,0.30000000000000004,0.30000000000000004,40.0,6,0,5,18,8,11,35
134188,2.0,15.0,4.0,9.0,1.0,3.0,0.30000000000000004,0.30000000000000004,40.0,7,0,5,13,8,9,28
134188,2.0,15.0,4.0,9.0,1.0,3.0,0.30000000000000004,0.30000000000000004,40.0,8,0,5,12,6,8,24
134188,2.0,15.0,4.0,9.0,1.0,3.0,0.30000000000000004,0.30000000000000004,40.0,9,0,5,11,5,5,21
134188,2.0,15.0,4.0,9.0,1.0,3.0,0.30000000000000004,0.30000000000000004,40.0,10,0,4,9,5,5,18
134188,2.0,15.0,4.0,9.0,1.0,3.0,0.30000000000000004,0.30000000000000004,40.0,11,0,3,6,5,4,14
134188,2.0,15.0,4.0,9.0,1.0,3.0,0.30000000000000004,0.30000000000000004,40.0,12,0,2,5,5,3,12
134188,2.0,15.0,4.0,9.0,1.0,3.0,0.30000000000000004,0.30000000000000004,40.0,13,0,2,3,4,3,9
134188,2.0,15.0,4.0,9.0,1.0,3.0,0.30000000000000004,0.30000000000000004,40.0,14,0,2,2,3,3,7
134188,2.0,15.0,4.0,9.0,1.0,3.0,0.30000000000000004,0.30000000000000004,40.0,15,0,1,2,3,1,6
134188,2.0,15.0,4.0,9.0,1.0,3.0,0.30000000000000004,0.30000000000000004,40.0,16,0,1,1,2,1,4
134188,2.0,15.0,4.0,9.0,1.0,3.0,0.30000000000000004,0.30000000000000004,40.0,17,0,1,1,1,0,3
134188,2.0,15.0,4.0,9.0,1.0,3.0,0.30000000000000004,0.30000000000000004,40.0,18,0,1,1,0,0,2
134188,2.0,15.0,4.0,9.0,1.0,3.0,0.30000000000000004,0.30000000000000004,40.0,19,0,1,1,0,0,2
134188,2.0,15.0,4.0,9.0,1.0,3.0,0.30000000000000004,0.30000000000000004,40.0,20,0,1,1,0,0,2
134188,2.0,15.0,4.0,9.0,1.0,3.0,0.30000000000000004,0.30000000000000004,40.0,21,0,1,1,0,0,2
134188,2.0,15.0,4.0,9.0,1.0,3.0,0.30000000000000004,0.30000000000000004,40.0,22,0,0,1,0,0,1