Exp Num,agent:svo_convergence_factor,agent:params:metabolism,agent:params:consumption_factor,agent:params:procreate_cost_factor,agent:params:procreate_req_factor,agent:params:start_energy_factor,agent:params:caught_chance,agent:params:caught_cooldown_factor,agent:params:maximum_age,Epoch,Resource,A,B,C,D,E
147783,3.0,5.0,3.0,3.0,2.0,1.0,0.2,0.2,40.0,0,3500.0,18,28,12,27,73
147783,3.0,5.0,3.0,3.0,2.0,1.0,0.2,0.2,40.0,1,2935.0,18,28,12,27,73
147783,3.0,5.0,3.0,3.0,2.0,1.0,0.2,0.2,40.0,2,2723.75,28,33,15,36,95
147783,3.0,5.0,3.0,3.0,2.0,1.0,0.2,0.2,40.0,3,2639.6875,36,40,19,39,115
147783,3.0,5.0,3.0,3.0,2.0,1.0,0.2,0.2,40.0,4,2534.609375,40,43,23,39,126
147783,3.0,5.0,3.0,3.0,2.0,1.0,0.2,0.2,40.0,5,2358.26171875,47,50,25,42,143
147783,3.0,5.0,3.0,3.0,2.0,1.0,0.2,0.2,40.0,6,2122.8271484375,48,48,22,35,138
147783,3.0,5.0,3.0,3.0,2.0,1.0,0.2,0.2,40.0,7,1798.533935546875,52,53,23,35,148
147783,3.0,5.0,3.0,3.0,2.0,1.0,0.2,0.2,40.0,8,1258.1674194335938,50,58,28,36,156
147783,3.0,5.0,3.0,3.0,2.0,1.0,0.2,0.2,40.0,9,507.7092742919922,54,61,28,34,163
147783,3.0,5.0,3.0,3.0,2.0,1.0,0.2,0.2,40.0,10,0,51,64,26,34,159
147783,3.0,5.0,3.0,3.0,2.0,1.0,0.2,0.2,40.0,11,0,45,61,24,27,145
147783,3.0,5.0,3.0,3.0,2.0,1.0,0.2,0.2,40.0,12,0,35,48,18,20,110
147783,3.0,5.0,3.0,3.0,2.0,1.0,0.2,0.2,40.0,13,0,28,45,13,7,93
147783,3.0,5.0,3.0,3.0,2.0,1.0,0.2,0.2,40.0,14,0,22,38,10,5,73
147783,3.0,5.0,3.0,3.0,2.0,1.0,0.2,0.2,40.0,15,0,17,24,4,3,48
147783,3.0,5.0,3.0,3.0,2.0,1.0,0.2,0.2,40.0,16,0,10,16,3,1,31
147783,3.0,5.0,3.0,3.0,2.0,1.0,0.2,0.2,40.0,17,0,6,13,1,0,21
147783,3.0,5.0,3.0,3.0,2.0,1.0,0.2,0.2,40.0,18,0,1,9,1,0,12
147783,3.0,5.0,3.0,3.0,2.0,1.0,0.2,0.2,40.0,19,0,1,5,0,0,7
147783,3.0,5.0,3.0,3.0,2.0,1.0,0.2,0.2,40.0,20,0,1,2,0,0,4
147783,3.0,5.0,3.0,3.0,2.0,1.0,0.2,0.2,40.0,21,55.0,1,2,0,0,4
147783,3.0,5.0,3.0,3.0,2.0,1.0,0.2,0.2,40.0,22,53.75,1,1,0,0,3
147783,3.0,5.0,3.0,3.0,2.0,1.0,0.2,0.2,40.0,23,37.1875,1,1,0,0,3
147783,3.0,5.0,3.0,3.0,2.0,1.0,0.2,0.2,40.0,24,16.484375,2,1,0,0,4
147783,3.0,5.0,3.0,3.0,2.0,1.0,0.2,0.2,40.0,25,0,2,1,0,0,4
147783,3.0,5.0,3.0,3.0,2.0,1.0,0.2,0.2,40.0,26,0,2,1,0,0,4
147783,3.0,5.0,3.0,3.0,2.0,1.0,0.2,0.2,40.0,27,0,2,1,0,0,3
147783,3.0,5.0,3.0,3.0,2.0,1.0,0.2,0.2,40.0,28,0,1,1,0,0,2
147783,3.0,5.0,3.0,3.0,2.0,1.0,0.2,0.2,40.0,29,0,1,0,0,0,1