Exp Num,agent:svo_convergence_factor,agent:params:metabolism,agent:params:consumption_factor,agent:params:procreate_cost_factor,agent:params:procreate_req_factor,agent:params:start_energy_factor,agent:params:caught_chance,agent:params:caught_cooldown_factor,agent:params:maximum_age,Epoch,Resource,A,B,C,D,E
116604,2.0,15.0,1.0,7.0,2.0,3.0,0.5,0.1,50.0,0,3500.0,22,21,12,33,67
116604,2.0,15.0,1.0,7.0,2.0,3.0,0.5,0.1,50.0,1,2950.0,22,21,12,33,67
116604,2.0,15.0,1.0,7.0,2.0,3.0,0.5,0.1,50.0,2,2757.5,22,21,12,33,67
116604,2.0,15.0,1.0,7.0,2.0,3.0,0.5,0.1,50.0,3,2801.875,21,21,12,33,65
116604,2.0,15.0,1.0,7.0,2.0,3.0,0.5,0.1,50.0,4,2797.34375,16,19,10,32,56
116604,2.0,15.0,1.0,7.0,2.0,3.0,0.5,0.1,50.0,5,2746.6796875,9,16,9,31,44
116604,2.0,15.0,1.0,7.0,2.0,3.0,0.5,0.1,50.0,6,2608.349609375,7,11,7,31,35
116604,2.0,15.0,1.0,7.0,2.0,3.0,0.5,0.1,50.0,7,2300.43701171875,7,11,7,31,35
116604,2.0,15.0,1.0,7.0,2.0,3.0,0.5,0.1,50.0,8,1945.5462646484375,5,11,7,31,33
116604,2.0,15.0,1.0,7.0,2.0,3.0,0.5,0.1,50.0,9,1576.9328308105469,5,11,7,31,33
116604,2.0,15.0,1.0,7.0,2.0,3.0,0.5,0.1,50.0,10,1326.1660385131836,5,11,7,31,33
116604,2.0,15.0,1.0,7.0,2.0,3.0,0.5,0.1,50.0,11,1087.7075481414795,5,8,7,30,30
116604,2.0,15.0,1.0,7.0,2.0,3.0,0.5,0.1,50.0,12,744.6344351768494,2,7,6,28,25
116604,2.0,15.0,1.0,7.0,2.0,3.0,0.5,0.1,50.0,13,285.7930439710617,1,7,5,26,23
116604,2.0,15.0,1.0,7.0,2.0,3.0,0.5,0.1,50.0,14,0,1,6,2,19,17
116604,2.0,15.0,1.0,7.0,2.0,3.0,0.5,0.1,50.0,15,0,1,3,1,11,7
116604,2.0,15.0,1.0,7.0,2.0,3.0,0.5,0.1,50.0,16,0,0,3,1,3,6
116604,2.0,15.0,1.0,7.0,2.0,3.0,0.5,0.1,50.0,17,0,0,2,0,2,2
116604,2.0,15.0,1.0,7.0,2.0,3.0,0.5,0.1,50.0,18,0,0,1,0,1,1
116604,2.0,15.0,1.0,7.0,2.0,3.0,0.5,0.1,50.0,19,0,0,1,0,0,1