Exp Num,agent:svo_convergence_factor,agent:params:metabolism,agent:params:consumption_factor,agent:params:procreate_cost_factor,agent:params:procreate_req_factor,agent:params:start_energy_factor,agent:params:caught_chance,agent:params:caught_cooldown_factor,agent:params:maximum_age,Epoch,Resource,A,B,C,D,E
120071,2.0,15.0,2.0,3.0,3.0,1.0,0.30000000000000004,0.5,20.0,0,2000.0,16,28,12,31,69
120071,2.0,15.0,2.0,3.0,3.0,1.0,0.30000000000000004,0.5,20.0,1,1360.0,16,28,12,31,69
120071,2.0,15.0,2.0,3.0,3.0,1.0,0.30000000000000004,0.5,20.0,2,260.0,12,23,11,26,58
120071,2.0,15.0,2.0,3.0,3.0,1.0,0.30000000000000004,0.5,20.0,3,0,12,22,10,22,53
120071,2.0,15.0,2.0,3.0,3.0,1.0,0.30000000000000004,0.5,20.0,4,0,11,13,7,11,36
120071,2.0,15.0,2.0,3.0,3.0,1.0,0.30000000000000004,0.5,20.0,5,0,10,7,5,5,26
120071,2.0,15.0,2.0,3.0,3.0,1.0,0.30000000000000004,0.5,20.0,6,0,9,4,3,2,18
120071,2.0,15.0,2.0,3.0,3.0,1.0,0.30000000000000004,0.5,20.0,7,0,8,2,2,1,12
120071,2.0,15.0,2.0,3.0,3.0,1.0,0.30000000000000004,0.5,20.0,8,0,7,1,0,0,8
120071,2.0,15.0,2.0,3.0,3.0,1.0,0.30000000000000004,0.5,20.0,9,0,4,0,0,0,4
120071,2.0,15.0,2.0,3.0,3.0,1.0,0.30000000000000004,0.5,20.0,10,0,3,0,0,0,3
120071,2.0,15.0,2.0,3.0,3.0,1.0,0.30000000000000004,0.5,20.0,11,0,1,0,0,0,1