Exp Num,agent:svo_convergence_factor,agent:params:metabolism,agent:params:consumption_factor,agent:params:procreate_cost_factor,agent:params:procreate_req_factor,agent:params:start_energy_factor,agent:params:caught_chance,agent:params:caught_cooldown_factor,agent:params:maximum_age,Epoch,Resource,A,B,C,D,E
192930,3.0,15.0,3.0,3.0,2.0,2.0,0.30000000000000004,0.2,10.0,0,3470.0,17,28,14,26,74
192930,3.0,15.0,3.0,3.0,2.0,2.0,0.30000000000000004,0.2,10.0,1,1727.5,15,27,12,25,69
192930,3.0,15.0,3.0,3.0,2.0,2.0,0.30000000000000004,0.2,10.0,2,674.375,16,27,12,25,70
192930,3.0,15.0,3.0,3.0,2.0,2.0,0.30000000000000004,0.2,10.0,3,0,16,29,13,26,74
192930,3.0,15.0,3.0,3.0,2.0,2.0,0.30000000000000004,0.2,10.0,4,0,14,20,7,15,51
192930,3.0,15.0,3.0,3.0,2.0,2.0,0.30000000000000004,0.2,10.0,5,0,11,18,4,12,39
192930,3.0,15.0,3.0,3.0,2.0,2.0,0.30000000000000004,0.2,10.0,6,0,10,17,4,8,36
192930,3.0,15.0,3.0,3.0,2.0,2.0,0.30000000000000004,0.2,10.0,7,0,7,11,4,5,26
192930,3.0,15.0,3.0,3.0,2.0,2.0,0.30000000000000004,0.2,10.0,8,0,5,9,2,3,18
192930,3.0,15.0,3.0,3.0,2.0,2.0,0.30000000000000004,0.2,10.0,9,0,2,6,2,3,12
192930,3.0,15.0,3.0,3.0,2.0,2.0,0.30000000000000004,0.2,10.0,10,0,1,4,2,2,8
192930,3.0,15.0,3.0,3.0,2.0,2.0,0.30000000000000004,0.2,10.0,11,0,1,3,1,0,5
192930,3.0,15.0,3.0,3.0,2.0,2.0,0.30000000000000004,0.2,10.0,12,0,1,1,1,0,3
192930,3.0,15.0,3.0,3.0,2.0,2.0,0.30000000000000004,0.2,10.0,13,0,1,0,1,0,2
192930,3.0,15.0,3.0,3.0,2.0,2.0,0.30000000000000004,0.2,10.0,14,55.0,1,0,0,0,1