Exp Num,agent:svo_convergence_factor,agent:params:metabolism,agent:params:consumption_factor,agent:params:procreate_cost_factor,agent:params:procreate_req_factor,agent:params:start_energy_factor,agent:params:caught_chance,agent:params:caught_cooldown_factor,agent:params:maximum_age,Epoch,Resource,A,B,C,D,E
172931,3.0,10.0,3.0,7.0,3.0,1.0,0.30000000000000004,0.2,20.0,0,2000.0,12,24,4,39,61
172931,3.0,10.0,3.0,7.0,3.0,1.0,0.30000000000000004,0.2,20.0,1,1480.0,12,24,4,39,61
172931,3.0,10.0,3.0,7.0,3.0,1.0,0.30000000000000004,0.2,20.0,2,1190.0,12,24,4,39,61
172931,3.0,10.0,3.0,7.0,3.0,1.0,0.30000000000000004,0.2,20.0,3,0,9,20,3,33,52
172931,3.0,10.0,3.0,7.0,3.0,1.0,0.30000000000000004,0.2,20.0,4,0,9,18,3,30,48
172931,3.0,10.0,3.0,7.0,3.0,1.0,0.30000000000000004,0.2,20.0,5,0,9,18,3,29,48
172931,3.0,10.0,3.0,7.0,3.0,1.0,0.30000000000000004,0.2,20.0,6,0,8,14,2,15,32
172931,3.0,10.0,3.0,7.0,3.0,1.0,0.30000000000000004,0.2,20.0,7,0,7,11,1,9,22
172931,3.0,10.0,3.0,7.0,3.0,1.0,0.30000000000000004,0.2,20.0,8,0,7,10,1,4,20
172931,3.0,10.0,3.0,7.0,3.0,1.0,0.30000000000000004,0.2,20.0,9,0,7,8,1,2,17
172931,3.0,10.0,3.0,7.0,3.0,1.0,0.30000000000000004,0.2,20.0,10,0,7,7,0,2,14
172931,3.0,10.0,3.0,7.0,3.0,1.0,0.30000000000000004,0.2,20.0,11,0,5,5,0,2,10
172931,3.0,10.0,3.0,7.0,3.0,1.0,0.30000000000000004,0.2,20.0,12,0,4,4,0,1,8
172931,3.0,10.0,3.0,7.0,3.0,1.0,0.30000000000000004,0.2,20.0,13,0,3,2,0,1,5
172931,3.0,10.0,3.0,7.0,3.0,1.0,0.30000000000000004,0.2,20.0,14,10.0,2,2,0,1,4
172931,3.0,10.0,3.0,7.0,3.0,1.0,0.30000000000000004,0.2,20.0,15,0,2,2,0,0,4
172931,3.0,10.0,3.0,7.0,3.0,1.0,0.30000000000000004,0.2,20.0,16,0,1,2,0,0,3
172931,3.0,10.0,3.0,7.0,3.0,1.0,0.30000000000000004,0.2,20.0,17,0,1,2,0,0,3
172931,3.0,10.0,3.0,7.0,3.0,1.0,0.30000000000000004,0.2,20.0,18,0,1,0,0,0,1