Exp Num,agent:svo_convergence_factor,agent:params:metabolism,agent:params:consumption_factor,agent:params:procreate_cost_factor,agent:params:procreate_req_factor,agent:params:start_energy_factor,agent:params:caught_chance,agent:params:caught_cooldown_factor,agent:params:maximum_age,Epoch,Resource,A,B,C,D,E
18318,1.0,5.0,4.0,3.0,1.0,3.0,0.30000000000000004,0.4,40.0,0,3640.0,19,36,27,31,103
18318,1.0,5.0,4.0,3.0,1.0,3.0,0.30000000000000004,0.4,40.0,1,3610.0,24,49,39,35,133
18318,1.0,5.0,4.0,3.0,1.0,3.0,0.30000000000000004,0.4,40.0,2,3312.5,23,64,52,41,157
18318,1.0,5.0,4.0,3.0,1.0,3.0,0.30000000000000004,0.4,40.0,3,2540.625,24,70,75,46,188
18318,1.0,5.0,4.0,3.0,1.0,3.0,0.30000000000000004,0.4,40.0,4,1335.78125,22,82,96,64,221
18318,1.0,5.0,4.0,3.0,1.0,3.0,0.30000000000000004,0.4,40.0,5,0,18,91,117,82,243
18318,1.0,5.0,4.0,3.0,1.0,3.0,0.30000000000000004,0.4,40.0,6,0,16,76,114,72,211
18318,1.0,5.0,4.0,3.0,1.0,3.0,0.30000000000000004,0.4,40.0,7,0,10,71,92,59,174
18318,1.0,5.0,4.0,3.0,1.0,3.0,0.30000000000000004,0.4,40.0,8,0,6,50,80,36,137
18318,1.0,5.0,4.0,3.0,1.0,3.0,0.30000000000000004,0.4,40.0,9,0,4,33,68,21,105
18318,1.0,5.0,4.0,3.0,1.0,3.0,0.30000000000000004,0.4,40.0,10,0,3,21,56,14,80
18318,1.0,5.0,4.0,3.0,1.0,3.0,0.30000000000000004,0.4,40.0,11,0,2,14,39,9,55
18318,1.0,5.0,4.0,3.0,1.0,3.0,0.30000000000000004,0.4,40.0,12,0,1,8,28,4,37
18318,1.0,5.0,4.0,3.0,1.0,3.0,0.30000000000000004,0.4,40.0,13,0,0,6,19,3,25
18318,1.0,5.0,4.0,3.0,1.0,3.0,0.30000000000000004,0.4,40.0,14,0,0,3,14,2,17
18318,1.0,5.0,4.0,3.0,1.0,3.0,0.30000000000000004,0.4,40.0,15,0,0,1,11,2,12
18318,1.0,5.0,4.0,3.0,1.0,3.0,0.30000000000000004,0.4,40.0,16,0,0,0,13,0,13
18318,1.0,5.0,4.0,3.0,1.0,3.0,0.30000000000000004,0.4,40.0,17,0,0,0,11,0,11
18318,1.0,5.0,4.0,3.0,1.0,3.0,0.30000000000000004,0.4,40.0,18,0,0,0,9,0,9
18318,1.0,5.0,4.0,3.0,1.0,3.0,0.30000000000000004,0.4,40.0,19,0,0,0,6,0,6
18318,1.0,5.0,4.0,3.0,1.0,3.0,0.30000000000000004,0.4,40.0,20,0,0,0,4,0,4
18318,1.0,5.0,4.0,3.0,1.0,3.0,0.30000000000000004,0.4,40.0,21,0,0,0,2,0,2
18318,1.0,5.0,4.0,3.0,1.0,3.0,0.30000000000000004,0.4,40.0,22,0,0,0,1,0,1