Exp Num,agent:svo_convergence_factor,agent:params:metabolism,agent:params:consumption_factor,agent:params:procreate_cost_factor,agent:params:procreate_req_factor,agent:params:start_energy_factor,agent:params:caught_chance,agent:params:caught_cooldown_factor,agent:params:maximum_age,Epoch,Resource,A,B,C,D,E
12710,1.0,5.0,3.0,3.0,1.0,3.0,0.4,0.30000000000000004,10.0,0,3500.0,18,44,33,38,112
12710,1.0,5.0,3.0,3.0,1.0,3.0,0.4,0.30000000000000004,10.0,1,3685.0,21,59,48,46,145
12710,1.0,5.0,3.0,3.0,1.0,3.0,0.4,0.30000000000000004,10.0,2,3271.25,18,69,65,59,170
12710,1.0,5.0,3.0,3.0,1.0,3.0,0.4,0.30000000000000004,10.0,3,2394.0625,17,76,91,60,202
12710,1.0,5.0,3.0,3.0,1.0,3.0,0.4,0.30000000000000004,10.0,4,1627.578125,18,91,108,61,235
12710,1.0,5.0,3.0,3.0,1.0,3.0,0.4,0.30000000000000004,10.0,5,174.47265625,14,98,137,68,266
12710,1.0,5.0,3.0,3.0,1.0,3.0,0.4,0.30000000000000004,10.0,6,0,9,87,123,49,227
12710,1.0,5.0,3.0,3.0,1.0,3.0,0.4,0.30000000000000004,10.0,7,0,5,69,109,35,187
12710,1.0,5.0,3.0,3.0,1.0,3.0,0.4,0.30000000000000004,10.0,8,0,2,47,85,20,137
12710,1.0,5.0,3.0,3.0,1.0,3.0,0.4,0.30000000000000004,10.0,9,0,0,40,70,13,112
12710,1.0,5.0,3.0,3.0,1.0,3.0,0.4,0.30000000000000004,10.0,10,0,0,26,56,9,83
12710,1.0,5.0,3.0,3.0,1.0,3.0,0.4,0.30000000000000004,10.0,11,0,0,19,42,2,62
12710,1.0,5.0,3.0,3.0,1.0,3.0,0.4,0.30000000000000004,10.0,12,0,0,10,35,2,45
12710,1.0,5.0,3.0,3.0,1.0,3.0,0.4,0.30000000000000004,10.0,13,0,0,5,28,1,33
12710,1.0,5.0,3.0,3.0,1.0,3.0,0.4,0.30000000000000004,10.0,14,0,0,4,18,0,22
12710,1.0,5.0,3.0,3.0,1.0,3.0,0.4,0.30000000000000004,10.0,15,0,0,1,13,0,14
12710,1.0,5.0,3.0,3.0,1.0,3.0,0.4,0.30000000000000004,10.0,16,0,0,1,7,0,8
12710,1.0,5.0,3.0,3.0,1.0,3.0,0.4,0.30000000000000004,10.0,17,70.0,0,0,9,0,9
12710,1.0,5.0,3.0,3.0,1.0,3.0,0.4,0.30000000000000004,10.0,18,12.5,0,0,10,0,10
12710,1.0,5.0,3.0,3.0,1.0,3.0,0.4,0.30000000000000004,10.0,19,0,0,0,8,0,8
12710,1.0,5.0,3.0,3.0,1.0,3.0,0.4,0.30000000000000004,10.0,20,0,0,0,9,0,9
12710,1.0,5.0,3.0,3.0,1.0,3.0,0.4,0.30000000000000004,10.0,21,0,0,0,7,0,7
12710,1.0,5.0,3.0,3.0,1.0,3.0,0.4,0.30000000000000004,10.0,22,0,0,0,4,0,4
12710,1.0,5.0,3.0,3.0,1.0,3.0,0.4,0.30000000000000004,10.0,23,0,0,0,3,0,3
12710,1.0,5.0,3.0,3.0,1.0,3.0,0.4,0.30000000000000004,10.0,24,0,0,0,2,0,2
12710,1.0,5.0,3.0,3.0,1.0,3.0,0.4,0.30000000000000004,10.0,25,0,0,0,1,0,1