Exp Num,agent:svo_convergence_factor,agent:params:metabolism,agent:params:consumption_factor,agent:params:procreate_cost_factor,agent:params:procreate_req_factor,agent:params:start_energy_factor,agent:params:caught_chance,agent:params:caught_cooldown_factor,agent:params:maximum_age,Epoch,Resource,A,B,C,D,E
166435,3.0,10.0,2.0,5.0,3.0,3.0,0.30000000000000004,0.30000000000000004,10.0,0,3600.0,26,18,8,24,76
166435,3.0,10.0,2.0,5.0,3.0,3.0,0.30000000000000004,0.30000000000000004,10.0,1,3640.0,26,18,8,24,76
166435,3.0,10.0,2.0,5.0,3.0,3.0,0.30000000000000004,0.30000000000000004,10.0,2,3570.0,22,16,8,22,70
166435,3.0,10.0,2.0,5.0,3.0,3.0,0.30000000000000004,0.30000000000000004,10.0,3,3762.5,22,16,7,22,69
166435,3.0,10.0,2.0,5.0,3.0,3.0,0.30000000000000004,0.30000000000000004,10.0,4,3763.125,18,15,6,19,63
166435,3.0,10.0,2.0,5.0,3.0,3.0,0.30000000000000004,0.30000000000000004,10.0,5,4243.90625,17,14,5,18,60
166435,3.0,10.0,2.0,5.0,3.0,3.0,0.30000000000000004,0.30000000000000004,10.0,6,4324.8828125,12,13,5,15,54
166435,3.0,10.0,2.0,5.0,3.0,3.0,0.30000000000000004,0.30000000000000004,10.0,7,4266.103515625,12,13,4,15,53
166435,3.0,10.0,2.0,5.0,3.0,3.0,0.30000000000000004,0.30000000000000004,10.0,8,4192.62939453125,12,12,3,14,51
166435,3.0,10.0,2.0,5.0,3.0,3.0,0.30000000000000004,0.30000000000000004,10.0,9,3960.7867431640625,12,12,3,14,51
166435,3.0,10.0,2.0,5.0,3.0,3.0,0.30000000000000004,0.30000000000000004,10.0,10,4130.983428955078,5,10,3,10,31
166435,3.0,10.0,2.0,5.0,3.0,3.0,0.30000000000000004,0.30000000000000004,10.0,11,4723.729286193848,5,7,2,5,17
166435,3.0,10.0,2.0,5.0,3.0,3.0,0.30000000000000004,0.30000000000000004,10.0,12,5624.66160774231,1,5,2,4,9
166435,3.0,10.0,2.0,5.0,3.0,3.0,0.30000000000000004,0.30000000000000004,10.0,13,6890.827009677887,0,4,1,1,6
166435,3.0,10.0,2.0,5.0,3.0,3.0,0.30000000000000004,0.30000000000000004,10.0,14,8533.533762097359,0,3,0,0,4
166435,3.0,10.0,2.0,5.0,3.0,3.0,0.30000000000000004,0.30000000000000004,10.0,15,9940.0,0,2,0,0,2
166435,3.0,10.0,2.0,5.0,3.0,3.0,0.30000000000000004,0.30000000000000004,10.0,16,9960.0,0,1,0,0,1