Exp Num,agent:svo_convergence_factor,agent:params:metabolism,agent:params:consumption_factor,agent:params:procreate_cost_factor,agent:params:procreate_req_factor,agent:params:start_energy_factor,agent:params:caught_chance,agent:params:caught_cooldown_factor,agent:params:maximum_age,Epoch,Resource,A,B,C,D,E
116616,2.0,15.0,1.0,7.0,2.0,3.0,0.5,0.4,20.0,0,3500.0,18,27,13,31,69
116616,2.0,15.0,1.0,7.0,2.0,3.0,0.5,0.4,20.0,1,2935.0,18,27,13,31,69
116616,2.0,15.0,1.0,7.0,2.0,3.0,0.5,0.4,20.0,2,2783.75,18,27,13,31,69
116616,2.0,15.0,1.0,7.0,2.0,3.0,0.5,0.4,20.0,3,2909.6875,18,27,13,29,69
116616,2.0,15.0,1.0,7.0,2.0,3.0,0.5,0.4,20.0,4,3067.109375,14,20,10,26,54
116616,2.0,15.0,1.0,7.0,2.0,3.0,0.5,0.4,20.0,5,3113.88671875,8,15,9,24,42
116616,2.0,15.0,1.0,7.0,2.0,3.0,0.5,0.4,20.0,6,3142.3583984375,7,10,8,23,35
116616,2.0,15.0,1.0,7.0,2.0,3.0,0.5,0.4,20.0,7,3057.947998046875,7,10,8,23,35
116616,2.0,15.0,1.0,7.0,2.0,3.0,0.5,0.4,20.0,8,2952.4349975585938,7,10,8,23,35
116616,2.0,15.0,1.0,7.0,2.0,3.0,0.5,0.4,20.0,9,2820.543746948242,7,10,8,23,35
116616,2.0,15.0,1.0,7.0,2.0,3.0,0.5,0.4,20.0,10,2655.6796836853027,7,10,8,23,35
116616,2.0,15.0,1.0,7.0,2.0,3.0,0.5,0.4,20.0,11,2449.5996046066284,7,10,8,23,35
116616,2.0,15.0,1.0,7.0,2.0,3.0,0.5,0.4,20.0,12,2191.9995057582855,7,10,8,23,35
116616,2.0,15.0,1.0,7.0,2.0,3.0,0.5,0.4,20.0,13,1869.999382197857,7,10,8,23,35
116616,2.0,15.0,1.0,7.0,2.0,3.0,0.5,0.4,20.0,14,1602.4992277473211,7,10,8,23,35
116616,2.0,15.0,1.0,7.0,2.0,3.0,0.5,0.4,20.0,15,1448.1240346841514,7,10,8,22,35
116616,2.0,15.0,1.0,7.0,2.0,3.0,0.5,0.4,20.0,16,1270.1550433551893,7,6,8,22,31
116616,2.0,15.0,1.0,7.0,2.0,3.0,0.5,0.4,20.0,17,1062.6938041939866,5,5,8,22,28
116616,2.0,15.0,1.0,7.0,2.0,3.0,0.5,0.4,20.0,18,803.3672552424832,4,5,8,20,27
116616,2.0,15.0,1.0,7.0,2.0,3.0,0.5,0.4,20.0,19,479.20906905310403,2,4,7,20,23
116616,2.0,15.0,1.0,7.0,2.0,3.0,0.5,0.4,20.0,20,194.01133631638004,1,4,5,14,18
116616,2.0,15.0,1.0,7.0,2.0,3.0,0.5,0.4,20.0,21,0,1,2,4,7,13
116616,2.0,15.0,1.0,7.0,2.0,3.0,0.5,0.4,20.0,22,0,1,0,1,5,5
116616,2.0,15.0,1.0,7.0,2.0,3.0,0.5,0.4,20.0,23,0,0,0,0,3,2
116616,2.0,15.0,1.0,7.0,2.0,3.0,0.5,0.4,20.0,24,0,0,0,0,2,0
116616,2.0,15.0,1.0,7.0,2.0,3.0,0.5,0.4,20.0,25,0,0,0,0,1,0