Exp Num,agent:svo_convergence_factor,agent:params:metabolism,agent:params:consumption_factor,agent:params:procreate_cost_factor,agent:params:procreate_req_factor,agent:params:start_energy_factor,agent:params:caught_chance,agent:params:caught_cooldown_factor,agent:params:maximum_age,Epoch,Resource,A,B,C,D,E
108139,2.0,10.0,4.0,3.0,1.0,2.0,0.1,0.30000000000000004,50.0,0,3080.0,27,49,14,16,108
108139,2.0,10.0,4.0,3.0,1.0,2.0,0.1,0.30000000000000004,50.0,1,450.0,31,67,28,22,145
108139,2.0,10.0,4.0,3.0,1.0,2.0,0.1,0.30000000000000004,50.0,2,0,33,71,25,18,138
108139,2.0,10.0,4.0,3.0,1.0,2.0,0.1,0.30000000000000004,50.0,3,0,22,65,29,14,120
108139,2.0,10.0,4.0,3.0,1.0,2.0,0.1,0.30000000000000004,50.0,4,0,18,55,25,9,101
108139,2.0,10.0,4.0,3.0,1.0,2.0,0.1,0.30000000000000004,50.0,5,0,8,45,16,6,71
108139,2.0,10.0,4.0,3.0,1.0,2.0,0.1,0.30000000000000004,50.0,6,0,8,31,12,4,51
108139,2.0,10.0,4.0,3.0,1.0,2.0,0.1,0.30000000000000004,50.0,7,0,5,24,7,2,36
108139,2.0,10.0,4.0,3.0,1.0,2.0,0.1,0.30000000000000004,50.0,8,0,3,15,2,2,20
108139,2.0,10.0,4.0,3.0,1.0,2.0,0.1,0.30000000000000004,50.0,9,0,4,10,1,1,15
108139,2.0,10.0,4.0,3.0,1.0,2.0,0.1,0.30000000000000004,50.0,10,0,2,5,1,1,8
108139,2.0,10.0,4.0,3.0,1.0,2.0,0.1,0.30000000000000004,50.0,11,0,2,3,1,0,6
108139,2.0,10.0,4.0,3.0,1.0,2.0,0.1,0.30000000000000004,50.0,12,0,1,1,1,0,3
108139,2.0,10.0,4.0,3.0,1.0,2.0,0.1,0.30000000000000004,50.0,13,100,2,1,0,0,3
108139,2.0,10.0,4.0,3.0,1.0,2.0,0.1,0.30000000000000004,50.0,14,85.0,1,1,0,0,2
108139,2.0,10.0,4.0,3.0,1.0,2.0,0.1,0.30000000000000004,50.0,15,26.25,2,1,0,0,3
108139,2.0,10.0,4.0,3.0,1.0,2.0,0.1,0.30000000000000004,50.0,16,0,3,1,0,0,4
108139,2.0,10.0,4.0,3.0,1.0,2.0,0.1,0.30000000000000004,50.0,17,0,3,1,0,0,4
108139,2.0,10.0,4.0,3.0,1.0,2.0,0.1,0.30000000000000004,50.0,18,0,2,0,0,0,2
108139,2.0,10.0,4.0,3.0,1.0,2.0,0.1,0.30000000000000004,50.0,19,0,1,0,0,0,1