Exp Num,agent:svo_convergence_factor,agent:params:metabolism,agent:params:consumption_factor,agent:params:procreate_cost_factor,agent:params:procreate_req_factor,agent:params:start_energy_factor,agent:params:caught_chance,agent:params:caught_cooldown_factor,agent:params:maximum_age,Epoch,Resource,A,B,C,D,E
193885,3.0,15.0,3.0,5.0,2.0,1.0,0.1,0.30000000000000004,10.0,0,500.0,17,23,8,31,69
193885,3.0,15.0,3.0,5.0,2.0,1.0,0.1,0.30000000000000004,10.0,1,0,17,23,8,31,69
193885,3.0,15.0,3.0,5.0,2.0,1.0,0.1,0.30000000000000004,10.0,2,0,17,23,8,31,69
193885,3.0,15.0,3.0,5.0,2.0,1.0,0.1,0.30000000000000004,10.0,3,0,12,13,3,13,41
193885,3.0,15.0,3.0,5.0,2.0,1.0,0.1,0.30000000000000004,10.0,4,0,9,7,2,6,24
193885,3.0,15.0,3.0,5.0,2.0,1.0,0.1,0.30000000000000004,10.0,5,0,6,6,1,4,17
193885,3.0,15.0,3.0,5.0,2.0,1.0,0.1,0.30000000000000004,10.0,6,0,4,4,1,3,10
193885,3.0,15.0,3.0,5.0,2.0,1.0,0.1,0.30000000000000004,10.0,7,0,2,2,1,2,6
193885,3.0,15.0,3.0,5.0,2.0,1.0,0.1,0.30000000000000004,10.0,8,0,0,1,1,1,3
193885,3.0,15.0,3.0,5.0,2.0,1.0,0.1,0.30000000000000004,10.0,9,0,0,1,0,0,2
193885,3.0,15.0,3.0,5.0,2.0,1.0,0.1,0.30000000000000004,10.0,10,0,0,0,0,0,1