Exp Num,agent:svo_convergence_factor,agent:params:metabolism,agent:params:consumption_factor,agent:params:procreate_cost_factor,agent:params:procreate_req_factor,agent:params:start_energy_factor,agent:params:caught_chance,agent:params:caught_cooldown_factor,agent:params:maximum_age,Epoch,Resource,A,B,C,D,E
181070,3.0,15.0,1.0,1.0,3.0,3.0,0.30000000000000004,0.5,10.0,0,3500.0,18,40,19,45,105
181070,3.0,15.0,1.0,1.0,3.0,3.0,0.30000000000000004,0.5,10.0,1,3610.0,18,40,19,45,105
181070,3.0,15.0,1.0,1.0,3.0,3.0,0.30000000000000004,0.5,10.0,2,3162.5,15,31,16,45,88
181070,3.0,15.0,1.0,1.0,3.0,3.0,0.30000000000000004,0.5,10.0,3,2513.125,9,26,15,44,76
181070,3.0,15.0,1.0,1.0,3.0,3.0,0.30000000000000004,0.5,10.0,4,1596.40625,7,23,15,44,71
181070,3.0,15.0,1.0,1.0,3.0,3.0,0.30000000000000004,0.5,10.0,5,405.5078125,6,21,15,44,68
181070,3.0,15.0,1.0,1.0,3.0,3.0,0.30000000000000004,0.5,10.0,6,0,5,13,11,28,45
181070,3.0,15.0,1.0,1.0,3.0,3.0,0.30000000000000004,0.5,10.0,7,0,3,7,4,17,20
181070,3.0,15.0,1.0,1.0,3.0,3.0,0.30000000000000004,0.5,10.0,8,0,2,3,3,7,11
181070,3.0,15.0,1.0,1.0,3.0,3.0,0.30000000000000004,0.5,10.0,9,0,1,1,1,5,4
181070,3.0,15.0,1.0,1.0,3.0,3.0,0.30000000000000004,0.5,10.0,10,0,1,1,1,1,3
181070,3.0,15.0,1.0,1.0,3.0,3.0,0.30000000000000004,0.5,10.0,11,0,0,1,0,1,1
181070,3.0,15.0,1.0,1.0,3.0,3.0,0.30000000000000004,0.5,10.0,12,0,0,1,0,0,1