Exp Num,agent:svo_convergence_factor,agent:params:metabolism,agent:params:consumption_factor,agent:params:procreate_cost_factor,agent:params:procreate_req_factor,agent:params:start_energy_factor,agent:params:caught_chance,agent:params:caught_cooldown_factor,agent:params:maximum_age,Epoch,Resource,A,B,C,D,E
195690,3.0,15.0,3.0,7.0,3.0,3.0,0.30000000000000004,0.4,10.0,0,3920.0,12,31,9,30,70
195690,3.0,15.0,3.0,7.0,3.0,3.0,0.30000000000000004,0.4,10.0,1,4000.0,12,31,9,30,70
195690,3.0,15.0,3.0,7.0,3.0,3.0,0.30000000000000004,0.4,10.0,2,3380.0,9,17,4,27,48
195690,3.0,15.0,3.0,7.0,3.0,3.0,0.30000000000000004,0.4,10.0,3,3505.0,8,15,4,25,45
195690,3.0,15.0,3.0,7.0,3.0,3.0,0.30000000000000004,0.4,10.0,4,3841.25,8,15,4,24,45
195690,3.0,15.0,3.0,7.0,3.0,3.0,0.30000000000000004,0.4,10.0,5,3721.5625,7,12,3,20,40
195690,3.0,15.0,3.0,7.0,3.0,3.0,0.30000000000000004,0.4,10.0,6,3976.953125,6,9,2,20,34
195690,3.0,15.0,3.0,7.0,3.0,3.0,0.30000000000000004,0.4,10.0,7,4521.19140625,5,9,2,20,33
195690,3.0,15.0,3.0,7.0,3.0,3.0,0.30000000000000004,0.4,10.0,8,4751.4892578125,5,7,2,18,31
195690,3.0,15.0,3.0,7.0,3.0,3.0,0.30000000000000004,0.4,10.0,9,5354.361572265625,4,7,2,16,29
195690,3.0,15.0,3.0,7.0,3.0,3.0,0.30000000000000004,0.4,10.0,10,5432.951965332031,4,5,2,8,23
195690,3.0,15.0,3.0,7.0,3.0,3.0,0.30000000000000004,0.4,10.0,11,6071.189956665039,3,4,1,5,15
195690,3.0,15.0,3.0,7.0,3.0,3.0,0.30000000000000004,0.4,10.0,12,7183.987445831299,2,3,0,1,10
195690,3.0,15.0,3.0,7.0,3.0,3.0,0.30000000000000004,0.4,10.0,13,8619.984307289124,1,3,0,1,6
195690,3.0,15.0,3.0,7.0,3.0,3.0,0.30000000000000004,0.4,10.0,14,9820.0,1,1,0,0,3
195690,3.0,15.0,3.0,7.0,3.0,3.0,0.30000000000000004,0.4,10.0,15,9910.0,1,0,0,0,2
195690,3.0,15.0,3.0,7.0,3.0,3.0,0.30000000000000004,0.4,10.0,16,9910.0,1,0,0,0,2
195690,3.0,15.0,3.0,7.0,3.0,3.0,0.30000000000000004,0.4,10.0,17,9955.0,0,0,0,0,1