Exp Num,agent:svo_convergence_factor,agent:params:metabolism,agent:params:consumption_factor,agent:params:procreate_cost_factor,agent:params:procreate_req_factor,agent:params:start_energy_factor,agent:params:caught_chance,agent:params:caught_cooldown_factor,agent:params:maximum_age,Epoch,Resource,A,B,C,D,E
188321,3.0,15.0,2.0,5.0,2.0,1.0,0.30000000000000004,0.5,20.0,0,2000.0,17,21,16,23,77
188321,3.0,15.0,2.0,5.0,2.0,1.0,0.30000000000000004,0.5,20.0,1,1570.0,17,21,16,23,77
188321,3.0,15.0,2.0,5.0,2.0,1.0,0.30000000000000004,0.5,20.0,2,0,13,20,14,20,70
188321,3.0,15.0,2.0,5.0,2.0,1.0,0.30000000000000004,0.5,20.0,3,0,11,19,13,18,65
188321,3.0,15.0,2.0,5.0,2.0,1.0,0.30000000000000004,0.5,20.0,4,0,7,12,5,12,35
188321,3.0,15.0,2.0,5.0,2.0,1.0,0.30000000000000004,0.5,20.0,5,0,5,10,3,5,24
188321,3.0,15.0,2.0,5.0,2.0,1.0,0.30000000000000004,0.5,20.0,6,0,4,9,2,2,17
188321,3.0,15.0,2.0,5.0,2.0,1.0,0.30000000000000004,0.5,20.0,7,0,3,5,0,2,9
188321,3.0,15.0,2.0,5.0,2.0,1.0,0.30000000000000004,0.5,20.0,8,0,0,4,0,1,4
188321,3.0,15.0,2.0,5.0,2.0,1.0,0.30000000000000004,0.5,20.0,9,0,0,2,0,1,2
188321,3.0,15.0,2.0,5.0,2.0,1.0,0.30000000000000004,0.5,20.0,10,0,0,1,0,0,1