Exp Num,agent:svo_convergence_factor,agent:params:metabolism,agent:params:consumption_factor,agent:params:procreate_cost_factor,agent:params:procreate_req_factor,agent:params:start_energy_factor,agent:params:caught_chance,agent:params:caught_cooldown_factor,agent:params:maximum_age,Epoch,Resource,A,B,C,D,E
108306,2.0,10.0,4.0,3.0,1.0,3.0,0.30000000000000004,0.2,20.0,0,3520.0,33,25,13,33,85
108306,2.0,10.0,4.0,3.0,1.0,3.0,0.30000000000000004,0.2,20.0,1,3240.0,40,31,17,35,102
108306,2.0,10.0,4.0,3.0,1.0,3.0,0.30000000000000004,0.2,20.0,2,1570.0,42,37,27,35,121
108306,2.0,10.0,4.0,3.0,1.0,3.0,0.30000000000000004,0.2,20.0,3,0,43,43,38,37,136
108306,2.0,10.0,4.0,3.0,1.0,3.0,0.30000000000000004,0.2,20.0,4,0,37,43,35,25,120
108306,2.0,10.0,4.0,3.0,1.0,3.0,0.30000000000000004,0.2,20.0,5,0,28,43,36,19,108
108306,2.0,10.0,4.0,3.0,1.0,3.0,0.30000000000000004,0.2,20.0,6,0,19,39,31,11,90
108306,2.0,10.0,4.0,3.0,1.0,3.0,0.30000000000000004,0.2,20.0,7,0,9,35,21,5,65
108306,2.0,10.0,4.0,3.0,1.0,3.0,0.30000000000000004,0.2,20.0,8,0,2,26,16,4,44
108306,2.0,10.0,4.0,3.0,1.0,3.0,0.30000000000000004,0.2,20.0,9,0,0,15,14,4,29
108306,2.0,10.0,4.0,3.0,1.0,3.0,0.30000000000000004,0.2,20.0,10,0,0,12,8,2,20
108306,2.0,10.0,4.0,3.0,1.0,3.0,0.30000000000000004,0.2,20.0,11,0,0,8,7,1,15
108306,2.0,10.0,4.0,3.0,1.0,3.0,0.30000000000000004,0.2,20.0,12,0,0,4,6,1,10
108306,2.0,10.0,4.0,3.0,1.0,3.0,0.30000000000000004,0.2,20.0,13,0,0,3,3,0,6
108306,2.0,10.0,4.0,3.0,1.0,3.0,0.30000000000000004,0.2,20.0,14,20.0,0,4,4,0,8
108306,2.0,10.0,4.0,3.0,1.0,3.0,0.30000000000000004,0.2,20.0,15,0,0,2,2,0,4
108306,2.0,10.0,4.0,3.0,1.0,3.0,0.30000000000000004,0.2,20.0,16,0,0,1,2,0,3
108306,2.0,10.0,4.0,3.0,1.0,3.0,0.30000000000000004,0.2,20.0,17,0,0,1,1,0,2
108306,2.0,10.0,4.0,3.0,1.0,3.0,0.30000000000000004,0.2,20.0,18,0,0,2,1,0,3
108306,2.0,10.0,4.0,3.0,1.0,3.0,0.30000000000000004,0.2,20.0,19,0,0,2,0,0,2
108306,2.0,10.0,4.0,3.0,1.0,3.0,0.30000000000000004,0.2,20.0,20,0,0,2,0,0,2
108306,2.0,10.0,4.0,3.0,1.0,3.0,0.30000000000000004,0.2,20.0,21,0,0,1,0,0,1