Exp Num,agent:svo_convergence_factor,agent:params:metabolism,agent:params:consumption_factor,agent:params:procreate_cost_factor,agent:params:procreate_req_factor,agent:params:start_energy_factor,agent:params:caught_chance,agent:params:caught_cooldown_factor,agent:params:maximum_age,Epoch,Resource,A,B,C,D,E
133761,2.0,15.0,4.0,7.0,3.0,3.0,0.1,0.30000000000000004,20.0,0,2180.0,21,24,10,30,70
133761,2.0,15.0,4.0,7.0,3.0,3.0,0.1,0.30000000000000004,20.0,1,445.0,21,24,10,30,70
133761,2.0,15.0,4.0,7.0,3.0,3.0,0.1,0.30000000000000004,20.0,2,0,18,20,8,17,55
133761,2.0,15.0,4.0,7.0,3.0,3.0,0.1,0.30000000000000004,20.0,3,0,18,19,8,13,52
133761,2.0,15.0,4.0,7.0,3.0,3.0,0.1,0.30000000000000004,20.0,4,0,18,19,8,13,51
133761,2.0,15.0,4.0,7.0,3.0,3.0,0.1,0.30000000000000004,20.0,5,0,18,19,8,13,51
133761,2.0,15.0,4.0,7.0,3.0,3.0,0.1,0.30000000000000004,20.0,6,0,15,16,5,9,39
133761,2.0,15.0,4.0,7.0,3.0,3.0,0.1,0.30000000000000004,20.0,7,0,15,13,4,6,33
133761,2.0,15.0,4.0,7.0,3.0,3.0,0.1,0.30000000000000004,20.0,8,0,11,11,3,3,26
133761,2.0,15.0,4.0,7.0,3.0,3.0,0.1,0.30000000000000004,20.0,9,0,11,10,3,1,25
133761,2.0,15.0,4.0,7.0,3.0,3.0,0.1,0.30000000000000004,20.0,10,0,10,5,2,1,18
133761,2.0,15.0,4.0,7.0,3.0,3.0,0.1,0.30000000000000004,20.0,11,0,6,5,0,1,12
133761,2.0,15.0,4.0,7.0,3.0,3.0,0.1,0.30000000000000004,20.0,12,0,6,2,0,1,8
133761,2.0,15.0,4.0,7.0,3.0,3.0,0.1,0.30000000000000004,20.0,13,0,5,2,0,1,7
133761,2.0,15.0,4.0,7.0,3.0,3.0,0.1,0.30000000000000004,20.0,14,0,2,1,0,1,3
133761,2.0,15.0,4.0,7.0,3.0,3.0,0.1,0.30000000000000004,20.0,15,0,2,1,0,1,3
133761,2.0,15.0,4.0,7.0,3.0,3.0,0.1,0.30000000000000004,20.0,16,0,2,0,0,1,2
133761,2.0,15.0,4.0,7.0,3.0,3.0,0.1,0.30000000000000004,20.0,17,0,2,0,0,1,2
133761,2.0,15.0,4.0,7.0,3.0,3.0,0.1,0.30000000000000004,20.0,18,0,1,0,0,1,1
133761,2.0,15.0,4.0,7.0,3.0,3.0,0.1,0.30000000000000004,20.0,19,0,1,0,0,0,1