Exp Num,agent:svo_convergence_factor,agent:params:metabolism,agent:params:consumption_factor,agent:params:procreate_cost_factor,agent:params:procreate_req_factor,agent:params:start_energy_factor,agent:params:caught_chance,agent:params:caught_cooldown_factor,agent:params:maximum_age,Epoch,Resource,A,B,C,D,E
117060,2.0,15.0,1.0,9.0,1.0,1.0,0.30000000000000004,0.30000000000000004,10.0,0,3500.0,18,28,11,28,72
117060,2.0,15.0,1.0,9.0,1.0,1.0,0.30000000000000004,0.30000000000000004,10.0,1,2875.0,18,28,11,28,72
117060,2.0,15.0,1.0,9.0,1.0,1.0,0.30000000000000004,0.30000000000000004,10.0,2,2093.75,18,28,11,28,72
117060,2.0,15.0,1.0,9.0,1.0,1.0,0.30000000000000004,0.30000000000000004,10.0,3,1117.1875,18,28,11,28,72
117060,2.0,15.0,1.0,9.0,1.0,1.0,0.30000000000000004,0.30000000000000004,10.0,4,0,18,26,10,27,69
117060,2.0,15.0,1.0,9.0,1.0,1.0,0.30000000000000004,0.30000000000000004,10.0,5,0,7,18,5,11,37
117060,2.0,15.0,1.0,9.0,1.0,1.0,0.30000000000000004,0.30000000000000004,10.0,6,0,4,10,3,5,19
117060,2.0,15.0,1.0,9.0,1.0,1.0,0.30000000000000004,0.30000000000000004,10.0,7,0,3,8,0,0,12
117060,2.0,15.0,1.0,9.0,1.0,1.0,0.30000000000000004,0.30000000000000004,10.0,8,0,1,5,0,0,6
117060,2.0,15.0,1.0,9.0,1.0,1.0,0.30000000000000004,0.30000000000000004,10.0,9,0,0,3,0,0,3
117060,2.0,15.0,1.0,9.0,1.0,1.0,0.30000000000000004,0.30000000000000004,10.0,10,0,0,1,0,0,1