Exp Num,agent:svo_convergence_factor,agent:params:metabolism,agent:params:consumption_factor,agent:params:procreate_cost_factor,agent:params:procreate_req_factor,agent:params:start_energy_factor,agent:params:caught_chance,agent:params:caught_cooldown_factor,agent:params:maximum_age,Epoch,Resource,A,B,C,D,E
120442,2.0,15.0,2.0,5.0,1.0,1.0,0.30000000000000004,0.4,30.0,0,2000.0,13,23,10,39,61
120442,2.0,15.0,2.0,5.0,1.0,1.0,0.30000000000000004,0.4,30.0,1,1630.0,13,23,10,39,61
120442,2.0,15.0,2.0,5.0,1.0,1.0,0.30000000000000004,0.4,30.0,2,177.5,11,19,9,35,54
120442,2.0,15.0,2.0,5.0,1.0,1.0,0.30000000000000004,0.4,30.0,3,0,10,18,8,33,51
120442,2.0,15.0,2.0,5.0,1.0,1.0,0.30000000000000004,0.4,30.0,4,0,7,12,4,16,33
120442,2.0,15.0,2.0,5.0,1.0,1.0,0.30000000000000004,0.4,30.0,5,0,6,9,1,7,21
120442,2.0,15.0,2.0,5.0,1.0,1.0,0.30000000000000004,0.4,30.0,6,0,4,8,0,4,15
120442,2.0,15.0,2.0,5.0,1.0,1.0,0.30000000000000004,0.4,30.0,7,0,4,5,0,0,10
120442,2.0,15.0,2.0,5.0,1.0,1.0,0.30000000000000004,0.4,30.0,8,0,4,2,0,0,6
120442,2.0,15.0,2.0,5.0,1.0,1.0,0.30000000000000004,0.4,30.0,9,0,2,1,0,0,3
120442,2.0,15.0,2.0,5.0,1.0,1.0,0.30000000000000004,0.4,30.0,10,0,1,0,0,0,1