Exp Num,agent:svo_convergence_factor,agent:params:metabolism,agent:params:consumption_factor,agent:params:procreate_cost_factor,agent:params:procreate_req_factor,agent:params:start_energy_factor,agent:params:caught_chance,agent:params:caught_cooldown_factor,agent:params:maximum_age,Epoch,Resource,A,B,C,D,E
118809,2.0,15.0,2.0,1.0,2.0,3.0,0.30000000000000004,0.2,50.0,0,3920.0,24,34,23,43,107
118809,2.0,15.0,2.0,1.0,2.0,3.0,0.30000000000000004,0.2,50.0,1,2560.0,20,43,39,54,130
118809,2.0,15.0,2.0,1.0,2.0,3.0,0.30000000000000004,0.2,50.0,2,0,17,58,54,69,158
118809,2.0,15.0,2.0,1.0,2.0,3.0,0.30000000000000004,0.2,50.0,3,0,15,42,37,35,108
118809,2.0,15.0,2.0,1.0,2.0,3.0,0.30000000000000004,0.2,50.0,4,0,9,26,21,21,63
118809,2.0,15.0,2.0,1.0,2.0,3.0,0.30000000000000004,0.2,50.0,5,0,4,17,11,12,35
118809,2.0,15.0,2.0,1.0,2.0,3.0,0.30000000000000004,0.2,50.0,6,0,2,14,6,6,23
118809,2.0,15.0,2.0,1.0,2.0,3.0,0.30000000000000004,0.2,50.0,7,0,0,9,3,3,13
118809,2.0,15.0,2.0,1.0,2.0,3.0,0.30000000000000004,0.2,50.0,8,0,0,6,1,1,7
118809,2.0,15.0,2.0,1.0,2.0,3.0,0.30000000000000004,0.2,50.0,9,0,0,3,1,0,4
118809,2.0,15.0,2.0,1.0,2.0,3.0,0.30000000000000004,0.2,50.0,10,0,0,1,1,0,2
118809,2.0,15.0,2.0,1.0,2.0,3.0,0.30000000000000004,0.2,50.0,11,0,0,1,0,0,1