Exp Num,agent:svo_convergence_factor,agent:params:metabolism,agent:params:consumption_factor,agent:params:procreate_cost_factor,agent:params:procreate_req_factor,agent:params:start_energy_factor,agent:params:caught_chance,agent:params:caught_cooldown_factor,agent:params:maximum_age,Epoch,Resource,A,B,C,D,E
113384,2.0,15.0,1.0,1.0,3.0,2.0,0.1,0.2,50.0,0,3500.0,20,24,12,27,73
113384,2.0,15.0,1.0,1.0,3.0,2.0,0.1,0.2,50.0,1,2920.0,20,24,12,27,73
113384,2.0,15.0,1.0,1.0,3.0,2.0,0.1,0.2,50.0,2,2645.0,20,24,12,27,73
113384,2.0,15.0,1.0,1.0,3.0,2.0,0.1,0.2,50.0,3,2286.25,17,24,12,26,70
113384,2.0,15.0,1.0,1.0,3.0,2.0,0.1,0.2,50.0,4,1807.8125,16,24,11,24,68
113384,2.0,15.0,1.0,1.0,3.0,2.0,0.1,0.2,50.0,5,1074.765625,15,23,11,24,66
113384,2.0,15.0,1.0,1.0,3.0,2.0,0.1,0.2,50.0,6,188.45703125,13,21,11,24,62
113384,2.0,15.0,1.0,1.0,3.0,2.0,0.1,0.2,50.0,7,0,10,11,5,14,38
113384,2.0,15.0,1.0,1.0,3.0,2.0,0.1,0.2,50.0,8,0,5,5,4,8,19
113384,2.0,15.0,1.0,1.0,3.0,2.0,0.1,0.2,50.0,9,0,3,2,0,6,8
113384,2.0,15.0,1.0,1.0,3.0,2.0,0.1,0.2,50.0,10,0,1,1,0,4,3
113384,2.0,15.0,1.0,1.0,3.0,2.0,0.1,0.2,50.0,11,0,0,1,0,2,1
113384,2.0,15.0,1.0,1.0,3.0,2.0,0.1,0.2,50.0,12,0,0,1,0,0,1