Exp Num,agent:svo_convergence_factor,agent:params:metabolism,agent:params:consumption_factor,agent:params:procreate_cost_factor,agent:params:procreate_req_factor,agent:params:start_energy_factor,agent:params:caught_chance,agent:params:caught_cooldown_factor,agent:params:maximum_age,Epoch,Resource,A,B,C,D,E
183619,3.0,15.0,1.0,7.0,1.0,2.0,0.5,0.4,50.0,0,3500.0,18,33,8,30,70
183619,3.0,15.0,1.0,7.0,1.0,2.0,0.5,0.4,50.0,1,2980.0,18,33,8,30,70
183619,3.0,15.0,1.0,7.0,1.0,2.0,0.5,0.4,50.0,2,2795.0,17,32,8,29,68
183619,3.0,15.0,1.0,7.0,1.0,2.0,0.5,0.4,50.0,3,2533.75,17,27,6,26,61
183619,3.0,15.0,1.0,7.0,1.0,2.0,0.5,0.4,50.0,4,2297.1875,13,26,6,25,56
183619,3.0,15.0,1.0,7.0,1.0,2.0,0.5,0.4,50.0,5,2016.484375,12,20,5,25,48
183619,3.0,15.0,1.0,7.0,1.0,2.0,0.5,0.4,50.0,6,1710.60546875,11,18,4,25,44
183619,3.0,15.0,1.0,7.0,1.0,2.0,0.5,0.4,50.0,7,1418.2568359375,9,14,4,24,38
183619,3.0,15.0,1.0,7.0,1.0,2.0,0.5,0.4,50.0,8,977.821044921875,6,14,4,24,35
183619,3.0,15.0,1.0,7.0,1.0,2.0,0.5,0.4,50.0,9,442.27630615234375,3,14,4,24,32
183619,3.0,15.0,1.0,7.0,1.0,2.0,0.5,0.4,50.0,10,0,2,12,4,19,27
183619,3.0,15.0,1.0,7.0,1.0,2.0,0.5,0.4,50.0,11,0,1,7,2,8,15
183619,3.0,15.0,1.0,7.0,1.0,2.0,0.5,0.4,50.0,12,0,0,3,0,4,7
183619,3.0,15.0,1.0,7.0,1.0,2.0,0.5,0.4,50.0,13,0,0,3,0,1,4
183619,3.0,15.0,1.0,7.0,1.0,2.0,0.5,0.4,50.0,14,0,0,1,0,0,2
183619,3.0,15.0,1.0,7.0,1.0,2.0,0.5,0.4,50.0,15,0,0,0,0,0,1