Exp Num,agent:svo_convergence_factor,agent:params:metabolism,agent:params:consumption_factor,agent:params:procreate_cost_factor,agent:params:procreate_req_factor,agent:params:start_energy_factor,agent:params:caught_chance,agent:params:caught_cooldown_factor,agent:params:maximum_age,Epoch,Resource,A,B,C,D,E
195863,3.0,15.0,3.0,9.0,1.0,1.0,0.5,0.30000000000000004,40.0,0,500.0,16,30,10,24,76
195863,3.0,15.0,3.0,9.0,1.0,1.0,0.5,0.30000000000000004,40.0,1,0,16,30,10,24,76
195863,3.0,15.0,3.0,9.0,1.0,1.0,0.5,0.30000000000000004,40.0,2,0,16,30,10,24,76
195863,3.0,15.0,3.0,9.0,1.0,1.0,0.5,0.30000000000000004,40.0,3,0,7,20,4,12,40
195863,3.0,15.0,3.0,9.0,1.0,1.0,0.5,0.30000000000000004,40.0,4,0,6,12,0,6,24
195863,3.0,15.0,3.0,9.0,1.0,1.0,0.5,0.30000000000000004,40.0,5,0,5,8,0,4,15
195863,3.0,15.0,3.0,9.0,1.0,1.0,0.5,0.30000000000000004,40.0,6,0,5,5,0,2,11
195863,3.0,15.0,3.0,9.0,1.0,1.0,0.5,0.30000000000000004,40.0,7,0,4,3,0,2,8
195863,3.0,15.0,3.0,9.0,1.0,1.0,0.5,0.30000000000000004,40.0,8,0,1,2,0,2,4
195863,3.0,15.0,3.0,9.0,1.0,1.0,0.5,0.30000000000000004,40.0,9,0,1,0,0,1,2
195863,3.0,15.0,3.0,9.0,1.0,1.0,0.5,0.30000000000000004,40.0,10,0,0,0,0,0,1