Exp Num,agent:svo_convergence_factor,agent:params:metabolism,agent:params:consumption_factor,agent:params:procreate_cost_factor,agent:params:procreate_req_factor,agent:params:start_energy_factor,agent:params:caught_chance,agent:params:caught_cooldown_factor,agent:params:maximum_age,Epoch,Resource,A,B,C,D,E
171347,3.0,10.0,3.0,5.0,1.0,3.0,0.4,0.5,30.0,0,4100.0,18,31,16,34,81
171347,3.0,10.0,3.0,5.0,1.0,3.0,0.4,0.5,30.0,1,3655.0,18,34,18,36,86
171347,3.0,10.0,3.0,5.0,1.0,3.0,0.4,0.5,30.0,2,3398.75,12,31,17,30,75
171347,3.0,10.0,3.0,5.0,1.0,3.0,0.4,0.5,30.0,3,2928.4375,14,29,22,29,80
171347,3.0,10.0,3.0,5.0,1.0,3.0,0.4,0.5,30.0,4,2460.546875,18,33,26,31,92
171347,3.0,10.0,3.0,5.0,1.0,3.0,0.4,0.5,30.0,5,1755.68359375,22,36,28,31,101
171347,3.0,10.0,3.0,5.0,1.0,3.0,0.4,0.5,30.0,6,604.6044921875,23,37,28,32,103
171347,3.0,10.0,3.0,5.0,1.0,3.0,0.4,0.5,30.0,7,0,20,35,29,31,97
171347,3.0,10.0,3.0,5.0,1.0,3.0,0.4,0.5,30.0,8,0,17,33,23,23,83
171347,3.0,10.0,3.0,5.0,1.0,3.0,0.4,0.5,30.0,9,0,10,25,21,16,62
171347,3.0,10.0,3.0,5.0,1.0,3.0,0.4,0.5,30.0,10,0,8,22,17,11,51
171347,3.0,10.0,3.0,5.0,1.0,3.0,0.4,0.5,30.0,11,0,5,18,14,5,38
171347,3.0,10.0,3.0,5.0,1.0,3.0,0.4,0.5,30.0,12,0,4,18,11,2,33
171347,3.0,10.0,3.0,5.0,1.0,3.0,0.4,0.5,30.0,13,0,2,14,10,1,26
171347,3.0,10.0,3.0,5.0,1.0,3.0,0.4,0.5,30.0,14,0,2,8,8,1,18
171347,3.0,10.0,3.0,5.0,1.0,3.0,0.4,0.5,30.0,15,0,0,6,7,1,13
171347,3.0,10.0,3.0,5.0,1.0,3.0,0.4,0.5,30.0,16,0,0,3,6,1,9
171347,3.0,10.0,3.0,5.0,1.0,3.0,0.4,0.5,30.0,17,0,0,2,4,0,6
171347,3.0,10.0,3.0,5.0,1.0,3.0,0.4,0.5,30.0,18,100,0,2,2,0,4
171347,3.0,10.0,3.0,5.0,1.0,3.0,0.4,0.5,30.0,19,125.0,0,1,2,0,3
171347,3.0,10.0,3.0,5.0,1.0,3.0,0.4,0.5,30.0,20,126.25,0,1,2,0,3
171347,3.0,10.0,3.0,5.0,1.0,3.0,0.4,0.5,30.0,21,157.8125,0,1,1,0,2
171347,3.0,10.0,3.0,5.0,1.0,3.0,0.4,0.5,30.0,22,167.265625,0,1,1,0,2
171347,3.0,10.0,3.0,5.0,1.0,3.0,0.4,0.5,30.0,23,179.08203125,0,1,1,0,2
171347,3.0,10.0,3.0,5.0,1.0,3.0,0.4,0.5,30.0,24,193.8525390625,0,1,1,0,2
171347,3.0,10.0,3.0,5.0,1.0,3.0,0.4,0.5,30.0,25,212.315673828125,0,1,1,0,2
171347,3.0,10.0,3.0,5.0,1.0,3.0,0.4,0.5,30.0,26,235.39459228515625,0,1,0,0,1