Exp Num,agent:svo_convergence_factor,agent:params:metabolism,agent:params:consumption_factor,agent:params:procreate_cost_factor,agent:params:procreate_req_factor,agent:params:start_energy_factor,agent:params:caught_chance,agent:params:caught_cooldown_factor,agent:params:maximum_age,Epoch,Resource,A,B,C,D,E
10555,1.0,5.0,2.0,9.0,2.0,1.0,0.30000000000000004,0.2,10.0,0,4000.0,20,22,18,30,70
10555,1.0,5.0,2.0,9.0,2.0,1.0,0.30000000000000004,0.2,10.0,1,4000.0,20,22,18,30,70
10555,1.0,5.0,2.0,9.0,2.0,1.0,0.30000000000000004,0.2,10.0,2,4000.0,20,22,18,30,70
10555,1.0,5.0,2.0,9.0,2.0,1.0,0.30000000000000004,0.2,10.0,3,4000.0,20,22,18,30,70
10555,1.0,5.0,2.0,9.0,2.0,1.0,0.30000000000000004,0.2,10.0,4,4000.0,20,22,18,30,70
10555,1.0,5.0,2.0,9.0,2.0,1.0,0.30000000000000004,0.2,10.0,5,4000.0,20,22,18,30,70
10555,1.0,5.0,2.0,9.0,2.0,1.0,0.30000000000000004,0.2,10.0,6,4000.0,20,22,18,30,70
10555,1.0,5.0,2.0,9.0,2.0,1.0,0.30000000000000004,0.2,10.0,7,4000.0,20,22,18,30,70
10555,1.0,5.0,2.0,9.0,2.0,1.0,0.30000000000000004,0.2,10.0,8,4000.0,20,22,18,30,70
10555,1.0,5.0,2.0,9.0,2.0,1.0,0.30000000000000004,0.2,10.0,9,4000.0,20,22,18,30,70
10555,1.0,5.0,2.0,9.0,2.0,1.0,0.30000000000000004,0.2,10.0,10,4500.0,13,9,12,13,37
10555,1.0,5.0,2.0,9.0,2.0,1.0,0.30000000000000004,0.2,10.0,11,5375.0,7,3,8,6,19
10555,1.0,5.0,2.0,9.0,2.0,1.0,0.30000000000000004,0.2,10.0,12,6588.75,2,1,4,4,8
10555,1.0,5.0,2.0,9.0,2.0,1.0,0.30000000000000004,0.2,10.0,13,8175.9375,1,0,2,2,4
10555,1.0,5.0,2.0,9.0,2.0,1.0,0.30000000000000004,0.2,10.0,14,9970.0,1,0,1,1,2
10555,1.0,5.0,2.0,9.0,2.0,1.0,0.30000000000000004,0.2,10.0,15,9980.0,0,0,1,0,1