Exp Num,agent:svo_convergence_factor,agent:params:metabolism,agent:params:consumption_factor,agent:params:procreate_cost_factor,agent:params:procreate_req_factor,agent:params:start_energy_factor,agent:params:caught_chance,agent:params:caught_cooldown_factor,agent:params:maximum_age,Epoch,Resource,A,B,C,D,E
17329,1.0,5.0,4.0,1.0,2.0,1.0,0.4,0.1,50.0,0,3000.0,17,35,27,49,101
17329,1.0,5.0,4.0,1.0,2.0,1.0,0.4,0.1,50.0,1,2990.0,23,44,47,63,140
17329,1.0,5.0,4.0,1.0,2.0,1.0,0.4,0.1,50.0,2,1837.5,27,40,63,76,160
17329,1.0,5.0,4.0,1.0,2.0,1.0,0.4,0.1,50.0,3,436.875,32,54,89,99,210
17329,1.0,5.0,4.0,1.0,2.0,1.0,0.4,0.1,50.0,4,0,29,56,94,94,211
17329,1.0,5.0,4.0,1.0,2.0,1.0,0.4,0.1,50.0,5,0,26,45,69,72,165
17329,1.0,5.0,4.0,1.0,2.0,1.0,0.4,0.1,50.0,6,0,18,33,34,51,102
17329,1.0,5.0,4.0,1.0,2.0,1.0,0.4,0.1,50.0,7,0,13,27,17,33,66
17329,1.0,5.0,4.0,1.0,2.0,1.0,0.4,0.1,50.0,8,0,11,19,16,18,48
17329,1.0,5.0,4.0,1.0,2.0,1.0,0.4,0.1,50.0,9,0,6,16,9,11,31
17329,1.0,5.0,4.0,1.0,2.0,1.0,0.4,0.1,50.0,10,0,1,11,9,3,21
17329,1.0,5.0,4.0,1.0,2.0,1.0,0.4,0.1,50.0,11,0,1,7,6,0,14
17329,1.0,5.0,4.0,1.0,2.0,1.0,0.4,0.1,50.0,12,0,0,3,4,0,7
17329,1.0,5.0,4.0,1.0,2.0,1.0,0.4,0.1,50.0,13,0,0,1,2,0,3
17329,1.0,5.0,4.0,1.0,2.0,1.0,0.4,0.1,50.0,14,0,0,0,2,0,2
17329,1.0,5.0,4.0,1.0,2.0,1.0,0.4,0.1,50.0,15,100,0,0,3,0,3
17329,1.0,5.0,4.0,1.0,2.0,1.0,0.4,0.1,50.0,16,105.0,0,0,3,0,3
17329,1.0,5.0,4.0,1.0,2.0,1.0,0.4,0.1,50.0,17,111.25,0,0,2,0,2
17329,1.0,5.0,4.0,1.0,2.0,1.0,0.4,0.1,50.0,18,99.0625,0,0,3,0,3
17329,1.0,5.0,4.0,1.0,2.0,1.0,0.4,0.1,50.0,19,103.828125,0,0,4,0,4
17329,1.0,5.0,4.0,1.0,2.0,1.0,0.4,0.1,50.0,20,69.78515625,0,0,6,0,6
17329,1.0,5.0,4.0,1.0,2.0,1.0,0.4,0.1,50.0,21,47.2314453125,0,0,8,0,8
17329,1.0,5.0,4.0,1.0,2.0,1.0,0.4,0.1,50.0,22,39.039306640625,0,0,9,0,9
17329,1.0,5.0,4.0,1.0,2.0,1.0,0.4,0.1,50.0,23,0,0,0,10,0,10
17329,1.0,5.0,4.0,1.0,2.0,1.0,0.4,0.1,50.0,24,0,0,0,9,0,9
17329,1.0,5.0,4.0,1.0,2.0,1.0,0.4,0.1,50.0,25,0,0,0,5,0,5
17329,1.0,5.0,4.0,1.0,2.0,1.0,0.4,0.1,50.0,26,0,0,0,4,0,4
17329,1.0,5.0,4.0,1.0,2.0,1.0,0.4,0.1,50.0,27,0,0,0,2,0,2
17329,1.0,5.0,4.0,1.0,2.0,1.0,0.4,0.1,50.0,28,0,0,0,1,0,1