Exp Num,agent:svo_convergence_factor,agent:params:metabolism,agent:params:consumption_factor,agent:params:procreate_cost_factor,agent:params:procreate_req_factor,agent:params:start_energy_factor,agent:params:caught_chance,agent:params:caught_cooldown_factor,agent:params:maximum_age,Epoch,Resource,A,B,C,D,E
133550,2.0,15.0,4.0,7.0,3.0,1.0,0.30000000000000004,0.1,10.0,0,0,22,27,8,25,66
133550,2.0,15.0,4.0,7.0,3.0,1.0,0.30000000000000004,0.1,10.0,1,0,21,25,7,23,60
133550,2.0,15.0,4.0,7.0,3.0,1.0,0.30000000000000004,0.1,10.0,2,0,21,25,7,23,60
133550,2.0,15.0,4.0,7.0,3.0,1.0,0.30000000000000004,0.1,10.0,3,0,21,25,7,23,60
133550,2.0,15.0,4.0,7.0,3.0,1.0,0.30000000000000004,0.1,10.0,4,0,8,14,5,13,30
133550,2.0,15.0,4.0,7.0,3.0,1.0,0.30000000000000004,0.1,10.0,5,0,3,9,3,4,17
133550,2.0,15.0,4.0,7.0,3.0,1.0,0.30000000000000004,0.1,10.0,6,0,1,6,2,3,9
133550,2.0,15.0,4.0,7.0,3.0,1.0,0.30000000000000004,0.1,10.0,7,0,0,3,1,2,4
133550,2.0,15.0,4.0,7.0,3.0,1.0,0.30000000000000004,0.1,10.0,8,0,0,0,1,2,1
133550,2.0,15.0,4.0,7.0,3.0,1.0,0.30000000000000004,0.1,10.0,9,0,0,0,0,1,0