Exp Num,agent:svo_convergence_factor,agent:params:metabolism,agent:params:consumption_factor,agent:params:procreate_cost_factor,agent:params:procreate_req_factor,agent:params:start_energy_factor,agent:params:caught_chance,agent:params:caught_cooldown_factor,agent:params:maximum_age,Epoch,Resource,A,B,C,D,E
106937,2.0,10.0,4.0,1.0,1.0,1.0,0.30000000000000004,0.30000000000000004,30.0,0,1000.0,33,43,19,32,118
106937,2.0,10.0,4.0,1.0,1.0,1.0,0.30000000000000004,0.30000000000000004,30.0,1,0,45,67,40,40,185
106937,2.0,10.0,4.0,1.0,1.0,1.0,0.30000000000000004,0.30000000000000004,30.0,2,0,46,49,44,25,158
106937,2.0,10.0,4.0,1.0,1.0,1.0,0.30000000000000004,0.30000000000000004,30.0,3,0,40,39,38,16,132
106937,2.0,10.0,4.0,1.0,1.0,1.0,0.30000000000000004,0.30000000000000004,30.0,4,0,27,32,33,15,101
106937,2.0,10.0,4.0,1.0,1.0,1.0,0.30000000000000004,0.30000000000000004,30.0,5,0,23,21,24,11,73
106937,2.0,10.0,4.0,1.0,1.0,1.0,0.30000000000000004,0.30000000000000004,30.0,6,0,14,17,16,10,52
106937,2.0,10.0,4.0,1.0,1.0,1.0,0.30000000000000004,0.30000000000000004,30.0,7,0,9,14,11,9,38
106937,2.0,10.0,4.0,1.0,1.0,1.0,0.30000000000000004,0.30000000000000004,30.0,8,0,6,7,10,5,27
106937,2.0,10.0,4.0,1.0,1.0,1.0,0.30000000000000004,0.30000000000000004,30.0,9,0,2,8,7,5,19
106937,2.0,10.0,4.0,1.0,1.0,1.0,0.30000000000000004,0.30000000000000004,30.0,10,0,2,5,4,4,12
106937,2.0,10.0,4.0,1.0,1.0,1.0,0.30000000000000004,0.30000000000000004,30.0,11,0,1,3,3,4,8
106937,2.0,10.0,4.0,1.0,1.0,1.0,0.30000000000000004,0.30000000000000004,30.0,12,0,2,1,2,4,6
106937,2.0,10.0,4.0,1.0,1.0,1.0,0.30000000000000004,0.30000000000000004,30.0,13,0,3,1,1,3,6
106937,2.0,10.0,4.0,1.0,1.0,1.0,0.30000000000000004,0.30000000000000004,30.0,14,0,2,1,0,1,4
106937,2.0,10.0,4.0,1.0,1.0,1.0,0.30000000000000004,0.30000000000000004,30.0,15,0,1,1,0,2,3
106937,2.0,10.0,4.0,1.0,1.0,1.0,0.30000000000000004,0.30000000000000004,30.0,16,0,1,0,0,1,1
106937,2.0,10.0,4.0,1.0,1.0,1.0,0.30000000000000004,0.30000000000000004,30.0,17,0,0,0,0,1,0