Exp Num,agent:svo_convergence_factor,agent:params:metabolism,agent:params:consumption_factor,agent:params:procreate_cost_factor,agent:params:procreate_req_factor,agent:params:start_energy_factor,agent:params:caught_chance,agent:params:caught_cooldown_factor,agent:params:maximum_age,Epoch,Resource,A,B,C,D,E
195585,3.0,15.0,3.0,7.0,3.0,2.0,0.4,0.30000000000000004,10.0,0,3875.0,21,26,10,28,72
195585,3.0,15.0,3.0,7.0,3.0,2.0,0.4,0.30000000000000004,10.0,1,2548.75,14,18,8,26,55
195585,3.0,15.0,3.0,7.0,3.0,2.0,0.4,0.30000000000000004,10.0,2,2105.9375,14,15,8,23,51
195585,3.0,15.0,3.0,7.0,3.0,2.0,0.4,0.30000000000000004,10.0,3,1957.421875,14,15,8,23,51
195585,3.0,15.0,3.0,7.0,3.0,2.0,0.4,0.30000000000000004,10.0,4,1321.77734375,12,8,8,20,42
195585,3.0,15.0,3.0,7.0,3.0,2.0,0.4,0.30000000000000004,10.0,5,1112.2216796875,8,7,7,19,35
195585,3.0,15.0,3.0,7.0,3.0,2.0,0.4,0.30000000000000004,10.0,6,940.277099609375,8,7,7,18,35
195585,3.0,15.0,3.0,7.0,3.0,2.0,0.4,0.30000000000000004,10.0,7,590.3463745117188,7,7,5,18,32
195585,3.0,15.0,3.0,7.0,3.0,2.0,0.4,0.30000000000000004,10.0,8,242.93296813964844,7,6,5,18,30
195585,3.0,15.0,3.0,7.0,3.0,2.0,0.4,0.30000000000000004,10.0,9,0,7,6,5,16,30
195585,3.0,15.0,3.0,7.0,3.0,2.0,0.4,0.30000000000000004,10.0,10,0,5,4,4,9,21
195585,3.0,15.0,3.0,7.0,3.0,2.0,0.4,0.30000000000000004,10.0,11,0,1,4,4,7,12
195585,3.0,15.0,3.0,7.0,3.0,2.0,0.4,0.30000000000000004,10.0,12,0,1,1,2,4,6
195585,3.0,15.0,3.0,7.0,3.0,2.0,0.4,0.30000000000000004,10.0,13,0,1,1,1,1,4
195585,3.0,15.0,3.0,7.0,3.0,2.0,0.4,0.30000000000000004,10.0,14,0,0,0,1,1,2
195585,3.0,15.0,3.0,7.0,3.0,2.0,0.4,0.30000000000000004,10.0,15,0,0,0,1,1,1
195585,3.0,15.0,3.0,7.0,3.0,2.0,0.4,0.30000000000000004,10.0,16,0,0,0,1,0,1