Exp Num,agent:svo_convergence_factor,agent:params:metabolism,agent:params:consumption_factor,agent:params:procreate_cost_factor,agent:params:procreate_req_factor,agent:params:start_energy_factor,agent:params:caught_chance,agent:params:caught_cooldown_factor,agent:params:maximum_age,Epoch,Resource,A,B,C,D,E
171074,3.0,10.0,3.0,5.0,1.0,1.0,0.30000000000000004,0.5,50.0,0,2000.0,22,25,9,31,69
171074,3.0,10.0,3.0,5.0,1.0,1.0,0.30000000000000004,0.5,50.0,1,1180.0,29,34,11,34,88
171074,3.0,10.0,3.0,5.0,1.0,1.0,0.30000000000000004,0.5,50.0,2,0,30,34,12,34,91
171074,3.0,10.0,3.0,5.0,1.0,1.0,0.30000000000000004,0.5,50.0,3,0,23,34,10,18,76
171074,3.0,10.0,3.0,5.0,1.0,1.0,0.30000000000000004,0.5,50.0,4,0,17,24,9,9,59
171074,3.0,10.0,3.0,5.0,1.0,1.0,0.30000000000000004,0.5,50.0,5,0,13,23,9,8,51
171074,3.0,10.0,3.0,5.0,1.0,1.0,0.30000000000000004,0.5,50.0,6,0,8,17,8,7,38
171074,3.0,10.0,3.0,5.0,1.0,1.0,0.30000000000000004,0.5,50.0,7,0,5,10,8,4,27
171074,3.0,10.0,3.0,5.0,1.0,1.0,0.30000000000000004,0.5,50.0,8,0,3,9,6,2,21
171074,3.0,10.0,3.0,5.0,1.0,1.0,0.30000000000000004,0.5,50.0,9,0,3,8,4,2,18
171074,3.0,10.0,3.0,5.0,1.0,1.0,0.30000000000000004,0.5,50.0,10,0,1,8,3,1,13
171074,3.0,10.0,3.0,5.0,1.0,1.0,0.30000000000000004,0.5,50.0,11,0,1,7,3,1,11
171074,3.0,10.0,3.0,5.0,1.0,1.0,0.30000000000000004,0.5,50.0,12,0,1,3,2,0,6
171074,3.0,10.0,3.0,5.0,1.0,1.0,0.30000000000000004,0.5,50.0,13,10.0,0,3,2,0,5
171074,3.0,10.0,3.0,5.0,1.0,1.0,0.30000000000000004,0.5,50.0,14,0,0,3,2,0,5
171074,3.0,10.0,3.0,5.0,1.0,1.0,0.30000000000000004,0.5,50.0,15,0,0,3,1,0,4
171074,3.0,10.0,3.0,5.0,1.0,1.0,0.30000000000000004,0.5,50.0,16,0,0,3,0,0,3
171074,3.0,10.0,3.0,5.0,1.0,1.0,0.30000000000000004,0.5,50.0,17,0,0,2,0,0,2
171074,3.0,10.0,3.0,5.0,1.0,1.0,0.30000000000000004,0.5,50.0,18,0,0,1,0,0,1