Exp Num,agent:svo_convergence_factor,agent:params:metabolism,agent:params:consumption_factor,agent:params:procreate_cost_factor,agent:params:procreate_req_factor,agent:params:start_energy_factor,agent:params:caught_chance,agent:params:caught_cooldown_factor,agent:params:maximum_age,Epoch,Resource,A,B,C,D,E
126070,2.0,15.0,3.0,5.0,1.0,1.0,0.30000000000000004,0.5,10.0,0,500.0,15,26,16,24,76
126070,2.0,15.0,3.0,5.0,1.0,1.0,0.30000000000000004,0.5,10.0,1,0,15,28,20,24,82
126070,2.0,15.0,3.0,5.0,1.0,1.0,0.30000000000000004,0.5,10.0,2,0,15,22,19,22,75
126070,2.0,15.0,3.0,5.0,1.0,1.0,0.30000000000000004,0.5,10.0,3,0,10,12,13,10,44
126070,2.0,15.0,3.0,5.0,1.0,1.0,0.30000000000000004,0.5,10.0,4,0,5,11,7,5,27
126070,2.0,15.0,3.0,5.0,1.0,1.0,0.30000000000000004,0.5,10.0,5,0,2,9,5,2,17
126070,2.0,15.0,3.0,5.0,1.0,1.0,0.30000000000000004,0.5,10.0,6,0,0,6,5,1,12
126070,2.0,15.0,3.0,5.0,1.0,1.0,0.30000000000000004,0.5,10.0,7,0,0,5,4,1,9
126070,2.0,15.0,3.0,5.0,1.0,1.0,0.30000000000000004,0.5,10.0,8,0,0,5,3,0,8
126070,2.0,15.0,3.0,5.0,1.0,1.0,0.30000000000000004,0.5,10.0,9,0,0,3,2,0,5
126070,2.0,15.0,3.0,5.0,1.0,1.0,0.30000000000000004,0.5,10.0,10,0,0,1,2,0,3
126070,2.0,15.0,3.0,5.0,1.0,1.0,0.30000000000000004,0.5,10.0,11,0,0,0,2,0,2
126070,2.0,15.0,3.0,5.0,1.0,1.0,0.30000000000000004,0.5,10.0,12,10.0,0,0,3,0,3
126070,2.0,15.0,3.0,5.0,1.0,1.0,0.30000000000000004,0.5,10.0,13,0,0,0,2,0,2
126070,2.0,15.0,3.0,5.0,1.0,1.0,0.30000000000000004,0.5,10.0,14,0,0,0,2,0,2
126070,2.0,15.0,3.0,5.0,1.0,1.0,0.30000000000000004,0.5,10.0,15,0,0,0,1,0,1