Exp Num,agent:svo_convergence_factor,agent:params:metabolism,agent:params:consumption_factor,agent:params:procreate_cost_factor,agent:params:procreate_req_factor,agent:params:start_energy_factor,agent:params:caught_chance,agent:params:caught_cooldown_factor,agent:params:maximum_age,Epoch,Resource,A,B,C,D,E
192337,3.0,15.0,3.0,1.0,3.0,3.0,0.4,0.30000000000000004,30.0,0,3695.0,24,30,11,34,80
192337,3.0,15.0,3.0,1.0,3.0,3.0,0.4,0.30000000000000004,30.0,1,3403.75,32,36,16,37,99
192337,3.0,15.0,3.0,1.0,3.0,3.0,0.4,0.30000000000000004,30.0,2,1959.6875,37,33,14,35,101
192337,3.0,15.0,3.0,1.0,3.0,3.0,0.4,0.30000000000000004,30.0,3,244.609375,46,30,18,35,115
192337,3.0,15.0,3.0,1.0,3.0,3.0,0.4,0.30000000000000004,30.0,4,0,46,25,16,27,99
192337,3.0,15.0,3.0,1.0,3.0,3.0,0.4,0.30000000000000004,30.0,5,0,38,22,10,17,75
192337,3.0,15.0,3.0,1.0,3.0,3.0,0.4,0.30000000000000004,30.0,6,0,26,10,7,9,48
192337,3.0,15.0,3.0,1.0,3.0,3.0,0.4,0.30000000000000004,30.0,7,0,19,5,3,4,30
192337,3.0,15.0,3.0,1.0,3.0,3.0,0.4,0.30000000000000004,30.0,8,0,11,3,1,2,16
192337,3.0,15.0,3.0,1.0,3.0,3.0,0.4,0.30000000000000004,30.0,9,0,7,2,0,1,10
192337,3.0,15.0,3.0,1.0,3.0,3.0,0.4,0.30000000000000004,30.0,10,0,5,1,0,0,6
192337,3.0,15.0,3.0,1.0,3.0,3.0,0.4,0.30000000000000004,30.0,11,0,2,1,0,0,3
192337,3.0,15.0,3.0,1.0,3.0,3.0,0.4,0.30000000000000004,30.0,12,0,1,0,0,0,1