Exp Num,agent:svo_convergence_factor,agent:params:metabolism,agent:params:consumption_factor,agent:params:procreate_cost_factor,agent:params:procreate_req_factor,agent:params:start_energy_factor,agent:params:caught_chance,agent:params:caught_cooldown_factor,agent:params:maximum_age,Epoch,Resource,A,B,C,D,E
115279,2.0,15.0,1.0,5.0,2.0,2.0,0.2,0.1,50.0,0,3500.0,15,33,10,27,73
115279,2.0,15.0,1.0,5.0,2.0,2.0,0.2,0.1,50.0,1,2935.0,15,33,10,27,73
115279,2.0,15.0,1.0,5.0,2.0,2.0,0.2,0.1,50.0,2,2648.75,15,33,10,27,73
115279,2.0,15.0,1.0,5.0,2.0,2.0,0.2,0.1,50.0,3,2440.9375,13,32,9,26,69
115279,2.0,15.0,1.0,5.0,2.0,2.0,0.2,0.1,50.0,4,1956.171875,11,29,9,26,64
115279,2.0,15.0,1.0,5.0,2.0,2.0,0.2,0.1,50.0,5,1260.21484375,11,27,8,26,61
115279,2.0,15.0,1.0,5.0,2.0,2.0,0.2,0.1,50.0,6,390.2685546875,11,26,8,26,60
115279,2.0,15.0,1.0,5.0,2.0,2.0,0.2,0.1,50.0,7,0,8,20,5,20,41
115279,2.0,15.0,1.0,5.0,2.0,2.0,0.2,0.1,50.0,8,0,6,7,3,12,20
115279,2.0,15.0,1.0,5.0,2.0,2.0,0.2,0.1,50.0,9,0,3,6,1,5,11
115279,2.0,15.0,1.0,5.0,2.0,2.0,0.2,0.1,50.0,10,0,2,3,1,1,7
115279,2.0,15.0,1.0,5.0,2.0,2.0,0.2,0.1,50.0,11,0,2,1,0,0,4
115279,2.0,15.0,1.0,5.0,2.0,2.0,0.2,0.1,50.0,12,0,0,1,0,0,2
115279,2.0,15.0,1.0,5.0,2.0,2.0,0.2,0.1,50.0,13,0,0,1,0,0,1