Exp Num,agent:svo_convergence_factor,agent:params:metabolism,agent:params:consumption_factor,agent:params:procreate_cost_factor,agent:params:procreate_req_factor,agent:params:start_energy_factor,agent:params:caught_chance,agent:params:caught_cooldown_factor,agent:params:maximum_age,Epoch,Resource,A,B,C,D,E
142772,3.0,5.0,2.0,3.0,3.0,3.0,0.1,0.5,30.0,0,4000.0,20,30,7,28,72
142772,3.0,5.0,2.0,3.0,3.0,3.0,0.1,0.5,30.0,1,4000.0,20,30,7,28,72
142772,3.0,5.0,2.0,3.0,3.0,3.0,0.1,0.5,30.0,2,4000.0,20,30,7,28,72
142772,3.0,5.0,2.0,3.0,3.0,3.0,0.1,0.5,30.0,3,4000.0,20,30,7,28,72
142772,3.0,5.0,2.0,3.0,3.0,3.0,0.1,0.5,30.0,4,4000.0,20,30,7,28,72
142772,3.0,5.0,2.0,3.0,3.0,3.0,0.1,0.5,30.0,5,4000.0,27,48,15,39,111
142772,3.0,5.0,2.0,3.0,3.0,3.0,0.1,0.5,30.0,6,3500.0,27,48,15,39,111
142772,3.0,5.0,2.0,3.0,3.0,3.0,0.1,0.5,30.0,7,2935.0,27,48,15,39,111
142772,3.0,5.0,2.0,3.0,3.0,3.0,0.1,0.5,30.0,8,2588.75,38,61,31,48,154
142772,3.0,5.0,2.0,3.0,3.0,3.0,0.1,0.5,30.0,9,2265.9375,38,61,31,48,154
142772,3.0,5.0,2.0,3.0,3.0,3.0,0.1,0.5,30.0,10,1912.421875,39,62,31,48,156
142772,3.0,5.0,2.0,3.0,3.0,3.0,0.1,0.5,30.0,11,1600.52734375,48,69,34,48,175
142772,3.0,5.0,2.0,3.0,3.0,3.0,0.1,0.5,30.0,12,990.6591796875,48,71,34,48,177
142772,3.0,5.0,2.0,3.0,3.0,3.0,0.1,0.5,30.0,13,248.323974609375,50,76,37,48,187
142772,3.0,5.0,2.0,3.0,3.0,3.0,0.1,0.5,30.0,14,0,49,72,35,44,173
142772,3.0,5.0,2.0,3.0,3.0,3.0,0.1,0.5,30.0,15,0,48,69,33,39,159
142772,3.0,5.0,2.0,3.0,3.0,3.0,0.1,0.5,30.0,16,0,46,66,28,26,145
142772,3.0,5.0,2.0,3.0,3.0,3.0,0.1,0.5,30.0,17,0,45,60,28,20,135
142772,3.0,5.0,2.0,3.0,3.0,3.0,0.1,0.5,30.0,18,0,43,57,23,12,125
142772,3.0,5.0,2.0,3.0,3.0,3.0,0.1,0.5,30.0,19,0,36,44,18,9,99
142772,3.0,5.0,2.0,3.0,3.0,3.0,0.1,0.5,30.0,20,0,29,29,11,7,69
142772,3.0,5.0,2.0,3.0,3.0,3.0,0.1,0.5,30.0,21,0,19,17,6,5,42
142772,3.0,5.0,2.0,3.0,3.0,3.0,0.1,0.5,30.0,22,0,14,14,5,1,33
142772,3.0,5.0,2.0,3.0,3.0,3.0,0.1,0.5,30.0,23,0,7,8,4,1,19
142772,3.0,5.0,2.0,3.0,3.0,3.0,0.1,0.5,30.0,24,0,3,7,3,1,13
142772,3.0,5.0,2.0,3.0,3.0,3.0,0.1,0.5,30.0,25,30.0,3,6,2,1,11
142772,3.0,5.0,2.0,3.0,3.0,3.0,0.1,0.5,30.0,26,0,3,4,2,1,9
142772,3.0,5.0,2.0,3.0,3.0,3.0,0.1,0.5,30.0,27,0,3,4,0,1,7
142772,3.0,5.0,2.0,3.0,3.0,3.0,0.1,0.5,30.0,28,0,2,2,0,1,4
142772,3.0,5.0,2.0,3.0,3.0,3.0,0.1,0.5,30.0,29,0,0,2,0,1,2
142772,3.0,5.0,2.0,3.0,3.0,3.0,0.1,0.5,30.0,30,0,0,1,0,0,1