Exp Num,agent:svo_convergence_factor,agent:params:metabolism,agent:params:consumption_factor,agent:params:procreate_cost_factor,agent:params:procreate_req_factor,agent:params:start_energy_factor,agent:params:caught_chance,agent:params:caught_cooldown_factor,agent:params:maximum_age,Epoch,Resource,A,B,C,D,E
115106,2.0,15.0,1.0,5.0,1.0,3.0,0.5,0.2,20.0,0,3500.0,21,26,10,27,73
115106,2.0,15.0,1.0,5.0,1.0,3.0,0.5,0.2,20.0,1,2980.0,21,26,10,27,73
115106,2.0,15.0,1.0,5.0,1.0,3.0,0.5,0.2,20.0,2,2870.0,21,26,10,27,73
115106,2.0,15.0,1.0,5.0,1.0,3.0,0.5,0.2,20.0,3,2822.5,20,24,10,25,70
115106,2.0,15.0,1.0,5.0,1.0,3.0,0.5,0.2,20.0,4,2748.125,15,18,8,23,56
115106,2.0,15.0,1.0,5.0,1.0,3.0,0.5,0.2,20.0,5,2520.15625,14,13,8,21,50
115106,2.0,15.0,1.0,5.0,1.0,3.0,0.5,0.2,20.0,6,2205.1953125,13,13,8,20,49
115106,2.0,15.0,1.0,5.0,1.0,3.0,0.5,0.2,20.0,7,1946.494140625,12,13,8,20,48
115106,2.0,15.0,1.0,5.0,1.0,3.0,0.5,0.2,20.0,8,1773.11767578125,12,13,8,20,48
115106,2.0,15.0,1.0,5.0,1.0,3.0,0.5,0.2,20.0,9,1691.3970947265625,8,10,7,19,40
115106,2.0,15.0,1.0,5.0,1.0,3.0,0.5,0.2,20.0,10,1544.2463684082031,8,9,6,18,38
115106,2.0,15.0,1.0,5.0,1.0,3.0,0.5,0.2,20.0,11,1330.307960510254,5,8,5,18,33
115106,2.0,15.0,1.0,5.0,1.0,3.0,0.5,0.2,20.0,12,1167.8849506378174,4,4,5,18,28
115106,2.0,15.0,1.0,5.0,1.0,3.0,0.5,0.2,20.0,13,904.8561882972717,3,4,5,17,27
115106,2.0,15.0,1.0,5.0,1.0,3.0,0.5,0.2,20.0,14,576.0702353715897,1,4,5,17,25
115106,2.0,15.0,1.0,5.0,1.0,3.0,0.5,0.2,20.0,15,135.08779421448708,1,3,5,17,24
115106,2.0,15.0,1.0,5.0,1.0,3.0,0.5,0.2,20.0,16,0,0,2,3,13,13
115106,2.0,15.0,1.0,5.0,1.0,3.0,0.5,0.2,20.0,17,0,0,0,0,9,4
115106,2.0,15.0,1.0,5.0,1.0,3.0,0.5,0.2,20.0,18,0,0,0,0,4,2
115106,2.0,15.0,1.0,5.0,1.0,3.0,0.5,0.2,20.0,19,0,0,0,0,3,0
115106,2.0,15.0,1.0,5.0,1.0,3.0,0.5,0.2,20.0,20,0,0,0,0,1,0