Exp Num,agent:svo_convergence_factor,agent:params:metabolism,agent:params:consumption_factor,agent:params:procreate_cost_factor,agent:params:procreate_req_factor,agent:params:start_energy_factor,agent:params:caught_chance,agent:params:caught_cooldown_factor,agent:params:maximum_age,Epoch,Resource,A,B,C,D,E
169110,3.0,10.0,3.0,1.0,1.0,3.0,0.5,0.30000000000000004,10.0,0,4130.0,27,38,30,24,126
169110,3.0,10.0,3.0,1.0,1.0,3.0,0.5,0.30000000000000004,10.0,1,3002.5,26,48,41,36,153
169110,3.0,10.0,3.0,1.0,1.0,3.0,0.5,0.30000000000000004,10.0,2,1923.125,34,68,57,52,211
169110,3.0,10.0,3.0,1.0,1.0,3.0,0.5,0.30000000000000004,10.0,3,0,40,75,72,66,240
169110,3.0,10.0,3.0,1.0,1.0,3.0,0.5,0.30000000000000004,10.0,4,0,37,72,67,51,204
169110,3.0,10.0,3.0,1.0,1.0,3.0,0.5,0.30000000000000004,10.0,5,0,30,67,49,37,165
169110,3.0,10.0,3.0,1.0,1.0,3.0,0.5,0.30000000000000004,10.0,6,0,18,47,45,33,120
169110,3.0,10.0,3.0,1.0,1.0,3.0,0.5,0.30000000000000004,10.0,7,0,10,41,33,24,87
169110,3.0,10.0,3.0,1.0,1.0,3.0,0.5,0.30000000000000004,10.0,8,0,4,26,26,16,58
169110,3.0,10.0,3.0,1.0,1.0,3.0,0.5,0.30000000000000004,10.0,9,0,2,16,23,9,42
169110,3.0,10.0,3.0,1.0,1.0,3.0,0.5,0.30000000000000004,10.0,10,0,2,11,19,4,32
169110,3.0,10.0,3.0,1.0,1.0,3.0,0.5,0.30000000000000004,10.0,11,0,2,8,12,2,22
169110,3.0,10.0,3.0,1.0,1.0,3.0,0.5,0.30000000000000004,10.0,12,0,1,6,7,2,14
169110,3.0,10.0,3.0,1.0,1.0,3.0,0.5,0.30000000000000004,10.0,13,0,0,5,4,1,9
169110,3.0,10.0,3.0,1.0,1.0,3.0,0.5,0.30000000000000004,10.0,14,10.0,0,4,6,1,10
169110,3.0,10.0,3.0,1.0,1.0,3.0,0.5,0.30000000000000004,10.0,15,0,0,2,3,1,5
169110,3.0,10.0,3.0,1.0,1.0,3.0,0.5,0.30000000000000004,10.0,16,0,0,3,1,1,4
169110,3.0,10.0,3.0,1.0,1.0,3.0,0.5,0.30000000000000004,10.0,17,0,0,2,2,0,4
169110,3.0,10.0,3.0,1.0,1.0,3.0,0.5,0.30000000000000004,10.0,18,0,0,0,2,0,2
169110,3.0,10.0,3.0,1.0,1.0,3.0,0.5,0.30000000000000004,10.0,19,0,0,0,1,0,1