Exp Num,agent:svo_convergence_factor,agent:params:metabolism,agent:params:consumption_factor,agent:params:procreate_cost_factor,agent:params:procreate_req_factor,agent:params:start_energy_factor,agent:params:caught_chance,agent:params:caught_cooldown_factor,agent:params:maximum_age,Epoch,Resource,A,B,C,D,E
110535,2.0,10.0,4.0,7.0,1.0,3.0,0.2,0.30000000000000004,10.0,0,3320.0,27,27,12,24,76
110535,2.0,10.0,4.0,7.0,1.0,3.0,0.2,0.30000000000000004,10.0,1,2670.0,30,31,13,26,84
110535,2.0,10.0,4.0,7.0,1.0,3.0,0.2,0.30000000000000004,10.0,2,1017.5,23,37,12,27,81
110535,2.0,10.0,4.0,7.0,1.0,3.0,0.2,0.30000000000000004,10.0,3,0,22,46,14,25,91
110535,2.0,10.0,4.0,7.0,1.0,3.0,0.2,0.30000000000000004,10.0,4,0,14,49,14,22,86
110535,2.0,10.0,4.0,7.0,1.0,3.0,0.2,0.30000000000000004,10.0,5,0,11,51,14,21,85
110535,2.0,10.0,4.0,7.0,1.0,3.0,0.2,0.30000000000000004,10.0,6,0,7,46,12,14,70
110535,2.0,10.0,4.0,7.0,1.0,3.0,0.2,0.30000000000000004,10.0,7,0,6,40,11,6,60
110535,2.0,10.0,4.0,7.0,1.0,3.0,0.2,0.30000000000000004,10.0,8,0,6,39,6,3,52
110535,2.0,10.0,4.0,7.0,1.0,3.0,0.2,0.30000000000000004,10.0,9,0,4,37,5,0,46
110535,2.0,10.0,4.0,7.0,1.0,3.0,0.2,0.30000000000000004,10.0,10,0,2,31,5,0,38
110535,2.0,10.0,4.0,7.0,1.0,3.0,0.2,0.30000000000000004,10.0,11,0,1,25,3,0,29
110535,2.0,10.0,4.0,7.0,1.0,3.0,0.2,0.30000000000000004,10.0,12,0,1,17,2,0,20
110535,2.0,10.0,4.0,7.0,1.0,3.0,0.2,0.30000000000000004,10.0,13,0,1,13,1,0,15
110535,2.0,10.0,4.0,7.0,1.0,3.0,0.2,0.30000000000000004,10.0,14,0,0,9,1,0,10
110535,2.0,10.0,4.0,7.0,1.0,3.0,0.2,0.30000000000000004,10.0,15,0,0,6,1,0,7
110535,2.0,10.0,4.0,7.0,1.0,3.0,0.2,0.30000000000000004,10.0,16,0,0,5,0,0,5
110535,2.0,10.0,4.0,7.0,1.0,3.0,0.2,0.30000000000000004,10.0,17,0,0,4,0,0,4
110535,2.0,10.0,4.0,7.0,1.0,3.0,0.2,0.30000000000000004,10.0,18,0,0,2,0,0,2
110535,2.0,10.0,4.0,7.0,1.0,3.0,0.2,0.30000000000000004,10.0,19,0,0,2,0,0,2
110535,2.0,10.0,4.0,7.0,1.0,3.0,0.2,0.30000000000000004,10.0,20,0,0,2,0,0,2
110535,2.0,10.0,4.0,7.0,1.0,3.0,0.2,0.30000000000000004,10.0,21,0,0,1,0,0,1