Exp Num,agent:svo_convergence_factor,agent:params:metabolism,agent:params:consumption_factor,agent:params:procreate_cost_factor,agent:params:procreate_req_factor,agent:params:start_energy_factor,agent:params:caught_chance,agent:params:caught_cooldown_factor,agent:params:maximum_age,Epoch,Resource,A,B,C,D,E
126067,2.0,15.0,3.0,5.0,1.0,1.0,0.30000000000000004,0.4,30.0,0,500.0,24,25,8,27,73
126067,2.0,15.0,3.0,5.0,1.0,1.0,0.30000000000000004,0.4,30.0,1,0,25,27,11,27,79
126067,2.0,15.0,3.0,5.0,1.0,1.0,0.30000000000000004,0.4,30.0,2,0,23,23,10,26,71
126067,2.0,15.0,3.0,5.0,1.0,1.0,0.30000000000000004,0.4,30.0,3,0,15,10,9,15,42
126067,2.0,15.0,3.0,5.0,1.0,1.0,0.30000000000000004,0.4,30.0,4,0,9,8,7,6,26
126067,2.0,15.0,3.0,5.0,1.0,1.0,0.30000000000000004,0.4,30.0,5,0,6,5,8,3,19
126067,2.0,15.0,3.0,5.0,1.0,1.0,0.30000000000000004,0.4,30.0,6,0,3,4,7,1,14
126067,2.0,15.0,3.0,5.0,1.0,1.0,0.30000000000000004,0.4,30.0,7,0,2,3,4,0,9
126067,2.0,15.0,3.0,5.0,1.0,1.0,0.30000000000000004,0.4,30.0,8,0,1,1,4,0,6
126067,2.0,15.0,3.0,5.0,1.0,1.0,0.30000000000000004,0.4,30.0,9,0,0,1,3,0,4
126067,2.0,15.0,3.0,5.0,1.0,1.0,0.30000000000000004,0.4,30.0,10,0,0,0,2,0,2
126067,2.0,15.0,3.0,5.0,1.0,1.0,0.30000000000000004,0.4,30.0,11,0,0,0,2,0,2
126067,2.0,15.0,3.0,5.0,1.0,1.0,0.30000000000000004,0.4,30.0,12,100,0,0,2,0,2
126067,2.0,15.0,3.0,5.0,1.0,1.0,0.30000000000000004,0.4,30.0,13,35.0,0,0,2,0,2
126067,2.0,15.0,3.0,5.0,1.0,1.0,0.30000000000000004,0.4,30.0,14,0,0,0,2,0,2
126067,2.0,15.0,3.0,5.0,1.0,1.0,0.30000000000000004,0.4,30.0,15,0,0,0,2,0,2
126067,2.0,15.0,3.0,5.0,1.0,1.0,0.30000000000000004,0.4,30.0,16,0,0,0,1,0,1