Exp Num,agent:svo_convergence_factor,agent:params:metabolism,agent:params:consumption_factor,agent:params:procreate_cost_factor,agent:params:procreate_req_factor,agent:params:start_energy_factor,agent:params:caught_chance,agent:params:caught_cooldown_factor,agent:params:maximum_age,Epoch,Resource,A,B,C,D,E
110568,2.0,10.0,4.0,7.0,1.0,3.0,0.30000000000000004,0.4,40.0,0,3800.0,17,26,11,23,77
110568,2.0,10.0,4.0,7.0,1.0,3.0,0.30000000000000004,0.4,40.0,1,3710.0,19,29,12,23,83
110568,2.0,10.0,4.0,7.0,1.0,3.0,0.30000000000000004,0.4,40.0,2,2957.5,19,21,11,20,73
110568,2.0,10.0,4.0,7.0,1.0,3.0,0.30000000000000004,0.4,40.0,3,2336.875,18,24,17,19,81
110568,2.0,10.0,4.0,7.0,1.0,3.0,0.30000000000000004,0.4,40.0,4,1161.09375,19,31,20,20,92
110568,2.0,10.0,4.0,7.0,1.0,3.0,0.30000000000000004,0.4,40.0,5,291.3671875,21,41,23,20,107
110568,2.0,10.0,4.0,7.0,1.0,3.0,0.30000000000000004,0.4,40.0,6,0,15,46,20,15,93
110568,2.0,10.0,4.0,7.0,1.0,3.0,0.30000000000000004,0.4,40.0,7,0,11,44,17,10,77
110568,2.0,10.0,4.0,7.0,1.0,3.0,0.30000000000000004,0.4,40.0,8,0,9,42,15,5,68
110568,2.0,10.0,4.0,7.0,1.0,3.0,0.30000000000000004,0.4,40.0,9,0,9,40,12,5,62
110568,2.0,10.0,4.0,7.0,1.0,3.0,0.30000000000000004,0.4,40.0,10,0,5,40,12,4,57
110568,2.0,10.0,4.0,7.0,1.0,3.0,0.30000000000000004,0.4,40.0,11,0,5,35,8,4,48
110568,2.0,10.0,4.0,7.0,1.0,3.0,0.30000000000000004,0.4,40.0,12,0,4,28,5,3,37
110568,2.0,10.0,4.0,7.0,1.0,3.0,0.30000000000000004,0.4,40.0,13,0,4,22,3,1,29
110568,2.0,10.0,4.0,7.0,1.0,3.0,0.30000000000000004,0.4,40.0,14,0,2,18,0,1,20
110568,2.0,10.0,4.0,7.0,1.0,3.0,0.30000000000000004,0.4,40.0,15,0,2,13,0,1,15
110568,2.0,10.0,4.0,7.0,1.0,3.0,0.30000000000000004,0.4,40.0,16,0,1,9,0,1,10
110568,2.0,10.0,4.0,7.0,1.0,3.0,0.30000000000000004,0.4,40.0,17,60.0,0,6,0,1,6
110568,2.0,10.0,4.0,7.0,1.0,3.0,0.30000000000000004,0.4,40.0,18,35.0,0,3,0,1,3
110568,2.0,10.0,4.0,7.0,1.0,3.0,0.30000000000000004,0.4,40.0,19,3.75,0,3,0,1,3
110568,2.0,10.0,4.0,7.0,1.0,3.0,0.30000000000000004,0.4,40.0,20,0,0,2,0,1,2
110568,2.0,10.0,4.0,7.0,1.0,3.0,0.30000000000000004,0.4,40.0,21,0,0,2,0,1,2
110568,2.0,10.0,4.0,7.0,1.0,3.0,0.30000000000000004,0.4,40.0,22,0,0,1,0,0,1