Exp Num,agent:svo_convergence_factor,agent:params:metabolism,agent:params:consumption_factor,agent:params:procreate_cost_factor,agent:params:procreate_req_factor,agent:params:start_energy_factor,agent:params:caught_chance,agent:params:caught_cooldown_factor,agent:params:maximum_age,Epoch,Resource,A,B,C,D,E
104309,2.0,10.0,3.0,5.0,3.0,1.0,0.30000000000000004,0.2,50.0,0,2000.0,15,21,16,34,66
104309,2.0,10.0,3.0,5.0,3.0,1.0,0.30000000000000004,0.2,50.0,1,1390.0,15,21,16,34,66
104309,2.0,10.0,3.0,5.0,3.0,1.0,0.30000000000000004,0.2,50.0,2,837.5,15,21,16,34,66
104309,2.0,10.0,3.0,5.0,3.0,1.0,0.30000000000000004,0.2,50.0,3,0,11,16,16,29,54
104309,2.0,10.0,3.0,5.0,3.0,1.0,0.30000000000000004,0.2,50.0,4,0,11,14,13,28,48
104309,2.0,10.0,3.0,5.0,3.0,1.0,0.30000000000000004,0.2,50.0,5,0,11,14,13,27,48
104309,2.0,10.0,3.0,5.0,3.0,1.0,0.30000000000000004,0.2,50.0,6,0,6,11,8,17,30
104309,2.0,10.0,3.0,5.0,3.0,1.0,0.30000000000000004,0.2,50.0,7,0,6,9,5,12,23
104309,2.0,10.0,3.0,5.0,3.0,1.0,0.30000000000000004,0.2,50.0,8,0,5,6,4,7,16
104309,2.0,10.0,3.0,5.0,3.0,1.0,0.30000000000000004,0.2,50.0,9,0,5,5,4,5,15
104309,2.0,10.0,3.0,5.0,3.0,1.0,0.30000000000000004,0.2,50.0,10,0,5,2,2,5,9
104309,2.0,10.0,3.0,5.0,3.0,1.0,0.30000000000000004,0.2,50.0,11,0,4,2,1,2,7
104309,2.0,10.0,3.0,5.0,3.0,1.0,0.30000000000000004,0.2,50.0,12,0,2,1,1,2,4
104309,2.0,10.0,3.0,5.0,3.0,1.0,0.30000000000000004,0.2,50.0,13,0,1,1,1,2,3
104309,2.0,10.0,3.0,5.0,3.0,1.0,0.30000000000000004,0.2,50.0,14,70.0,1,1,1,1,3
104309,2.0,10.0,3.0,5.0,3.0,1.0,0.30000000000000004,0.2,50.0,15,57.5,1,0,1,1,2
104309,2.0,10.0,3.0,5.0,3.0,1.0,0.30000000000000004,0.2,50.0,16,71.875,0,0,0,1,0