Exp Num,agent:svo_convergence_factor,agent:params:metabolism,agent:params:consumption_factor,agent:params:procreate_cost_factor,agent:params:procreate_req_factor,agent:params:start_energy_factor,agent:params:caught_chance,agent:params:caught_cooldown_factor,agent:params:maximum_age,Epoch,Resource,A,B,C,D,E
166884,3.0,10.0,2.0,7.0,2.0,1.0,0.1,0.2,50.0,0,3000.0,17,30,16,24,76
166884,3.0,10.0,2.0,7.0,2.0,1.0,0.1,0.2,50.0,1,2730.0,17,30,16,24,76
166884,3.0,10.0,2.0,7.0,2.0,1.0,0.1,0.2,50.0,2,2072.5,16,28,16,24,72
166884,3.0,10.0,2.0,7.0,2.0,1.0,0.1,0.2,50.0,3,1710.625,16,28,16,24,72
166884,3.0,10.0,2.0,7.0,2.0,1.0,0.1,0.2,50.0,4,978.28125,11,27,15,22,65
166884,3.0,10.0,2.0,7.0,2.0,1.0,0.1,0.2,50.0,5,442.8515625,11,27,15,22,64
166884,3.0,10.0,2.0,7.0,2.0,1.0,0.1,0.2,50.0,6,0,10,26,15,17,60
166884,3.0,10.0,2.0,7.0,2.0,1.0,0.1,0.2,50.0,7,0,10,26,15,11,56
166884,3.0,10.0,2.0,7.0,2.0,1.0,0.1,0.2,50.0,8,0,9,20,10,5,39
166884,3.0,10.0,2.0,7.0,2.0,1.0,0.1,0.2,50.0,9,0,8,17,8,3,33
166884,3.0,10.0,2.0,7.0,2.0,1.0,0.1,0.2,50.0,10,0,7,11,3,3,21
166884,3.0,10.0,2.0,7.0,2.0,1.0,0.1,0.2,50.0,11,0,5,8,2,1,15
166884,3.0,10.0,2.0,7.0,2.0,1.0,0.1,0.2,50.0,12,0,4,6,1,0,11
166884,3.0,10.0,2.0,7.0,2.0,1.0,0.1,0.2,50.0,13,0,3,4,1,0,8
166884,3.0,10.0,2.0,7.0,2.0,1.0,0.1,0.2,50.0,14,0,2,4,0,0,6
166884,3.0,10.0,2.0,7.0,2.0,1.0,0.1,0.2,50.0,15,0,2,3,0,0,5
166884,3.0,10.0,2.0,7.0,2.0,1.0,0.1,0.2,50.0,16,0,1,2,0,0,3
166884,3.0,10.0,2.0,7.0,2.0,1.0,0.1,0.2,50.0,17,100,1,1,0,0,2
166884,3.0,10.0,2.0,7.0,2.0,1.0,0.1,0.2,50.0,18,105.0,1,0,0,0,1