Exp Num,agent:svo_convergence_factor,agent:params:metabolism,agent:params:consumption_factor,agent:params:procreate_cost_factor,agent:params:procreate_req_factor,agent:params:start_energy_factor,agent:params:caught_chance,agent:params:caught_cooldown_factor,agent:params:maximum_age,Epoch,Resource,A,B,C,D,E
192432,3.0,15.0,3.0,3.0,1.0,1.0,0.30000000000000004,0.2,30.0,0,500.0,23,28,24,49,101
192432,3.0,15.0,3.0,3.0,1.0,1.0,0.30000000000000004,0.2,30.0,1,0,18,22,20,37,77
192432,3.0,15.0,3.0,3.0,1.0,1.0,0.30000000000000004,0.2,30.0,2,0,15,18,18,34,63
192432,3.0,15.0,3.0,3.0,1.0,1.0,0.30000000000000004,0.2,30.0,3,0,12,20,14,25,52
192432,3.0,15.0,3.0,3.0,1.0,1.0,0.30000000000000004,0.2,30.0,4,0,12,18,8,19,41
192432,3.0,15.0,3.0,3.0,1.0,1.0,0.30000000000000004,0.2,30.0,5,0,10,17,2,11,30
192432,3.0,15.0,3.0,3.0,1.0,1.0,0.30000000000000004,0.2,30.0,6,0,6,12,2,6,20
192432,3.0,15.0,3.0,3.0,1.0,1.0,0.30000000000000004,0.2,30.0,7,0,4,11,1,3,16
192432,3.0,15.0,3.0,3.0,1.0,1.0,0.30000000000000004,0.2,30.0,8,0,1,9,1,2,11
192432,3.0,15.0,3.0,3.0,1.0,1.0,0.30000000000000004,0.2,30.0,9,0,0,8,1,2,9
192432,3.0,15.0,3.0,3.0,1.0,1.0,0.30000000000000004,0.2,30.0,10,0,0,3,1,2,4
192432,3.0,15.0,3.0,3.0,1.0,1.0,0.30000000000000004,0.2,30.0,11,0,0,2,1,1,3
192432,3.0,15.0,3.0,3.0,1.0,1.0,0.30000000000000004,0.2,30.0,12,10.0,0,2,2,1,4
192432,3.0,15.0,3.0,3.0,1.0,1.0,0.30000000000000004,0.2,30.0,13,0,0,1,3,0,4
192432,3.0,15.0,3.0,3.0,1.0,1.0,0.30000000000000004,0.2,30.0,14,0,0,1,2,0,3
192432,3.0,15.0,3.0,3.0,1.0,1.0,0.30000000000000004,0.2,30.0,15,0,0,0,1,0,1