Exp Num,agent:svo_convergence_factor,agent:params:metabolism,agent:params:consumption_factor,agent:params:procreate_cost_factor,agent:params:procreate_req_factor,agent:params:start_energy_factor,agent:params:caught_chance,agent:params:caught_cooldown_factor,agent:params:maximum_age,Epoch,Resource,A,B,C,D,E
118288,2.0,15.0,2.0,1.0,1.0,2.0,0.2,0.30000000000000004,40.0,0,3560.0,28,42,21,40,110
118288,2.0,15.0,2.0,1.0,1.0,2.0,0.2,0.30000000000000004,40.0,1,1930.0,37,59,44,51,164
118288,2.0,15.0,2.0,1.0,1.0,2.0,0.2,0.30000000000000004,40.0,2,0,39,80,60,50,200
118288,2.0,15.0,2.0,1.0,1.0,2.0,0.2,0.30000000000000004,40.0,3,0,38,71,58,29,176
118288,2.0,15.0,2.0,1.0,1.0,2.0,0.2,0.30000000000000004,40.0,4,0,26,57,46,20,133
118288,2.0,15.0,2.0,1.0,1.0,2.0,0.2,0.30000000000000004,40.0,5,0,14,43,30,16,91
118288,2.0,15.0,2.0,1.0,1.0,2.0,0.2,0.30000000000000004,40.0,6,0,7,31,23,11,63
118288,2.0,15.0,2.0,1.0,1.0,2.0,0.2,0.30000000000000004,40.0,7,0,6,29,14,4,49
118288,2.0,15.0,2.0,1.0,1.0,2.0,0.2,0.30000000000000004,40.0,8,0,3,20,11,1,34
118288,2.0,15.0,2.0,1.0,1.0,2.0,0.2,0.30000000000000004,40.0,9,0,3,12,9,0,24
118288,2.0,15.0,2.0,1.0,1.0,2.0,0.2,0.30000000000000004,40.0,10,0,3,11,8,0,22
118288,2.0,15.0,2.0,1.0,1.0,2.0,0.2,0.30000000000000004,40.0,11,0,1,6,6,0,13
118288,2.0,15.0,2.0,1.0,1.0,2.0,0.2,0.30000000000000004,40.0,12,0,1,5,3,0,9
118288,2.0,15.0,2.0,1.0,1.0,2.0,0.2,0.30000000000000004,40.0,13,0,1,4,2,0,7
118288,2.0,15.0,2.0,1.0,1.0,2.0,0.2,0.30000000000000004,40.0,14,0,1,4,0,0,5
118288,2.0,15.0,2.0,1.0,1.0,2.0,0.2,0.30000000000000004,40.0,15,0,1,2,0,0,3
118288,2.0,15.0,2.0,1.0,1.0,2.0,0.2,0.30000000000000004,40.0,16,0,0,2,0,0,2
118288,2.0,15.0,2.0,1.0,1.0,2.0,0.2,0.30000000000000004,40.0,17,0,0,1,0,0,1