Exp Num,agent:svo_convergence_factor,agent:params:metabolism,agent:params:consumption_factor,agent:params:procreate_cost_factor,agent:params:procreate_req_factor,agent:params:start_energy_factor,agent:params:caught_chance,agent:params:caught_cooldown_factor,agent:params:maximum_age,Epoch,Resource,A,B,C,D,E
114505,2.0,15.0,1.0,3.0,3.0,2.0,0.1,0.2,10.0,0,3500.0,21,26,8,27,73
114505,2.0,15.0,1.0,3.0,3.0,2.0,0.1,0.2,10.0,1,2950.0,21,26,8,27,73
114505,2.0,15.0,1.0,3.0,3.0,2.0,0.1,0.2,10.0,2,2577.5,21,26,8,27,73
114505,2.0,15.0,1.0,3.0,3.0,2.0,0.1,0.2,10.0,3,2231.875,20,25,8,27,70
114505,2.0,15.0,1.0,3.0,3.0,2.0,0.1,0.2,10.0,4,1694.84375,19,23,8,27,67
114505,2.0,15.0,1.0,3.0,3.0,2.0,0.1,0.2,10.0,5,933.5546875,15,22,8,27,62
114505,2.0,15.0,1.0,3.0,3.0,2.0,0.1,0.2,10.0,6,0,15,21,8,25,61
114505,2.0,15.0,1.0,3.0,3.0,2.0,0.1,0.2,10.0,7,0,11,13,4,9,37
114505,2.0,15.0,1.0,3.0,3.0,2.0,0.1,0.2,10.0,8,0,7,8,1,5,20
114505,2.0,15.0,1.0,3.0,3.0,2.0,0.1,0.2,10.0,9,0,4,3,1,2,10
114505,2.0,15.0,1.0,3.0,3.0,2.0,0.1,0.2,10.0,10,0,3,1,1,1,5
114505,2.0,15.0,1.0,3.0,3.0,2.0,0.1,0.2,10.0,11,0,2,1,0,0,3
114505,2.0,15.0,1.0,3.0,3.0,2.0,0.1,0.2,10.0,12,0,0,1,0,0,1