Exp Num,agent:svo_convergence_factor,agent:params:metabolism,agent:params:consumption_factor,agent:params:procreate_cost_factor,agent:params:procreate_req_factor,agent:params:start_energy_factor,agent:params:caught_chance,agent:params:caught_cooldown_factor,agent:params:maximum_age,Epoch,Resource,A,B,C,D,E
153367,3.0,5.0,4.0,3.0,1.0,3.0,0.5,0.4,30.0,0,3740.0,19,43,26,25,106
153367,3.0,5.0,4.0,3.0,1.0,3.0,0.5,0.4,30.0,1,4055.0,21,60,32,28,132
153367,3.0,5.0,4.0,3.0,1.0,3.0,0.5,0.4,30.0,2,4188.75,24,64,42,30,151
153367,3.0,5.0,4.0,3.0,1.0,3.0,0.5,0.4,30.0,3,4135.9375,20,69,50,36,162
153367,3.0,5.0,4.0,3.0,1.0,3.0,0.5,0.4,30.0,4,3809.921875,16,64,59,48,169
153367,3.0,5.0,4.0,3.0,1.0,3.0,0.5,0.4,30.0,5,3042.40234375,16,63,77,68,190
153367,3.0,5.0,4.0,3.0,1.0,3.0,0.5,0.4,30.0,6,1623.0029296875,17,67,101,95,226
153367,3.0,5.0,4.0,3.0,1.0,3.0,0.5,0.4,30.0,7,0,17,77,126,106,268
153367,3.0,5.0,4.0,3.0,1.0,3.0,0.5,0.4,30.0,8,0,18,59,124,80,234
153367,3.0,5.0,4.0,3.0,1.0,3.0,0.5,0.4,30.0,9,0,15,55,111,65,203
153367,3.0,5.0,4.0,3.0,1.0,3.0,0.5,0.4,30.0,10,0,14,42,89,43,159
153367,3.0,5.0,4.0,3.0,1.0,3.0,0.5,0.4,30.0,11,0,9,33,65,27,117
153367,3.0,5.0,4.0,3.0,1.0,3.0,0.5,0.4,30.0,12,0,4,23,53,17,86
153367,3.0,5.0,4.0,3.0,1.0,3.0,0.5,0.4,30.0,13,0,3,13,34,14,54
153367,3.0,5.0,4.0,3.0,1.0,3.0,0.5,0.4,30.0,14,0,0,8,25,6,37
153367,3.0,5.0,4.0,3.0,1.0,3.0,0.5,0.4,30.0,15,0,0,4,17,4,25
153367,3.0,5.0,4.0,3.0,1.0,3.0,0.5,0.4,30.0,16,0,0,2,13,3,19
153367,3.0,5.0,4.0,3.0,1.0,3.0,0.5,0.4,30.0,17,0,0,2,7,3,12
153367,3.0,5.0,4.0,3.0,1.0,3.0,0.5,0.4,30.0,18,0,0,2,5,5,12
153367,3.0,5.0,4.0,3.0,1.0,3.0,0.5,0.4,30.0,19,0,0,1,1,5,6
153367,3.0,5.0,4.0,3.0,1.0,3.0,0.5,0.4,30.0,20,0,0,0,0,3,3
153367,3.0,5.0,4.0,3.0,1.0,3.0,0.5,0.4,30.0,21,0,0,0,0,3,3
153367,3.0,5.0,4.0,3.0,1.0,3.0,0.5,0.4,30.0,22,0,0,0,0,2,3
153367,3.0,5.0,4.0,3.0,1.0,3.0,0.5,0.4,30.0,23,0,0,0,0,2,1
153367,3.0,5.0,4.0,3.0,1.0,3.0,0.5,0.4,30.0,24,0,0,0,0,1,1
153367,3.0,5.0,4.0,3.0,1.0,3.0,0.5,0.4,30.0,25,0,0,0,0,1,1
153367,3.0,5.0,4.0,3.0,1.0,3.0,0.5,0.4,30.0,26,0,0,0,0,1,0