Exp Num,agent:svo_convergence_factor,agent:params:metabolism,agent:params:consumption_factor,agent:params:procreate_cost_factor,agent:params:procreate_req_factor,agent:params:start_energy_factor,agent:params:caught_chance,agent:params:caught_cooldown_factor,agent:params:maximum_age,Epoch,Resource,A,B,C,D,E
184751,3.0,15.0,1.0,9.0,1.0,3.0,0.1,0.1,20.0,0,3500.0,16,25,8,32,68
184751,3.0,15.0,1.0,9.0,1.0,3.0,0.1,0.1,20.0,1,2935.0,16,25,8,32,68
184751,3.0,15.0,1.0,9.0,1.0,3.0,0.1,0.1,20.0,2,2693.75,16,25,8,32,68
184751,3.0,15.0,1.0,9.0,1.0,3.0,0.1,0.1,20.0,3,2557.1875,16,25,8,32,68
184751,3.0,15.0,1.0,9.0,1.0,3.0,0.1,0.1,20.0,4,2341.484375,15,23,8,32,65
184751,3.0,15.0,1.0,9.0,1.0,3.0,0.1,0.1,20.0,5,1801.85546875,14,23,8,32,64
184751,3.0,15.0,1.0,9.0,1.0,3.0,0.1,0.1,20.0,6,1082.3193359375,13,21,8,32,61
184751,3.0,15.0,1.0,9.0,1.0,3.0,0.1,0.1,20.0,7,287.899169921875,13,21,7,30,60
184751,3.0,15.0,1.0,9.0,1.0,3.0,0.1,0.1,20.0,8,0,12,15,6,18,45
184751,3.0,15.0,1.0,9.0,1.0,3.0,0.1,0.1,20.0,9,0,10,7,3,8,28
184751,3.0,15.0,1.0,9.0,1.0,3.0,0.1,0.1,20.0,10,0,7,5,1,2,17
184751,3.0,15.0,1.0,9.0,1.0,3.0,0.1,0.1,20.0,11,0,6,2,1,1,10
184751,3.0,15.0,1.0,9.0,1.0,3.0,0.1,0.1,20.0,12,0,4,0,1,1,5
184751,3.0,15.0,1.0,9.0,1.0,3.0,0.1,0.1,20.0,13,0,2,0,1,0,3
184751,3.0,15.0,1.0,9.0,1.0,3.0,0.1,0.1,20.0,14,0,0,0,1,0,1