Exp Num,agent:svo_convergence_factor,agent:params:metabolism,agent:params:consumption_factor,agent:params:procreate_cost_factor,agent:params:procreate_req_factor,agent:params:start_energy_factor,agent:params:caught_chance,agent:params:caught_cooldown_factor,agent:params:maximum_age,Epoch,Resource,A,B,C,D,E
133446,2.0,15.0,4.0,7.0,2.0,3.0,0.30000000000000004,0.5,20.0,0,2900.0,23,36,6,16,84
133446,2.0,15.0,4.0,7.0,2.0,3.0,0.30000000000000004,0.5,20.0,1,1945.0,23,36,6,16,84
133446,2.0,15.0,4.0,7.0,2.0,3.0,0.30000000000000004,0.5,20.0,2,0,18,29,3,14,67
133446,2.0,15.0,4.0,7.0,2.0,3.0,0.30000000000000004,0.5,20.0,3,0,17,28,1,12,59
133446,2.0,15.0,4.0,7.0,2.0,3.0,0.30000000000000004,0.5,20.0,4,0,16,28,1,12,58
133446,2.0,15.0,4.0,7.0,2.0,3.0,0.30000000000000004,0.5,20.0,5,0,16,28,1,12,58
133446,2.0,15.0,4.0,7.0,2.0,3.0,0.30000000000000004,0.5,20.0,6,0,14,20,1,7,40
133446,2.0,15.0,4.0,7.0,2.0,3.0,0.30000000000000004,0.5,20.0,7,0,12,12,1,2,26
133446,2.0,15.0,4.0,7.0,2.0,3.0,0.30000000000000004,0.5,20.0,8,0,10,10,1,2,21
133446,2.0,15.0,4.0,7.0,2.0,3.0,0.30000000000000004,0.5,20.0,9,0,10,9,1,1,20
133446,2.0,15.0,4.0,7.0,2.0,3.0,0.30000000000000004,0.5,20.0,10,0,10,8,1,1,19
133446,2.0,15.0,4.0,7.0,2.0,3.0,0.30000000000000004,0.5,20.0,11,0,10,7,1,0,18
133446,2.0,15.0,4.0,7.0,2.0,3.0,0.30000000000000004,0.5,20.0,12,0,10,5,0,0,15
133446,2.0,15.0,4.0,7.0,2.0,3.0,0.30000000000000004,0.5,20.0,13,100,9,4,0,0,13
133446,2.0,15.0,4.0,7.0,2.0,3.0,0.30000000000000004,0.5,20.0,14,65.0,7,4,0,0,11
133446,2.0,15.0,4.0,7.0,2.0,3.0,0.30000000000000004,0.5,20.0,15,81.25,5,2,0,0,7
133446,2.0,15.0,4.0,7.0,2.0,3.0,0.30000000000000004,0.5,20.0,16,101.5625,4,1,0,0,5
133446,2.0,15.0,4.0,7.0,2.0,3.0,0.30000000000000004,0.5,20.0,17,126.953125,4,0,0,0,4
133446,2.0,15.0,4.0,7.0,2.0,3.0,0.30000000000000004,0.5,20.0,18,98.69140625,4,0,0,0,4
133446,2.0,15.0,4.0,7.0,2.0,3.0,0.30000000000000004,0.5,20.0,19,63.3642578125,3,0,0,0,3
133446,2.0,15.0,4.0,7.0,2.0,3.0,0.30000000000000004,0.5,20.0,20,0,3,0,0,0,3
133446,2.0,15.0,4.0,7.0,2.0,3.0,0.30000000000000004,0.5,20.0,21,0,3,0,0,0,3
133446,2.0,15.0,4.0,7.0,2.0,3.0,0.30000000000000004,0.5,20.0,22,0,2,0,0,0,2
133446,2.0,15.0,4.0,7.0,2.0,3.0,0.30000000000000004,0.5,20.0,23,0,2,0,0,0,2
133446,2.0,15.0,4.0,7.0,2.0,3.0,0.30000000000000004,0.5,20.0,24,0,1,0,0,0,1