Exp Num,agent:svo_convergence_factor,agent:params:metabolism,agent:params:consumption_factor,agent:params:procreate_cost_factor,agent:params:procreate_req_factor,agent:params:start_energy_factor,agent:params:caught_chance,agent:params:caught_cooldown_factor,agent:params:maximum_age,Epoch,Resource,A,B,C,D,E
147239,3.0,5.0,3.0,1.0,3.0,2.0,0.5,0.30000000000000004,50.0,0,3500.0,23,31,22,46,104
147239,3.0,5.0,3.0,1.0,3.0,2.0,0.5,0.30000000000000004,50.0,1,3790.0,28,38,28,47,122
147239,3.0,5.0,3.0,1.0,3.0,2.0,0.5,0.30000000000000004,50.0,2,3972.5,30,43,30,57,133
147239,3.0,5.0,3.0,1.0,3.0,2.0,0.5,0.30000000000000004,50.0,3,4065.625,23,50,31,61,133
147239,3.0,5.0,3.0,1.0,3.0,2.0,0.5,0.30000000000000004,50.0,4,4272.03125,21,55,34,60,142
147239,3.0,5.0,3.0,1.0,3.0,2.0,0.5,0.30000000000000004,50.0,5,4485.0390625,16,47,40,60,140
147239,3.0,5.0,3.0,1.0,3.0,2.0,0.5,0.30000000000000004,50.0,6,4496.298828125,17,43,49,70,150
147239,3.0,5.0,3.0,1.0,3.0,2.0,0.5,0.30000000000000004,50.0,7,4555.37353515625,16,39,52,80,155
147239,3.0,5.0,3.0,1.0,3.0,2.0,0.5,0.30000000000000004,50.0,8,4584.2169189453125,14,33,60,92,159
147239,3.0,5.0,3.0,1.0,3.0,2.0,0.5,0.30000000000000004,50.0,9,4500.271148681641,6,32,69,101,168
147239,3.0,5.0,3.0,1.0,3.0,2.0,0.5,0.30000000000000004,50.0,10,4230.338935852051,5,24,76,115,173
147239,3.0,5.0,3.0,1.0,3.0,2.0,0.5,0.30000000000000004,50.0,11,3742.9236698150635,3,19,81,134,181
147239,3.0,5.0,3.0,1.0,3.0,2.0,0.5,0.30000000000000004,50.0,12,2938.6545872688293,2,17,92,148,198
147239,3.0,5.0,3.0,1.0,3.0,2.0,0.5,0.30000000000000004,50.0,13,1933.3182340860367,3,12,98,170,211
147239,3.0,5.0,3.0,1.0,3.0,2.0,0.5,0.30000000000000004,50.0,14,256.64779260754585,3,10,104,190,230
147239,3.0,5.0,3.0,1.0,3.0,2.0,0.5,0.30000000000000004,50.0,15,0,2,6,84,145,180
147239,3.0,5.0,3.0,1.0,3.0,2.0,0.5,0.30000000000000004,50.0,16,0,1,4,59,89,117
147239,3.0,5.0,3.0,1.0,3.0,2.0,0.5,0.30000000000000004,50.0,17,0,0,3,41,52,69
147239,3.0,5.0,3.0,1.0,3.0,2.0,0.5,0.30000000000000004,50.0,18,0,0,0,27,29,38
147239,3.0,5.0,3.0,1.0,3.0,2.0,0.5,0.30000000000000004,50.0,19,0,0,0,16,15,24
147239,3.0,5.0,3.0,1.0,3.0,2.0,0.5,0.30000000000000004,50.0,20,0,0,0,9,8,14
147239,3.0,5.0,3.0,1.0,3.0,2.0,0.5,0.30000000000000004,50.0,21,0,0,0,7,4,9
147239,3.0,5.0,3.0,1.0,3.0,2.0,0.5,0.30000000000000004,50.0,22,0,0,0,5,2,5
147239,3.0,5.0,3.0,1.0,3.0,2.0,0.5,0.30000000000000004,50.0,23,0,0,0,2,1,2
147239,3.0,5.0,3.0,1.0,3.0,2.0,0.5,0.30000000000000004,50.0,24,0,0,0,0,1,0