Exp Num,agent:svo_convergence_factor,agent:params:metabolism,agent:params:consumption_factor,agent:params:procreate_cost_factor,agent:params:procreate_req_factor,agent:params:start_energy_factor,agent:params:caught_chance,agent:params:caught_cooldown_factor,agent:params:maximum_age,Epoch,Resource,A,B,C,D,E
168823,3.0,10.0,3.0,1.0,1.0,1.0,0.30000000000000004,0.5,40.0,0,2000.0,27,35,25,42,108
168823,3.0,10.0,3.0,1.0,1.0,1.0,0.30000000000000004,0.5,40.0,1,940.0,37,54,46,58,167
168823,3.0,10.0,3.0,1.0,1.0,1.0,0.30000000000000004,0.5,40.0,2,0,39,61,51,54,175
168823,3.0,10.0,3.0,1.0,1.0,1.0,0.30000000000000004,0.5,40.0,3,0,27,57,40,38,143
168823,3.0,10.0,3.0,1.0,1.0,1.0,0.30000000000000004,0.5,40.0,4,0,23,50,28,27,115
168823,3.0,10.0,3.0,1.0,1.0,1.0,0.30000000000000004,0.5,40.0,5,0,16,40,20,22,83
168823,3.0,10.0,3.0,1.0,1.0,1.0,0.30000000000000004,0.5,40.0,6,0,10,33,12,14,60
168823,3.0,10.0,3.0,1.0,1.0,1.0,0.30000000000000004,0.5,40.0,7,0,8,22,11,11,42
168823,3.0,10.0,3.0,1.0,1.0,1.0,0.30000000000000004,0.5,40.0,8,0,5,17,10,4,33
168823,3.0,10.0,3.0,1.0,1.0,1.0,0.30000000000000004,0.5,40.0,9,0,4,14,9,2,27
168823,3.0,10.0,3.0,1.0,1.0,1.0,0.30000000000000004,0.5,40.0,10,0,1,12,6,1,19
168823,3.0,10.0,3.0,1.0,1.0,1.0,0.30000000000000004,0.5,40.0,11,0,0,7,3,0,10
168823,3.0,10.0,3.0,1.0,1.0,1.0,0.30000000000000004,0.5,40.0,12,0,0,6,3,0,9
168823,3.0,10.0,3.0,1.0,1.0,1.0,0.30000000000000004,0.5,40.0,13,0,1,7,2,0,10
168823,3.0,10.0,3.0,1.0,1.0,1.0,0.30000000000000004,0.5,40.0,14,0,1,5,1,0,7
168823,3.0,10.0,3.0,1.0,1.0,1.0,0.30000000000000004,0.5,40.0,15,0,1,3,0,0,4
168823,3.0,10.0,3.0,1.0,1.0,1.0,0.30000000000000004,0.5,40.0,16,0,0,2,0,0,2
168823,3.0,10.0,3.0,1.0,1.0,1.0,0.30000000000000004,0.5,40.0,17,0,0,1,0,0,1