Exp Num,agent:svo_convergence_factor,agent:params:metabolism,agent:params:consumption_factor,agent:params:procreate_cost_factor,agent:params:procreate_req_factor,agent:params:start_energy_factor,agent:params:caught_chance,agent:params:caught_cooldown_factor,agent:params:maximum_age,Epoch,Resource,A,B,C,D,E
182621,3.0,15.0,1.0,5.0,1.0,3.0,0.5,0.5,20.0,0,3500.0,21,34,6,25,75
182621,3.0,15.0,1.0,5.0,1.0,3.0,0.5,0.5,20.0,1,2995.0,21,34,6,25,75
182621,3.0,15.0,1.0,5.0,1.0,3.0,0.5,0.5,20.0,2,2768.75,21,34,6,25,75
182621,3.0,15.0,1.0,5.0,1.0,3.0,0.5,0.5,20.0,3,2710.9375,20,33,6,25,73
182621,3.0,15.0,1.0,5.0,1.0,3.0,0.5,0.5,20.0,4,2728.671875,18,26,5,22,63
182621,3.0,15.0,1.0,5.0,1.0,3.0,0.5,0.5,20.0,5,2660.83984375,13,24,5,20,56
182621,3.0,15.0,1.0,5.0,1.0,3.0,0.5,0.5,20.0,6,2516.0498046875,10,18,5,20,47
182621,3.0,15.0,1.0,5.0,1.0,3.0,0.5,0.5,20.0,7,2260.062255859375,9,17,4,20,44
182621,3.0,15.0,1.0,5.0,1.0,3.0,0.5,0.5,20.0,8,1955.0778198242188,7,16,4,20,41
182621,3.0,15.0,1.0,5.0,1.0,3.0,0.5,0.5,20.0,9,1708.8472747802734,7,16,4,20,41
182621,3.0,15.0,1.0,5.0,1.0,3.0,0.5,0.5,20.0,10,1506.0590934753418,7,16,4,20,41
182621,3.0,15.0,1.0,5.0,1.0,3.0,0.5,0.5,20.0,11,1327.5738668441772,4,15,4,17,37
182621,3.0,15.0,1.0,5.0,1.0,3.0,0.5,0.5,20.0,12,1119.4673335552216,3,14,3,17,34
182621,3.0,15.0,1.0,5.0,1.0,3.0,0.5,0.5,20.0,13,814.334166944027,2,12,3,16,31
182621,3.0,15.0,1.0,5.0,1.0,3.0,0.5,0.5,20.0,14,387.9177086800337,2,10,3,16,29
182621,3.0,15.0,1.0,5.0,1.0,3.0,0.5,0.5,20.0,15,0,1,8,3,15,24
182621,3.0,15.0,1.0,5.0,1.0,3.0,0.5,0.5,20.0,16,0,0,6,1,8,11
182621,3.0,15.0,1.0,5.0,1.0,3.0,0.5,0.5,20.0,17,0,0,3,0,5,4
182621,3.0,15.0,1.0,5.0,1.0,3.0,0.5,0.5,20.0,18,0,0,2,0,2,2
182621,3.0,15.0,1.0,5.0,1.0,3.0,0.5,0.5,20.0,19,0,0,0,0,2,0
182621,3.0,15.0,1.0,5.0,1.0,3.0,0.5,0.5,20.0,20,0,0,0,0,1,0