Exp Num,agent:svo_convergence_factor,agent:params:metabolism,agent:params:consumption_factor,agent:params:procreate_cost_factor,agent:params:procreate_req_factor,agent:params:start_energy_factor,agent:params:caught_chance,agent:params:caught_cooldown_factor,agent:params:maximum_age,Epoch,Resource,A,B,C,D,E
181699,3.0,15.0,1.0,3.0,2.0,2.0,0.30000000000000004,0.5,50.0,0,3500.0,10,26,15,30,70
181699,3.0,15.0,1.0,3.0,2.0,2.0,0.30000000000000004,0.5,50.0,1,2980.0,10,26,15,30,70
181699,3.0,15.0,1.0,3.0,2.0,2.0,0.30000000000000004,0.5,50.0,2,2675.0,10,25,15,30,69
181699,3.0,15.0,1.0,3.0,2.0,2.0,0.30000000000000004,0.5,50.0,3,2323.75,10,22,15,28,66
181699,3.0,15.0,1.0,3.0,2.0,2.0,0.30000000000000004,0.5,50.0,4,2079.6875,10,19,13,28,61
181699,3.0,15.0,1.0,3.0,2.0,2.0,0.30000000000000004,0.5,50.0,5,1714.609375,7,15,11,27,52
181699,3.0,15.0,1.0,3.0,2.0,2.0,0.30000000000000004,0.5,50.0,6,1123.26171875,6,15,11,25,50
181699,3.0,15.0,1.0,3.0,2.0,2.0,0.30000000000000004,0.5,50.0,7,339.0771484375,6,14,11,24,49
181699,3.0,15.0,1.0,3.0,2.0,2.0,0.30000000000000004,0.5,50.0,8,0,4,9,11,16,35
181699,3.0,15.0,1.0,3.0,2.0,2.0,0.30000000000000004,0.5,50.0,9,0,2,4,5,10,16
181699,3.0,15.0,1.0,3.0,2.0,2.0,0.30000000000000004,0.5,50.0,10,0,2,1,2,5,8
181699,3.0,15.0,1.0,3.0,2.0,2.0,0.30000000000000004,0.5,50.0,11,0,2,0,1,2,4
181699,3.0,15.0,1.0,3.0,2.0,2.0,0.30000000000000004,0.5,50.0,12,0,1,0,0,1,2
181699,3.0,15.0,1.0,3.0,2.0,2.0,0.30000000000000004,0.5,50.0,13,0,0,0,0,1,0