Exp Num,agent:svo_convergence_factor,agent:params:metabolism,agent:params:consumption_factor,agent:params:procreate_cost_factor,agent:params:procreate_req_factor,agent:params:start_energy_factor,agent:params:caught_chance,agent:params:caught_cooldown_factor,agent:params:maximum_age,Epoch,Resource,A,B,C,D,E
11432,1.0,5.0,3.0,1.0,1.0,2.0,0.30000000000000004,0.2,30.0,0,3500.0,27,37,23,36,114
11432,1.0,5.0,3.0,1.0,1.0,2.0,0.30000000000000004,0.2,30.0,1,3445.0,35,59,45,54,171
11432,1.0,5.0,3.0,1.0,1.0,2.0,0.30000000000000004,0.2,30.0,2,2641.25,34,87,68,78,225
11432,1.0,5.0,3.0,1.0,1.0,2.0,0.30000000000000004,0.2,30.0,3,1516.5625,36,114,106,102,298
11432,1.0,5.0,3.0,1.0,1.0,2.0,0.30000000000000004,0.2,30.0,4,0,31,148,149,109,371
11432,1.0,5.0,3.0,1.0,1.0,2.0,0.30000000000000004,0.2,30.0,5,0,25,144,149,74,342
11432,1.0,5.0,3.0,1.0,1.0,2.0,0.30000000000000004,0.2,30.0,6,0,23,132,127,42,294
11432,1.0,5.0,3.0,1.0,1.0,2.0,0.30000000000000004,0.2,30.0,7,0,19,112,90,24,230
11432,1.0,5.0,3.0,1.0,1.0,2.0,0.30000000000000004,0.2,30.0,8,0,11,89,72,19,178
11432,1.0,5.0,3.0,1.0,1.0,2.0,0.30000000000000004,0.2,30.0,9,0,13,65,52,11,132
11432,1.0,5.0,3.0,1.0,1.0,2.0,0.30000000000000004,0.2,30.0,10,0,6,51,41,3,99
11432,1.0,5.0,3.0,1.0,1.0,2.0,0.30000000000000004,0.2,30.0,11,0,2,43,30,2,75
11432,1.0,5.0,3.0,1.0,1.0,2.0,0.30000000000000004,0.2,30.0,12,0,1,31,17,2,49
11432,1.0,5.0,3.0,1.0,1.0,2.0,0.30000000000000004,0.2,30.0,13,0,0,27,6,0,33
11432,1.0,5.0,3.0,1.0,1.0,2.0,0.30000000000000004,0.2,30.0,14,0,0,19,3,0,22
11432,1.0,5.0,3.0,1.0,1.0,2.0,0.30000000000000004,0.2,30.0,15,0,0,17,2,0,19
11432,1.0,5.0,3.0,1.0,1.0,2.0,0.30000000000000004,0.2,30.0,16,0,0,13,1,0,14
11432,1.0,5.0,3.0,1.0,1.0,2.0,0.30000000000000004,0.2,30.0,17,0,0,11,0,0,11
11432,1.0,5.0,3.0,1.0,1.0,2.0,0.30000000000000004,0.2,30.0,18,0,0,9,0,0,9
11432,1.0,5.0,3.0,1.0,1.0,2.0,0.30000000000000004,0.2,30.0,19,0,0,6,0,0,6
11432,1.0,5.0,3.0,1.0,1.0,2.0,0.30000000000000004,0.2,30.0,20,0,0,3,0,0,3
11432,1.0,5.0,3.0,1.0,1.0,2.0,0.30000000000000004,0.2,30.0,21,0,0,1,0,0,1