Exp Num,agent:svo_convergence_factor,agent:params:metabolism,agent:params:consumption_factor,agent:params:procreate_cost_factor,agent:params:procreate_req_factor,agent:params:start_energy_factor,agent:params:caught_chance,agent:params:caught_cooldown_factor,agent:params:maximum_age,Epoch,Resource,A,B,C,D,E
152439,3.0,5.0,4.0,1.0,2.0,2.0,0.30000000000000004,0.30000000000000004,50.0,0,3820.0,19,30,20,38,91
152439,3.0,5.0,4.0,1.0,2.0,2.0,0.30000000000000004,0.30000000000000004,50.0,1,3415.0,27,38,35,48,126
152439,3.0,5.0,4.0,1.0,2.0,2.0,0.30000000000000004,0.30000000000000004,50.0,2,2948.75,33,51,58,57,171
152439,3.0,5.0,4.0,1.0,2.0,2.0,0.30000000000000004,0.30000000000000004,50.0,3,1465.9375,36,57,75,72,207
152439,3.0,5.0,4.0,1.0,2.0,2.0,0.30000000000000004,0.30000000000000004,50.0,4,0,45,74,95,98,258
152439,3.0,5.0,4.0,1.0,2.0,2.0,0.30000000000000004,0.30000000000000004,50.0,5,0,40,80,84,74,235
152439,3.0,5.0,4.0,1.0,2.0,2.0,0.30000000000000004,0.30000000000000004,50.0,6,0,34,64,66,53,181
152439,3.0,5.0,4.0,1.0,2.0,2.0,0.30000000000000004,0.30000000000000004,50.0,7,0,34,48,44,32,136
152439,3.0,5.0,4.0,1.0,2.0,2.0,0.30000000000000004,0.30000000000000004,50.0,8,0,27,31,28,18,91
152439,3.0,5.0,4.0,1.0,2.0,2.0,0.30000000000000004,0.30000000000000004,50.0,9,0,19,22,17,11,59
152439,3.0,5.0,4.0,1.0,2.0,2.0,0.30000000000000004,0.30000000000000004,50.0,10,0,14,12,11,5,37
152439,3.0,5.0,4.0,1.0,2.0,2.0,0.30000000000000004,0.30000000000000004,50.0,11,0,11,7,6,3,24
152439,3.0,5.0,4.0,1.0,2.0,2.0,0.30000000000000004,0.30000000000000004,50.0,12,0,5,5,5,2,15
152439,3.0,5.0,4.0,1.0,2.0,2.0,0.30000000000000004,0.30000000000000004,50.0,13,0,4,3,4,1,11
152439,3.0,5.0,4.0,1.0,2.0,2.0,0.30000000000000004,0.30000000000000004,50.0,14,0,4,3,1,0,8
152439,3.0,5.0,4.0,1.0,2.0,2.0,0.30000000000000004,0.30000000000000004,50.0,15,20.0,3,4,1,0,8
152439,3.0,5.0,4.0,1.0,2.0,2.0,0.30000000000000004,0.30000000000000004,50.0,16,0,1,5,1,0,7
152439,3.0,5.0,4.0,1.0,2.0,2.0,0.30000000000000004,0.30000000000000004,50.0,17,0,1,5,0,0,6
152439,3.0,5.0,4.0,1.0,2.0,2.0,0.30000000000000004,0.30000000000000004,50.0,18,0,0,4,0,0,4
152439,3.0,5.0,4.0,1.0,2.0,2.0,0.30000000000000004,0.30000000000000004,50.0,19,0,0,3,0,0,3
152439,3.0,5.0,4.0,1.0,2.0,2.0,0.30000000000000004,0.30000000000000004,50.0,20,0,0,2,0,0,2
152439,3.0,5.0,4.0,1.0,2.0,2.0,0.30000000000000004,0.30000000000000004,50.0,21,0,0,1,0,0,1