Exp Num,agent:svo_convergence_factor,agent:params:metabolism,agent:params:consumption_factor,agent:params:procreate_cost_factor,agent:params:procreate_req_factor,agent:params:start_energy_factor,agent:params:caught_chance,agent:params:caught_cooldown_factor,agent:params:maximum_age,Epoch,Resource,A,B,C,D,E
167180,3.0,10.0,2.0,7.0,2.0,3.0,0.30000000000000004,0.2,10.0,0,3740.0,20,21,15,24,76
167180,3.0,10.0,2.0,7.0,2.0,3.0,0.30000000000000004,0.2,10.0,1,3715.0,20,21,15,24,76
167180,3.0,10.0,2.0,7.0,2.0,3.0,0.30000000000000004,0.2,10.0,2,3643.75,14,18,15,22,66
167180,3.0,10.0,2.0,7.0,2.0,3.0,0.30000000000000004,0.2,10.0,3,3714.6875,13,17,15,21,64
167180,3.0,10.0,2.0,7.0,2.0,3.0,0.30000000000000004,0.2,10.0,4,3523.359375,12,16,14,20,60
167180,3.0,10.0,2.0,7.0,2.0,3.0,0.30000000000000004,0.2,10.0,5,3484.19921875,12,16,14,20,60
167180,3.0,10.0,2.0,7.0,2.0,3.0,0.30000000000000004,0.2,10.0,6,3195.2490234375,12,14,13,20,57
167180,3.0,10.0,2.0,7.0,2.0,3.0,0.30000000000000004,0.2,10.0,7,3054.061279296875,12,14,13,20,57
167180,3.0,10.0,2.0,7.0,2.0,3.0,0.30000000000000004,0.2,10.0,8,2777.5765991210938,11,14,13,18,56
167180,3.0,10.0,2.0,7.0,2.0,3.0,0.30000000000000004,0.2,10.0,9,2811.970748901367,11,14,13,17,55
167180,3.0,10.0,2.0,7.0,2.0,3.0,0.30000000000000004,0.2,10.0,10,2994.963436126709,5,9,6,10,31
167180,3.0,10.0,2.0,7.0,2.0,3.0,0.30000000000000004,0.2,10.0,11,3323.7042951583862,2,6,2,6,15
167180,3.0,10.0,2.0,7.0,2.0,3.0,0.30000000000000004,0.2,10.0,12,3934.630368947983,1,2,1,5,6
167180,3.0,10.0,2.0,7.0,2.0,3.0,0.30000000000000004,0.2,10.0,13,4798.2879611849785,1,0,1,3,3
167180,3.0,10.0,2.0,7.0,2.0,3.0,0.30000000000000004,0.2,10.0,14,5937.859951481223,1,0,1,1,2
167180,3.0,10.0,2.0,7.0,2.0,3.0,0.30000000000000004,0.2,10.0,15,7402.324939351529,0,0,1,0,1