Exp Num,agent:svo_convergence_factor,agent:params:metabolism,agent:params:consumption_factor,agent:params:procreate_cost_factor,agent:params:procreate_req_factor,agent:params:start_energy_factor,agent:params:caught_chance,agent:params:caught_cooldown_factor,agent:params:maximum_age,Epoch,Resource,A,B,C,D,E
188304,3.0,15.0,2.0,5.0,2.0,1.0,0.30000000000000004,0.1,50.0,0,2000.0,14,26,11,27,73
188304,3.0,15.0,2.0,5.0,2.0,1.0,0.30000000000000004,0.1,50.0,1,1510.0,14,26,11,27,73
188304,3.0,15.0,2.0,5.0,2.0,1.0,0.30000000000000004,0.1,50.0,2,87.5,13,23,8,25,65
188304,3.0,15.0,2.0,5.0,2.0,1.0,0.30000000000000004,0.1,50.0,3,0,11,18,8,23,58
188304,3.0,15.0,2.0,5.0,2.0,1.0,0.30000000000000004,0.1,50.0,4,0,8,11,5,13,34
188304,3.0,15.0,2.0,5.0,2.0,1.0,0.30000000000000004,0.1,50.0,5,0,7,8,3,4,24
188304,3.0,15.0,2.0,5.0,2.0,1.0,0.30000000000000004,0.1,50.0,6,0,5,5,2,2,17
188304,3.0,15.0,2.0,5.0,2.0,1.0,0.30000000000000004,0.1,50.0,7,0,2,5,1,1,10
188304,3.0,15.0,2.0,5.0,2.0,1.0,0.30000000000000004,0.1,50.0,8,0,1,4,0,1,5
188304,3.0,15.0,2.0,5.0,2.0,1.0,0.30000000000000004,0.1,50.0,9,0,0,4,0,0,4
188304,3.0,15.0,2.0,5.0,2.0,1.0,0.30000000000000004,0.1,50.0,10,0,0,2,0,0,2
188304,3.0,15.0,2.0,5.0,2.0,1.0,0.30000000000000004,0.1,50.0,11,0,0,1,0,0,1