Exp Num,agent:svo_convergence_factor,agent:params:metabolism,agent:params:consumption_factor,agent:params:procreate_cost_factor,agent:params:procreate_req_factor,agent:params:start_energy_factor,agent:params:caught_chance,agent:params:caught_cooldown_factor,agent:params:maximum_age,Epoch,Resource,A,B,C,D,E
121403,2.0,15.0,2.0,5.0,3.0,3.0,0.2,0.1,40.0,0,3650.0,23,25,10,25,75
121403,2.0,15.0,2.0,5.0,3.0,3.0,0.2,0.1,40.0,1,3662.5,23,25,10,25,75
121403,2.0,15.0,2.0,5.0,3.0,3.0,0.2,0.1,40.0,2,3228.125,19,21,8,21,65
121403,2.0,15.0,2.0,5.0,3.0,3.0,0.2,0.1,40.0,3,3045.15625,18,21,8,20,64
121403,2.0,15.0,2.0,5.0,3.0,3.0,0.2,0.1,40.0,4,2546.4453125,16,18,8,19,59
121403,2.0,15.0,2.0,5.0,3.0,3.0,0.2,0.1,40.0,5,2523.056640625,16,18,8,19,58
121403,2.0,15.0,2.0,5.0,3.0,3.0,0.2,0.1,40.0,6,1863.82080078125,15,16,7,19,54
121403,2.0,15.0,2.0,5.0,3.0,3.0,0.2,0.1,40.0,7,1669.7760009765625,12,16,7,19,51
121403,2.0,15.0,2.0,5.0,3.0,3.0,0.2,0.1,40.0,8,1037.2200012207031,9,14,7,18,46
121403,2.0,15.0,2.0,5.0,3.0,3.0,0.2,0.1,40.0,9,666.5250015258789,8,14,6,18,44
121403,2.0,15.0,2.0,5.0,3.0,3.0,0.2,0.1,40.0,10,0,8,12,4,16,39
121403,2.0,15.0,2.0,5.0,3.0,3.0,0.2,0.1,40.0,11,0,8,11,4,11,37
121403,2.0,15.0,2.0,5.0,3.0,3.0,0.2,0.1,40.0,12,0,6,10,2,7,25
121403,2.0,15.0,2.0,5.0,3.0,3.0,0.2,0.1,40.0,13,0,4,9,2,3,20
121403,2.0,15.0,2.0,5.0,3.0,3.0,0.2,0.1,40.0,14,0,4,8,2,1,16
121403,2.0,15.0,2.0,5.0,3.0,3.0,0.2,0.1,40.0,15,0,3,8,0,1,13
121403,2.0,15.0,2.0,5.0,3.0,3.0,0.2,0.1,40.0,16,0,3,7,0,1,11
121403,2.0,15.0,2.0,5.0,3.0,3.0,0.2,0.1,40.0,17,0,2,6,0,1,8
121403,2.0,15.0,2.0,5.0,3.0,3.0,0.2,0.1,40.0,18,0,1,4,0,1,5
121403,2.0,15.0,2.0,5.0,3.0,3.0,0.2,0.1,40.0,19,0,1,3,0,1,4
121403,2.0,15.0,2.0,5.0,3.0,3.0,0.2,0.1,40.0,20,0,1,2,0,0,3
121403,2.0,15.0,2.0,5.0,3.0,3.0,0.2,0.1,40.0,21,40.0,1,2,0,0,3
121403,2.0,15.0,2.0,5.0,3.0,3.0,0.2,0.1,40.0,22,0,1,2,0,0,3
121403,2.0,15.0,2.0,5.0,3.0,3.0,0.2,0.1,40.0,23,0,1,2,0,0,3
121403,2.0,15.0,2.0,5.0,3.0,3.0,0.2,0.1,40.0,24,0,0,2,0,0,2
121403,2.0,15.0,2.0,5.0,3.0,3.0,0.2,0.1,40.0,25,0,0,1,0,0,1