Exp Num,agent:svo_convergence_factor,agent:params:metabolism,agent:params:consumption_factor,agent:params:procreate_cost_factor,agent:params:procreate_req_factor,agent:params:start_energy_factor,agent:params:caught_chance,agent:params:caught_cooldown_factor,agent:params:maximum_age,Epoch,Resource,A,B,C,D,E
121263,2.0,15.0,2.0,5.0,3.0,2.0,0.1,0.30000000000000004,40.0,0,3470.0,19,33,10,25,75
121263,2.0,15.0,2.0,5.0,3.0,2.0,0.1,0.30000000000000004,40.0,1,2117.5,18,32,9,25,72
121263,2.0,15.0,2.0,5.0,3.0,2.0,0.1,0.30000000000000004,40.0,2,966.875,18,32,9,25,72
121263,2.0,15.0,2.0,5.0,3.0,2.0,0.1,0.30000000000000004,40.0,3,0,18,31,8,20,66
121263,2.0,15.0,2.0,5.0,3.0,2.0,0.1,0.30000000000000004,40.0,4,0,17,31,8,18,63
121263,2.0,15.0,2.0,5.0,3.0,2.0,0.1,0.30000000000000004,40.0,5,0,16,25,4,7,46
121263,2.0,15.0,2.0,5.0,3.0,2.0,0.1,0.30000000000000004,40.0,6,0,15,22,3,4,40
121263,2.0,15.0,2.0,5.0,3.0,2.0,0.1,0.30000000000000004,40.0,7,0,10,15,2,4,27
121263,2.0,15.0,2.0,5.0,3.0,2.0,0.1,0.30000000000000004,40.0,8,0,7,8,1,3,16
121263,2.0,15.0,2.0,5.0,3.0,2.0,0.1,0.30000000000000004,40.0,9,0,4,6,0,1,10
121263,2.0,15.0,2.0,5.0,3.0,2.0,0.1,0.30000000000000004,40.0,10,0,4,4,0,1,8
121263,2.0,15.0,2.0,5.0,3.0,2.0,0.1,0.30000000000000004,40.0,11,0,3,1,0,1,4
121263,2.0,15.0,2.0,5.0,3.0,2.0,0.1,0.30000000000000004,40.0,12,0,2,1,0,0,3
121263,2.0,15.0,2.0,5.0,3.0,2.0,0.1,0.30000000000000004,40.0,13,0,1,0,0,0,1