Exp Num,agent:svo_convergence_factor,agent:params:metabolism,agent:params:consumption_factor,agent:params:procreate_cost_factor,agent:params:procreate_req_factor,agent:params:start_energy_factor,agent:params:caught_chance,agent:params:caught_cooldown_factor,agent:params:maximum_age,Epoch,Resource,A,B,C,D,E
164385,3.0,10.0,2.0,3.0,1.0,2.0,0.1,0.30000000000000004,10.0,0,3600.0,33,37,17,35,100
164385,3.0,10.0,2.0,3.0,1.0,2.0,0.1,0.30000000000000004,10.0,1,2100.0,37,44,21,36,115
164385,3.0,10.0,2.0,3.0,1.0,2.0,0.1,0.30000000000000004,10.0,2,565.0,41,55,28,38,137
164385,3.0,10.0,2.0,3.0,1.0,2.0,0.1,0.30000000000000004,10.0,3,0,45,61,26,27,141
164385,3.0,10.0,2.0,3.0,1.0,2.0,0.1,0.30000000000000004,10.0,4,0,30,42,21,17,99
164385,3.0,10.0,2.0,3.0,1.0,2.0,0.1,0.30000000000000004,10.0,5,0,21,31,14,9,71
164385,3.0,10.0,2.0,3.0,1.0,2.0,0.1,0.30000000000000004,10.0,6,0,17,24,10,5,53
164385,3.0,10.0,2.0,3.0,1.0,2.0,0.1,0.30000000000000004,10.0,7,0,11,15,8,1,36
164385,3.0,10.0,2.0,3.0,1.0,2.0,0.1,0.30000000000000004,10.0,8,0,9,14,5,0,28
164385,3.0,10.0,2.0,3.0,1.0,2.0,0.1,0.30000000000000004,10.0,9,0,9,10,2,0,21
164385,3.0,10.0,2.0,3.0,1.0,2.0,0.1,0.30000000000000004,10.0,10,0,7,6,0,0,13
164385,3.0,10.0,2.0,3.0,1.0,2.0,0.1,0.30000000000000004,10.0,11,0,4,4,1,0,9
164385,3.0,10.0,2.0,3.0,1.0,2.0,0.1,0.30000000000000004,10.0,12,0,2,3,1,0,6
164385,3.0,10.0,2.0,3.0,1.0,2.0,0.1,0.30000000000000004,10.0,13,0,1,2,2,0,5
164385,3.0,10.0,2.0,3.0,1.0,2.0,0.1,0.30000000000000004,10.0,14,20.0,1,2,3,0,6
164385,3.0,10.0,2.0,3.0,1.0,2.0,0.1,0.30000000000000004,10.0,15,0,1,2,3,0,6
164385,3.0,10.0,2.0,3.0,1.0,2.0,0.1,0.30000000000000004,10.0,16,0,0,1,2,0,3
164385,3.0,10.0,2.0,3.0,1.0,2.0,0.1,0.30000000000000004,10.0,17,0,0,1,1,0,2
164385,3.0,10.0,2.0,3.0,1.0,2.0,0.1,0.30000000000000004,10.0,18,0,0,0,1,0,1