Exp Num,agent:svo_convergence_factor,agent:params:metabolism,agent:params:consumption_factor,agent:params:procreate_cost_factor,agent:params:procreate_req_factor,agent:params:start_energy_factor,agent:params:caught_chance,agent:params:caught_cooldown_factor,agent:params:maximum_age,Epoch,Resource,A,B,C,D,E
181394,3.0,15.0,1.0,3.0,1.0,3.0,0.1,0.4,50.0,0,3500.0,20,40,25,31,119
181394,3.0,15.0,1.0,3.0,1.0,3.0,0.1,0.4,50.0,1,3085.0,13,27,20,16,89
181394,3.0,15.0,1.0,3.0,1.0,3.0,0.1,0.4,50.0,2,2776.25,14,16,25,20,74
181394,3.0,15.0,1.0,3.0,1.0,3.0,0.1,0.4,50.0,3,2405.3125,15,11,28,23,70
181394,3.0,15.0,1.0,3.0,1.0,3.0,0.1,0.4,50.0,4,2091.640625,15,12,30,26,72
181394,3.0,15.0,1.0,3.0,1.0,3.0,0.1,0.4,50.0,5,1984.55078125,12,9,31,27,64
181394,3.0,15.0,1.0,3.0,1.0,3.0,0.1,0.4,50.0,6,1820.6884765625,12,9,29,25,63
181394,3.0,15.0,1.0,3.0,1.0,3.0,0.1,0.4,50.0,7,1540.860595703125,11,11,32,23,67
181394,3.0,15.0,1.0,3.0,1.0,3.0,0.1,0.4,50.0,8,1101.0757446289062,10,14,30,22,67
181394,3.0,15.0,1.0,3.0,1.0,3.0,0.1,0.4,50.0,9,386.3446807861328,8,13,30,22,64
181394,3.0,15.0,1.0,3.0,1.0,3.0,0.1,0.4,50.0,10,0,8,15,23,15,53
181394,3.0,15.0,1.0,3.0,1.0,3.0,0.1,0.4,50.0,11,0,6,12,13,9,34
181394,3.0,15.0,1.0,3.0,1.0,3.0,0.1,0.4,50.0,12,0,3,8,6,5,19
181394,3.0,15.0,1.0,3.0,1.0,3.0,0.1,0.4,50.0,13,0,3,6,4,3,13
181394,3.0,15.0,1.0,3.0,1.0,3.0,0.1,0.4,50.0,14,0,2,4,3,0,9
181394,3.0,15.0,1.0,3.0,1.0,3.0,0.1,0.4,50.0,15,0,1,3,1,0,5
181394,3.0,15.0,1.0,3.0,1.0,3.0,0.1,0.4,50.0,16,0,1,3,0,0,4
181394,3.0,15.0,1.0,3.0,1.0,3.0,0.1,0.4,50.0,17,0,0,2,0,0,2
181394,3.0,15.0,1.0,3.0,1.0,3.0,0.1,0.4,50.0,18,0,0,1,0,0,1