Exp Num,agent:svo_convergence_factor,agent:params:metabolism,agent:params:consumption_factor,agent:params:procreate_cost_factor,agent:params:procreate_req_factor,agent:params:start_energy_factor,agent:params:caught_chance,agent:params:caught_cooldown_factor,agent:params:maximum_age,Epoch,Resource,A,B,C,D,E
131064,2.0,15.0,4.0,3.0,2.0,2.0,0.30000000000000004,0.30000000000000004,50.0,0,2960.0,15,33,9,27,73
131064,2.0,15.0,4.0,3.0,2.0,2.0,0.30000000000000004,0.30000000000000004,50.0,1,220.0,15,29,10,23,70
131064,2.0,15.0,4.0,3.0,2.0,2.0,0.30000000000000004,0.30000000000000004,50.0,2,0,16,28,9,22,67
131064,2.0,15.0,4.0,3.0,2.0,2.0,0.30000000000000004,0.30000000000000004,50.0,3,0,16,28,9,22,67
131064,2.0,15.0,4.0,3.0,2.0,2.0,0.30000000000000004,0.30000000000000004,50.0,4,0,16,28,9,22,67
131064,2.0,15.0,4.0,3.0,2.0,2.0,0.30000000000000004,0.30000000000000004,50.0,5,0,12,17,7,10,43
131064,2.0,15.0,4.0,3.0,2.0,2.0,0.30000000000000004,0.30000000000000004,50.0,6,0,9,13,3,3,27
131064,2.0,15.0,4.0,3.0,2.0,2.0,0.30000000000000004,0.30000000000000004,50.0,7,0,7,9,2,1,19
131064,2.0,15.0,4.0,3.0,2.0,2.0,0.30000000000000004,0.30000000000000004,50.0,8,0,5,4,1,0,11
131064,2.0,15.0,4.0,3.0,2.0,2.0,0.30000000000000004,0.30000000000000004,50.0,9,0,2,4,0,0,6
131064,2.0,15.0,4.0,3.0,2.0,2.0,0.30000000000000004,0.30000000000000004,50.0,10,0,2,2,0,0,4
131064,2.0,15.0,4.0,3.0,2.0,2.0,0.30000000000000004,0.30000000000000004,50.0,11,0,1,1,0,0,2
131064,2.0,15.0,4.0,3.0,2.0,2.0,0.30000000000000004,0.30000000000000004,50.0,12,0,0,1,0,0,1