Exp Num,agent:svo_convergence_factor,agent:params:metabolism,agent:params:consumption_factor,agent:params:procreate_cost_factor,agent:params:procreate_req_factor,agent:params:start_energy_factor,agent:params:caught_chance,agent:params:caught_cooldown_factor,agent:params:maximum_age,Epoch,Resource,A,B,C,D,E
133913,2.0,15.0,4.0,9.0,1.0,1.0,0.2,0.30000000000000004,40.0,0,0,16,27,11,29,62
133913,2.0,15.0,4.0,9.0,1.0,1.0,0.2,0.30000000000000004,40.0,1,0,16,22,11,27,57
133913,2.0,15.0,4.0,9.0,1.0,1.0,0.2,0.30000000000000004,40.0,2,0,16,22,11,26,57
133913,2.0,15.0,4.0,9.0,1.0,1.0,0.2,0.30000000000000004,40.0,3,0,16,22,11,26,57
133913,2.0,15.0,4.0,9.0,1.0,1.0,0.2,0.30000000000000004,40.0,4,0,8,10,6,14,28
133913,2.0,15.0,4.0,9.0,1.0,1.0,0.2,0.30000000000000004,40.0,5,0,7,3,3,7,16
133913,2.0,15.0,4.0,9.0,1.0,1.0,0.2,0.30000000000000004,40.0,6,0,2,2,2,4,7
133913,2.0,15.0,4.0,9.0,1.0,1.0,0.2,0.30000000000000004,40.0,7,0,1,1,1,1,4
133913,2.0,15.0,4.0,9.0,1.0,1.0,0.2,0.30000000000000004,40.0,8,0,0,0,1,0,2
133913,2.0,15.0,4.0,9.0,1.0,1.0,0.2,0.30000000000000004,40.0,9,0,0,0,0,0,1