Exp Num,agent:svo_convergence_factor,agent:params:metabolism,agent:params:consumption_factor,agent:params:procreate_cost_factor,agent:params:procreate_req_factor,agent:params:start_energy_factor,agent:params:caught_chance,agent:params:caught_cooldown_factor,agent:params:maximum_age,Epoch,Resource,A,B,C,D,E
120945,2.0,15.0,2.0,5.0,2.0,2.0,0.30000000000000004,0.5,10.0,0,3920.0,18,20,10,38,62
120945,2.0,15.0,2.0,5.0,2.0,2.0,0.30000000000000004,0.5,10.0,1,3070.0,14,17,9,34,54
120945,2.0,15.0,2.0,5.0,2.0,2.0,0.30000000000000004,0.5,10.0,2,3027.5,13,17,9,34,53
120945,2.0,15.0,2.0,5.0,2.0,2.0,0.30000000000000004,0.5,10.0,3,2674.375,11,15,7,29,47
120945,2.0,15.0,2.0,5.0,2.0,2.0,0.30000000000000004,0.5,10.0,4,2472.96875,11,14,6,29,44
120945,2.0,15.0,2.0,5.0,2.0,2.0,0.30000000000000004,0.5,10.0,5,2221.2109375,8,11,6,26,38
120945,2.0,15.0,2.0,5.0,2.0,2.0,0.30000000000000004,0.5,10.0,6,1906.513671875,7,10,6,26,36
120945,2.0,15.0,2.0,5.0,2.0,2.0,0.30000000000000004,0.5,10.0,7,1753.14208984375,5,8,5,25,31
120945,2.0,15.0,2.0,5.0,2.0,2.0,0.30000000000000004,0.5,10.0,8,1711.4276123046875,5,5,5,25,26
120945,2.0,15.0,2.0,5.0,2.0,2.0,0.30000000000000004,0.5,10.0,9,1569.2845153808594,5,4,4,22,24
120945,2.0,15.0,2.0,5.0,2.0,2.0,0.30000000000000004,0.5,10.0,10,1721.6056442260742,2,2,3,15,16
120945,2.0,15.0,2.0,5.0,2.0,2.0,0.30000000000000004,0.5,10.0,11,1882.0070552825928,1,1,2,9,11
120945,2.0,15.0,2.0,5.0,2.0,2.0,0.30000000000000004,0.5,10.0,12,2022.508819103241,0,0,2,5,8
120945,2.0,15.0,2.0,5.0,2.0,2.0,0.30000000000000004,0.5,10.0,13,2258.136023879051,0,0,0,4,4
120945,2.0,15.0,2.0,5.0,2.0,2.0,0.30000000000000004,0.5,10.0,14,2672.670029848814,0,0,0,1,3
120945,2.0,15.0,2.0,5.0,2.0,2.0,0.30000000000000004,0.5,10.0,15,3250.8375373110175,0,0,0,0,3
120945,2.0,15.0,2.0,5.0,2.0,2.0,0.30000000000000004,0.5,10.0,16,4003.546921638772,0,0,0,0,1