Exp Num,agent:svo_convergence_factor,agent:params:metabolism,agent:params:consumption_factor,agent:params:procreate_cost_factor,agent:params:procreate_req_factor,agent:params:start_energy_factor,agent:params:caught_chance,agent:params:caught_cooldown_factor,agent:params:maximum_age,Epoch,Resource,A,B,C,D,E
179179,3.0,10.0,4.0,9.0,1.0,3.0,0.30000000000000004,0.1,50.0,0,3600.0,20,23,6,30,70
179179,3.0,10.0,4.0,9.0,1.0,3.0,0.30000000000000004,0.1,50.0,1,3380.0,26,23,8,30,78
179179,3.0,10.0,4.0,9.0,1.0,3.0,0.30000000000000004,0.1,50.0,2,2185.0,23,20,6,25,69
179179,3.0,10.0,4.0,9.0,1.0,3.0,0.30000000000000004,0.1,50.0,3,1251.25,27,20,6,25,72
179179,3.0,10.0,4.0,9.0,1.0,3.0,0.30000000000000004,0.1,50.0,4,484.0625,35,22,8,25,84
179179,3.0,10.0,4.0,9.0,1.0,3.0,0.30000000000000004,0.1,50.0,5,0,37,19,8,23,81
179179,3.0,10.0,4.0,9.0,1.0,3.0,0.30000000000000004,0.1,50.0,6,0,35,12,7,17,61
179179,3.0,10.0,4.0,9.0,1.0,3.0,0.30000000000000004,0.1,50.0,7,0,34,13,5,15,55
179179,3.0,10.0,4.0,9.0,1.0,3.0,0.30000000000000004,0.1,50.0,8,0,32,11,5,11,50
179179,3.0,10.0,4.0,9.0,1.0,3.0,0.30000000000000004,0.1,50.0,9,0,31,11,5,8,48
179179,3.0,10.0,4.0,9.0,1.0,3.0,0.30000000000000004,0.1,50.0,10,0,26,11,3,3,41
179179,3.0,10.0,4.0,9.0,1.0,3.0,0.30000000000000004,0.1,50.0,11,0,22,12,3,2,37
179179,3.0,10.0,4.0,9.0,1.0,3.0,0.30000000000000004,0.1,50.0,12,0,20,10,3,1,33
179179,3.0,10.0,4.0,9.0,1.0,3.0,0.30000000000000004,0.1,50.0,13,0,15,10,3,1,28
179179,3.0,10.0,4.0,9.0,1.0,3.0,0.30000000000000004,0.1,50.0,14,0,14,9,3,0,26
179179,3.0,10.0,4.0,9.0,1.0,3.0,0.30000000000000004,0.1,50.0,15,0,10,8,2,0,20
179179,3.0,10.0,4.0,9.0,1.0,3.0,0.30000000000000004,0.1,50.0,16,0,5,8,2,0,15
179179,3.0,10.0,4.0,9.0,1.0,3.0,0.30000000000000004,0.1,50.0,17,0,4,4,2,0,10
179179,3.0,10.0,4.0,9.0,1.0,3.0,0.30000000000000004,0.1,50.0,18,0,2,4,1,0,7
179179,3.0,10.0,4.0,9.0,1.0,3.0,0.30000000000000004,0.1,50.0,19,0,1,4,0,0,5
179179,3.0,10.0,4.0,9.0,1.0,3.0,0.30000000000000004,0.1,50.0,20,0,0,4,0,0,4
179179,3.0,10.0,4.0,9.0,1.0,3.0,0.30000000000000004,0.1,50.0,21,0,0,3,0,0,3
179179,3.0,10.0,4.0,9.0,1.0,3.0,0.30000000000000004,0.1,50.0,22,0,0,2,0,0,2
179179,3.0,10.0,4.0,9.0,1.0,3.0,0.30000000000000004,0.1,50.0,23,0,0,1,0,0,1