Exp Num,agent:svo_convergence_factor,agent:params:metabolism,agent:params:consumption_factor,agent:params:procreate_cost_factor,agent:params:procreate_req_factor,agent:params:start_energy_factor,agent:params:caught_chance,agent:params:caught_cooldown_factor,agent:params:maximum_age,Epoch,Resource,A,B,C,D,E
116610,2.0,15.0,1.0,7.0,2.0,3.0,0.5,0.30000000000000004,10.0,0,3500.0,14,33,12,26,74
116610,2.0,15.0,1.0,7.0,2.0,3.0,0.5,0.30000000000000004,10.0,1,2965.0,14,33,12,26,74
116610,2.0,15.0,1.0,7.0,2.0,3.0,0.5,0.30000000000000004,10.0,2,2866.25,14,33,12,26,74
116610,2.0,15.0,1.0,7.0,2.0,3.0,0.5,0.30000000000000004,10.0,3,2877.8125,13,32,12,25,72
116610,2.0,15.0,1.0,7.0,2.0,3.0,0.5,0.30000000000000004,10.0,4,2982.265625,11,20,7,24,53
116610,2.0,15.0,1.0,7.0,2.0,3.0,0.5,0.30000000000000004,10.0,5,2857.83203125,9,15,6,24,45
116610,2.0,15.0,1.0,7.0,2.0,3.0,0.5,0.30000000000000004,10.0,6,2642.2900390625,8,13,6,24,42
116610,2.0,15.0,1.0,7.0,2.0,3.0,0.5,0.30000000000000004,10.0,7,2327.862548828125,8,13,6,24,42
116610,2.0,15.0,1.0,7.0,2.0,3.0,0.5,0.30000000000000004,10.0,8,1949.8281860351562,8,12,6,24,41
116610,2.0,15.0,1.0,7.0,2.0,3.0,0.5,0.30000000000000004,10.0,9,1702.2852325439453,8,12,6,24,41
116610,2.0,15.0,1.0,7.0,2.0,3.0,0.5,0.30000000000000004,10.0,10,1722.8565406799316,5,6,2,17,24
116610,2.0,15.0,1.0,7.0,2.0,3.0,0.5,0.30000000000000004,10.0,11,1853.5706758499146,1,4,2,10,13
116610,2.0,15.0,1.0,7.0,2.0,3.0,0.5,0.30000000000000004,10.0,12,2136.963344812393,1,2,0,5,7
116610,2.0,15.0,1.0,7.0,2.0,3.0,0.5,0.30000000000000004,10.0,13,2581.2041810154915,0,1,0,2,4
116610,2.0,15.0,1.0,7.0,2.0,3.0,0.5,0.30000000000000004,10.0,14,3166.5052262693644,0,1,0,1,2
116610,2.0,15.0,1.0,7.0,2.0,3.0,0.5,0.30000000000000004,10.0,15,3943.1315328367054,0,0,0,0,1