Exp Num,agent:svo_convergence_factor,agent:params:metabolism,agent:params:consumption_factor,agent:params:procreate_cost_factor,agent:params:procreate_req_factor,agent:params:start_energy_factor,agent:params:caught_chance,agent:params:caught_cooldown_factor,agent:params:maximum_age,Epoch,Resource,A,B,C,D,E
100545,2.0,10.0,2.0,9.0,2.0,1.0,0.2,0.5,10.0,0,3000.0,8,35,12,29,71
100545,2.0,10.0,2.0,9.0,2.0,1.0,0.2,0.5,10.0,1,3050.0,8,35,12,29,71
100545,2.0,10.0,2.0,9.0,2.0,1.0,0.2,0.5,10.0,2,2392.5,7,31,12,28,65
100545,2.0,10.0,2.0,9.0,2.0,1.0,0.2,0.5,10.0,3,2330.625,7,31,12,28,65
100545,2.0,10.0,2.0,9.0,2.0,1.0,0.2,0.5,10.0,4,1953.28125,6,25,11,24,56
100545,2.0,10.0,2.0,9.0,2.0,1.0,0.2,0.5,10.0,5,1841.6015625,5,24,11,24,54
100545,2.0,10.0,2.0,9.0,2.0,1.0,0.2,0.5,10.0,6,1422.001953125,5,21,8,23,48
100545,2.0,10.0,2.0,9.0,2.0,1.0,0.2,0.5,10.0,7,1317.50244140625,4,18,8,23,44
100545,2.0,10.0,2.0,9.0,2.0,1.0,0.2,0.5,10.0,8,766.8780517578125,4,17,8,22,43
100545,2.0,10.0,2.0,9.0,2.0,1.0,0.2,0.5,10.0,9,478.5975646972656,4,17,8,22,43
100545,2.0,10.0,2.0,9.0,2.0,1.0,0.2,0.5,10.0,10,198.24695587158203,3,12,2,14,25
100545,2.0,10.0,2.0,9.0,2.0,1.0,0.2,0.5,10.0,11,7.808694839477539,2,10,0,6,16
100545,2.0,10.0,2.0,9.0,2.0,1.0,0.2,0.5,10.0,12,0,2,4,0,2,9
100545,2.0,10.0,2.0,9.0,2.0,1.0,0.2,0.5,10.0,13,0,2,2,0,0,6
100545,2.0,10.0,2.0,9.0,2.0,1.0,0.2,0.5,10.0,14,0,0,1,0,0,3
100545,2.0,10.0,2.0,9.0,2.0,1.0,0.2,0.5,10.0,15,0,0,1,0,0,2
100545,2.0,10.0,2.0,9.0,2.0,1.0,0.2,0.5,10.0,16,0,0,0,0,0,1