Exp Num,agent:svo_convergence_factor,agent:params:metabolism,agent:params:consumption_factor,agent:params:procreate_cost_factor,agent:params:procreate_req_factor,agent:params:start_energy_factor,agent:params:caught_chance,agent:params:caught_cooldown_factor,agent:params:maximum_age,Epoch,Resource,A,B,C,D,E
109190,2.0,10.0,4.0,5.0,1.0,1.0,0.30000000000000004,0.4,10.0,0,1000.0,20,35,9,22,78
109190,2.0,10.0,4.0,5.0,1.0,1.0,0.30000000000000004,0.4,10.0,1,0,24,43,10,24,91
109190,2.0,10.0,4.0,5.0,1.0,1.0,0.30000000000000004,0.4,10.0,2,0,27,46,11,25,98
109190,2.0,10.0,4.0,5.0,1.0,1.0,0.30000000000000004,0.4,10.0,3,0,19,38,10,21,81
109190,2.0,10.0,4.0,5.0,1.0,1.0,0.30000000000000004,0.4,10.0,4,0,17,26,5,11,56
109190,2.0,10.0,4.0,5.0,1.0,1.0,0.30000000000000004,0.4,10.0,5,0,13,18,5,7,39
109190,2.0,10.0,4.0,5.0,1.0,1.0,0.30000000000000004,0.4,10.0,6,0,11,10,3,5,26
109190,2.0,10.0,4.0,5.0,1.0,1.0,0.30000000000000004,0.4,10.0,7,0,9,10,3,1,22
109190,2.0,10.0,4.0,5.0,1.0,1.0,0.30000000000000004,0.4,10.0,8,0,7,6,2,0,15
109190,2.0,10.0,4.0,5.0,1.0,1.0,0.30000000000000004,0.4,10.0,9,0,4,4,1,0,9
109190,2.0,10.0,4.0,5.0,1.0,1.0,0.30000000000000004,0.4,10.0,10,0,3,2,0,0,5
109190,2.0,10.0,4.0,5.0,1.0,1.0,0.30000000000000004,0.4,10.0,11,0,2,1,0,0,3
109190,2.0,10.0,4.0,5.0,1.0,1.0,0.30000000000000004,0.4,10.0,12,20.0,3,1,0,0,4
109190,2.0,10.0,4.0,5.0,1.0,1.0,0.30000000000000004,0.4,10.0,13,0,1,1,0,0,2
109190,2.0,10.0,4.0,5.0,1.0,1.0,0.30000000000000004,0.4,10.0,14,0,1,1,0,0,2
109190,2.0,10.0,4.0,5.0,1.0,1.0,0.30000000000000004,0.4,10.0,15,0,1,1,0,0,2
109190,2.0,10.0,4.0,5.0,1.0,1.0,0.30000000000000004,0.4,10.0,16,0,1,1,0,0,2
109190,2.0,10.0,4.0,5.0,1.0,1.0,0.30000000000000004,0.4,10.0,17,0,1,0,0,0,1