Exp Num,agent:svo_convergence_factor,agent:params:metabolism,agent:params:consumption_factor,agent:params:procreate_cost_factor,agent:params:procreate_req_factor,agent:params:start_energy_factor,agent:params:caught_chance,agent:params:caught_cooldown_factor,agent:params:maximum_age,Epoch,Resource,A,B,C,D,E
177461,3.0,10.0,4.0,5.0,3.0,1.0,0.4,0.30000000000000004,20.0,0,1000.0,21,29,11,26,74
177461,3.0,10.0,4.0,5.0,3.0,1.0,0.4,0.30000000000000004,20.0,1,0,21,29,11,26,74
177461,3.0,10.0,4.0,5.0,3.0,1.0,0.4,0.30000000000000004,20.0,2,0,21,29,11,26,74
177461,3.0,10.0,4.0,5.0,3.0,1.0,0.4,0.30000000000000004,20.0,3,0,21,29,11,26,74
177461,3.0,10.0,4.0,5.0,3.0,1.0,0.4,0.30000000000000004,20.0,4,0,15,19,7,12,47
177461,3.0,10.0,4.0,5.0,3.0,1.0,0.4,0.30000000000000004,20.0,5,0,13,14,5,5,35
177461,3.0,10.0,4.0,5.0,3.0,1.0,0.4,0.30000000000000004,20.0,6,0,13,13,4,2,31
177461,3.0,10.0,4.0,5.0,3.0,1.0,0.4,0.30000000000000004,20.0,7,0,13,12,4,1,30
177461,3.0,10.0,4.0,5.0,3.0,1.0,0.4,0.30000000000000004,20.0,8,0,10,9,3,1,23
177461,3.0,10.0,4.0,5.0,3.0,1.0,0.4,0.30000000000000004,20.0,9,0,8,4,2,1,14
177461,3.0,10.0,4.0,5.0,3.0,1.0,0.4,0.30000000000000004,20.0,10,0,5,2,1,0,8
177461,3.0,10.0,4.0,5.0,3.0,1.0,0.4,0.30000000000000004,20.0,11,0,4,0,1,0,5
177461,3.0,10.0,4.0,5.0,3.0,1.0,0.4,0.30000000000000004,20.0,12,100,2,0,1,0,3
177461,3.0,10.0,4.0,5.0,3.0,1.0,0.4,0.30000000000000004,20.0,13,125.0,1,0,1,0,2
177461,3.0,10.0,4.0,5.0,3.0,1.0,0.4,0.30000000000000004,20.0,14,116.25,1,0,1,0,2
177461,3.0,10.0,4.0,5.0,3.0,1.0,0.4,0.30000000000000004,20.0,15,145.3125,0,0,1,0,1