Exp Num,agent:svo_convergence_factor,agent:params:metabolism,agent:params:consumption_factor,agent:params:procreate_cost_factor,agent:params:procreate_req_factor,agent:params:start_energy_factor,agent:params:caught_chance,agent:params:caught_cooldown_factor,agent:params:maximum_age,Epoch,Resource,A,B,C,D,E
14805,1.0,5.0,3.0,7.0,1.0,2.0,0.30000000000000004,0.2,10.0,0,3500.0,14,24,11,33,67
14805,1.0,5.0,3.0,7.0,1.0,2.0,0.30000000000000004,0.2,10.0,1,2950.0,14,24,11,33,67
14805,1.0,5.0,3.0,7.0,1.0,2.0,0.30000000000000004,0.2,10.0,2,2787.5,16,30,22,43,87
14805,1.0,5.0,3.0,7.0,1.0,2.0,0.30000000000000004,0.2,10.0,3,2389.375,18,34,29,48,100
14805,1.0,5.0,3.0,7.0,1.0,2.0,0.30000000000000004,0.2,10.0,4,2296.71875,18,37,36,51,111
14805,1.0,5.0,3.0,7.0,1.0,2.0,0.30000000000000004,0.2,10.0,5,2165.8984375,19,42,46,53,127
14805,1.0,5.0,3.0,7.0,1.0,2.0,0.30000000000000004,0.2,10.0,6,1762.373046875,15,40,54,49,129
14805,1.0,5.0,3.0,7.0,1.0,2.0,0.30000000000000004,0.2,10.0,7,1032.96630859375,15,45,61,49,141
14805,1.0,5.0,3.0,7.0,1.0,2.0,0.30000000000000004,0.2,10.0,8,106.2078857421875,15,50,74,48,159
14805,1.0,5.0,3.0,7.0,1.0,2.0,0.30000000000000004,0.2,10.0,9,0,14,49,71,30,151
14805,1.0,5.0,3.0,7.0,1.0,2.0,0.30000000000000004,0.2,10.0,10,0,9,38,64,16,121
14805,1.0,5.0,3.0,7.0,1.0,2.0,0.30000000000000004,0.2,10.0,11,0,3,30,60,9,99
14805,1.0,5.0,3.0,7.0,1.0,2.0,0.30000000000000004,0.2,10.0,12,0,2,24,56,3,84
14805,1.0,5.0,3.0,7.0,1.0,2.0,0.30000000000000004,0.2,10.0,13,0,2,17,50,2,69
14805,1.0,5.0,3.0,7.0,1.0,2.0,0.30000000000000004,0.2,10.0,14,0,1,15,44,0,60
14805,1.0,5.0,3.0,7.0,1.0,2.0,0.30000000000000004,0.2,10.0,15,0,1,11,38,0,50
14805,1.0,5.0,3.0,7.0,1.0,2.0,0.30000000000000004,0.2,10.0,16,0,0,8,35,0,43
14805,1.0,5.0,3.0,7.0,1.0,2.0,0.30000000000000004,0.2,10.0,17,0,0,7,27,0,34
14805,1.0,5.0,3.0,7.0,1.0,2.0,0.30000000000000004,0.2,10.0,18,0,0,4,21,0,25
14805,1.0,5.0,3.0,7.0,1.0,2.0,0.30000000000000004,0.2,10.0,19,0,0,1,15,0,16
14805,1.0,5.0,3.0,7.0,1.0,2.0,0.30000000000000004,0.2,10.0,20,40.0,0,1,14,0,15
14805,1.0,5.0,3.0,7.0,1.0,2.0,0.30000000000000004,0.2,10.0,21,0,0,1,11,0,12
14805,1.0,5.0,3.0,7.0,1.0,2.0,0.30000000000000004,0.2,10.0,22,0,0,1,9,0,10
14805,1.0,5.0,3.0,7.0,1.0,2.0,0.30000000000000004,0.2,10.0,23,0,0,0,8,0,8
14805,1.0,5.0,3.0,7.0,1.0,2.0,0.30000000000000004,0.2,10.0,24,0,0,0,5,0,5
14805,1.0,5.0,3.0,7.0,1.0,2.0,0.30000000000000004,0.2,10.0,25,0,0,0,3,0,3
14805,1.0,5.0,3.0,7.0,1.0,2.0,0.30000000000000004,0.2,10.0,26,0,0,0,1,0,1