Exp Num,agent:svo_convergence_factor,agent:params:metabolism,agent:params:consumption_factor,agent:params:procreate_cost_factor,agent:params:procreate_req_factor,agent:params:start_energy_factor,agent:params:caught_chance,agent:params:caught_cooldown_factor,agent:params:maximum_age,Epoch,Resource,A,B,C,D,E
145406,3.0,5.0,2.0,9.0,1.0,3.0,0.2,0.2,20.0,0,4000.0,21,23,10,30,70
145406,3.0,5.0,2.0,9.0,1.0,3.0,0.2,0.2,20.0,1,4000.0,21,23,10,30,70
145406,3.0,5.0,2.0,9.0,1.0,3.0,0.2,0.2,20.0,2,4000.0,21,23,10,30,70
145406,3.0,5.0,2.0,9.0,1.0,3.0,0.2,0.2,20.0,3,4000.0,21,23,10,30,70
145406,3.0,5.0,2.0,9.0,1.0,3.0,0.2,0.2,20.0,4,4000.0,21,23,10,30,70
145406,3.0,5.0,2.0,9.0,1.0,3.0,0.2,0.2,20.0,5,4000.0,25,37,18,47,103
145406,3.0,5.0,2.0,9.0,1.0,3.0,0.2,0.2,20.0,6,3500.0,27,44,23,55,120
145406,3.0,5.0,2.0,9.0,1.0,3.0,0.2,0.2,20.0,7,2895.0,28,56,31,66,146
145406,3.0,5.0,2.0,9.0,1.0,3.0,0.2,0.2,20.0,8,2798.75,28,63,37,73,162
145406,3.0,5.0,2.0,9.0,1.0,3.0,0.2,0.2,20.0,9,2188.4375,23,62,41,80,164
145406,3.0,5.0,2.0,9.0,1.0,3.0,0.2,0.2,20.0,10,1685.546875,23,63,46,88,172
145406,3.0,5.0,2.0,9.0,1.0,3.0,0.2,0.2,20.0,11,836.93359375,20,61,51,91,173
145406,3.0,5.0,2.0,9.0,1.0,3.0,0.2,0.2,20.0,12,16.1669921875,22,61,52,96,176
145406,3.0,5.0,2.0,9.0,1.0,3.0,0.2,0.2,20.0,13,0,20,50,45,70,142
145406,3.0,5.0,2.0,9.0,1.0,3.0,0.2,0.2,20.0,14,0,15,42,40,59,115
145406,3.0,5.0,2.0,9.0,1.0,3.0,0.2,0.2,20.0,15,0,14,37,28,51,92
145406,3.0,5.0,2.0,9.0,1.0,3.0,0.2,0.2,20.0,16,0,12,31,26,40,77
145406,3.0,5.0,2.0,9.0,1.0,3.0,0.2,0.2,20.0,17,0,12,25,22,39,67
145406,3.0,5.0,2.0,9.0,1.0,3.0,0.2,0.2,20.0,18,0,9,20,20,35,55
145406,3.0,5.0,2.0,9.0,1.0,3.0,0.2,0.2,20.0,19,0,9,15,17,28,44
145406,3.0,5.0,2.0,9.0,1.0,3.0,0.2,0.2,20.0,20,0,6,10,12,24,30
145406,3.0,5.0,2.0,9.0,1.0,3.0,0.2,0.2,20.0,21,0,5,8,9,18,23
145406,3.0,5.0,2.0,9.0,1.0,3.0,0.2,0.2,20.0,22,0,5,6,5,14,16
145406,3.0,5.0,2.0,9.0,1.0,3.0,0.2,0.2,20.0,23,0,3,5,5,11,13
145406,3.0,5.0,2.0,9.0,1.0,3.0,0.2,0.2,20.0,24,0,3,4,4,10,11
145406,3.0,5.0,2.0,9.0,1.0,3.0,0.2,0.2,20.0,25,0,3,4,3,8,10
145406,3.0,5.0,2.0,9.0,1.0,3.0,0.2,0.2,20.0,26,0,1,3,2,6,6
145406,3.0,5.0,2.0,9.0,1.0,3.0,0.2,0.2,20.0,27,0,1,2,1,4,4
145406,3.0,5.0,2.0,9.0,1.0,3.0,0.2,0.2,20.0,28,0,1,1,1,2,3
145406,3.0,5.0,2.0,9.0,1.0,3.0,0.2,0.2,20.0,29,0,1,0,0,2,1
145406,3.0,5.0,2.0,9.0,1.0,3.0,0.2,0.2,20.0,30,0,1,0,0,1,1
145406,3.0,5.0,2.0,9.0,1.0,3.0,0.2,0.2,20.0,31,0,1,0,0,0,1