Exp Num,agent:svo_convergence_factor,agent:params:metabolism,agent:params:consumption_factor,agent:params:procreate_cost_factor,agent:params:procreate_req_factor,agent:params:start_energy_factor,agent:params:caught_chance,agent:params:caught_cooldown_factor,agent:params:maximum_age,Epoch,Resource,A,B,C,D,E
133119,2.0,15.0,4.0,7.0,1.0,3.0,0.5,0.4,50.0,0,3320.0,21,30,9,21,79
133119,2.0,15.0,4.0,7.0,1.0,3.0,0.5,0.4,50.0,1,3130.0,23,30,10,21,82
133119,2.0,15.0,4.0,7.0,1.0,3.0,0.5,0.4,50.0,2,1992.5,14,24,10,18,65
133119,2.0,15.0,4.0,7.0,1.0,3.0,0.5,0.4,50.0,3,1470.625,15,21,10,18,62
133119,2.0,15.0,4.0,7.0,1.0,3.0,0.5,0.4,50.0,4,1118.28125,15,24,11,17,66
133119,2.0,15.0,4.0,7.0,1.0,3.0,0.5,0.4,50.0,5,857.8515625,16,26,11,17,69
133119,2.0,15.0,4.0,7.0,1.0,3.0,0.5,0.4,50.0,6,412.314453125,14,19,5,13,50
133119,2.0,15.0,4.0,7.0,1.0,3.0,0.5,0.4,50.0,7,0,13,15,5,11,43
133119,2.0,15.0,4.0,7.0,1.0,3.0,0.5,0.4,50.0,8,0,11,12,5,9,35
133119,2.0,15.0,4.0,7.0,1.0,3.0,0.5,0.4,50.0,9,0,10,11,4,7,32
133119,2.0,15.0,4.0,7.0,1.0,3.0,0.5,0.4,50.0,10,0,11,10,3,7,28
133119,2.0,15.0,4.0,7.0,1.0,3.0,0.5,0.4,50.0,11,0,8,8,3,3,22
133119,2.0,15.0,4.0,7.0,1.0,3.0,0.5,0.4,50.0,12,0,7,6,1,0,15
133119,2.0,15.0,4.0,7.0,1.0,3.0,0.5,0.4,50.0,13,0,6,4,1,0,12
133119,2.0,15.0,4.0,7.0,1.0,3.0,0.5,0.4,50.0,14,0,5,4,1,0,10
133119,2.0,15.0,4.0,7.0,1.0,3.0,0.5,0.4,50.0,15,0,4,3,1,0,8
133119,2.0,15.0,4.0,7.0,1.0,3.0,0.5,0.4,50.0,16,0,4,2,0,0,6
133119,2.0,15.0,4.0,7.0,1.0,3.0,0.5,0.4,50.0,17,0,3,1,0,0,4
133119,2.0,15.0,4.0,7.0,1.0,3.0,0.5,0.4,50.0,18,100,3,0,0,0,3
133119,2.0,15.0,4.0,7.0,1.0,3.0,0.5,0.4,50.0,19,125.0,2,0,0,0,2
133119,2.0,15.0,4.0,7.0,1.0,3.0,0.5,0.4,50.0,20,156.25,1,0,0,0,1