Exp Num,agent:svo_convergence_factor,agent:params:metabolism,agent:params:consumption_factor,agent:params:procreate_cost_factor,agent:params:procreate_req_factor,agent:params:start_energy_factor,agent:params:caught_chance,agent:params:caught_cooldown_factor,agent:params:maximum_age,Epoch,Resource,A,B,C,D,E
175905,3.0,10.0,4.0,3.0,2.0,1.0,0.2,0.2,10.0,0,1000.0,23,36,12,17,83
175905,3.0,10.0,4.0,3.0,2.0,1.0,0.2,0.2,10.0,1,0,27,45,13,18,97
175905,3.0,10.0,4.0,3.0,2.0,1.0,0.2,0.2,10.0,2,0,27,45,13,18,97
175905,3.0,10.0,4.0,3.0,2.0,1.0,0.2,0.2,10.0,3,0,27,45,13,18,97
175905,3.0,10.0,4.0,3.0,2.0,1.0,0.2,0.2,10.0,4,0,19,31,7,11,60
175905,3.0,10.0,4.0,3.0,2.0,1.0,0.2,0.2,10.0,5,0,10,21,3,5,35
175905,3.0,10.0,4.0,3.0,2.0,1.0,0.2,0.2,10.0,6,0,7,16,2,3,25
175905,3.0,10.0,4.0,3.0,2.0,1.0,0.2,0.2,10.0,7,0,7,9,2,2,18
175905,3.0,10.0,4.0,3.0,2.0,1.0,0.2,0.2,10.0,8,0,6,6,1,1,13
175905,3.0,10.0,4.0,3.0,2.0,1.0,0.2,0.2,10.0,9,0,4,3,0,1,7
175905,3.0,10.0,4.0,3.0,2.0,1.0,0.2,0.2,10.0,10,0,2,1,0,1,3
175905,3.0,10.0,4.0,3.0,2.0,1.0,0.2,0.2,10.0,11,0,0,1,0,1,1
175905,3.0,10.0,4.0,3.0,2.0,1.0,0.2,0.2,10.0,12,60.0,0,1,0,1,1
175905,3.0,10.0,4.0,3.0,2.0,1.0,0.2,0.2,10.0,13,35.0,0,1,0,1,1
175905,3.0,10.0,4.0,3.0,2.0,1.0,0.2,0.2,10.0,14,43.75,0,1,0,1,1
175905,3.0,10.0,4.0,3.0,2.0,1.0,0.2,0.2,10.0,15,54.6875,0,1,0,1,1
175905,3.0,10.0,4.0,3.0,2.0,1.0,0.2,0.2,10.0,16,28.359375,0,1,0,1,1
175905,3.0,10.0,4.0,3.0,2.0,1.0,0.2,0.2,10.0,17,35.44921875,0,1,0,0,1