Exp Num,agent:svo_convergence_factor,agent:params:metabolism,agent:params:consumption_factor,agent:params:procreate_cost_factor,agent:params:procreate_req_factor,agent:params:start_energy_factor,agent:params:caught_chance,agent:params:caught_cooldown_factor,agent:params:maximum_age,Epoch,Resource,A,B,C,D,E
168043,3.0,10.0,2.0,9.0,2.0,1.0,0.2,0.4,40.0,0,3000.0,17,29,11,28,72
168043,3.0,10.0,2.0,9.0,2.0,1.0,0.2,0.4,40.0,1,2950.0,17,29,11,28,72
168043,3.0,10.0,2.0,9.0,2.0,1.0,0.2,0.4,40.0,2,2367.5,15,26,11,28,67
168043,3.0,10.0,2.0,9.0,2.0,1.0,0.2,0.4,40.0,3,2379.375,15,26,11,28,67
168043,3.0,10.0,2.0,9.0,2.0,1.0,0.2,0.4,40.0,4,1714.21875,11,22,9,27,57
168043,3.0,10.0,2.0,9.0,2.0,1.0,0.2,0.4,40.0,5,1342.7734375,10,22,9,26,56
168043,3.0,10.0,2.0,9.0,2.0,1.0,0.2,0.4,40.0,6,638.466796875,9,20,9,26,52
168043,3.0,10.0,2.0,9.0,2.0,1.0,0.2,0.4,40.0,7,218.08349609375,9,19,8,26,50
168043,3.0,10.0,2.0,9.0,2.0,1.0,0.2,0.4,40.0,8,0,9,17,6,20,40
168043,3.0,10.0,2.0,9.0,2.0,1.0,0.2,0.4,40.0,9,0,9,16,5,13,36
168043,3.0,10.0,2.0,9.0,2.0,1.0,0.2,0.4,40.0,10,0,9,15,4,5,31
168043,3.0,10.0,2.0,9.0,2.0,1.0,0.2,0.4,40.0,11,0,9,15,3,2,27
168043,3.0,10.0,2.0,9.0,2.0,1.0,0.2,0.4,40.0,12,0,9,9,3,1,21
168043,3.0,10.0,2.0,9.0,2.0,1.0,0.2,0.4,40.0,13,0,7,8,3,1,18
168043,3.0,10.0,2.0,9.0,2.0,1.0,0.2,0.4,40.0,14,0,6,5,1,0,12
168043,3.0,10.0,2.0,9.0,2.0,1.0,0.2,0.4,40.0,15,0,3,4,1,0,8
168043,3.0,10.0,2.0,9.0,2.0,1.0,0.2,0.4,40.0,16,0,3,2,0,0,5
168043,3.0,10.0,2.0,9.0,2.0,1.0,0.2,0.4,40.0,17,0,2,1,0,0,3
168043,3.0,10.0,2.0,9.0,2.0,1.0,0.2,0.4,40.0,18,0,1,1,0,0,2
168043,3.0,10.0,2.0,9.0,2.0,1.0,0.2,0.4,40.0,19,100,0,1,0,0,1