Exp Num,agent:svo_convergence_factor,agent:params:metabolism,agent:params:consumption_factor,agent:params:procreate_cost_factor,agent:params:procreate_req_factor,agent:params:start_energy_factor,agent:params:caught_chance,agent:params:caught_cooldown_factor,agent:params:maximum_age,Epoch,Resource,A,B,C,D,E
116474,2.0,15.0,1.0,7.0,2.0,2.0,0.4,0.5,50.0,0,3500.0,19,32,9,24,76
116474,2.0,15.0,1.0,7.0,2.0,2.0,0.4,0.5,50.0,1,2980.0,19,32,9,24,76
116474,2.0,15.0,1.0,7.0,2.0,2.0,0.4,0.5,50.0,2,2720.0,19,32,9,24,76
116474,2.0,15.0,1.0,7.0,2.0,2.0,0.4,0.5,50.0,3,2560.0,14,30,8,24,68
116474,2.0,15.0,1.0,7.0,2.0,2.0,0.4,0.5,50.0,4,2330.0,9,26,7,23,58
116474,2.0,15.0,1.0,7.0,2.0,2.0,0.4,0.5,50.0,5,1952.5,8,21,7,23,52
116474,2.0,15.0,1.0,7.0,2.0,2.0,0.4,0.5,50.0,6,1510.625,8,19,7,23,50
116474,2.0,15.0,1.0,7.0,2.0,2.0,0.4,0.5,50.0,7,988.28125,8,15,6,23,45
116474,2.0,15.0,1.0,7.0,2.0,2.0,0.4,0.5,50.0,8,305.3515625,7,14,6,23,43
116474,2.0,15.0,1.0,7.0,2.0,2.0,0.4,0.5,50.0,9,0,5,9,4,15,31
116474,2.0,15.0,1.0,7.0,2.0,2.0,0.4,0.5,50.0,10,0,3,4,2,6,17
116474,2.0,15.0,1.0,7.0,2.0,2.0,0.4,0.5,50.0,11,0,3,1,0,2,9
116474,2.0,15.0,1.0,7.0,2.0,2.0,0.4,0.5,50.0,12,0,1,1,0,0,5
116474,2.0,15.0,1.0,7.0,2.0,2.0,0.4,0.5,50.0,13,0,0,0,0,0,2
116474,2.0,15.0,1.0,7.0,2.0,2.0,0.4,0.5,50.0,14,0,0,0,0,0,1