Exp Num,agent:svo_convergence_factor,agent:params:metabolism,agent:params:consumption_factor,agent:params:procreate_cost_factor,agent:params:procreate_req_factor,agent:params:start_energy_factor,agent:params:caught_chance,agent:params:caught_cooldown_factor,agent:params:maximum_age,Epoch,Resource,A,B,C,D,E
113434,2.0,15.0,1.0,1.0,3.0,2.0,0.30000000000000004,0.2,50.0,0,3500.0,20,28,14,27,73
113434,2.0,15.0,1.0,1.0,3.0,2.0,0.30000000000000004,0.2,50.0,1,2950.0,20,28,14,27,73
113434,2.0,15.0,1.0,1.0,3.0,2.0,0.30000000000000004,0.2,50.0,2,2592.5,20,28,14,27,73
113434,2.0,15.0,1.0,1.0,3.0,2.0,0.30000000000000004,0.2,50.0,3,2505.625,15,27,14,26,67
113434,2.0,15.0,1.0,1.0,3.0,2.0,0.30000000000000004,0.2,50.0,4,2277.03125,8,24,14,24,57
113434,2.0,15.0,1.0,1.0,3.0,2.0,0.30000000000000004,0.2,50.0,5,1961.2890625,6,21,13,23,51
113434,2.0,15.0,1.0,1.0,3.0,2.0,0.30000000000000004,0.2,50.0,6,1416.611328125,6,20,12,23,49
113434,2.0,15.0,1.0,1.0,3.0,2.0,0.30000000000000004,0.2,50.0,7,780.76416015625,6,19,12,23,48
113434,2.0,15.0,1.0,1.0,3.0,2.0,0.30000000000000004,0.2,50.0,8,0,6,17,12,22,46
113434,2.0,15.0,1.0,1.0,3.0,2.0,0.30000000000000004,0.2,50.0,9,0,5,8,7,11,24
113434,2.0,15.0,1.0,1.0,3.0,2.0,0.30000000000000004,0.2,50.0,10,0,3,4,2,5,12
113434,2.0,15.0,1.0,1.0,3.0,2.0,0.30000000000000004,0.2,50.0,11,0,3,1,0,2,6
113434,2.0,15.0,1.0,1.0,3.0,2.0,0.30000000000000004,0.2,50.0,12,0,2,1,0,0,4
113434,2.0,15.0,1.0,1.0,3.0,2.0,0.30000000000000004,0.2,50.0,13,0,1,1,0,0,3
113434,2.0,15.0,1.0,1.0,3.0,2.0,0.30000000000000004,0.2,50.0,14,0,0,1,0,0,1