Exp Num,agent:svo_convergence_factor,agent:params:metabolism,agent:params:consumption_factor,agent:params:procreate_cost_factor,agent:params:procreate_req_factor,agent:params:start_energy_factor,agent:params:caught_chance,agent:params:caught_cooldown_factor,agent:params:maximum_age,Epoch,Resource,A,B,C,D,E
158514,3.0,10.0,1.0,1.0,3.0,3.0,0.1,0.30000000000000004,50.0,0,4000.0,33,36,19,40,110
158514,3.0,10.0,1.0,1.0,3.0,3.0,0.1,0.30000000000000004,50.0,1,3500.0,33,36,19,40,110
158514,3.0,10.0,1.0,1.0,3.0,3.0,0.1,0.30000000000000004,50.0,2,2895.0,33,36,19,40,110
158514,3.0,10.0,1.0,1.0,3.0,3.0,0.1,0.30000000000000004,50.0,3,2598.75,33,36,19,40,110
158514,3.0,10.0,1.0,1.0,3.0,3.0,0.1,0.30000000000000004,50.0,4,2188.4375,32,34,19,40,107
158514,3.0,10.0,1.0,1.0,3.0,3.0,0.1,0.30000000000000004,50.0,5,1645.546875,30,30,18,39,100
158514,3.0,10.0,1.0,1.0,3.0,3.0,0.1,0.30000000000000004,50.0,6,796.93359375,30,30,18,39,100
158514,3.0,10.0,1.0,1.0,3.0,3.0,0.1,0.30000000000000004,50.0,7,0,26,27,17,34,89
158514,3.0,10.0,1.0,1.0,3.0,3.0,0.1,0.30000000000000004,50.0,8,0,17,16,10,16,52
158514,3.0,10.0,1.0,1.0,3.0,3.0,0.1,0.30000000000000004,50.0,9,0,10,8,7,9,27
158514,3.0,10.0,1.0,1.0,3.0,3.0,0.1,0.30000000000000004,50.0,10,0,6,3,4,3,15
158514,3.0,10.0,1.0,1.0,3.0,3.0,0.1,0.30000000000000004,50.0,11,0,3,3,2,1,8
158514,3.0,10.0,1.0,1.0,3.0,3.0,0.1,0.30000000000000004,50.0,12,0,2,2,0,0,4
158514,3.0,10.0,1.0,1.0,3.0,3.0,0.1,0.30000000000000004,50.0,13,0,2,0,0,0,2
158514,3.0,10.0,1.0,1.0,3.0,3.0,0.1,0.30000000000000004,50.0,14,0,1,0,0,0,1