Exp Num,agent:svo_convergence_factor,agent:params:metabolism,agent:params:consumption_factor,agent:params:procreate_cost_factor,agent:params:procreate_req_factor,agent:params:start_energy_factor,agent:params:caught_chance,agent:params:caught_cooldown_factor,agent:params:maximum_age,Epoch,Resource,A,B,C,D,E
164448,3.0,10.0,2.0,3.0,1.0,2.0,0.30000000000000004,0.5,40.0,0,3680.0,19,41,19,35,98
164448,3.0,10.0,2.0,3.0,1.0,2.0,0.30000000000000004,0.5,40.0,1,2460.0,20,46,20,38,107
164448,3.0,10.0,2.0,3.0,1.0,2.0,0.30000000000000004,0.5,40.0,2,1235.0,22,57,24,42,125
164448,3.0,10.0,2.0,3.0,1.0,2.0,0.30000000000000004,0.5,40.0,3,0,24,66,28,39,140
164448,3.0,10.0,2.0,3.0,1.0,2.0,0.30000000000000004,0.5,40.0,4,0,16,49,25,25,103
164448,3.0,10.0,2.0,3.0,1.0,2.0,0.30000000000000004,0.5,40.0,5,0,13,42,20,15,83
164448,3.0,10.0,2.0,3.0,1.0,2.0,0.30000000000000004,0.5,40.0,6,0,10,31,15,6,64
164448,3.0,10.0,2.0,3.0,1.0,2.0,0.30000000000000004,0.5,40.0,7,0,6,21,13,1,43
164448,3.0,10.0,2.0,3.0,1.0,2.0,0.30000000000000004,0.5,40.0,8,0,3,18,8,1,31
164448,3.0,10.0,2.0,3.0,1.0,2.0,0.30000000000000004,0.5,40.0,9,0,3,9,7,2,21
164448,3.0,10.0,2.0,3.0,1.0,2.0,0.30000000000000004,0.5,40.0,10,0,1,7,5,2,13
164448,3.0,10.0,2.0,3.0,1.0,2.0,0.30000000000000004,0.5,40.0,11,0,0,6,2,2,8
164448,3.0,10.0,2.0,3.0,1.0,2.0,0.30000000000000004,0.5,40.0,12,0,0,3,1,2,4
164448,3.0,10.0,2.0,3.0,1.0,2.0,0.30000000000000004,0.5,40.0,13,0,0,3,1,0,4
164448,3.0,10.0,2.0,3.0,1.0,2.0,0.30000000000000004,0.5,40.0,14,60.0,0,3,0,0,3
164448,3.0,10.0,2.0,3.0,1.0,2.0,0.30000000000000004,0.5,40.0,15,75.0,0,3,0,0,3
164448,3.0,10.0,2.0,3.0,1.0,2.0,0.30000000000000004,0.5,40.0,16,93.75,0,2,0,0,2
164448,3.0,10.0,2.0,3.0,1.0,2.0,0.30000000000000004,0.5,40.0,17,97.1875,0,2,0,0,2
164448,3.0,10.0,2.0,3.0,1.0,2.0,0.30000000000000004,0.5,40.0,18,121.484375,0,1,0,0,1