Exp Num,agent:svo_convergence_factor,agent:params:metabolism,agent:params:consumption_factor,agent:params:procreate_cost_factor,agent:params:procreate_req_factor,agent:params:start_energy_factor,agent:params:caught_chance,agent:params:caught_cooldown_factor,agent:params:maximum_age,Epoch,Resource,A,B,C,D,E
114433,2.0,15.0,1.0,3.0,3.0,1.0,0.30000000000000004,0.2,40.0,0,3500.0,21,32,12,16,84
114433,2.0,15.0,1.0,3.0,3.0,1.0,0.30000000000000004,0.2,40.0,1,2875.0,21,32,12,16,84
114433,2.0,15.0,1.0,3.0,3.0,1.0,0.30000000000000004,0.2,40.0,2,2093.75,21,32,12,16,84
114433,2.0,15.0,1.0,3.0,3.0,1.0,0.30000000000000004,0.2,40.0,3,1117.1875,21,32,12,16,84
114433,2.0,15.0,1.0,3.0,3.0,1.0,0.30000000000000004,0.2,40.0,4,0,21,31,11,15,81
114433,2.0,15.0,1.0,3.0,3.0,1.0,0.30000000000000004,0.2,40.0,5,0,11,14,6,7,41
114433,2.0,15.0,1.0,3.0,3.0,1.0,0.30000000000000004,0.2,40.0,6,0,9,7,2,2,22
114433,2.0,15.0,1.0,3.0,3.0,1.0,0.30000000000000004,0.2,40.0,7,0,4,4,0,2,10
114433,2.0,15.0,1.0,3.0,3.0,1.0,0.30000000000000004,0.2,40.0,8,0,3,0,0,2,4
114433,2.0,15.0,1.0,3.0,3.0,1.0,0.30000000000000004,0.2,40.0,9,0,2,0,0,1,2
114433,2.0,15.0,1.0,3.0,3.0,1.0,0.30000000000000004,0.2,40.0,10,0,1,0,0,0,1