Exp Num,agent:svo_convergence_factor,agent:params:metabolism,agent:params:consumption_factor,agent:params:procreate_cost_factor,agent:params:procreate_req_factor,agent:params:start_energy_factor,agent:params:caught_chance,agent:params:caught_cooldown_factor,agent:params:maximum_age,Epoch,Resource,A,B,C,D,E
117226,2.0,15.0,1.0,9.0,1.0,2.0,0.5,0.1,20.0,0,3500.0,18,25,13,28,72
117226,2.0,15.0,1.0,9.0,1.0,2.0,0.5,0.1,20.0,1,2980.0,18,25,13,28,72
117226,2.0,15.0,1.0,9.0,1.0,2.0,0.5,0.1,20.0,2,2735.0,18,24,13,28,71
117226,2.0,15.0,1.0,9.0,1.0,2.0,0.5,0.1,20.0,3,2533.75,14,21,12,25,63
117226,2.0,15.0,1.0,9.0,1.0,2.0,0.5,0.1,20.0,4,2222.1875,14,19,11,23,60
117226,2.0,15.0,1.0,9.0,1.0,2.0,0.5,0.1,20.0,5,1937.734375,13,19,10,20,58
117226,2.0,15.0,1.0,9.0,1.0,2.0,0.5,0.1,20.0,6,1612.16796875,9,14,10,20,48
117226,2.0,15.0,1.0,9.0,1.0,2.0,0.5,0.1,20.0,7,1130.2099609375,8,14,10,19,47
117226,2.0,15.0,1.0,9.0,1.0,2.0,0.5,0.1,20.0,8,527.762451171875,6,14,10,18,45
117226,2.0,15.0,1.0,9.0,1.0,2.0,0.5,0.1,20.0,9,0,5,12,7,16,37
117226,2.0,15.0,1.0,9.0,1.0,2.0,0.5,0.1,20.0,10,0,1,5,3,10,17
117226,2.0,15.0,1.0,9.0,1.0,2.0,0.5,0.1,20.0,11,0,1,2,1,4,9
117226,2.0,15.0,1.0,9.0,1.0,2.0,0.5,0.1,20.0,12,0,0,2,0,0,6
117226,2.0,15.0,1.0,9.0,1.0,2.0,0.5,0.1,20.0,13,0,0,1,0,0,3
117226,2.0,15.0,1.0,9.0,1.0,2.0,0.5,0.1,20.0,14,0,0,0,0,0,1