Exp Num,agent:svo_convergence_factor,agent:params:metabolism,agent:params:consumption_factor,agent:params:procreate_cost_factor,agent:params:procreate_req_factor,agent:params:start_energy_factor,agent:params:caught_chance,agent:params:caught_cooldown_factor,agent:params:maximum_age,Epoch,Resource,A,B,C,D,E
127311,2.0,15.0,3.0,7.0,1.0,2.0,0.30000000000000004,0.30000000000000004,20.0,0,3380.0,11,32,13,27,73
127311,2.0,15.0,3.0,7.0,1.0,2.0,0.30000000000000004,0.30000000000000004,20.0,1,1210.0,10,25,12,27,62
127311,2.0,15.0,3.0,7.0,1.0,2.0,0.30000000000000004,0.30000000000000004,20.0,2,657.5,11,27,11,27,64
127311,2.0,15.0,3.0,7.0,1.0,2.0,0.30000000000000004,0.30000000000000004,20.0,3,0,13,26,11,27,65
127311,2.0,15.0,3.0,7.0,1.0,2.0,0.30000000000000004,0.30000000000000004,20.0,4,0,11,23,7,11,48
127311,2.0,15.0,3.0,7.0,1.0,2.0,0.30000000000000004,0.30000000000000004,20.0,5,0,10,19,6,5,41
127311,2.0,15.0,3.0,7.0,1.0,2.0,0.30000000000000004,0.30000000000000004,20.0,6,0,8,17,5,5,34
127311,2.0,15.0,3.0,7.0,1.0,2.0,0.30000000000000004,0.30000000000000004,20.0,7,0,7,13,4,4,27
127311,2.0,15.0,3.0,7.0,1.0,2.0,0.30000000000000004,0.30000000000000004,20.0,8,0,6,11,3,2,20
127311,2.0,15.0,3.0,7.0,1.0,2.0,0.30000000000000004,0.30000000000000004,20.0,9,0,5,8,2,1,15
127311,2.0,15.0,3.0,7.0,1.0,2.0,0.30000000000000004,0.30000000000000004,20.0,10,0,4,5,1,1,10
127311,2.0,15.0,3.0,7.0,1.0,2.0,0.30000000000000004,0.30000000000000004,20.0,11,0,3,5,1,1,9
127311,2.0,15.0,3.0,7.0,1.0,2.0,0.30000000000000004,0.30000000000000004,20.0,12,0,2,4,0,0,6
127311,2.0,15.0,3.0,7.0,1.0,2.0,0.30000000000000004,0.30000000000000004,20.0,13,0,1,2,0,0,3
127311,2.0,15.0,3.0,7.0,1.0,2.0,0.30000000000000004,0.30000000000000004,20.0,14,100,0,2,0,0,2
127311,2.0,15.0,3.0,7.0,1.0,2.0,0.30000000000000004,0.30000000000000004,20.0,15,125.0,0,1,0,0,1