Exp Num,agent:svo_convergence_factor,agent:params:metabolism,agent:params:consumption_factor,agent:params:procreate_cost_factor,agent:params:procreate_req_factor,agent:params:start_energy_factor,agent:params:caught_chance,agent:params:caught_cooldown_factor,agent:params:maximum_age,Epoch,Resource,A,B,C,D,E
125319,2.0,15.0,3.0,3.0,2.0,1.0,0.30000000000000004,0.4,50.0,0,500.0,17,34,12,22,78
125319,2.0,15.0,3.0,3.0,2.0,1.0,0.30000000000000004,0.4,50.0,1,0,17,34,12,22,78
125319,2.0,15.0,3.0,3.0,2.0,1.0,0.30000000000000004,0.4,50.0,2,0,17,34,12,22,78
125319,2.0,15.0,3.0,3.0,2.0,1.0,0.30000000000000004,0.4,50.0,3,0,8,20,5,13,41
125319,2.0,15.0,3.0,3.0,2.0,1.0,0.30000000000000004,0.4,50.0,4,0,6,10,3,9,22
125319,2.0,15.0,3.0,3.0,2.0,1.0,0.30000000000000004,0.4,50.0,5,0,5,7,1,5,15
125319,2.0,15.0,3.0,3.0,2.0,1.0,0.30000000000000004,0.4,50.0,6,0,4,4,1,1,11
125319,2.0,15.0,3.0,3.0,2.0,1.0,0.30000000000000004,0.4,50.0,7,0,3,3,0,1,7
125319,2.0,15.0,3.0,3.0,2.0,1.0,0.30000000000000004,0.4,50.0,8,0,2,1,0,1,4
125319,2.0,15.0,3.0,3.0,2.0,1.0,0.30000000000000004,0.4,50.0,9,0,1,0,0,1,2
125319,2.0,15.0,3.0,3.0,2.0,1.0,0.30000000000000004,0.4,50.0,10,0,0,0,0,0,1