Exp Num,agent:svo_convergence_factor,agent:params:metabolism,agent:params:consumption_factor,agent:params:procreate_cost_factor,agent:params:procreate_req_factor,agent:params:start_energy_factor,agent:params:caught_chance,agent:params:caught_cooldown_factor,agent:params:maximum_age,Epoch,Resource,A,B,C,D,E
14952,1.0,5.0,3.0,7.0,1.0,3.0,0.4,0.1,30.0,0,3500.0,21,29,7,25,75
14952,1.0,5.0,3.0,7.0,1.0,3.0,0.4,0.1,30.0,1,2950.0,28,45,15,37,110
14952,1.0,5.0,3.0,7.0,1.0,3.0,0.4,0.1,30.0,2,1977.5,29,54,25,40,131
14952,1.0,5.0,3.0,7.0,1.0,3.0,0.4,0.1,30.0,3,1826.875,31,65,33,42,152
14952,1.0,5.0,3.0,7.0,1.0,3.0,0.4,0.1,30.0,4,1053.59375,24,62,35,43,143
14952,1.0,5.0,3.0,7.0,1.0,3.0,0.4,0.1,30.0,5,506.9921875,23,71,41,43,156
14952,1.0,5.0,3.0,7.0,1.0,3.0,0.4,0.1,30.0,6,0,23,79,46,42,169
14952,1.0,5.0,3.0,7.0,1.0,3.0,0.4,0.1,30.0,7,0,16,67,45,29,142
14952,1.0,5.0,3.0,7.0,1.0,3.0,0.4,0.1,30.0,8,0,13,63,40,21,121
14952,1.0,5.0,3.0,7.0,1.0,3.0,0.4,0.1,30.0,9,0,11,61,36,19,109
14952,1.0,5.0,3.0,7.0,1.0,3.0,0.4,0.1,30.0,10,0,8,50,34,9,93
14952,1.0,5.0,3.0,7.0,1.0,3.0,0.4,0.1,30.0,11,0,5,41,26,6,73
14952,1.0,5.0,3.0,7.0,1.0,3.0,0.4,0.1,30.0,12,0,4,34,21,4,60
14952,1.0,5.0,3.0,7.0,1.0,3.0,0.4,0.1,30.0,13,0,3,27,18,0,48
14952,1.0,5.0,3.0,7.0,1.0,3.0,0.4,0.1,30.0,14,0,2,22,12,0,36
14952,1.0,5.0,3.0,7.0,1.0,3.0,0.4,0.1,30.0,15,0,1,16,7,0,24
14952,1.0,5.0,3.0,7.0,1.0,3.0,0.4,0.1,30.0,16,0,0,11,5,0,16
14952,1.0,5.0,3.0,7.0,1.0,3.0,0.4,0.1,30.0,17,0,0,10,4,0,14
14952,1.0,5.0,3.0,7.0,1.0,3.0,0.4,0.1,30.0,18,0,0,9,4,0,13
14952,1.0,5.0,3.0,7.0,1.0,3.0,0.4,0.1,30.0,19,0,0,7,3,0,10
14952,1.0,5.0,3.0,7.0,1.0,3.0,0.4,0.1,30.0,20,0,0,4,3,0,7
14952,1.0,5.0,3.0,7.0,1.0,3.0,0.4,0.1,30.0,21,0,0,3,2,0,5
14952,1.0,5.0,3.0,7.0,1.0,3.0,0.4,0.1,30.0,22,0,0,2,1,0,3
14952,1.0,5.0,3.0,7.0,1.0,3.0,0.4,0.1,30.0,23,0,0,1,1,0,2
14952,1.0,5.0,3.0,7.0,1.0,3.0,0.4,0.1,30.0,24,0,0,1,0,0,1