Exp Num,agent:svo_convergence_factor,agent:params:metabolism,agent:params:consumption_factor,agent:params:procreate_cost_factor,agent:params:procreate_req_factor,agent:params:start_energy_factor,agent:params:caught_chance,agent:params:caught_cooldown_factor,agent:params:maximum_age,Epoch,Resource,A,B,C,D,E
132036,2.0,15.0,4.0,5.0,2.0,1.0,0.2,0.30000000000000004,20.0,0,0,21,25,15,22,69
132036,2.0,15.0,4.0,5.0,2.0,1.0,0.2,0.30000000000000004,20.0,1,0,18,24,14,19,64
132036,2.0,15.0,4.0,5.0,2.0,1.0,0.2,0.30000000000000004,20.0,2,0,18,24,14,19,64
132036,2.0,15.0,4.0,5.0,2.0,1.0,0.2,0.30000000000000004,20.0,3,0,18,24,14,19,64
132036,2.0,15.0,4.0,5.0,2.0,1.0,0.2,0.30000000000000004,20.0,4,0,7,15,7,8,35
132036,2.0,15.0,4.0,5.0,2.0,1.0,0.2,0.30000000000000004,20.0,5,0,3,5,4,6,16
132036,2.0,15.0,4.0,5.0,2.0,1.0,0.2,0.30000000000000004,20.0,6,0,1,1,2,4,7
132036,2.0,15.0,4.0,5.0,2.0,1.0,0.2,0.30000000000000004,20.0,7,0,0,1,2,1,4
132036,2.0,15.0,4.0,5.0,2.0,1.0,0.2,0.30000000000000004,20.0,8,0,0,0,1,1,1
132036,2.0,15.0,4.0,5.0,2.0,1.0,0.2,0.30000000000000004,20.0,9,0,0,0,1,0,1