Exp Num,agent:svo_convergence_factor,agent:params:metabolism,agent:params:consumption_factor,agent:params:procreate_cost_factor,agent:params:procreate_req_factor,agent:params:start_energy_factor,agent:params:caught_chance,agent:params:caught_cooldown_factor,agent:params:maximum_age,Epoch,Resource,A,B,C,D,E
152465,3.0,5.0,4.0,1.0,2.0,2.0,0.4,0.4,10.0,0,3680.0,29,34,13,40,93
152465,3.0,5.0,4.0,1.0,2.0,2.0,0.4,0.4,10.0,1,3580.0,32,39,26,47,119
152465,3.0,5.0,4.0,1.0,2.0,2.0,0.4,0.4,10.0,2,3535.0,36,46,31,57,138
152465,3.0,5.0,4.0,1.0,2.0,2.0,0.4,0.4,10.0,3,2998.75,33,54,39,64,154
152465,3.0,5.0,4.0,1.0,2.0,2.0,0.4,0.4,10.0,4,2228.4375,37,72,52,78,197
152465,3.0,5.0,4.0,1.0,2.0,2.0,0.4,0.4,10.0,5,845.546875,44,81,66,93,230
152465,3.0,5.0,4.0,1.0,2.0,2.0,0.4,0.4,10.0,6,0,48,89,81,101,250
152465,3.0,5.0,4.0,1.0,2.0,2.0,0.4,0.4,10.0,7,0,43,76,61,69,200
152465,3.0,5.0,4.0,1.0,2.0,2.0,0.4,0.4,10.0,8,0,33,67,44,38,155
152465,3.0,5.0,4.0,1.0,2.0,2.0,0.4,0.4,10.0,9,0,22,51,33,25,111
152465,3.0,5.0,4.0,1.0,2.0,2.0,0.4,0.4,10.0,10,0,22,33,15,17,72
152465,3.0,5.0,4.0,1.0,2.0,2.0,0.4,0.4,10.0,11,0,15,21,8,10,45
152465,3.0,5.0,4.0,1.0,2.0,2.0,0.4,0.4,10.0,12,0,6,16,5,2,27
152465,3.0,5.0,4.0,1.0,2.0,2.0,0.4,0.4,10.0,13,0,3,11,3,0,17
152465,3.0,5.0,4.0,1.0,2.0,2.0,0.4,0.4,10.0,14,0,2,6,1,0,9
152465,3.0,5.0,4.0,1.0,2.0,2.0,0.4,0.4,10.0,15,0,2,2,1,0,5
152465,3.0,5.0,4.0,1.0,2.0,2.0,0.4,0.4,10.0,16,0,2,1,2,0,5
152465,3.0,5.0,4.0,1.0,2.0,2.0,0.4,0.4,10.0,17,100,1,0,1,0,2
152465,3.0,5.0,4.0,1.0,2.0,2.0,0.4,0.4,10.0,18,85.0,2,0,1,0,3
152465,3.0,5.0,4.0,1.0,2.0,2.0,0.4,0.4,10.0,19,86.25,3,0,1,0,4
152465,3.0,5.0,4.0,1.0,2.0,2.0,0.4,0.4,10.0,20,67.8125,2,0,1,0,3
152465,3.0,5.0,4.0,1.0,2.0,2.0,0.4,0.4,10.0,21,44.765625,3,0,0,0,3
152465,3.0,5.0,4.0,1.0,2.0,2.0,0.4,0.4,10.0,22,35.95703125,4,0,0,0,4
152465,3.0,5.0,4.0,1.0,2.0,2.0,0.4,0.4,10.0,23,24.9462890625,3,0,0,0,3
152465,3.0,5.0,4.0,1.0,2.0,2.0,0.4,0.4,10.0,24,11.182861328125,2,0,0,0,2
152465,3.0,5.0,4.0,1.0,2.0,2.0,0.4,0.4,10.0,25,0,3,0,0,0,3
152465,3.0,5.0,4.0,1.0,2.0,2.0,0.4,0.4,10.0,26,0,3,0,0,0,3
152465,3.0,5.0,4.0,1.0,2.0,2.0,0.4,0.4,10.0,27,0,2,0,0,0,2
152465,3.0,5.0,4.0,1.0,2.0,2.0,0.4,0.4,10.0,28,0,1,0,0,0,1