Exp Num,agent:svo_convergence_factor,agent:params:metabolism,agent:params:consumption_factor,agent:params:procreate_cost_factor,agent:params:procreate_req_factor,agent:params:start_energy_factor,agent:params:caught_chance,agent:params:caught_cooldown_factor,agent:params:maximum_age,Epoch,Resource,A,B,C,D,E
18302,1.0,5.0,4.0,3.0,1.0,3.0,0.30000000000000004,0.1,30.0,0,3660.0,25,33,22,38,95
18302,1.0,5.0,4.0,3.0,1.0,3.0,0.30000000000000004,0.1,30.0,1,3575.0,29,45,37,40,127
18302,1.0,5.0,4.0,3.0,1.0,3.0,0.30000000000000004,0.1,30.0,2,3348.75,31,56,59,41,161
18302,1.0,5.0,4.0,3.0,1.0,3.0,0.30000000000000004,0.1,30.0,3,2585.9375,25,68,82,44,194
18302,1.0,5.0,4.0,3.0,1.0,3.0,0.30000000000000004,0.1,30.0,4,972.421875,20,79,114,60,233
18302,1.0,5.0,4.0,3.0,1.0,3.0,0.30000000000000004,0.1,30.0,5,0,15,82,146,56,253
18302,1.0,5.0,4.0,3.0,1.0,3.0,0.30000000000000004,0.1,30.0,6,0,11,75,150,48,241
18302,1.0,5.0,4.0,3.0,1.0,3.0,0.30000000000000004,0.1,30.0,7,0,6,61,129,26,201
18302,1.0,5.0,4.0,3.0,1.0,3.0,0.30000000000000004,0.1,30.0,8,0,2,44,99,16,148
18302,1.0,5.0,4.0,3.0,1.0,3.0,0.30000000000000004,0.1,30.0,9,0,1,31,80,9,113
18302,1.0,5.0,4.0,3.0,1.0,3.0,0.30000000000000004,0.1,30.0,10,0,1,17,64,8,83
18302,1.0,5.0,4.0,3.0,1.0,3.0,0.30000000000000004,0.1,30.0,11,0,0,8,48,3,57
18302,1.0,5.0,4.0,3.0,1.0,3.0,0.30000000000000004,0.1,30.0,12,0,0,7,33,1,40
18302,1.0,5.0,4.0,3.0,1.0,3.0,0.30000000000000004,0.1,30.0,13,0,0,3,22,1,25
18302,1.0,5.0,4.0,3.0,1.0,3.0,0.30000000000000004,0.1,30.0,14,0,0,1,19,0,20
18302,1.0,5.0,4.0,3.0,1.0,3.0,0.30000000000000004,0.1,30.0,15,0,0,1,14,0,15
18302,1.0,5.0,4.0,3.0,1.0,3.0,0.30000000000000004,0.1,30.0,16,0.0,0,0,15,0,15
18302,1.0,5.0,4.0,3.0,1.0,3.0,0.30000000000000004,0.1,30.0,17,0,0,0,10,0,10
18302,1.0,5.0,4.0,3.0,1.0,3.0,0.30000000000000004,0.1,30.0,18,0,0,0,8,0,8
18302,1.0,5.0,4.0,3.0,1.0,3.0,0.30000000000000004,0.1,30.0,19,0,0,0,6,0,6
18302,1.0,5.0,4.0,3.0,1.0,3.0,0.30000000000000004,0.1,30.0,20,0,0,0,3,0,3
18302,1.0,5.0,4.0,3.0,1.0,3.0,0.30000000000000004,0.1,30.0,21,0,0,0,1,0,1