Exp Num,agent:svo_convergence_factor,agent:params:metabolism,agent:params:consumption_factor,agent:params:procreate_cost_factor,agent:params:procreate_req_factor,agent:params:start_energy_factor,agent:params:caught_chance,agent:params:caught_cooldown_factor,agent:params:maximum_age,Epoch,Resource,A,B,C,D,E
178763,3.0,10.0,4.0,7.0,3.0,3.0,0.1,0.30000000000000004,40.0,0,3240.0,12,24,12,30,70
178763,3.0,10.0,4.0,7.0,3.0,3.0,0.1,0.30000000000000004,40.0,1,2570.0,12,24,12,30,70
178763,3.0,10.0,4.0,7.0,3.0,3.0,0.1,0.30000000000000004,40.0,2,732.5,12,20,12,27,65
178763,3.0,10.0,4.0,7.0,3.0,3.0,0.1,0.30000000000000004,40.0,3,0,12,19,12,27,64
178763,3.0,10.0,4.0,7.0,3.0,3.0,0.1,0.30000000000000004,40.0,4,0,12,19,12,27,64
178763,3.0,10.0,4.0,7.0,3.0,3.0,0.1,0.30000000000000004,40.0,5,0,12,19,12,27,64
178763,3.0,10.0,4.0,7.0,3.0,3.0,0.1,0.30000000000000004,40.0,6,0,10,16,11,15,45
178763,3.0,10.0,4.0,7.0,3.0,3.0,0.1,0.30000000000000004,40.0,7,0,10,14,8,12,37
178763,3.0,10.0,4.0,7.0,3.0,3.0,0.1,0.30000000000000004,40.0,8,0,10,14,7,10,34
178763,3.0,10.0,4.0,7.0,3.0,3.0,0.1,0.30000000000000004,40.0,9,0,10,14,6,9,33
178763,3.0,10.0,4.0,7.0,3.0,3.0,0.1,0.30000000000000004,40.0,10,0,10,13,5,6,29
178763,3.0,10.0,4.0,7.0,3.0,3.0,0.1,0.30000000000000004,40.0,11,0,8,11,4,5,24
178763,3.0,10.0,4.0,7.0,3.0,3.0,0.1,0.30000000000000004,40.0,12,0,8,11,2,3,22
178763,3.0,10.0,4.0,7.0,3.0,3.0,0.1,0.30000000000000004,40.0,13,0,8,11,2,3,22
178763,3.0,10.0,4.0,7.0,3.0,3.0,0.1,0.30000000000000004,40.0,14,0,6,8,2,3,17
178763,3.0,10.0,4.0,7.0,3.0,3.0,0.1,0.30000000000000004,40.0,15,0,6,6,1,2,14
178763,3.0,10.0,4.0,7.0,3.0,3.0,0.1,0.30000000000000004,40.0,16,0,5,4,1,2,10
178763,3.0,10.0,4.0,7.0,3.0,3.0,0.1,0.30000000000000004,40.0,17,0,5,4,1,2,10
178763,3.0,10.0,4.0,7.0,3.0,3.0,0.1,0.30000000000000004,40.0,18,0,5,4,0,0,9
178763,3.0,10.0,4.0,7.0,3.0,3.0,0.1,0.30000000000000004,40.0,19,0,4,4,0,0,8
178763,3.0,10.0,4.0,7.0,3.0,3.0,0.1,0.30000000000000004,40.0,20,0,3,2,0,0,5
178763,3.0,10.0,4.0,7.0,3.0,3.0,0.1,0.30000000000000004,40.0,21,0,2,2,0,0,4
178763,3.0,10.0,4.0,7.0,3.0,3.0,0.1,0.30000000000000004,40.0,22,0,0,2,0,0,2
178763,3.0,10.0,4.0,7.0,3.0,3.0,0.1,0.30000000000000004,40.0,23,0,0,1,0,0,1