Exp Num,agent:svo_convergence_factor,agent:params:metabolism,agent:params:consumption_factor,agent:params:procreate_cost_factor,agent:params:procreate_req_factor,agent:params:start_energy_factor,agent:params:caught_chance,agent:params:caught_cooldown_factor,agent:params:maximum_age,Epoch,Resource,A,B,C,D,E
175287,3.0,10.0,4.0,1.0,3.0,2.0,0.2,0.30000000000000004,30.0,0,3520.0,20,23,20,44,74
175287,3.0,10.0,4.0,1.0,3.0,2.0,0.2,0.30000000000000004,30.0,1,1560.0,21,27,31,59,92
175287,3.0,10.0,4.0,1.0,3.0,2.0,0.2,0.30000000000000004,30.0,2,0,25,37,36,62,113
175287,3.0,10.0,4.0,1.0,3.0,2.0,0.2,0.30000000000000004,30.0,3,0,29,36,36,46,113
175287,3.0,10.0,4.0,1.0,3.0,2.0,0.2,0.30000000000000004,30.0,4,0,29,31,27,34,93
175287,3.0,10.0,4.0,1.0,3.0,2.0,0.2,0.30000000000000004,30.0,5,0,18,24,17,15,63
175287,3.0,10.0,4.0,1.0,3.0,2.0,0.2,0.30000000000000004,30.0,6,0,17,13,11,10,43
175287,3.0,10.0,4.0,1.0,3.0,2.0,0.2,0.30000000000000004,30.0,7,0,12,10,8,5,32
175287,3.0,10.0,4.0,1.0,3.0,2.0,0.2,0.30000000000000004,30.0,8,0,6,6,6,2,20
175287,3.0,10.0,4.0,1.0,3.0,2.0,0.2,0.30000000000000004,30.0,9,0,4,4,3,0,12
175287,3.0,10.0,4.0,1.0,3.0,2.0,0.2,0.30000000000000004,30.0,10,0,2,2,2,0,7
175287,3.0,10.0,4.0,1.0,3.0,2.0,0.2,0.30000000000000004,30.0,11,0,1,0,2,0,4
175287,3.0,10.0,4.0,1.0,3.0,2.0,0.2,0.30000000000000004,30.0,12,0,0,0,1,0,2
175287,3.0,10.0,4.0,1.0,3.0,2.0,0.2,0.30000000000000004,30.0,13,20.0,0,0,2,0,3
175287,3.0,10.0,4.0,1.0,3.0,2.0,0.2,0.30000000000000004,30.0,14,0,0,0,2,0,3
175287,3.0,10.0,4.0,1.0,3.0,2.0,0.2,0.30000000000000004,30.0,15,0,0,0,1,0,2
175287,3.0,10.0,4.0,1.0,3.0,2.0,0.2,0.30000000000000004,30.0,16,0,0,0,0,0,1