Exp Num,agent:svo_convergence_factor,agent:params:metabolism,agent:params:consumption_factor,agent:params:procreate_cost_factor,agent:params:procreate_req_factor,agent:params:start_energy_factor,agent:params:caught_chance,agent:params:caught_cooldown_factor,agent:params:maximum_age,Epoch,Resource,A,B,C,D,E
103832,2.0,10.0,3.0,5.0,1.0,3.0,0.4,0.2,30.0,0,4100.0,29,21,20,28,87
103832,2.0,10.0,3.0,5.0,1.0,3.0,0.4,0.2,30.0,1,3895.0,29,23,23,30,92
103832,2.0,10.0,3.0,5.0,1.0,3.0,0.4,0.2,30.0,2,3548.75,16,16,25,31,72
103832,2.0,10.0,3.0,5.0,1.0,3.0,0.4,0.2,30.0,3,3295.9375,15,18,25,29,73
103832,2.0,10.0,3.0,5.0,1.0,3.0,0.4,0.2,30.0,4,3099.921875,16,23,29,28,83
103832,2.0,10.0,3.0,5.0,1.0,3.0,0.4,0.2,30.0,5,2704.90234375,17,29,31,27,92
103832,2.0,10.0,3.0,5.0,1.0,3.0,0.4,0.2,30.0,6,2571.1279296875,17,28,30,22,90
103832,2.0,10.0,3.0,5.0,1.0,3.0,0.4,0.2,30.0,7,2313.909912109375,15,34,31,18,95
103832,2.0,10.0,3.0,5.0,1.0,3.0,0.4,0.2,30.0,8,2082.3873901367188,12,32,28,18,87
103832,2.0,10.0,3.0,5.0,1.0,3.0,0.4,0.2,30.0,9,1942.9842376708984,10,32,21,17,78
103832,2.0,10.0,3.0,5.0,1.0,3.0,0.4,0.2,30.0,10,1648.730297088623,9,34,19,15,77
103832,2.0,10.0,3.0,5.0,1.0,3.0,0.4,0.2,30.0,11,1250.9128713607788,8,36,17,14,76
103832,2.0,10.0,3.0,5.0,1.0,3.0,0.4,0.2,30.0,12,663.6410892009735,9,38,17,11,79
103832,2.0,10.0,3.0,5.0,1.0,3.0,0.4,0.2,30.0,13,0,10,38,16,11,78
103832,2.0,10.0,3.0,5.0,1.0,3.0,0.4,0.2,30.0,14,0,8,33,18,8,70
103832,2.0,10.0,3.0,5.0,1.0,3.0,0.4,0.2,30.0,15,0,6,33,14,4,62
103832,2.0,10.0,3.0,5.0,1.0,3.0,0.4,0.2,30.0,16,0,5,27,10,3,46
103832,2.0,10.0,3.0,5.0,1.0,3.0,0.4,0.2,30.0,17,0,4,21,9,2,35
103832,2.0,10.0,3.0,5.0,1.0,3.0,0.4,0.2,30.0,18,0,3,17,6,1,26
103832,2.0,10.0,3.0,5.0,1.0,3.0,0.4,0.2,30.0,19,0,2,14,4,0,20
103832,2.0,10.0,3.0,5.0,1.0,3.0,0.4,0.2,30.0,20,0,1,11,2,0,14
103832,2.0,10.0,3.0,5.0,1.0,3.0,0.4,0.2,30.0,21,0,0,9,0,0,9
103832,2.0,10.0,3.0,5.0,1.0,3.0,0.4,0.2,30.0,22,0,0,5,0,0,5
103832,2.0,10.0,3.0,5.0,1.0,3.0,0.4,0.2,30.0,23,0,0,4,0,0,4
103832,2.0,10.0,3.0,5.0,1.0,3.0,0.4,0.2,30.0,24,70.0,0,4,0,0,4
103832,2.0,10.0,3.0,5.0,1.0,3.0,0.4,0.2,30.0,25,87.5,0,2,0,0,2
103832,2.0,10.0,3.0,5.0,1.0,3.0,0.4,0.2,30.0,26,109.375,0,2,0,0,2
103832,2.0,10.0,3.0,5.0,1.0,3.0,0.4,0.2,30.0,27,106.71875,0,2,0,0,2
103832,2.0,10.0,3.0,5.0,1.0,3.0,0.4,0.2,30.0,28,103.3984375,0,2,0,0,2
103832,2.0,10.0,3.0,5.0,1.0,3.0,0.4,0.2,30.0,29,129.248046875,0,2,0,0,2
103832,2.0,10.0,3.0,5.0,1.0,3.0,0.4,0.2,30.0,30,161.56005859375,0,1,0,0,1