Exp Num,agent:svo_convergence_factor,agent:params:metabolism,agent:params:consumption_factor,agent:params:procreate_cost_factor,agent:params:procreate_req_factor,agent:params:start_energy_factor,agent:params:caught_chance,agent:params:caught_cooldown_factor,agent:params:maximum_age,Epoch,Resource,A,B,C,D,E
14841,1.0,5.0,3.0,7.0,1.0,2.0,0.4,0.4,20.0,0,3500.0,22,20,14,27,73
14841,1.0,5.0,3.0,7.0,1.0,2.0,0.4,0.4,20.0,1,2965.0,22,20,14,27,73
14841,1.0,5.0,3.0,7.0,1.0,2.0,0.4,0.4,20.0,2,2791.25,27,32,23,31,99
14841,1.0,5.0,3.0,7.0,1.0,2.0,0.4,0.4,20.0,3,2379.0625,28,40,29,33,114
14841,1.0,5.0,3.0,7.0,1.0,2.0,0.4,0.4,20.0,4,2238.828125,28,47,33,32,125
14841,1.0,5.0,3.0,7.0,1.0,2.0,0.4,0.4,20.0,5,2138.53515625,32,60,36,32,145
14841,1.0,5.0,3.0,7.0,1.0,2.0,0.4,0.4,20.0,6,1683.1689453125,30,61,40,29,147
14841,1.0,5.0,3.0,7.0,1.0,2.0,0.4,0.4,20.0,7,1488.961181640625,27,71,41,22,155
14841,1.0,5.0,3.0,7.0,1.0,2.0,0.4,0.4,20.0,8,1171.2014770507812,22,75,42,21,155
14841,1.0,5.0,3.0,7.0,1.0,2.0,0.4,0.4,20.0,9,789.0018463134766,17,76,41,19,149
14841,1.0,5.0,3.0,7.0,1.0,2.0,0.4,0.4,20.0,10,371.2523078918457,18,76,35,16,143
14841,1.0,5.0,3.0,7.0,1.0,2.0,0.4,0.4,20.0,11,0,15,77,35,14,140
14841,1.0,5.0,3.0,7.0,1.0,2.0,0.4,0.4,20.0,12,0,12,76,27,9,125
14841,1.0,5.0,3.0,7.0,1.0,2.0,0.4,0.4,20.0,13,0,10,66,23,7,105
14841,1.0,5.0,3.0,7.0,1.0,2.0,0.4,0.4,20.0,14,0,6,56,20,6,87
14841,1.0,5.0,3.0,7.0,1.0,2.0,0.4,0.4,20.0,15,0,6,47,17,5,71
14841,1.0,5.0,3.0,7.0,1.0,2.0,0.4,0.4,20.0,16,0,5,41,10,3,56
14841,1.0,5.0,3.0,7.0,1.0,2.0,0.4,0.4,20.0,17,0,3,32,9,1,44
14841,1.0,5.0,3.0,7.0,1.0,2.0,0.4,0.4,20.0,18,0,2,24,5,0,31
14841,1.0,5.0,3.0,7.0,1.0,2.0,0.4,0.4,20.0,19,0,1,20,3,0,24
14841,1.0,5.0,3.0,7.0,1.0,2.0,0.4,0.4,20.0,20,0,0,12,2,0,14
14841,1.0,5.0,3.0,7.0,1.0,2.0,0.4,0.4,20.0,21,0,0,9,2,0,11
14841,1.0,5.0,3.0,7.0,1.0,2.0,0.4,0.4,20.0,22,100,0,8,2,0,10
14841,1.0,5.0,3.0,7.0,1.0,2.0,0.4,0.4,20.0,23,125.0,0,5,0,0,5
14841,1.0,5.0,3.0,7.0,1.0,2.0,0.4,0.4,20.0,24,156.25,0,3,0,0,3
14841,1.0,5.0,3.0,7.0,1.0,2.0,0.4,0.4,20.0,25,195.3125,0,2,0,0,2
14841,1.0,5.0,3.0,7.0,1.0,2.0,0.4,0.4,20.0,26,244.140625,0,1,0,0,1