Exp Num,agent:svo_convergence_factor,agent:params:metabolism,agent:params:consumption_factor,agent:params:procreate_cost_factor,agent:params:procreate_req_factor,agent:params:start_energy_factor,agent:params:caught_chance,agent:params:caught_cooldown_factor,agent:params:maximum_age,Epoch,Resource,A,B,C,D,E
11287,1.0,5.0,3.0,1.0,1.0,1.0,0.2,0.30000000000000004,30.0,0,3500.0,22,37,30,46,104
11287,1.0,5.0,3.0,1.0,1.0,1.0,0.2,0.30000000000000004,30.0,1,3490.0,26,64,50,66,159
11287,1.0,5.0,3.0,1.0,1.0,1.0,0.2,0.30000000000000004,30.0,2,2367.5,32,89,82,87,227
11287,1.0,5.0,3.0,1.0,1.0,1.0,0.2,0.30000000000000004,30.0,3,169.375,32,120,134,120,313
11287,1.0,5.0,3.0,1.0,1.0,1.0,0.2,0.30000000000000004,30.0,4,0,33,134,158,125,349
11287,1.0,5.0,3.0,1.0,1.0,1.0,0.2,0.30000000000000004,30.0,5,0,24,117,150,80,307
11287,1.0,5.0,3.0,1.0,1.0,1.0,0.2,0.30000000000000004,30.0,6,0,18,77,133,44,241
11287,1.0,5.0,3.0,1.0,1.0,1.0,0.2,0.30000000000000004,30.0,7,0,13,56,106,26,183
11287,1.0,5.0,3.0,1.0,1.0,1.0,0.2,0.30000000000000004,30.0,8,0,8,48,79,18,139
11287,1.0,5.0,3.0,1.0,1.0,1.0,0.2,0.30000000000000004,30.0,9,0,7,37,55,12,101
11287,1.0,5.0,3.0,1.0,1.0,1.0,0.2,0.30000000000000004,30.0,10,0,4,28,33,7,67
11287,1.0,5.0,3.0,1.0,1.0,1.0,0.2,0.30000000000000004,30.0,11,0,1,17,20,5,38
11287,1.0,5.0,3.0,1.0,1.0,1.0,0.2,0.30000000000000004,30.0,12,0,1,12,16,2,29
11287,1.0,5.0,3.0,1.0,1.0,1.0,0.2,0.30000000000000004,30.0,13,0,0,7,13,1,20
11287,1.0,5.0,3.0,1.0,1.0,1.0,0.2,0.30000000000000004,30.0,14,0,0,5,10,1,15
11287,1.0,5.0,3.0,1.0,1.0,1.0,0.2,0.30000000000000004,30.0,15,0,0,3,11,0,14
11287,1.0,5.0,3.0,1.0,1.0,1.0,0.2,0.30000000000000004,30.0,16,0,0,2,9,0,11
11287,1.0,5.0,3.0,1.0,1.0,1.0,0.2,0.30000000000000004,30.0,17,0,0,2,6,0,8
11287,1.0,5.0,3.0,1.0,1.0,1.0,0.2,0.30000000000000004,30.0,18,0,0,0,4,0,4
11287,1.0,5.0,3.0,1.0,1.0,1.0,0.2,0.30000000000000004,30.0,19,0,0,0,2,0,2
11287,1.0,5.0,3.0,1.0,1.0,1.0,0.2,0.30000000000000004,30.0,20,0,0,0,1,0,1