Exp Num,agent:svo_convergence_factor,agent:params:metabolism,agent:params:consumption_factor,agent:params:procreate_cost_factor,agent:params:procreate_req_factor,agent:params:start_energy_factor,agent:params:caught_chance,agent:params:caught_cooldown_factor,agent:params:maximum_age,Epoch,Resource,A,B,C,D,E
119318,2.0,15.0,2.0,3.0,1.0,1.0,0.30000000000000004,0.4,40.0,0,2000.0,13,25,11,30,70
119318,2.0,15.0,2.0,3.0,1.0,1.0,0.30000000000000004,0.4,40.0,1,1450.0,15,29,18,33,84
119318,2.0,15.0,2.0,3.0,1.0,1.0,0.30000000000000004,0.4,40.0,2,0,10,23,17,26,70
119318,2.0,15.0,2.0,3.0,1.0,1.0,0.30000000000000004,0.4,40.0,3,0,5,15,16,20,51
119318,2.0,15.0,2.0,3.0,1.0,1.0,0.30000000000000004,0.4,40.0,4,0,5,10,11,13,36
119318,2.0,15.0,2.0,3.0,1.0,1.0,0.30000000000000004,0.4,40.0,5,0,5,2,9,10,21
119318,2.0,15.0,2.0,3.0,1.0,1.0,0.30000000000000004,0.4,40.0,6,0,3,2,6,8,12
119318,2.0,15.0,2.0,3.0,1.0,1.0,0.30000000000000004,0.4,40.0,7,0,2,1,6,5,10
119318,2.0,15.0,2.0,3.0,1.0,1.0,0.30000000000000004,0.4,40.0,8,0,1,1,5,3,7
119318,2.0,15.0,2.0,3.0,1.0,1.0,0.30000000000000004,0.4,40.0,9,0,1,0,6,1,7
119318,2.0,15.0,2.0,3.0,1.0,1.0,0.30000000000000004,0.4,40.0,10,0,1,0,3,1,4
119318,2.0,15.0,2.0,3.0,1.0,1.0,0.30000000000000004,0.4,40.0,11,0,1,0,1,1,2
119318,2.0,15.0,2.0,3.0,1.0,1.0,0.30000000000000004,0.4,40.0,12,0,1,0,1,0,2
119318,2.0,15.0,2.0,3.0,1.0,1.0,0.30000000000000004,0.4,40.0,13,100,1,0,1,0,2
119318,2.0,15.0,2.0,3.0,1.0,1.0,0.30000000000000004,0.4,40.0,14,125.0,1,0,1,0,2
119318,2.0,15.0,2.0,3.0,1.0,1.0,0.30000000000000004,0.4,40.0,15,156.25,0,0,1,0,1