Exp Num,agent:svo_convergence_factor,agent:params:metabolism,agent:params:consumption_factor,agent:params:procreate_cost_factor,agent:params:procreate_req_factor,agent:params:start_energy_factor,agent:params:caught_chance,agent:params:caught_cooldown_factor,agent:params:maximum_age,Epoch,Resource,A,B,C,D,E
168146,3.0,10.0,2.0,9.0,2.0,2.0,0.1,0.5,20.0,0,3620.0,21,20,13,27,73
168146,3.0,10.0,2.0,9.0,2.0,2.0,0.1,0.5,20.0,1,3065.0,19,19,13,27,70
168146,3.0,10.0,2.0,9.0,2.0,2.0,0.1,0.5,20.0,2,2931.25,19,19,13,27,70
168146,3.0,10.0,2.0,9.0,2.0,2.0,0.1,0.5,20.0,3,2484.0625,19,17,12,27,67
168146,3.0,10.0,2.0,9.0,2.0,2.0,0.1,0.5,20.0,4,2265.078125,19,17,12,27,66
168146,3.0,10.0,2.0,9.0,2.0,2.0,0.1,0.5,20.0,5,1551.34765625,18,17,12,27,64
168146,3.0,10.0,2.0,9.0,2.0,2.0,0.1,0.5,20.0,6,1199.1845703125,18,17,12,27,64
168146,3.0,10.0,2.0,9.0,2.0,2.0,0.1,0.5,20.0,7,378.980712890625,17,16,11,27,61
168146,3.0,10.0,2.0,9.0,2.0,2.0,0.1,0.5,20.0,8,0,16,16,11,26,59
168146,3.0,10.0,2.0,9.0,2.0,2.0,0.1,0.5,20.0,9,0,14,15,7,15,46
168146,3.0,10.0,2.0,9.0,2.0,2.0,0.1,0.5,20.0,10,0,14,15,7,7,42
168146,3.0,10.0,2.0,9.0,2.0,2.0,0.1,0.5,20.0,11,0,13,14,5,4,37
168146,3.0,10.0,2.0,9.0,2.0,2.0,0.1,0.5,20.0,12,0,12,12,5,4,30
168146,3.0,10.0,2.0,9.0,2.0,2.0,0.1,0.5,20.0,13,0,9,11,5,1,25
168146,3.0,10.0,2.0,9.0,2.0,2.0,0.1,0.5,20.0,14,0,9,8,4,0,21
168146,3.0,10.0,2.0,9.0,2.0,2.0,0.1,0.5,20.0,15,0,9,6,2,0,17
168146,3.0,10.0,2.0,9.0,2.0,2.0,0.1,0.5,20.0,16,0,9,3,2,0,14
168146,3.0,10.0,2.0,9.0,2.0,2.0,0.1,0.5,20.0,17,0,7,2,1,0,10
168146,3.0,10.0,2.0,9.0,2.0,2.0,0.1,0.5,20.0,18,0,6,1,0,0,7
168146,3.0,10.0,2.0,9.0,2.0,2.0,0.1,0.5,20.0,19,0,6,1,0,0,7
168146,3.0,10.0,2.0,9.0,2.0,2.0,0.1,0.5,20.0,20,0,6,1,0,0,7
168146,3.0,10.0,2.0,9.0,2.0,2.0,0.1,0.5,20.0,21,0,5,0,0,0,5
168146,3.0,10.0,2.0,9.0,2.0,2.0,0.1,0.5,20.0,22,0,3,0,0,0,3
168146,3.0,10.0,2.0,9.0,2.0,2.0,0.1,0.5,20.0,23,0,2,0,0,0,2
168146,3.0,10.0,2.0,9.0,2.0,2.0,0.1,0.5,20.0,24,0,1,0,0,0,1