Exp Num,agent:svo_convergence_factor,agent:params:metabolism,agent:params:consumption_factor,agent:params:procreate_cost_factor,agent:params:procreate_req_factor,agent:params:start_energy_factor,agent:params:caught_chance,agent:params:caught_cooldown_factor,agent:params:maximum_age,Epoch,Resource,A,B,C,D,E
145169,3.0,5.0,2.0,9.0,1.0,1.0,0.2,0.4,50.0,0,4000.0,26,28,12,18,82
145169,3.0,5.0,2.0,9.0,1.0,1.0,0.2,0.4,50.0,1,4000.0,26,28,12,18,82
145169,3.0,5.0,2.0,9.0,1.0,1.0,0.2,0.4,50.0,2,4000.0,26,28,12,18,82
145169,3.0,5.0,2.0,9.0,1.0,1.0,0.2,0.4,50.0,3,4000.0,26,28,12,18,82
145169,3.0,5.0,2.0,9.0,1.0,1.0,0.2,0.4,50.0,4,4000.0,26,28,12,18,82
145169,3.0,5.0,2.0,9.0,1.0,1.0,0.2,0.4,50.0,5,4000.0,26,28,12,18,82
145169,3.0,5.0,2.0,9.0,1.0,1.0,0.2,0.4,50.0,6,4000.0,26,28,12,18,82
145169,3.0,5.0,2.0,9.0,1.0,1.0,0.2,0.4,50.0,7,4000.0,37,41,25,23,127
145169,3.0,5.0,2.0,9.0,1.0,1.0,0.2,0.4,50.0,8,3500.0,43,48,33,24,151
145169,3.0,5.0,2.0,9.0,1.0,1.0,0.2,0.4,50.0,9,2885.0,50,61,41,30,182
145169,3.0,5.0,2.0,9.0,1.0,1.0,0.2,0.4,50.0,10,2736.25,52,69,48,34,201
145169,3.0,5.0,2.0,9.0,1.0,1.0,0.2,0.4,50.0,11,1990.3125,45,71,56,37,205
145169,3.0,5.0,2.0,9.0,1.0,1.0,0.2,0.4,50.0,12,1527.890625,46,73,65,39,218
145169,3.0,5.0,2.0,9.0,1.0,1.0,0.2,0.4,50.0,13,719.86328125,43,75,68,39,220
145169,3.0,5.0,2.0,9.0,1.0,1.0,0.2,0.4,50.0,14,0,41,76,74,37,225
145169,3.0,5.0,2.0,9.0,1.0,1.0,0.2,0.4,50.0,15,0,36,65,67,22,186
145169,3.0,5.0,2.0,9.0,1.0,1.0,0.2,0.4,50.0,16,0,34,57,53,21,155
145169,3.0,5.0,2.0,9.0,1.0,1.0,0.2,0.4,50.0,17,0,28,51,48,16,136
145169,3.0,5.0,2.0,9.0,1.0,1.0,0.2,0.4,50.0,18,0,20,41,43,13,112
145169,3.0,5.0,2.0,9.0,1.0,1.0,0.2,0.4,50.0,19,0,13,34,38,9,89
145169,3.0,5.0,2.0,9.0,1.0,1.0,0.2,0.4,50.0,20,0,11,29,31,7,75
145169,3.0,5.0,2.0,9.0,1.0,1.0,0.2,0.4,50.0,21,0,5,26,27,7,62
145169,3.0,5.0,2.0,9.0,1.0,1.0,0.2,0.4,50.0,22,0,3,21,23,5,49
145169,3.0,5.0,2.0,9.0,1.0,1.0,0.2,0.4,50.0,23,0,3,19,17,3,40
145169,3.0,5.0,2.0,9.0,1.0,1.0,0.2,0.4,50.0,24,0,2,16,12,2,30
145169,3.0,5.0,2.0,9.0,1.0,1.0,0.2,0.4,50.0,25,30.0,2,15,8,1,25
145169,3.0,5.0,2.0,9.0,1.0,1.0,0.2,0.4,50.0,26,0,2,12,7,1,21
145169,3.0,5.0,2.0,9.0,1.0,1.0,0.2,0.4,50.0,27,0,2,9,4,1,15
145169,3.0,5.0,2.0,9.0,1.0,1.0,0.2,0.4,50.0,28,0,1,6,3,0,10
145169,3.0,5.0,2.0,9.0,1.0,1.0,0.2,0.4,50.0,29,0,1,4,2,0,7
145169,3.0,5.0,2.0,9.0,1.0,1.0,0.2,0.4,50.0,30,0,0,3,2,0,5
145169,3.0,5.0,2.0,9.0,1.0,1.0,0.2,0.4,50.0,31,0,0,2,1,0,3
145169,3.0,5.0,2.0,9.0,1.0,1.0,0.2,0.4,50.0,32,0,0,1,0,0,1