Exp Num,agent:svo_convergence_factor,agent:params:metabolism,agent:params:consumption_factor,agent:params:procreate_cost_factor,agent:params:procreate_req_factor,agent:params:start_energy_factor,agent:params:caught_chance,agent:params:caught_cooldown_factor,agent:params:maximum_age,Epoch,Resource,A,B,C,D,E
102705,2.0,10.0,3.0,3.0,1.0,3.0,0.4,0.2,10.0,0,4310.0,15,34,11,35,76
102705,2.0,10.0,3.0,3.0,1.0,3.0,0.4,0.2,10.0,1,4607.5,19,45,12,36,92
102705,2.0,10.0,3.0,3.0,1.0,3.0,0.4,0.2,10.0,2,4079.375,18,45,15,33,98
102705,2.0,10.0,3.0,3.0,1.0,3.0,0.4,0.2,10.0,3,2999.21875,17,46,19,40,104
102705,2.0,10.0,3.0,3.0,1.0,3.0,0.4,0.2,10.0,4,2249.0234375,19,52,29,47,123
102705,2.0,10.0,3.0,3.0,1.0,3.0,0.4,0.2,10.0,5,801.279296875,15,51,45,55,136
102705,2.0,10.0,3.0,3.0,1.0,3.0,0.4,0.2,10.0,6,0,12,47,47,45,121
102705,2.0,10.0,3.0,3.0,1.0,3.0,0.4,0.2,10.0,7,0,6,36,47,36,99
102705,2.0,10.0,3.0,3.0,1.0,3.0,0.4,0.2,10.0,8,0,4,31,44,22,86
102705,2.0,10.0,3.0,3.0,1.0,3.0,0.4,0.2,10.0,9,0,3,24,31,18,65
102705,2.0,10.0,3.0,3.0,1.0,3.0,0.4,0.2,10.0,10,0,2,13,26,14,48
102705,2.0,10.0,3.0,3.0,1.0,3.0,0.4,0.2,10.0,11,0,1,9,18,13,33
102705,2.0,10.0,3.0,3.0,1.0,3.0,0.4,0.2,10.0,12,0,0,6,12,10,20
102705,2.0,10.0,3.0,3.0,1.0,3.0,0.4,0.2,10.0,13,0,0,2,8,7,10
102705,2.0,10.0,3.0,3.0,1.0,3.0,0.4,0.2,10.0,14,0,0,0,7,6,7
102705,2.0,10.0,3.0,3.0,1.0,3.0,0.4,0.2,10.0,15,0,0,0,5,3,5
102705,2.0,10.0,3.0,3.0,1.0,3.0,0.4,0.2,10.0,16,0,0,0,3,2,3
102705,2.0,10.0,3.0,3.0,1.0,3.0,0.4,0.2,10.0,17,10.0,0,0,3,4,3
102705,2.0,10.0,3.0,3.0,1.0,3.0,0.4,0.2,10.0,18,0,0,0,1,4,1
102705,2.0,10.0,3.0,3.0,1.0,3.0,0.4,0.2,10.0,19,0,0,0,2,3,2
102705,2.0,10.0,3.0,3.0,1.0,3.0,0.4,0.2,10.0,20,0,0,0,1,3,1
102705,2.0,10.0,3.0,3.0,1.0,3.0,0.4,0.2,10.0,21,0,0,0,1,1,1
102705,2.0,10.0,3.0,3.0,1.0,3.0,0.4,0.2,10.0,22,0,0,0,1,0,1