Exp Num,agent:svo_convergence_factor,agent:params:metabolism,agent:params:consumption_factor,agent:params:procreate_cost_factor,agent:params:procreate_req_factor,agent:params:start_energy_factor,agent:params:caught_chance,agent:params:caught_cooldown_factor,agent:params:maximum_age,Epoch,Resource,A,B,C,D,E
199864,3.0,15.0,4.0,5.0,2.0,3.0,0.5,0.30000000000000004,50.0,0,3140.0,22,23,5,34,66
199864,3.0,15.0,4.0,5.0,2.0,3.0,0.5,0.30000000000000004,50.0,1,2845.0,22,23,5,34,66
199864,3.0,15.0,4.0,5.0,2.0,3.0,0.5,0.30000000000000004,50.0,2,1516.25,13,18,4,31,49
199864,3.0,15.0,4.0,5.0,2.0,3.0,0.5,0.30000000000000004,50.0,3,515.3125,15,17,4,31,49
199864,3.0,15.0,4.0,5.0,2.0,3.0,0.5,0.30000000000000004,50.0,4,104.140625,16,18,4,31,51
199864,3.0,15.0,4.0,5.0,2.0,3.0,0.5,0.30000000000000004,50.0,5,0,16,18,4,31,51
199864,3.0,15.0,4.0,5.0,2.0,3.0,0.5,0.30000000000000004,50.0,6,0,12,15,4,18,39
199864,3.0,15.0,4.0,5.0,2.0,3.0,0.5,0.30000000000000004,50.0,7,0,11,11,3,11,31
199864,3.0,15.0,4.0,5.0,2.0,3.0,0.5,0.30000000000000004,50.0,8,0,9,10,2,9,25
199864,3.0,15.0,4.0,5.0,2.0,3.0,0.5,0.30000000000000004,50.0,9,0,8,9,2,7,23
199864,3.0,15.0,4.0,5.0,2.0,3.0,0.5,0.30000000000000004,50.0,10,0,7,5,1,7,15
199864,3.0,15.0,4.0,5.0,2.0,3.0,0.5,0.30000000000000004,50.0,11,0,7,4,1,4,13
199864,3.0,15.0,4.0,5.0,2.0,3.0,0.5,0.30000000000000004,50.0,12,0,6,3,0,3,9
199864,3.0,15.0,4.0,5.0,2.0,3.0,0.5,0.30000000000000004,50.0,13,0,5,2,0,1,7
199864,3.0,15.0,4.0,5.0,2.0,3.0,0.5,0.30000000000000004,50.0,14,0,3,2,0,1,5
199864,3.0,15.0,4.0,5.0,2.0,3.0,0.5,0.30000000000000004,50.0,15,0,2,1,0,1,3
199864,3.0,15.0,4.0,5.0,2.0,3.0,0.5,0.30000000000000004,50.0,16,100,2,0,0,0,2
199864,3.0,15.0,4.0,5.0,2.0,3.0,0.5,0.30000000000000004,50.0,17,125.0,1,0,0,0,1