Exp Num,agent:svo_convergence_factor,agent:params:metabolism,agent:params:consumption_factor,agent:params:procreate_cost_factor,agent:params:procreate_req_factor,agent:params:start_energy_factor,agent:params:caught_chance,agent:params:caught_cooldown_factor,agent:params:maximum_age,Epoch,Resource,A,B,C,D,E
180730,3.0,15.0,1.0,1.0,2.0,3.0,0.5,0.2,10.0,0,3500.0,22,44,25,39,111
180730,3.0,15.0,1.0,1.0,2.0,3.0,0.5,0.2,10.0,1,3895.0,24,51,29,42,124
180730,3.0,15.0,1.0,1.0,2.0,3.0,0.5,0.2,10.0,2,3398.75,15,41,22,40,97
180730,3.0,15.0,1.0,1.0,2.0,3.0,0.5,0.2,10.0,3,2673.4375,13,32,21,39,85
180730,3.0,15.0,1.0,1.0,2.0,3.0,0.5,0.2,10.0,4,1601.796875,12,32,20,38,83
180730,3.0,15.0,1.0,1.0,2.0,3.0,0.5,0.2,10.0,5,187.24609375,12,32,20,38,83
180730,3.0,15.0,1.0,1.0,2.0,3.0,0.5,0.2,10.0,6,0,8,19,10,21,47
180730,3.0,15.0,1.0,1.0,2.0,3.0,0.5,0.2,10.0,7,0,6,8,3,11,23
180730,3.0,15.0,1.0,1.0,2.0,3.0,0.5,0.2,10.0,8,0,2,6,2,6,11
180730,3.0,15.0,1.0,1.0,2.0,3.0,0.5,0.2,10.0,9,0,1,3,2,1,7
180730,3.0,15.0,1.0,1.0,2.0,3.0,0.5,0.2,10.0,10,0,1,0,2,1,3
180730,3.0,15.0,1.0,1.0,2.0,3.0,0.5,0.2,10.0,11,0,1,0,1,0,2
180730,3.0,15.0,1.0,1.0,2.0,3.0,0.5,0.2,10.0,12,0,1,0,0,0,1