Exp Num,agent:svo_convergence_factor,agent:params:metabolism,agent:params:consumption_factor,agent:params:procreate_cost_factor,agent:params:procreate_req_factor,agent:params:start_energy_factor,agent:params:caught_chance,agent:params:caught_cooldown_factor,agent:params:maximum_age,Epoch,Resource,A,B,C,D,E
174677,3.0,10.0,4.0,1.0,1.0,3.0,0.30000000000000004,0.1,30.0,0,3560.0,31,35,16,46,104
174677,3.0,10.0,4.0,1.0,1.0,3.0,0.30000000000000004,0.1,30.0,1,1690.0,34,44,27,63,132
174677,3.0,10.0,4.0,1.0,1.0,3.0,0.30000000000000004,0.1,30.0,2,0,43,64,38,82,174
174677,3.0,10.0,4.0,1.0,1.0,3.0,0.30000000000000004,0.1,30.0,3,0,44,74,46,69,185
174677,3.0,10.0,4.0,1.0,1.0,3.0,0.30000000000000004,0.1,30.0,4,0,46,69,38,50,165
174677,3.0,10.0,4.0,1.0,1.0,3.0,0.30000000000000004,0.1,30.0,5,0,41,63,31,36,145
174677,3.0,10.0,4.0,1.0,1.0,3.0,0.30000000000000004,0.1,30.0,6,0,35,49,23,28,115
174677,3.0,10.0,4.0,1.0,1.0,3.0,0.30000000000000004,0.1,30.0,7,0,24,27,15,20,72
174677,3.0,10.0,4.0,1.0,1.0,3.0,0.30000000000000004,0.1,30.0,8,0,20,20,12,12,58
174677,3.0,10.0,4.0,1.0,1.0,3.0,0.30000000000000004,0.1,30.0,9,0,19,14,8,5,46
174677,3.0,10.0,4.0,1.0,1.0,3.0,0.30000000000000004,0.1,30.0,10,0,15,11,7,4,37
174677,3.0,10.0,4.0,1.0,1.0,3.0,0.30000000000000004,0.1,30.0,11,0,9,9,5,3,24
174677,3.0,10.0,4.0,1.0,1.0,3.0,0.30000000000000004,0.1,30.0,12,0,6,6,3,2,15
174677,3.0,10.0,4.0,1.0,1.0,3.0,0.30000000000000004,0.1,30.0,13,0,3,8,2,1,13
174677,3.0,10.0,4.0,1.0,1.0,3.0,0.30000000000000004,0.1,30.0,14,0,3,8,2,0,13
174677,3.0,10.0,4.0,1.0,1.0,3.0,0.30000000000000004,0.1,30.0,15,0,2,4,1,0,7
174677,3.0,10.0,4.0,1.0,1.0,3.0,0.30000000000000004,0.1,30.0,16,0,1,3,0,0,4
174677,3.0,10.0,4.0,1.0,1.0,3.0,0.30000000000000004,0.1,30.0,17,0,0,2,0,0,2
174677,3.0,10.0,4.0,1.0,1.0,3.0,0.30000000000000004,0.1,30.0,18,0,0,3,0,0,3
174677,3.0,10.0,4.0,1.0,1.0,3.0,0.30000000000000004,0.1,30.0,19,0,0,2,0,0,2
174677,3.0,10.0,4.0,1.0,1.0,3.0,0.30000000000000004,0.1,30.0,20,0,0,1,0,0,1