Exp Num,agent:svo_convergence_factor,agent:params:metabolism,agent:params:consumption_factor,agent:params:procreate_cost_factor,agent:params:procreate_req_factor,agent:params:start_energy_factor,agent:params:caught_chance,agent:params:caught_cooldown_factor,agent:params:maximum_age,Epoch,Resource,A,B,C,D,E
11318,1.0,5.0,3.0,1.0,1.0,1.0,0.30000000000000004,0.4,40.0,0,3500.0,22,44,25,31,119
11318,1.0,5.0,3.0,1.0,1.0,1.0,0.30000000000000004,0.4,40.0,1,3625.0,29,72,43,46,179
11318,1.0,5.0,3.0,1.0,1.0,1.0,0.30000000000000004,0.4,40.0,2,2836.25,22,100,72,66,233
11318,1.0,5.0,3.0,1.0,1.0,1.0,0.30000000000000004,0.4,40.0,3,1025.3125,21,124,109,100,300
11318,1.0,5.0,3.0,1.0,1.0,1.0,0.30000000000000004,0.4,40.0,4,0,21,142,147,114,356
11318,1.0,5.0,3.0,1.0,1.0,1.0,0.30000000000000004,0.4,40.0,5,0,14,132,149,101,324
11318,1.0,5.0,3.0,1.0,1.0,1.0,0.30000000000000004,0.4,40.0,6,0,11,99,129,60,258
11318,1.0,5.0,3.0,1.0,1.0,1.0,0.30000000000000004,0.4,40.0,7,0,10,77,103,43,200
11318,1.0,5.0,3.0,1.0,1.0,1.0,0.30000000000000004,0.4,40.0,8,0,6,53,82,26,144
11318,1.0,5.0,3.0,1.0,1.0,1.0,0.30000000000000004,0.4,40.0,9,0,4,39,61,20,107
11318,1.0,5.0,3.0,1.0,1.0,1.0,0.30000000000000004,0.4,40.0,10,0,3,29,48,14,80
11318,1.0,5.0,3.0,1.0,1.0,1.0,0.30000000000000004,0.4,40.0,11,0,1,19,39,6,59
11318,1.0,5.0,3.0,1.0,1.0,1.0,0.30000000000000004,0.4,40.0,12,0,0,8,33,4,41
11318,1.0,5.0,3.0,1.0,1.0,1.0,0.30000000000000004,0.4,40.0,13,0,0,5,18,3,23
11318,1.0,5.0,3.0,1.0,1.0,1.0,0.30000000000000004,0.4,40.0,14,0,0,3,14,2,17
11318,1.0,5.0,3.0,1.0,1.0,1.0,0.30000000000000004,0.4,40.0,15,0,0,2,14,1,16
11318,1.0,5.0,3.0,1.0,1.0,1.0,0.30000000000000004,0.4,40.0,16,0,0,1,11,0,12
11318,1.0,5.0,3.0,1.0,1.0,1.0,0.30000000000000004,0.4,40.0,17,0,0,2,8,0,10
11318,1.0,5.0,3.0,1.0,1.0,1.0,0.30000000000000004,0.4,40.0,18,0,0,1,6,0,7
11318,1.0,5.0,3.0,1.0,1.0,1.0,0.30000000000000004,0.4,40.0,19,0,0,1,3,0,4
11318,1.0,5.0,3.0,1.0,1.0,1.0,0.30000000000000004,0.4,40.0,20,0,0,0,4,0,4
11318,1.0,5.0,3.0,1.0,1.0,1.0,0.30000000000000004,0.4,40.0,21,0,0,0,2,0,2
11318,1.0,5.0,3.0,1.0,1.0,1.0,0.30000000000000004,0.4,40.0,22,0,0,0,1,0,1