Exp Num,agent:svo_convergence_factor,agent:params:metabolism,agent:params:consumption_factor,agent:params:procreate_cost_factor,agent:params:procreate_req_factor,agent:params:start_energy_factor,agent:params:caught_chance,agent:params:caught_cooldown_factor,agent:params:maximum_age,Epoch,Resource,A,B,C,D,E
128322,2.0,15.0,3.0,9.0,1.0,1.0,0.30000000000000004,0.5,30.0,0,500.0,19,26,13,29,71
128322,2.0,15.0,3.0,9.0,1.0,1.0,0.30000000000000004,0.5,30.0,1,0,19,26,13,29,71
128322,2.0,15.0,3.0,9.0,1.0,1.0,0.30000000000000004,0.5,30.0,2,0,19,26,13,29,71
128322,2.0,15.0,3.0,9.0,1.0,1.0,0.30000000000000004,0.5,30.0,3,0,11,16,6,14,39
128322,2.0,15.0,3.0,9.0,1.0,1.0,0.30000000000000004,0.5,30.0,4,0,7,9,2,9,20
128322,2.0,15.0,3.0,9.0,1.0,1.0,0.30000000000000004,0.5,30.0,5,0,4,7,2,6,13
128322,2.0,15.0,3.0,9.0,1.0,1.0,0.30000000000000004,0.5,30.0,6,0,4,2,1,6,7
128322,2.0,15.0,3.0,9.0,1.0,1.0,0.30000000000000004,0.5,30.0,7,0,2,1,1,5,4
128322,2.0,15.0,3.0,9.0,1.0,1.0,0.30000000000000004,0.5,30.0,8,0,2,1,1,3,4
128322,2.0,15.0,3.0,9.0,1.0,1.0,0.30000000000000004,0.5,30.0,9,0,2,0,1,1,3
128322,2.0,15.0,3.0,9.0,1.0,1.0,0.30000000000000004,0.5,30.0,10,0,1,0,1,0,2
128322,2.0,15.0,3.0,9.0,1.0,1.0,0.30000000000000004,0.5,30.0,11,0,0,0,1,0,1