Exp Num,agent:svo_convergence_factor,agent:params:metabolism,agent:params:consumption_factor,agent:params:procreate_cost_factor,agent:params:procreate_req_factor,agent:params:start_energy_factor,agent:params:caught_chance,agent:params:caught_cooldown_factor,agent:params:maximum_age,Epoch,Resource,A,B,C,D,E
170419,3.0,10.0,3.0,3.0,2.0,2.0,0.2,0.4,50.0,0,3950.0,15,28,13,23,77
170419,3.0,10.0,3.0,3.0,2.0,2.0,0.2,0.4,50.0,1,2837.5,14,31,13,23,79
170419,3.0,10.0,3.0,3.0,2.0,2.0,0.2,0.4,50.0,2,2256.875,15,33,13,23,82
170419,3.0,10.0,3.0,3.0,2.0,2.0,0.2,0.4,50.0,3,1651.09375,21,36,16,23,94
170419,3.0,10.0,3.0,3.0,2.0,2.0,0.2,0.4,50.0,4,83.8671875,23,40,19,22,103
170419,3.0,10.0,3.0,3.0,2.0,2.0,0.2,0.4,50.0,5,0,22,39,17,21,97
170419,3.0,10.0,3.0,3.0,2.0,2.0,0.2,0.4,50.0,6,0,22,39,17,21,97
170419,3.0,10.0,3.0,3.0,2.0,2.0,0.2,0.4,50.0,7,0,17,27,14,8,66
170419,3.0,10.0,3.0,3.0,2.0,2.0,0.2,0.4,50.0,8,0,13,18,10,5,44
170419,3.0,10.0,3.0,3.0,2.0,2.0,0.2,0.4,50.0,9,0,9,12,8,4,30
170419,3.0,10.0,3.0,3.0,2.0,2.0,0.2,0.4,50.0,10,0,8,10,6,2,24
170419,3.0,10.0,3.0,3.0,2.0,2.0,0.2,0.4,50.0,11,0,4,6,4,1,14
170419,3.0,10.0,3.0,3.0,2.0,2.0,0.2,0.4,50.0,12,0,2,6,2,0,10
170419,3.0,10.0,3.0,3.0,2.0,2.0,0.2,0.4,50.0,13,0,2,4,0,0,6
170419,3.0,10.0,3.0,3.0,2.0,2.0,0.2,0.4,50.0,14,0,1,3,0,0,4
170419,3.0,10.0,3.0,3.0,2.0,2.0,0.2,0.4,50.0,15,0,0,2,0,0,2
170419,3.0,10.0,3.0,3.0,2.0,2.0,0.2,0.4,50.0,16,100,0,1,0,0,1