Exp Num,agent:svo_convergence_factor,agent:params:metabolism,agent:params:consumption_factor,agent:params:procreate_cost_factor,agent:params:procreate_req_factor,agent:params:start_energy_factor,agent:params:caught_chance,agent:params:caught_cooldown_factor,agent:params:maximum_age,Epoch,Resource,A,B,C,D,E
177176,3.0,10.0,4.0,5.0,2.0,2.0,0.30000000000000004,0.1,20.0,0,3040.0,20,31,5,26,74
177176,3.0,10.0,4.0,5.0,2.0,2.0,0.30000000000000004,0.1,20.0,1,1360.0,18,27,5,24,68
177176,3.0,10.0,4.0,5.0,2.0,2.0,0.30000000000000004,0.1,20.0,2,420.0,22,28,4,23,72
177176,3.0,10.0,4.0,5.0,2.0,2.0,0.30000000000000004,0.1,20.0,3,0,23,30,4,23,75
177176,3.0,10.0,4.0,5.0,2.0,2.0,0.30000000000000004,0.1,20.0,4,0,23,30,4,23,75
177176,3.0,10.0,4.0,5.0,2.0,2.0,0.30000000000000004,0.1,20.0,5,0,19,27,4,12,59
177176,3.0,10.0,4.0,5.0,2.0,2.0,0.30000000000000004,0.1,20.0,6,0,19,22,4,7,52
177176,3.0,10.0,4.0,5.0,2.0,2.0,0.30000000000000004,0.1,20.0,7,0,19,22,4,4,50
177176,3.0,10.0,4.0,5.0,2.0,2.0,0.30000000000000004,0.1,20.0,8,0,15,20,3,4,43
177176,3.0,10.0,4.0,5.0,2.0,2.0,0.30000000000000004,0.1,20.0,9,0,12,14,2,3,30
177176,3.0,10.0,4.0,5.0,2.0,2.0,0.30000000000000004,0.1,20.0,10,0,9,10,2,2,22
177176,3.0,10.0,4.0,5.0,2.0,2.0,0.30000000000000004,0.1,20.0,11,0,7,6,1,1,15
177176,3.0,10.0,4.0,5.0,2.0,2.0,0.30000000000000004,0.1,20.0,12,0,6,5,0,0,11
177176,3.0,10.0,4.0,5.0,2.0,2.0,0.30000000000000004,0.1,20.0,13,0,4,3,0,0,7
177176,3.0,10.0,4.0,5.0,2.0,2.0,0.30000000000000004,0.1,20.0,14,0,3,3,0,0,6
177176,3.0,10.0,4.0,5.0,2.0,2.0,0.30000000000000004,0.1,20.0,15,0,2,3,0,0,5
177176,3.0,10.0,4.0,5.0,2.0,2.0,0.30000000000000004,0.1,20.0,16,0,2,2,0,0,4
177176,3.0,10.0,4.0,5.0,2.0,2.0,0.30000000000000004,0.1,20.0,17,0,1,2,0,0,3
177176,3.0,10.0,4.0,5.0,2.0,2.0,0.30000000000000004,0.1,20.0,18,0,0,2,0,0,2
177176,3.0,10.0,4.0,5.0,2.0,2.0,0.30000000000000004,0.1,20.0,19,0,0,2,0,0,2
177176,3.0,10.0,4.0,5.0,2.0,2.0,0.30000000000000004,0.1,20.0,20,0,0,2,0,0,2
177176,3.0,10.0,4.0,5.0,2.0,2.0,0.30000000000000004,0.1,20.0,21,0,0,1,0,0,1