Exp Num,agent:svo_convergence_factor,agent:params:metabolism,agent:params:consumption_factor,agent:params:procreate_cost_factor,agent:params:procreate_req_factor,agent:params:start_energy_factor,agent:params:caught_chance,agent:params:caught_cooldown_factor,agent:params:maximum_age,Epoch,Resource,A,B,C,D,E
152301,3.0,5.0,4.0,1.0,2.0,1.0,0.30000000000000004,0.1,20.0,0,3000.0,20,36,22,48,102
152301,3.0,5.0,4.0,1.0,2.0,1.0,0.30000000000000004,0.1,20.0,1,2910.0,29,49,37,59,149
152301,3.0,5.0,4.0,1.0,2.0,1.0,0.30000000000000004,0.1,20.0,2,1257.5,28,57,51,82,177
152301,3.0,5.0,4.0,1.0,2.0,1.0,0.30000000000000004,0.1,20.0,3,0,34,69,75,102,228
152301,3.0,5.0,4.0,1.0,2.0,1.0,0.30000000000000004,0.1,20.0,4,0,30,68,71,74,199
152301,3.0,5.0,4.0,1.0,2.0,1.0,0.30000000000000004,0.1,20.0,5,0,23,59,51,49,149
152301,3.0,5.0,4.0,1.0,2.0,1.0,0.30000000000000004,0.1,20.0,6,0,16,47,31,24,103
152301,3.0,5.0,4.0,1.0,2.0,1.0,0.30000000000000004,0.1,20.0,7,0,12,33,20,15,68
152301,3.0,5.0,4.0,1.0,2.0,1.0,0.30000000000000004,0.1,20.0,8,0,9,27,11,10,47
152301,3.0,5.0,4.0,1.0,2.0,1.0,0.30000000000000004,0.1,20.0,9,0,6,20,7,5,34
152301,3.0,5.0,4.0,1.0,2.0,1.0,0.30000000000000004,0.1,20.0,10,0,2,14,4,3,21
152301,3.0,5.0,4.0,1.0,2.0,1.0,0.30000000000000004,0.1,20.0,11,0,2,9,2,1,14
152301,3.0,5.0,4.0,1.0,2.0,1.0,0.30000000000000004,0.1,20.0,12,0,2,4,1,1,7
152301,3.0,5.0,4.0,1.0,2.0,1.0,0.30000000000000004,0.1,20.0,13,0,1,4,0,1,5
152301,3.0,5.0,4.0,1.0,2.0,1.0,0.30000000000000004,0.1,20.0,14,40.0,1,4,0,1,5
152301,3.0,5.0,4.0,1.0,2.0,1.0,0.30000000000000004,0.1,20.0,15,0,2,5,0,1,7
152301,3.0,5.0,4.0,1.0,2.0,1.0,0.30000000000000004,0.1,20.0,16,0,2,3,1,1,6
152301,3.0,5.0,4.0,1.0,2.0,1.0,0.30000000000000004,0.1,20.0,17,0,2,1,1,1,4
152301,3.0,5.0,4.0,1.0,2.0,1.0,0.30000000000000004,0.1,20.0,18,0,1,0,1,1,2
152301,3.0,5.0,4.0,1.0,2.0,1.0,0.30000000000000004,0.1,20.0,19,0,1,0,0,0,1