Exp Num,agent:svo_convergence_factor,agent:params:metabolism,agent:params:consumption_factor,agent:params:procreate_cost_factor,agent:params:procreate_req_factor,agent:params:start_energy_factor,agent:params:caught_chance,agent:params:caught_cooldown_factor,agent:params:maximum_age,Epoch,Resource,A,B,C,D,E
124536,2.0,15.0,3.0,1.0,3.0,1.0,0.2,0.30000000000000004,20.0,0,500.0,18,46,20,54,96
124536,2.0,15.0,3.0,1.0,3.0,1.0,0.2,0.30000000000000004,20.0,1,0,20,50,20,54,102
124536,2.0,15.0,3.0,1.0,3.0,1.0,0.2,0.30000000000000004,20.0,2,0,11,32,10,25,59
124536,2.0,15.0,3.0,1.0,3.0,1.0,0.2,0.30000000000000004,20.0,3,0,9,20,6,10,36
124536,2.0,15.0,3.0,1.0,3.0,1.0,0.2,0.30000000000000004,20.0,4,0,7,12,2,3,22
124536,2.0,15.0,3.0,1.0,3.0,1.0,0.2,0.30000000000000004,20.0,5,0,2,8,2,1,12
124536,2.0,15.0,3.0,1.0,3.0,1.0,0.2,0.30000000000000004,20.0,6,0,1,6,0,0,7
124536,2.0,15.0,3.0,1.0,3.0,1.0,0.2,0.30000000000000004,20.0,7,0,1,4,0,0,5
124536,2.0,15.0,3.0,1.0,3.0,1.0,0.2,0.30000000000000004,20.0,8,0,1,2,0,0,3
124536,2.0,15.0,3.0,1.0,3.0,1.0,0.2,0.30000000000000004,20.0,9,0,0,1,0,0,1