Exp Num,agent:svo_convergence_factor,agent:params:metabolism,agent:params:consumption_factor,agent:params:procreate_cost_factor,agent:params:procreate_req_factor,agent:params:start_energy_factor,agent:params:caught_chance,agent:params:caught_cooldown_factor,agent:params:maximum_age,Epoch,Resource,A,B,C,D,E
146536,3.0,5.0,3.0,1.0,1.0,3.0,0.2,0.30000000000000004,20.0,0,3500.0,41,33,14,40,110
146536,3.0,5.0,3.0,1.0,1.0,3.0,0.2,0.30000000000000004,20.0,1,3430.0,59,47,32,53,172
146536,3.0,5.0,3.0,1.0,1.0,3.0,0.2,0.30000000000000004,20.0,2,2712.5,85,84,50,71,262
146536,3.0,5.0,3.0,1.0,1.0,3.0,0.2,0.30000000000000004,20.0,3,615.625,108,112,75,88,353
146536,3.0,5.0,3.0,1.0,1.0,3.0,0.2,0.30000000000000004,20.0,4,0,134,136,85,74,399
146536,3.0,5.0,3.0,1.0,1.0,3.0,0.2,0.30000000000000004,20.0,5,0,132,128,69,52,360
146536,3.0,5.0,3.0,1.0,1.0,3.0,0.2,0.30000000000000004,20.0,6,0,104,109,57,36,298
146536,3.0,5.0,3.0,1.0,1.0,3.0,0.2,0.30000000000000004,20.0,7,0,89,91,46,28,241
146536,3.0,5.0,3.0,1.0,1.0,3.0,0.2,0.30000000000000004,20.0,8,0,61,74,38,20,181
146536,3.0,5.0,3.0,1.0,1.0,3.0,0.2,0.30000000000000004,20.0,9,0,47,50,26,12,130
146536,3.0,5.0,3.0,1.0,1.0,3.0,0.2,0.30000000000000004,20.0,10,0,40,36,17,8,97
146536,3.0,5.0,3.0,1.0,1.0,3.0,0.2,0.30000000000000004,20.0,11,0,35,25,11,4,73
146536,3.0,5.0,3.0,1.0,1.0,3.0,0.2,0.30000000000000004,20.0,12,0,27,16,9,3,54
146536,3.0,5.0,3.0,1.0,1.0,3.0,0.2,0.30000000000000004,20.0,13,0,12,14,5,2,32
146536,3.0,5.0,3.0,1.0,1.0,3.0,0.2,0.30000000000000004,20.0,14,0,5,12,3,2,21
146536,3.0,5.0,3.0,1.0,1.0,3.0,0.2,0.30000000000000004,20.0,15,0,4,13,1,3,18
146536,3.0,5.0,3.0,1.0,1.0,3.0,0.2,0.30000000000000004,20.0,16,0,6,7,1,3,14
146536,3.0,5.0,3.0,1.0,1.0,3.0,0.2,0.30000000000000004,20.0,17,0,4,5,0,2,9
146536,3.0,5.0,3.0,1.0,1.0,3.0,0.2,0.30000000000000004,20.0,18,0,2,3,0,1,5
146536,3.0,5.0,3.0,1.0,1.0,3.0,0.2,0.30000000000000004,20.0,19,0,2,1,0,0,3
146536,3.0,5.0,3.0,1.0,1.0,3.0,0.2,0.30000000000000004,20.0,20,0,2,0,0,0,2
146536,3.0,5.0,3.0,1.0,1.0,3.0,0.2,0.30000000000000004,20.0,21,0,3,0,0,0,3
146536,3.0,5.0,3.0,1.0,1.0,3.0,0.2,0.30000000000000004,20.0,22,0,2,0,0,0,2
146536,3.0,5.0,3.0,1.0,1.0,3.0,0.2,0.30000000000000004,20.0,23,0,1,0,0,0,1