Exp Num,agent:svo_convergence_factor,agent:params:metabolism,agent:params:consumption_factor,agent:params:procreate_cost_factor,agent:params:procreate_req_factor,agent:params:start_energy_factor,agent:params:caught_chance,agent:params:caught_cooldown_factor,agent:params:maximum_age,Epoch,Resource,A,B,C,D,E
102713,2.0,10.0,3.0,3.0,1.0,3.0,0.4,0.30000000000000004,40.0,0,3740.0,22,35,21,27,94
102713,2.0,10.0,3.0,3.0,1.0,3.0,0.4,0.30000000000000004,40.0,1,3925.0,25,46,26,27,113
102713,2.0,10.0,3.0,3.0,1.0,3.0,0.4,0.30000000000000004,40.0,2,3166.25,23,45,30,27,117
102713,2.0,10.0,3.0,3.0,1.0,3.0,0.4,0.30000000000000004,40.0,3,1527.8125,18,52,40,28,130
102713,2.0,10.0,3.0,3.0,1.0,3.0,0.4,0.30000000000000004,40.0,4,289.765625,15,61,55,31,151
102713,2.0,10.0,3.0,3.0,1.0,3.0,0.4,0.30000000000000004,40.0,5,0,10,60,55,22,133
102713,2.0,10.0,3.0,3.0,1.0,3.0,0.4,0.30000000000000004,40.0,6,0,7,46,53,11,112
102713,2.0,10.0,3.0,3.0,1.0,3.0,0.4,0.30000000000000004,40.0,7,0,7,41,35,8,84
102713,2.0,10.0,3.0,3.0,1.0,3.0,0.4,0.30000000000000004,40.0,8,0,5,32,31,3,68
102713,2.0,10.0,3.0,3.0,1.0,3.0,0.4,0.30000000000000004,40.0,9,0,2,24,21,2,47
102713,2.0,10.0,3.0,3.0,1.0,3.0,0.4,0.30000000000000004,40.0,10,0,1,20,11,0,32
102713,2.0,10.0,3.0,3.0,1.0,3.0,0.4,0.30000000000000004,40.0,11,0,1,16,8,0,25
102713,2.0,10.0,3.0,3.0,1.0,3.0,0.4,0.30000000000000004,40.0,12,0,0,11,6,0,17
102713,2.0,10.0,3.0,3.0,1.0,3.0,0.4,0.30000000000000004,40.0,13,0,0,8,3,0,11
102713,2.0,10.0,3.0,3.0,1.0,3.0,0.4,0.30000000000000004,40.0,14,0,0,4,3,0,7
102713,2.0,10.0,3.0,3.0,1.0,3.0,0.4,0.30000000000000004,40.0,15,0,0,2,4,0,6
102713,2.0,10.0,3.0,3.0,1.0,3.0,0.4,0.30000000000000004,40.0,16,40.0,0,2,4,0,6
102713,2.0,10.0,3.0,3.0,1.0,3.0,0.4,0.30000000000000004,40.0,17,20.0,0,2,2,0,4
102713,2.0,10.0,3.0,3.0,1.0,3.0,0.4,0.30000000000000004,40.0,18,0,0,2,3,0,5
102713,2.0,10.0,3.0,3.0,1.0,3.0,0.4,0.30000000000000004,40.0,19,0,0,0,3,0,3
102713,2.0,10.0,3.0,3.0,1.0,3.0,0.4,0.30000000000000004,40.0,20,0,0,0,3,0,3
102713,2.0,10.0,3.0,3.0,1.0,3.0,0.4,0.30000000000000004,40.0,21,0,0,0,2,0,2
102713,2.0,10.0,3.0,3.0,1.0,3.0,0.4,0.30000000000000004,40.0,22,0,0,0,1,0,1