Exp Num,agent:svo_convergence_factor,agent:params:metabolism,agent:params:consumption_factor,agent:params:procreate_cost_factor,agent:params:procreate_req_factor,agent:params:start_energy_factor,agent:params:caught_chance,agent:params:caught_cooldown_factor,agent:params:maximum_age,Epoch,Resource,A,B,C,D,E
154355,3.0,5.0,4.0,5.0,1.0,2.0,0.5,0.2,10.0,0,3740.0,22,40,18,36,95
154355,3.0,5.0,4.0,5.0,1.0,2.0,0.5,0.2,10.0,1,2915.0,21,40,22,36,99
154355,3.0,5.0,4.0,5.0,1.0,2.0,0.5,0.2,10.0,2,3023.75,22,51,26,38,116
154355,3.0,5.0,4.0,5.0,1.0,2.0,0.5,0.2,10.0,3,3079.6875,26,59,30,40,132
154355,3.0,5.0,4.0,5.0,1.0,2.0,0.5,0.2,10.0,4,2829.609375,24,56,30,38,129
154355,3.0,5.0,4.0,5.0,1.0,2.0,0.5,0.2,10.0,5,2477.01171875,29,62,33,32,143
154355,3.0,5.0,4.0,5.0,1.0,2.0,0.5,0.2,10.0,6,1976.2646484375,31,70,39,33,161
154355,3.0,5.0,4.0,5.0,1.0,2.0,0.5,0.2,10.0,7,1330.330810546875,30,79,48,35,177
154355,3.0,5.0,4.0,5.0,1.0,2.0,0.5,0.2,10.0,8,462.91351318359375,31,86,52,36,188
154355,3.0,5.0,4.0,5.0,1.0,2.0,0.5,0.2,10.0,9,0,28,88,49,33,182
154355,3.0,5.0,4.0,5.0,1.0,2.0,0.5,0.2,10.0,10,0,26,75,47,26,157
154355,3.0,5.0,4.0,5.0,1.0,2.0,0.5,0.2,10.0,11,0,20,64,41,15,131
154355,3.0,5.0,4.0,5.0,1.0,2.0,0.5,0.2,10.0,12,0,15,51,34,8,101
154355,3.0,5.0,4.0,5.0,1.0,2.0,0.5,0.2,10.0,13,0,14,35,28,6,77
154355,3.0,5.0,4.0,5.0,1.0,2.0,0.5,0.2,10.0,14,0,9,25,25,6,59
154355,3.0,5.0,4.0,5.0,1.0,2.0,0.5,0.2,10.0,15,0,6,19,18,5,43
154355,3.0,5.0,4.0,5.0,1.0,2.0,0.5,0.2,10.0,16,0,3,15,13,4,31
154355,3.0,5.0,4.0,5.0,1.0,2.0,0.5,0.2,10.0,17,0,2,12,7,4,21
154355,3.0,5.0,4.0,5.0,1.0,2.0,0.5,0.2,10.0,18,0,2,8,6,4,16
154355,3.0,5.0,4.0,5.0,1.0,2.0,0.5,0.2,10.0,19,0,0,5,4,4,9
154355,3.0,5.0,4.0,5.0,1.0,2.0,0.5,0.2,10.0,20,40.0,0,4,5,1,9
154355,3.0,5.0,4.0,5.0,1.0,2.0,0.5,0.2,10.0,21,0,0,3,4,0,7
154355,3.0,5.0,4.0,5.0,1.0,2.0,0.5,0.2,10.0,22,0,0,3,3,0,6
154355,3.0,5.0,4.0,5.0,1.0,2.0,0.5,0.2,10.0,23,0,0,3,3,0,6
154355,3.0,5.0,4.0,5.0,1.0,2.0,0.5,0.2,10.0,24,0,0,2,3,0,5
154355,3.0,5.0,4.0,5.0,1.0,2.0,0.5,0.2,10.0,25,0,0,1,2,0,3
154355,3.0,5.0,4.0,5.0,1.0,2.0,0.5,0.2,10.0,26,0,0,0,2,0,2
154355,3.0,5.0,4.0,5.0,1.0,2.0,0.5,0.2,10.0,27,0,0,0,1,0,1