Exp Num,agent:svo_convergence_factor,agent:params:metabolism,agent:params:consumption_factor,agent:params:procreate_cost_factor,agent:params:procreate_req_factor,agent:params:start_energy_factor,agent:params:caught_chance,agent:params:caught_cooldown_factor,agent:params:maximum_age,Epoch,Resource,A,B,C,D,E
119443,2.0,15.0,2.0,3.0,1.0,2.0,0.30000000000000004,0.4,40.0,0,3800.0,15,39,14,32,88
119443,2.0,15.0,2.0,3.0,1.0,2.0,0.30000000000000004,0.4,40.0,1,2170.0,10,43,14,30,86
119443,2.0,15.0,2.0,3.0,1.0,2.0,0.30000000000000004,0.4,40.0,2,882.5,12,51,15,31,98
119443,2.0,15.0,2.0,3.0,1.0,2.0,0.30000000000000004,0.4,40.0,3,0,12,53,12,21,93
119443,2.0,15.0,2.0,3.0,1.0,2.0,0.30000000000000004,0.4,40.0,4,0,9,42,11,10,74
119443,2.0,15.0,2.0,3.0,1.0,2.0,0.30000000000000004,0.4,40.0,5,0,8,30,9,6,54
119443,2.0,15.0,2.0,3.0,1.0,2.0,0.30000000000000004,0.4,40.0,6,0,5,24,7,2,37
119443,2.0,15.0,2.0,3.0,1.0,2.0,0.30000000000000004,0.4,40.0,7,0,3,19,4,2,27
119443,2.0,15.0,2.0,3.0,1.0,2.0,0.30000000000000004,0.4,40.0,8,0,2,12,3,1,17
119443,2.0,15.0,2.0,3.0,1.0,2.0,0.30000000000000004,0.4,40.0,9,0,1,8,1,0,10
119443,2.0,15.0,2.0,3.0,1.0,2.0,0.30000000000000004,0.4,40.0,10,0,1,5,0,0,6
119443,2.0,15.0,2.0,3.0,1.0,2.0,0.30000000000000004,0.4,40.0,11,0,0,3,0,0,3
119443,2.0,15.0,2.0,3.0,1.0,2.0,0.30000000000000004,0.4,40.0,12,0,0,3,0,0,3
119443,2.0,15.0,2.0,3.0,1.0,2.0,0.30000000000000004,0.4,40.0,13,0,0,2,0,0,2
119443,2.0,15.0,2.0,3.0,1.0,2.0,0.30000000000000004,0.4,40.0,14,70.0,0,1,0,0,1