Exp Num,agent:svo_convergence_factor,agent:params:metabolism,agent:params:consumption_factor,agent:params:procreate_cost_factor,agent:params:procreate_req_factor,agent:params:start_energy_factor,agent:params:caught_chance,agent:params:caught_cooldown_factor,agent:params:maximum_age,Epoch,Resource,A,B,C,D,E
128570,2.0,15.0,3.0,9.0,1.0,3.0,0.30000000000000004,0.5,10.0,0,3605.0,10,27,10,29,71
128570,2.0,15.0,3.0,9.0,1.0,3.0,0.30000000000000004,0.5,10.0,1,3516.25,10,27,10,29,71
128570,2.0,15.0,3.0,9.0,1.0,3.0,0.30000000000000004,0.5,10.0,2,2370.3125,7,22,8,28,60
128570,2.0,15.0,3.0,9.0,1.0,3.0,0.30000000000000004,0.5,10.0,3,1972.890625,7,22,7,28,58
128570,2.0,15.0,3.0,9.0,1.0,3.0,0.30000000000000004,0.5,10.0,4,2016.11328125,7,23,7,28,59
128570,2.0,15.0,3.0,9.0,1.0,3.0,0.30000000000000004,0.5,10.0,5,1350.1416015625,4,19,5,21,49
128570,2.0,15.0,3.0,9.0,1.0,3.0,0.30000000000000004,0.5,10.0,6,742.677001953125,4,19,4,21,48
128570,2.0,15.0,3.0,9.0,1.0,3.0,0.30000000000000004,0.5,10.0,7,208.34625244140625,4,21,4,21,50
128570,2.0,15.0,3.0,9.0,1.0,3.0,0.30000000000000004,0.5,10.0,8,0,3,19,3,15,41
128570,2.0,15.0,3.0,9.0,1.0,3.0,0.30000000000000004,0.5,10.0,9,0,1,17,2,12,29
128570,2.0,15.0,3.0,9.0,1.0,3.0,0.30000000000000004,0.5,10.0,10,0,1,13,2,7,22
128570,2.0,15.0,3.0,9.0,1.0,3.0,0.30000000000000004,0.5,10.0,11,0,1,8,1,3,15
128570,2.0,15.0,3.0,9.0,1.0,3.0,0.30000000000000004,0.5,10.0,12,0,1,9,0,1,12
128570,2.0,15.0,3.0,9.0,1.0,3.0,0.30000000000000004,0.5,10.0,13,0,1,8,0,0,9
128570,2.0,15.0,3.0,9.0,1.0,3.0,0.30000000000000004,0.5,10.0,14,0,0,6,0,0,6
128570,2.0,15.0,3.0,9.0,1.0,3.0,0.30000000000000004,0.5,10.0,15,0,0,6,0,0,6
128570,2.0,15.0,3.0,9.0,1.0,3.0,0.30000000000000004,0.5,10.0,16,0,0,4,0,0,4
128570,2.0,15.0,3.0,9.0,1.0,3.0,0.30000000000000004,0.5,10.0,17,0,0,3,0,0,3
128570,2.0,15.0,3.0,9.0,1.0,3.0,0.30000000000000004,0.5,10.0,18,0,0,3,0,0,3
128570,2.0,15.0,3.0,9.0,1.0,3.0,0.30000000000000004,0.5,10.0,19,55.0,0,3,0,0,3
128570,2.0,15.0,3.0,9.0,1.0,3.0,0.30000000000000004,0.5,10.0,20,68.75,0,3,0,0,3
128570,2.0,15.0,3.0,9.0,1.0,3.0,0.30000000000000004,0.5,10.0,21,85.9375,0,2,0,0,2
128570,2.0,15.0,3.0,9.0,1.0,3.0,0.30000000000000004,0.5,10.0,22,107.421875,0,1,0,0,1