Exp Num,agent:svo_convergence_factor,agent:params:metabolism,agent:params:consumption_factor,agent:params:procreate_cost_factor,agent:params:procreate_req_factor,agent:params:start_energy_factor,agent:params:caught_chance,agent:params:caught_cooldown_factor,agent:params:maximum_age,Epoch,Resource,A,B,C,D,E
146929,3.0,5.0,3.0,1.0,2.0,3.0,0.30000000000000004,0.1,50.0,0,3500.0,24,42,21,40,110
146929,3.0,5.0,3.0,1.0,2.0,3.0,0.30000000000000004,0.1,50.0,1,3355.0,29,63,30,60,151
146929,3.0,5.0,3.0,1.0,2.0,3.0,0.30000000000000004,0.1,50.0,2,3068.75,39,75,42,72,189
146929,3.0,5.0,3.0,1.0,2.0,3.0,0.30000000000000004,0.1,50.0,3,2050.9375,46,82,56,93,220
146929,3.0,5.0,3.0,1.0,2.0,3.0,0.30000000000000004,0.1,50.0,4,628.671875,56,104,68,106,266
146929,3.0,5.0,3.0,1.0,2.0,3.0,0.30000000000000004,0.1,50.0,5,0,57,115,71,84,277
146929,3.0,5.0,3.0,1.0,2.0,3.0,0.30000000000000004,0.1,50.0,6,0,42,92,51,48,207
146929,3.0,5.0,3.0,1.0,2.0,3.0,0.30000000000000004,0.1,50.0,7,0,31,66,32,24,141
146929,3.0,5.0,3.0,1.0,2.0,3.0,0.30000000000000004,0.1,50.0,8,0,19,49,16,16,90
146929,3.0,5.0,3.0,1.0,2.0,3.0,0.30000000000000004,0.1,50.0,9,0,10,37,5,7,57
146929,3.0,5.0,3.0,1.0,2.0,3.0,0.30000000000000004,0.1,50.0,10,0,4,30,2,1,39
146929,3.0,5.0,3.0,1.0,2.0,3.0,0.30000000000000004,0.1,50.0,11,0,2,16,2,1,20
146929,3.0,5.0,3.0,1.0,2.0,3.0,0.30000000000000004,0.1,50.0,12,0,2,9,1,1,12
146929,3.0,5.0,3.0,1.0,2.0,3.0,0.30000000000000004,0.1,50.0,13,0,2,7,0,0,9
146929,3.0,5.0,3.0,1.0,2.0,3.0,0.30000000000000004,0.1,50.0,14,0,1,3,0,0,4
146929,3.0,5.0,3.0,1.0,2.0,3.0,0.30000000000000004,0.1,50.0,15,0,0,2,0,0,2
146929,3.0,5.0,3.0,1.0,2.0,3.0,0.30000000000000004,0.1,50.0,16,100,0,1,0,0,1