Exp Num,agent:svo_convergence_factor,agent:params:metabolism,agent:params:consumption_factor,agent:params:procreate_cost_factor,agent:params:procreate_req_factor,agent:params:start_energy_factor,agent:params:caught_chance,agent:params:caught_cooldown_factor,agent:params:maximum_age,Epoch,Resource,A,B,C,D,E
188799,3.0,15.0,2.0,5.0,3.0,2.0,0.2,0.5,50.0,0,3800.0,15,22,16,22,78
188799,3.0,15.0,2.0,5.0,3.0,2.0,0.2,0.5,50.0,1,3040.0,14,18,14,18,69
188799,3.0,15.0,2.0,5.0,3.0,2.0,0.2,0.5,50.0,2,2810.0,14,18,14,18,69
188799,3.0,15.0,2.0,5.0,3.0,2.0,0.2,0.5,50.0,3,2012.5,10,17,13,16,63
188799,3.0,15.0,2.0,5.0,3.0,2.0,0.2,0.5,50.0,4,1615.625,10,16,11,16,59
188799,3.0,15.0,2.0,5.0,3.0,2.0,0.2,0.5,50.0,5,849.53125,10,13,10,14,54
188799,3.0,15.0,2.0,5.0,3.0,2.0,0.2,0.5,50.0,6,371.9140625,9,13,10,14,52
188799,3.0,15.0,2.0,5.0,3.0,2.0,0.2,0.5,50.0,7,0,9,13,7,9,42
188799,3.0,15.0,2.0,5.0,3.0,2.0,0.2,0.5,50.0,8,0,9,12,4,5,34
188799,3.0,15.0,2.0,5.0,3.0,2.0,0.2,0.5,50.0,9,0,9,10,3,2,27
188799,3.0,15.0,2.0,5.0,3.0,2.0,0.2,0.5,50.0,10,0,7,9,2,1,20
188799,3.0,15.0,2.0,5.0,3.0,2.0,0.2,0.5,50.0,11,0,7,8,2,0,17
188799,3.0,15.0,2.0,5.0,3.0,2.0,0.2,0.5,50.0,12,0,6,5,2,0,13
188799,3.0,15.0,2.0,5.0,3.0,2.0,0.2,0.5,50.0,13,0,6,4,2,0,12
188799,3.0,15.0,2.0,5.0,3.0,2.0,0.2,0.5,50.0,14,0,5,3,0,0,8
188799,3.0,15.0,2.0,5.0,3.0,2.0,0.2,0.5,50.0,15,0,3,2,0,0,5
188799,3.0,15.0,2.0,5.0,3.0,2.0,0.2,0.5,50.0,16,0,3,2,0,0,5
188799,3.0,15.0,2.0,5.0,3.0,2.0,0.2,0.5,50.0,17,0,2,0,0,0,2
188799,3.0,15.0,2.0,5.0,3.0,2.0,0.2,0.5,50.0,18,100,1,0,0,0,1