Exp Num,agent:svo_convergence_factor,agent:params:metabolism,agent:params:consumption_factor,agent:params:procreate_cost_factor,agent:params:procreate_req_factor,agent:params:start_energy_factor,agent:params:caught_chance,agent:params:caught_cooldown_factor,agent:params:maximum_age,Epoch,Resource,A,B,C,D,E
182066,3.0,15.0,1.0,3.0,3.0,2.0,0.30000000000000004,0.4,20.0,0,3500.0,26,33,11,20,80
182066,3.0,15.0,1.0,3.0,3.0,2.0,0.30000000000000004,0.4,20.0,1,2920.0,26,33,11,20,80
182066,3.0,15.0,1.0,3.0,3.0,2.0,0.30000000000000004,0.4,20.0,2,2630.0,26,31,11,20,78
182066,3.0,15.0,1.0,3.0,3.0,2.0,0.30000000000000004,0.4,20.0,3,2477.5,21,29,9,20,69
182066,3.0,15.0,1.0,3.0,3.0,2.0,0.30000000000000004,0.4,20.0,4,2181.875,18,25,9,18,62
182066,3.0,15.0,1.0,3.0,3.0,2.0,0.30000000000000004,0.4,20.0,5,1872.34375,16,24,9,18,59
182066,3.0,15.0,1.0,3.0,3.0,2.0,0.30000000000000004,0.4,20.0,6,1515.4296875,13,20,9,18,52
182066,3.0,15.0,1.0,3.0,3.0,2.0,0.30000000000000004,0.4,20.0,7,1039.287109375,10,19,8,18,47
182066,3.0,15.0,1.0,3.0,3.0,2.0,0.30000000000000004,0.4,20.0,8,354.10888671875,9,19,8,18,46
182066,3.0,15.0,1.0,3.0,3.0,2.0,0.30000000000000004,0.4,20.0,9,0,8,14,7,12,36
182066,3.0,15.0,1.0,3.0,3.0,2.0,0.30000000000000004,0.4,20.0,10,0,2,6,2,8,16
182066,3.0,15.0,1.0,3.0,3.0,2.0,0.30000000000000004,0.4,20.0,11,0,1,5,0,5,7
182066,3.0,15.0,1.0,3.0,3.0,2.0,0.30000000000000004,0.4,20.0,12,0,1,2,0,3,3
182066,3.0,15.0,1.0,3.0,3.0,2.0,0.30000000000000004,0.4,20.0,13,0,0,1,0,2,1
182066,3.0,15.0,1.0,3.0,3.0,2.0,0.30000000000000004,0.4,20.0,14,0,0,1,0,0,1