Exp Num,agent:svo_convergence_factor,agent:params:metabolism,agent:params:consumption_factor,agent:params:procreate_cost_factor,agent:params:procreate_req_factor,agent:params:start_energy_factor,agent:params:caught_chance,agent:params:caught_cooldown_factor,agent:params:maximum_age,Epoch,Resource,A,B,C,D,E
177320,3.0,10.0,4.0,5.0,2.0,3.0,0.30000000000000004,0.5,10.0,0,3240.0,21,34,8,24,76
177320,3.0,10.0,4.0,5.0,2.0,3.0,0.30000000000000004,0.5,10.0,1,2770.0,21,34,8,24,76
177320,3.0,10.0,4.0,5.0,2.0,3.0,0.30000000000000004,0.5,10.0,2,2182.5,22,23,7,19,65
177320,3.0,10.0,4.0,5.0,2.0,3.0,0.30000000000000004,0.5,10.0,3,1648.125,23,25,8,19,69
177320,3.0,10.0,4.0,5.0,2.0,3.0,0.30000000000000004,0.5,10.0,4,1060.15625,25,27,10,19,75
177320,3.0,10.0,4.0,5.0,2.0,3.0,0.30000000000000004,0.5,10.0,5,485.1953125,28,29,10,19,80
177320,3.0,10.0,4.0,5.0,2.0,3.0,0.30000000000000004,0.5,10.0,6,0,25,24,10,15,70
177320,3.0,10.0,4.0,5.0,2.0,3.0,0.30000000000000004,0.5,10.0,7,0,25,24,9,13,63
177320,3.0,10.0,4.0,5.0,2.0,3.0,0.30000000000000004,0.5,10.0,8,0,25,24,9,13,63
177320,3.0,10.0,4.0,5.0,2.0,3.0,0.30000000000000004,0.5,10.0,9,0,24,21,9,13,59
177320,3.0,10.0,4.0,5.0,2.0,3.0,0.30000000000000004,0.5,10.0,10,0,20,15,9,7,46
177320,3.0,10.0,4.0,5.0,2.0,3.0,0.30000000000000004,0.5,10.0,11,0,16,9,6,4,32
177320,3.0,10.0,4.0,5.0,2.0,3.0,0.30000000000000004,0.5,10.0,12,0,13,6,6,0,25
177320,3.0,10.0,4.0,5.0,2.0,3.0,0.30000000000000004,0.5,10.0,13,0,12,4,4,0,20
177320,3.0,10.0,4.0,5.0,2.0,3.0,0.30000000000000004,0.5,10.0,14,0,8,3,3,0,14
177320,3.0,10.0,4.0,5.0,2.0,3.0,0.30000000000000004,0.5,10.0,15,0,6,3,3,0,12
177320,3.0,10.0,4.0,5.0,2.0,3.0,0.30000000000000004,0.5,10.0,16,0,5,2,2,0,9
177320,3.0,10.0,4.0,5.0,2.0,3.0,0.30000000000000004,0.5,10.0,17,0,4,2,2,0,8
177320,3.0,10.0,4.0,5.0,2.0,3.0,0.30000000000000004,0.5,10.0,18,0,3,1,0,0,4
177320,3.0,10.0,4.0,5.0,2.0,3.0,0.30000000000000004,0.5,10.0,19,0,2,1,0,0,3
177320,3.0,10.0,4.0,5.0,2.0,3.0,0.30000000000000004,0.5,10.0,20,0,1,0,0,0,1