Exp Num,agent:svo_convergence_factor,agent:params:metabolism,agent:params:consumption_factor,agent:params:procreate_cost_factor,agent:params:procreate_req_factor,agent:params:start_energy_factor,agent:params:caught_chance,agent:params:caught_cooldown_factor,agent:params:maximum_age,Epoch,Resource,A,B,C,D,E
116682,2.0,15.0,1.0,7.0,3.0,1.0,0.30000000000000004,0.2,30.0,0,3500.0,9,30,11,34,66
116682,2.0,15.0,1.0,7.0,3.0,1.0,0.30000000000000004,0.2,30.0,1,2875.0,9,30,11,34,66
116682,2.0,15.0,1.0,7.0,3.0,1.0,0.30000000000000004,0.2,30.0,2,2093.75,9,30,11,34,66
116682,2.0,15.0,1.0,7.0,3.0,1.0,0.30000000000000004,0.2,30.0,3,1117.1875,9,30,11,34,66
116682,2.0,15.0,1.0,7.0,3.0,1.0,0.30000000000000004,0.2,30.0,4,0,8,29,9,34,62
116682,2.0,15.0,1.0,7.0,3.0,1.0,0.30000000000000004,0.2,30.0,5,0,5,12,6,15,33
116682,2.0,15.0,1.0,7.0,3.0,1.0,0.30000000000000004,0.2,30.0,6,0,3,5,2,6,18
116682,2.0,15.0,1.0,7.0,3.0,1.0,0.30000000000000004,0.2,30.0,7,0,2,2,2,4,8
116682,2.0,15.0,1.0,7.0,3.0,1.0,0.30000000000000004,0.2,30.0,8,0,0,2,1,2,4
116682,2.0,15.0,1.0,7.0,3.0,1.0,0.30000000000000004,0.2,30.0,9,0,0,0,1,1,2
116682,2.0,15.0,1.0,7.0,3.0,1.0,0.30000000000000004,0.2,30.0,10,0,0,0,0,1,0