Exp Num,agent:svo_convergence_factor,agent:params:metabolism,agent:params:consumption_factor,agent:params:procreate_cost_factor,agent:params:procreate_req_factor,agent:params:start_energy_factor,agent:params:caught_chance,agent:params:caught_cooldown_factor,agent:params:maximum_age,Epoch,Resource,A,B,C,D,E
109720,2.0,10.0,4.0,5.0,2.0,2.0,0.4,0.5,10.0,0,3800.0,7,28,10,32,68
109720,2.0,10.0,4.0,5.0,2.0,2.0,0.4,0.5,10.0,1,2350.0,5,21,9,30,58
109720,2.0,10.0,4.0,5.0,2.0,2.0,0.4,0.5,10.0,2,2057.5,7,21,9,30,60
109720,2.0,10.0,4.0,5.0,2.0,2.0,0.4,0.5,10.0,3,1851.875,10,22,9,30,64
109720,2.0,10.0,4.0,5.0,2.0,2.0,0.4,0.5,10.0,4,1514.84375,12,22,9,31,66
109720,2.0,10.0,4.0,5.0,2.0,2.0,0.4,0.5,10.0,5,733.5546875,13,14,5,28,53
109720,2.0,10.0,4.0,5.0,2.0,2.0,0.4,0.5,10.0,6,0,12,13,6,27,50
109720,2.0,10.0,4.0,5.0,2.0,2.0,0.4,0.5,10.0,7,0,12,13,6,26,50
109720,2.0,10.0,4.0,5.0,2.0,2.0,0.4,0.5,10.0,8,0,11,11,6,26,47
109720,2.0,10.0,4.0,5.0,2.0,2.0,0.4,0.5,10.0,9,0,11,10,6,16,38
109720,2.0,10.0,4.0,5.0,2.0,2.0,0.4,0.5,10.0,10,0,11,4,5,10,26
109720,2.0,10.0,4.0,5.0,2.0,2.0,0.4,0.5,10.0,11,0,9,4,4,4,19
109720,2.0,10.0,4.0,5.0,2.0,2.0,0.4,0.5,10.0,12,0,9,4,2,2,16
109720,2.0,10.0,4.0,5.0,2.0,2.0,0.4,0.5,10.0,13,0,8,3,2,1,13
109720,2.0,10.0,4.0,5.0,2.0,2.0,0.4,0.5,10.0,14,0,5,3,1,1,9
109720,2.0,10.0,4.0,5.0,2.0,2.0,0.4,0.5,10.0,15,0,3,3,1,1,7
109720,2.0,10.0,4.0,5.0,2.0,2.0,0.4,0.5,10.0,16,0,3,2,1,1,6
109720,2.0,10.0,4.0,5.0,2.0,2.0,0.4,0.5,10.0,17,0,3,1,0,1,4
109720,2.0,10.0,4.0,5.0,2.0,2.0,0.4,0.5,10.0,18,0,0,1,0,1,1
109720,2.0,10.0,4.0,5.0,2.0,2.0,0.4,0.5,10.0,19,0,0,1,0,0,1