Exp Num,agent:svo_convergence_factor,agent:params:metabolism,agent:params:consumption_factor,agent:params:procreate_cost_factor,agent:params:procreate_req_factor,agent:params:start_energy_factor,agent:params:caught_chance,agent:params:caught_cooldown_factor,agent:params:maximum_age,Epoch,Resource,A,B,C,D,E
140910,3.0,5.0,2.0,1.0,1.0,3.0,0.2,0.30000000000000004,10.0,0,4000.0,22,47,19,39,111
140910,3.0,5.0,2.0,1.0,1.0,3.0,0.2,0.30000000000000004,10.0,1,3500.0,28,72,39,55,170
140910,3.0,5.0,2.0,1.0,1.0,3.0,0.2,0.30000000000000004,10.0,2,3425.0,35,111,68,82,255
140910,3.0,5.0,2.0,1.0,1.0,3.0,0.2,0.30000000000000004,10.0,3,2471.25,51,138,107,109,352
140910,3.0,5.0,2.0,1.0,1.0,3.0,0.2,0.30000000000000004,10.0,4,249.0625,65,183,158,159,476
140910,3.0,5.0,2.0,1.0,1.0,3.0,0.2,0.30000000000000004,10.0,5,0,70,184,145,119,433
140910,3.0,5.0,2.0,1.0,1.0,3.0,0.2,0.30000000000000004,10.0,6,0,63,139,118,83,339
140910,3.0,5.0,2.0,1.0,1.0,3.0,0.2,0.30000000000000004,10.0,7,0,47,100,101,50,261
140910,3.0,5.0,2.0,1.0,1.0,3.0,0.2,0.30000000000000004,10.0,8,0,31,75,73,36,188
140910,3.0,5.0,2.0,1.0,1.0,3.0,0.2,0.30000000000000004,10.0,9,0,17,56,55,22,136
140910,3.0,5.0,2.0,1.0,1.0,3.0,0.2,0.30000000000000004,10.0,10,0,13,40,36,16,95
140910,3.0,5.0,2.0,1.0,1.0,3.0,0.2,0.30000000000000004,10.0,11,0,13,31,21,10,69
140910,3.0,5.0,2.0,1.0,1.0,3.0,0.2,0.30000000000000004,10.0,12,0,10,22,12,9,46
140910,3.0,5.0,2.0,1.0,1.0,3.0,0.2,0.30000000000000004,10.0,13,0,5,15,8,6,29
140910,3.0,5.0,2.0,1.0,1.0,3.0,0.2,0.30000000000000004,10.0,14,0,2,13,5,5,21
140910,3.0,5.0,2.0,1.0,1.0,3.0,0.2,0.30000000000000004,10.0,15,0,1,9,3,3,14
140910,3.0,5.0,2.0,1.0,1.0,3.0,0.2,0.30000000000000004,10.0,16,0,1,11,4,3,18
140910,3.0,5.0,2.0,1.0,1.0,3.0,0.2,0.30000000000000004,10.0,17,0,1,5,4,1,12
140910,3.0,5.0,2.0,1.0,1.0,3.0,0.2,0.30000000000000004,10.0,18,0,0,5,3,0,9
140910,3.0,5.0,2.0,1.0,1.0,3.0,0.2,0.30000000000000004,10.0,19,0,0,3,3,0,6
140910,3.0,5.0,2.0,1.0,1.0,3.0,0.2,0.30000000000000004,10.0,20,0,0,2,3,0,5
140910,3.0,5.0,2.0,1.0,1.0,3.0,0.2,0.30000000000000004,10.0,21,0,0,0,2,0,2
140910,3.0,5.0,2.0,1.0,1.0,3.0,0.2,0.30000000000000004,10.0,22,0,0,0,1,0,1