Exp Num,agent:svo_convergence_factor,agent:params:metabolism,agent:params:consumption_factor,agent:params:procreate_cost_factor,agent:params:procreate_req_factor,agent:params:start_energy_factor,agent:params:caught_chance,agent:params:caught_cooldown_factor,agent:params:maximum_age,Epoch,Resource,A,B,C,D,E
187949,3.0,15.0,2.0,5.0,1.0,1.0,0.30000000000000004,0.5,50.0,0,2000.0,14,26,10,35,65
187949,3.0,15.0,2.0,5.0,1.0,1.0,0.30000000000000004,0.5,50.0,1,1450.0,14,26,10,35,65
187949,3.0,15.0,2.0,5.0,1.0,1.0,0.30000000000000004,0.5,50.0,2,132.5,8,23,10,33,56
187949,3.0,15.0,2.0,5.0,1.0,1.0,0.30000000000000004,0.5,50.0,3,0,8,22,10,30,53
187949,3.0,15.0,2.0,5.0,1.0,1.0,0.30000000000000004,0.5,50.0,4,0,6,14,6,12,34
187949,3.0,15.0,2.0,5.0,1.0,1.0,0.30000000000000004,0.5,50.0,5,0,4,10,3,7,20
187949,3.0,15.0,2.0,5.0,1.0,1.0,0.30000000000000004,0.5,50.0,6,0,3,10,0,5,15
187949,3.0,15.0,2.0,5.0,1.0,1.0,0.30000000000000004,0.5,50.0,7,0,2,6,0,2,9
187949,3.0,15.0,2.0,5.0,1.0,1.0,0.30000000000000004,0.5,50.0,8,0,0,4,0,1,5
187949,3.0,15.0,2.0,5.0,1.0,1.0,0.30000000000000004,0.5,50.0,9,0,0,3,0,0,3
187949,3.0,15.0,2.0,5.0,1.0,1.0,0.30000000000000004,0.5,50.0,10,0,0,1,0,0,1