Exp Num,agent:svo_convergence_factor,agent:params:metabolism,agent:params:consumption_factor,agent:params:procreate_cost_factor,agent:params:procreate_req_factor,agent:params:start_energy_factor,agent:params:caught_chance,agent:params:caught_cooldown_factor,agent:params:maximum_age,Epoch,Resource,A,B,C,D,E
184630,3.0,15.0,1.0,9.0,1.0,2.0,0.1,0.2,10.0,0,3500.0,21,19,12,32,68
184630,3.0,15.0,1.0,9.0,1.0,2.0,0.1,0.2,10.0,1,2905.0,21,19,12,32,68
184630,3.0,15.0,1.0,9.0,1.0,2.0,0.1,0.2,10.0,2,2566.25,21,19,11,32,67
184630,3.0,15.0,1.0,9.0,1.0,2.0,0.1,0.2,10.0,3,2202.8125,21,19,11,32,67
184630,3.0,15.0,1.0,9.0,1.0,2.0,0.1,0.2,10.0,4,1553.515625,20,18,11,31,65
184630,3.0,15.0,1.0,9.0,1.0,2.0,0.1,0.2,10.0,5,666.89453125,20,17,11,31,64
184630,3.0,15.0,1.0,9.0,1.0,2.0,0.1,0.2,10.0,6,0,16,15,8,27,51
184630,3.0,15.0,1.0,9.0,1.0,2.0,0.1,0.2,10.0,7,0,13,8,3,12,30
184630,3.0,15.0,1.0,9.0,1.0,2.0,0.1,0.2,10.0,8,0,5,5,1,6,16
184630,3.0,15.0,1.0,9.0,1.0,2.0,0.1,0.2,10.0,9,0,2,3,0,3,9
184630,3.0,15.0,1.0,9.0,1.0,2.0,0.1,0.2,10.0,10,0,1,2,0,1,5
184630,3.0,15.0,1.0,9.0,1.0,2.0,0.1,0.2,10.0,11,0,0,2,0,0,3
184630,3.0,15.0,1.0,9.0,1.0,2.0,0.1,0.2,10.0,12,0,0,1,0,0,1