Exp Num,agent:svo_convergence_factor,agent:params:metabolism,agent:params:consumption_factor,agent:params:procreate_cost_factor,agent:params:procreate_req_factor,agent:params:start_energy_factor,agent:params:caught_chance,agent:params:caught_cooldown_factor,agent:params:maximum_age,Epoch,Resource,A,B,C,D,E
119557,2.0,15.0,2.0,3.0,1.0,3.0,0.30000000000000004,0.2,30.0,0,3770.0,16,47,13,27,93
119557,2.0,15.0,2.0,3.0,1.0,3.0,0.30000000000000004,0.2,30.0,1,3062.5,18,53,17,30,105
119557,2.0,15.0,2.0,3.0,1.0,3.0,0.30000000000000004,0.2,30.0,2,2178.125,19,48,19,27,102
119557,2.0,15.0,2.0,3.0,1.0,3.0,0.30000000000000004,0.2,30.0,3,892.65625,16,49,23,29,104
119557,2.0,15.0,2.0,3.0,1.0,3.0,0.30000000000000004,0.2,30.0,4,0,14,49,25,22,101
119557,2.0,15.0,2.0,3.0,1.0,3.0,0.30000000000000004,0.2,30.0,5,0,7,33,19,12,70
119557,2.0,15.0,2.0,3.0,1.0,3.0,0.30000000000000004,0.2,30.0,6,0,7,25,20,7,57
119557,2.0,15.0,2.0,3.0,1.0,3.0,0.30000000000000004,0.2,30.0,7,0,7,21,12,3,43
119557,2.0,15.0,2.0,3.0,1.0,3.0,0.30000000000000004,0.2,30.0,8,0,4,16,7,2,28
119557,2.0,15.0,2.0,3.0,1.0,3.0,0.30000000000000004,0.2,30.0,9,0,1,12,6,1,19
119557,2.0,15.0,2.0,3.0,1.0,3.0,0.30000000000000004,0.2,30.0,10,0,0,8,4,1,12
119557,2.0,15.0,2.0,3.0,1.0,3.0,0.30000000000000004,0.2,30.0,11,0,0,8,2,0,10
119557,2.0,15.0,2.0,3.0,1.0,3.0,0.30000000000000004,0.2,30.0,12,0,0,4,1,0,5
119557,2.0,15.0,2.0,3.0,1.0,3.0,0.30000000000000004,0.2,30.0,13,0,0,2,1,0,3
119557,2.0,15.0,2.0,3.0,1.0,3.0,0.30000000000000004,0.2,30.0,14,0,0,2,2,0,4
119557,2.0,15.0,2.0,3.0,1.0,3.0,0.30000000000000004,0.2,30.0,15,0,0,2,1,0,3
119557,2.0,15.0,2.0,3.0,1.0,3.0,0.30000000000000004,0.2,30.0,16,0,0,2,1,0,3
119557,2.0,15.0,2.0,3.0,1.0,3.0,0.30000000000000004,0.2,30.0,17,0,0,1,1,0,2
119557,2.0,15.0,2.0,3.0,1.0,3.0,0.30000000000000004,0.2,30.0,18,0,0,0,1,0,1