Exp Num,agent:svo_convergence_factor,agent:params:metabolism,agent:params:consumption_factor,agent:params:procreate_cost_factor,agent:params:procreate_req_factor,agent:params:start_energy_factor,agent:params:caught_chance,agent:params:caught_cooldown_factor,agent:params:maximum_age,Epoch,Resource,A,B,C,D,E
130336,2.0,15.0,4.0,1.0,3.0,2.0,0.4,0.30000000000000004,20.0,0,2960.0,28,35,12,26,91
130336,2.0,15.0,4.0,1.0,3.0,2.0,0.4,0.30000000000000004,20.0,1,160.0,29,35,24,37,107
130336,2.0,15.0,4.0,1.0,3.0,2.0,0.4,0.30000000000000004,20.0,2,0,31,31,23,33,103
130336,2.0,15.0,4.0,1.0,3.0,2.0,0.4,0.30000000000000004,20.0,3,0,24,22,12,24,74
130336,2.0,15.0,4.0,1.0,3.0,2.0,0.4,0.30000000000000004,20.0,4,0,16,15,6,17,45
130336,2.0,15.0,4.0,1.0,3.0,2.0,0.4,0.30000000000000004,20.0,5,0,13,13,3,9,32
130336,2.0,15.0,4.0,1.0,3.0,2.0,0.4,0.30000000000000004,20.0,6,0,8,6,1,6,18
130336,2.0,15.0,4.0,1.0,3.0,2.0,0.4,0.30000000000000004,20.0,7,0,6,2,1,2,12
130336,2.0,15.0,4.0,1.0,3.0,2.0,0.4,0.30000000000000004,20.0,8,0,3,0,1,1,7
130336,2.0,15.0,4.0,1.0,3.0,2.0,0.4,0.30000000000000004,20.0,9,0,2,0,1,0,4
130336,2.0,15.0,4.0,1.0,3.0,2.0,0.4,0.30000000000000004,20.0,10,0,1,0,1,0,2
130336,2.0,15.0,4.0,1.0,3.0,2.0,0.4,0.30000000000000004,20.0,11,0,0,0,1,0,1