Exp Num,agent:svo_convergence_factor,agent:params:metabolism,agent:params:consumption_factor,agent:params:procreate_cost_factor,agent:params:procreate_req_factor,agent:params:start_energy_factor,agent:params:caught_chance,agent:params:caught_cooldown_factor,agent:params:maximum_age,Epoch,Resource,A,B,C,D,E
183188,3.0,15.0,1.0,5.0,3.0,2.0,0.30000000000000004,0.30000000000000004,40.0,0,3500.0,15,36,13,22,78
183188,3.0,15.0,1.0,5.0,3.0,2.0,0.30000000000000004,0.30000000000000004,40.0,1,2965.0,15,36,13,22,78
183188,3.0,15.0,1.0,5.0,3.0,2.0,0.30000000000000004,0.30000000000000004,40.0,2,2596.25,15,36,13,22,78
183188,3.0,15.0,1.0,5.0,3.0,2.0,0.30000000000000004,0.30000000000000004,40.0,3,2420.3125,14,33,12,22,73
183188,3.0,15.0,1.0,5.0,3.0,2.0,0.30000000000000004,0.30000000000000004,40.0,4,2125.390625,10,29,10,20,63
183188,3.0,15.0,1.0,5.0,3.0,2.0,0.30000000000000004,0.30000000000000004,40.0,5,1786.73828125,8,26,9,20,57
183188,3.0,15.0,1.0,5.0,3.0,2.0,0.30000000000000004,0.30000000000000004,40.0,6,1273.4228515625,6,23,9,20,52
183188,3.0,15.0,1.0,5.0,3.0,2.0,0.30000000000000004,0.30000000000000004,40.0,7,616.778564453125,6,21,9,20,50
183188,3.0,15.0,1.0,5.0,3.0,2.0,0.30000000000000004,0.30000000000000004,40.0,8,0,5,16,7,20,41
183188,3.0,15.0,1.0,5.0,3.0,2.0,0.30000000000000004,0.30000000000000004,40.0,9,0,4,8,3,9,22
183188,3.0,15.0,1.0,5.0,3.0,2.0,0.30000000000000004,0.30000000000000004,40.0,10,0,0,6,1,5,11
183188,3.0,15.0,1.0,5.0,3.0,2.0,0.30000000000000004,0.30000000000000004,40.0,11,0,0,3,0,3,5
183188,3.0,15.0,1.0,5.0,3.0,2.0,0.30000000000000004,0.30000000000000004,40.0,12,0,0,3,0,0,4
183188,3.0,15.0,1.0,5.0,3.0,2.0,0.30000000000000004,0.30000000000000004,40.0,13,0,0,1,0,0,2
183188,3.0,15.0,1.0,5.0,3.0,2.0,0.30000000000000004,0.30000000000000004,40.0,14,0,0,0,0,0,1