Exp Num,agent:svo_convergence_factor,agent:params:metabolism,agent:params:consumption_factor,agent:params:procreate_cost_factor,agent:params:procreate_req_factor,agent:params:start_energy_factor,agent:params:caught_chance,agent:params:caught_cooldown_factor,agent:params:maximum_age,Epoch,Resource,A,B,C,D,E
149641,3.0,5.0,3.0,7.0,1.0,1.0,0.1,0.4,20.0,0,3500.0,14,29,13,27,73
149641,3.0,5.0,3.0,7.0,1.0,1.0,0.1,0.4,20.0,1,2950.0,14,29,13,27,73
149641,3.0,5.0,3.0,7.0,1.0,1.0,0.1,0.4,20.0,2,2652.5,20,37,20,33,101
149641,3.0,5.0,3.0,7.0,1.0,1.0,0.1,0.4,20.0,3,1860.625,21,43,24,38,112
149641,3.0,5.0,3.0,7.0,1.0,1.0,0.1,0.4,20.0,4,1275.78125,26,52,25,43,128
149641,3.0,5.0,3.0,7.0,1.0,1.0,0.1,0.4,20.0,5,34.7265625,24,62,30,46,142
149641,3.0,5.0,3.0,7.0,1.0,1.0,0.1,0.4,20.0,6,0,24,67,29,43,138
149641,3.0,5.0,3.0,7.0,1.0,1.0,0.1,0.4,20.0,7,0,22,67,30,39,137
149641,3.0,5.0,3.0,7.0,1.0,1.0,0.1,0.4,20.0,8,0,21,52,24,29,107
149641,3.0,5.0,3.0,7.0,1.0,1.0,0.1,0.4,20.0,9,0,18,44,18,22,87
149641,3.0,5.0,3.0,7.0,1.0,1.0,0.1,0.4,20.0,10,0,17,41,19,15,82
149641,3.0,5.0,3.0,7.0,1.0,1.0,0.1,0.4,20.0,11,0,11,37,17,11,68
149641,3.0,5.0,3.0,7.0,1.0,1.0,0.1,0.4,20.0,12,0,7,31,14,10,54
149641,3.0,5.0,3.0,7.0,1.0,1.0,0.1,0.4,20.0,13,0,4,22,11,9,39
149641,3.0,5.0,3.0,7.0,1.0,1.0,0.1,0.4,20.0,14,0,3,16,11,5,30
149641,3.0,5.0,3.0,7.0,1.0,1.0,0.1,0.4,20.0,15,0,1,9,9,2,19
149641,3.0,5.0,3.0,7.0,1.0,1.0,0.1,0.4,20.0,16,0,1,3,7,1,11
149641,3.0,5.0,3.0,7.0,1.0,1.0,0.1,0.4,20.0,17,10.0,1,3,7,0,11
149641,3.0,5.0,3.0,7.0,1.0,1.0,0.1,0.4,20.0,18,0,1,2,6,0,9
149641,3.0,5.0,3.0,7.0,1.0,1.0,0.1,0.4,20.0,19,0,1,2,5,0,8
149641,3.0,5.0,3.0,7.0,1.0,1.0,0.1,0.4,20.0,20,0,0,1,4,0,5
149641,3.0,5.0,3.0,7.0,1.0,1.0,0.1,0.4,20.0,21,0,0,1,4,0,5
149641,3.0,5.0,3.0,7.0,1.0,1.0,0.1,0.4,20.0,22,0,0,1,2,0,3
149641,3.0,5.0,3.0,7.0,1.0,1.0,0.1,0.4,20.0,23,0,0,0,2,0,2
149641,3.0,5.0,3.0,7.0,1.0,1.0,0.1,0.4,20.0,24,0,0,0,1,0,1