Exp Num,agent:svo_convergence_factor,agent:params:metabolism,agent:params:consumption_factor,agent:params:procreate_cost_factor,agent:params:procreate_req_factor,agent:params:start_energy_factor,agent:params:caught_chance,agent:params:caught_cooldown_factor,agent:params:maximum_age,Epoch,Resource,A,B,C,D,E
154387,3.0,5.0,4.0,5.0,1.0,3.0,0.1,0.30000000000000004,30.0,0,3540.0,17,44,16,44,92
154387,3.0,5.0,4.0,5.0,1.0,3.0,0.1,0.30000000000000004,30.0,1,2545.0,17,52,21,52,105
154387,3.0,5.0,4.0,5.0,1.0,3.0,0.1,0.30000000000000004,30.0,2,1481.25,25,66,26,60,133
154387,3.0,5.0,4.0,5.0,1.0,3.0,0.1,0.30000000000000004,30.0,3,251.5625,30,90,41,70,177
154387,3.0,5.0,4.0,5.0,1.0,3.0,0.1,0.30000000000000004,30.0,4,0,26,88,52,58,181
154387,3.0,5.0,4.0,5.0,1.0,3.0,0.1,0.30000000000000004,30.0,5,0,22,86,46,42,164
154387,3.0,5.0,4.0,5.0,1.0,3.0,0.1,0.30000000000000004,30.0,6,0,20,78,45,33,148
154387,3.0,5.0,4.0,5.0,1.0,3.0,0.1,0.30000000000000004,30.0,7,0,16,70,44,22,133
154387,3.0,5.0,4.0,5.0,1.0,3.0,0.1,0.30000000000000004,30.0,8,0,11,61,36,13,109
154387,3.0,5.0,4.0,5.0,1.0,3.0,0.1,0.30000000000000004,30.0,9,0,8,46,30,8,84
154387,3.0,5.0,4.0,5.0,1.0,3.0,0.1,0.30000000000000004,30.0,10,0,6,33,21,4,60
154387,3.0,5.0,4.0,5.0,1.0,3.0,0.1,0.30000000000000004,30.0,11,0,3,26,15,2,44
154387,3.0,5.0,4.0,5.0,1.0,3.0,0.1,0.30000000000000004,30.0,12,0,1,20,11,1,32
154387,3.0,5.0,4.0,5.0,1.0,3.0,0.1,0.30000000000000004,30.0,13,0,0,15,7,1,22
154387,3.0,5.0,4.0,5.0,1.0,3.0,0.1,0.30000000000000004,30.0,14,0,0,10,5,1,15
154387,3.0,5.0,4.0,5.0,1.0,3.0,0.1,0.30000000000000004,30.0,15,0,0,9,4,1,13
154387,3.0,5.0,4.0,5.0,1.0,3.0,0.1,0.30000000000000004,30.0,16,0,0,9,2,1,11
154387,3.0,5.0,4.0,5.0,1.0,3.0,0.1,0.30000000000000004,30.0,17,0,0,7,2,1,9
154387,3.0,5.0,4.0,5.0,1.0,3.0,0.1,0.30000000000000004,30.0,18,0,0,5,1,1,6
154387,3.0,5.0,4.0,5.0,1.0,3.0,0.1,0.30000000000000004,30.0,19,0,0,4,1,1,5
154387,3.0,5.0,4.0,5.0,1.0,3.0,0.1,0.30000000000000004,30.0,20,0,0,2,1,1,3
154387,3.0,5.0,4.0,5.0,1.0,3.0,0.1,0.30000000000000004,30.0,21,0,0,1,1,1,2
154387,3.0,5.0,4.0,5.0,1.0,3.0,0.1,0.30000000000000004,30.0,22,0,0,1,1,0,2
154387,3.0,5.0,4.0,5.0,1.0,3.0,0.1,0.30000000000000004,30.0,23,0,0,1,0,0,1