Exp Num,agent:svo_convergence_factor,agent:params:metabolism,agent:params:consumption_factor,agent:params:procreate_cost_factor,agent:params:procreate_req_factor,agent:params:start_energy_factor,agent:params:caught_chance,agent:params:caught_cooldown_factor,agent:params:maximum_age,Epoch,Resource,A,B,C,D,E
151555,3.0,5.0,3.0,9.0,3.0,1.0,0.30000000000000004,0.2,10.0,0,3500.0,17,26,15,29,71
151555,3.0,5.0,3.0,9.0,3.0,1.0,0.30000000000000004,0.2,10.0,1,2935.0,17,26,15,29,71
151555,3.0,5.0,3.0,9.0,3.0,1.0,0.30000000000000004,0.2,10.0,2,2828.75,17,26,15,29,71
151555,3.0,5.0,3.0,9.0,3.0,1.0,0.30000000000000004,0.2,10.0,3,2860.9375,16,25,15,28,69
151555,3.0,5.0,3.0,9.0,3.0,1.0,0.30000000000000004,0.2,10.0,4,2796.171875,16,25,15,28,69
151555,3.0,5.0,3.0,9.0,3.0,1.0,0.30000000000000004,0.2,10.0,5,2850.21484375,16,25,15,28,69
151555,3.0,5.0,3.0,9.0,3.0,1.0,0.30000000000000004,0.2,10.0,6,2752.7685546875,14,24,14,27,65
151555,3.0,5.0,3.0,9.0,3.0,1.0,0.30000000000000004,0.2,10.0,7,2885.960693359375,14,24,14,27,65
151555,3.0,5.0,3.0,9.0,3.0,1.0,0.30000000000000004,0.2,10.0,8,3097.4508666992188,14,24,14,27,65
151555,3.0,5.0,3.0,9.0,3.0,1.0,0.30000000000000004,0.2,10.0,9,3181.8135833740234,14,24,14,25,63
151555,3.0,5.0,3.0,9.0,3.0,1.0,0.30000000000000004,0.2,10.0,10,3362.2669792175293,8,11,7,16,30
151555,3.0,5.0,3.0,9.0,3.0,1.0,0.30000000000000004,0.2,10.0,11,3932.8337240219116,5,3,3,8,15
151555,3.0,5.0,3.0,9.0,3.0,1.0,0.30000000000000004,0.2,10.0,12,4736.0421550273895,2,3,0,5,7
151555,3.0,5.0,3.0,9.0,3.0,1.0,0.30000000000000004,0.2,10.0,13,5830.052693784237,1,2,0,3,3
151555,3.0,5.0,3.0,9.0,3.0,1.0,0.30000000000000004,0.2,10.0,14,7242.565867230296,1,1,0,1,2
151555,3.0,5.0,3.0,9.0,3.0,1.0,0.30000000000000004,0.2,10.0,15,9023.20733403787,1,0,0,0,1