Exp Num,agent:svo_convergence_factor,agent:params:metabolism,agent:params:consumption_factor,agent:params:procreate_cost_factor,agent:params:procreate_req_factor,agent:params:start_energy_factor,agent:params:caught_chance,agent:params:caught_cooldown_factor,agent:params:maximum_age,Epoch,Resource,A,B,C,D,E
118812,2.0,15.0,2.0,1.0,2.0,3.0,0.30000000000000004,0.30000000000000004,30.0,0,4100.0,15,49,22,41,109
118812,2.0,15.0,2.0,1.0,2.0,3.0,0.30000000000000004,0.30000000000000004,30.0,1,2905.0,14,63,31,46,137
118812,2.0,15.0,2.0,1.0,2.0,3.0,0.30000000000000004,0.30000000000000004,30.0,2,0,16,77,46,64,172
118812,2.0,15.0,2.0,1.0,2.0,3.0,0.30000000000000004,0.30000000000000004,30.0,3,0,13,52,33,37,116
118812,2.0,15.0,2.0,1.0,2.0,3.0,0.30000000000000004,0.30000000000000004,30.0,4,0,8,28,21,19,69
118812,2.0,15.0,2.0,1.0,2.0,3.0,0.30000000000000004,0.30000000000000004,30.0,5,0,5,16,12,10,38
118812,2.0,15.0,2.0,1.0,2.0,3.0,0.30000000000000004,0.30000000000000004,30.0,6,0,2,8,9,4,22
118812,2.0,15.0,2.0,1.0,2.0,3.0,0.30000000000000004,0.30000000000000004,30.0,7,0,0,6,4,2,11
118812,2.0,15.0,2.0,1.0,2.0,3.0,0.30000000000000004,0.30000000000000004,30.0,8,0,0,5,1,0,6
118812,2.0,15.0,2.0,1.0,2.0,3.0,0.30000000000000004,0.30000000000000004,30.0,9,0,0,3,0,0,3
118812,2.0,15.0,2.0,1.0,2.0,3.0,0.30000000000000004,0.30000000000000004,30.0,10,0,0,1,0,0,1