Exp Num,agent:svo_convergence_factor,agent:params:metabolism,agent:params:consumption_factor,agent:params:procreate_cost_factor,agent:params:procreate_req_factor,agent:params:start_energy_factor,agent:params:caught_chance,agent:params:caught_cooldown_factor,agent:params:maximum_age,Epoch,Resource,A,B,C,D,E
153397,3.0,5.0,4.0,3.0,2.0,1.0,0.1,0.5,30.0,0,3000.0,20,35,7,25,75
153397,3.0,5.0,4.0,3.0,2.0,1.0,0.1,0.5,30.0,1,2970.0,29,41,9,27,92
153397,3.0,5.0,4.0,3.0,2.0,1.0,0.1,0.5,30.0,2,2612.5,42,51,12,28,118
153397,3.0,5.0,4.0,3.0,2.0,1.0,0.1,0.5,30.0,3,1745.625,59,61,17,29,150
153397,3.0,5.0,4.0,3.0,2.0,1.0,0.1,0.5,30.0,4,82.03125,72,77,18,26,180
153397,3.0,5.0,4.0,3.0,2.0,1.0,0.1,0.5,30.0,5,0,73,71,19,23,175
153397,3.0,5.0,4.0,3.0,2.0,1.0,0.1,0.5,30.0,6,0,71,67,16,22,166
153397,3.0,5.0,4.0,3.0,2.0,1.0,0.1,0.5,30.0,7,0,65,58,14,21,149
153397,3.0,5.0,4.0,3.0,2.0,1.0,0.1,0.5,30.0,8,0,57,53,11,11,126
153397,3.0,5.0,4.0,3.0,2.0,1.0,0.1,0.5,30.0,9,0,51,49,10,3,112
153397,3.0,5.0,4.0,3.0,2.0,1.0,0.1,0.5,30.0,10,0,38,23,8,2,70
153397,3.0,5.0,4.0,3.0,2.0,1.0,0.1,0.5,30.0,11,0,21,13,7,2,41
153397,3.0,5.0,4.0,3.0,2.0,1.0,0.1,0.5,30.0,12,0,13,6,5,1,24
153397,3.0,5.0,4.0,3.0,2.0,1.0,0.1,0.5,30.0,13,0,10,4,2,1,16
153397,3.0,5.0,4.0,3.0,2.0,1.0,0.1,0.5,30.0,14,0,7,1,1,0,9
153397,3.0,5.0,4.0,3.0,2.0,1.0,0.1,0.5,30.0,15,0,3,0,1,0,4
153397,3.0,5.0,4.0,3.0,2.0,1.0,0.1,0.5,30.0,16,60.0,2,0,1,0,3
153397,3.0,5.0,4.0,3.0,2.0,1.0,0.1,0.5,30.0,17,55.0,2,0,1,0,3
153397,3.0,5.0,4.0,3.0,2.0,1.0,0.1,0.5,30.0,18,68.75,2,0,1,0,3
153397,3.0,5.0,4.0,3.0,2.0,1.0,0.1,0.5,30.0,19,85.9375,2,0,1,0,3
153397,3.0,5.0,4.0,3.0,2.0,1.0,0.1,0.5,30.0,20,107.421875,2,0,1,0,3
153397,3.0,5.0,4.0,3.0,2.0,1.0,0.1,0.5,30.0,21,134.27734375,0,0,1,0,1