Exp Num,agent:svo_convergence_factor,agent:params:metabolism,agent:params:consumption_factor,agent:params:procreate_cost_factor,agent:params:procreate_req_factor,agent:params:start_energy_factor,agent:params:caught_chance,agent:params:caught_cooldown_factor,agent:params:maximum_age,Epoch,Resource,A,B,C,D,E
198685,3.0,15.0,4.0,3.0,2.0,3.0,0.30000000000000004,0.30000000000000004,10.0,0,3380.0,22,28,19,28,85
198685,3.0,15.0,4.0,3.0,2.0,3.0,0.30000000000000004,0.30000000000000004,10.0,1,2665.0,26,30,20,29,92
198685,3.0,15.0,4.0,3.0,2.0,3.0,0.30000000000000004,0.30000000000000004,10.0,2,511.25,25,21,16,26,77
198685,3.0,15.0,4.0,3.0,2.0,3.0,0.30000000000000004,0.30000000000000004,10.0,3,0,23,17,14,25,69
198685,3.0,15.0,4.0,3.0,2.0,3.0,0.30000000000000004,0.30000000000000004,10.0,4,0,23,16,13,22,67
198685,3.0,15.0,4.0,3.0,2.0,3.0,0.30000000000000004,0.30000000000000004,10.0,5,0,21,14,13,21,63
198685,3.0,15.0,4.0,3.0,2.0,3.0,0.30000000000000004,0.30000000000000004,10.0,6,0,18,10,8,13,42
198685,3.0,15.0,4.0,3.0,2.0,3.0,0.30000000000000004,0.30000000000000004,10.0,7,0,17,4,6,8,29
198685,3.0,15.0,4.0,3.0,2.0,3.0,0.30000000000000004,0.30000000000000004,10.0,8,0,13,3,3,6,19
198685,3.0,15.0,4.0,3.0,2.0,3.0,0.30000000000000004,0.30000000000000004,10.0,9,0,11,1,0,4,12
198685,3.0,15.0,4.0,3.0,2.0,3.0,0.30000000000000004,0.30000000000000004,10.0,10,0,7,0,0,3,7
198685,3.0,15.0,4.0,3.0,2.0,3.0,0.30000000000000004,0.30000000000000004,10.0,11,0,5,0,0,2,5
198685,3.0,15.0,4.0,3.0,2.0,3.0,0.30000000000000004,0.30000000000000004,10.0,12,0,3,0,0,1,3
198685,3.0,15.0,4.0,3.0,2.0,3.0,0.30000000000000004,0.30000000000000004,10.0,13,0,2,0,0,0,2
198685,3.0,15.0,4.0,3.0,2.0,3.0,0.30000000000000004,0.30000000000000004,10.0,14,0,2,0,0,0,2
198685,3.0,15.0,4.0,3.0,2.0,3.0,0.30000000000000004,0.30000000000000004,10.0,15,0,1,0,0,0,1