Exp Num,agent:svo_convergence_factor,agent:params:metabolism,agent:params:consumption_factor,agent:params:procreate_cost_factor,agent:params:procreate_req_factor,agent:params:start_energy_factor,agent:params:caught_chance,agent:params:caught_cooldown_factor,agent:params:maximum_age,Epoch,Resource,A,B,C,D,E
181855,3.0,15.0,1.0,3.0,2.0,3.0,0.5,0.2,10.0,0,3500.0,23,23,8,30,70
181855,3.0,15.0,1.0,3.0,2.0,3.0,0.5,0.2,10.0,1,2980.0,23,23,8,30,70
181855,3.0,15.0,1.0,3.0,2.0,3.0,0.5,0.2,10.0,2,2765.0,23,23,8,30,70
181855,3.0,15.0,1.0,3.0,2.0,3.0,0.5,0.2,10.0,3,2781.25,23,23,8,29,70
181855,3.0,15.0,1.0,3.0,2.0,3.0,0.5,0.2,10.0,4,2756.5625,20,19,7,27,61
181855,3.0,15.0,1.0,3.0,2.0,3.0,0.5,0.2,10.0,5,2665.703125,17,12,5,26,49
181855,3.0,15.0,1.0,3.0,2.0,3.0,0.5,0.2,10.0,6,2477.12890625,12,11,5,26,43
181855,3.0,15.0,1.0,3.0,2.0,3.0,0.5,0.2,10.0,7,2256.4111328125,10,10,5,26,40
181855,3.0,15.0,1.0,3.0,2.0,3.0,0.5,0.2,10.0,8,1935.513916015625,9,9,5,26,38
181855,3.0,15.0,1.0,3.0,2.0,3.0,0.5,0.2,10.0,9,1639.3923950195312,7,9,4,26,35
181855,3.0,15.0,1.0,3.0,2.0,3.0,0.5,0.2,10.0,10,1584.240493774414,4,4,4,15,20
181855,3.0,15.0,1.0,3.0,2.0,3.0,0.5,0.2,10.0,11,1680.3006172180176,1,3,2,9,11
181855,3.0,15.0,1.0,3.0,2.0,3.0,0.5,0.2,10.0,12,1905.375771522522,1,0,1,6,6
181855,3.0,15.0,1.0,3.0,2.0,3.0,0.5,0.2,10.0,13,2276.7197144031525,1,0,1,2,4
181855,3.0,15.0,1.0,3.0,2.0,3.0,0.5,0.2,10.0,14,2785.8996430039406,0,0,1,2,2
181855,3.0,15.0,1.0,3.0,2.0,3.0,0.5,0.2,10.0,15,3452.3745537549257,0,0,1,0,2
181855,3.0,15.0,1.0,3.0,2.0,3.0,0.5,0.2,10.0,16,4285.468192193657,0,0,1,0,2
181855,3.0,15.0,1.0,3.0,2.0,3.0,0.5,0.2,10.0,17,5326.835240242071,0,0,1,0,1