Exp Num,agent:svo_convergence_factor,agent:params:metabolism,agent:params:consumption_factor,agent:params:procreate_cost_factor,agent:params:procreate_req_factor,agent:params:start_energy_factor,agent:params:caught_chance,agent:params:caught_cooldown_factor,agent:params:maximum_age,Epoch,Resource,A,B,C,D,E
172912,3.0,10.0,3.0,7.0,3.0,1.0,0.2,0.30000000000000004,30.0,0,2000.0,18,31,7,27,73
172912,3.0,10.0,3.0,7.0,3.0,1.0,0.2,0.30000000000000004,30.0,1,1210.0,18,31,7,27,73
172912,3.0,10.0,3.0,7.0,3.0,1.0,0.2,0.30000000000000004,30.0,2,372.5,18,31,7,27,73
172912,3.0,10.0,3.0,7.0,3.0,1.0,0.2,0.30000000000000004,30.0,3,0,17,23,6,14,60
172912,3.0,10.0,3.0,7.0,3.0,1.0,0.2,0.30000000000000004,30.0,4,0,16,23,6,10,56
172912,3.0,10.0,3.0,7.0,3.0,1.0,0.2,0.30000000000000004,30.0,5,0,16,23,6,10,56
172912,3.0,10.0,3.0,7.0,3.0,1.0,0.2,0.30000000000000004,30.0,6,0,12,19,5,5,44
172912,3.0,10.0,3.0,7.0,3.0,1.0,0.2,0.30000000000000004,30.0,7,0,11,16,2,4,32
172912,3.0,10.0,3.0,7.0,3.0,1.0,0.2,0.30000000000000004,30.0,8,0,11,13,1,2,26
172912,3.0,10.0,3.0,7.0,3.0,1.0,0.2,0.30000000000000004,30.0,9,0,10,9,1,1,20
172912,3.0,10.0,3.0,7.0,3.0,1.0,0.2,0.30000000000000004,30.0,10,0,7,8,0,0,15
172912,3.0,10.0,3.0,7.0,3.0,1.0,0.2,0.30000000000000004,30.0,11,0,5,5,0,0,10
172912,3.0,10.0,3.0,7.0,3.0,1.0,0.2,0.30000000000000004,30.0,12,0,3,3,0,0,6
172912,3.0,10.0,3.0,7.0,3.0,1.0,0.2,0.30000000000000004,30.0,13,0,1,3,0,0,4
172912,3.0,10.0,3.0,7.0,3.0,1.0,0.2,0.30000000000000004,30.0,14,100,1,2,0,0,3
172912,3.0,10.0,3.0,7.0,3.0,1.0,0.2,0.30000000000000004,30.0,15,95.0,1,2,0,0,3
172912,3.0,10.0,3.0,7.0,3.0,1.0,0.2,0.30000000000000004,30.0,16,118.75,0,2,0,0,2
172912,3.0,10.0,3.0,7.0,3.0,1.0,0.2,0.30000000000000004,30.0,17,148.4375,0,1,0,0,1