Exp Num,agent:svo_convergence_factor,agent:params:metabolism,agent:params:consumption_factor,agent:params:procreate_cost_factor,agent:params:procreate_req_factor,agent:params:start_energy_factor,agent:params:caught_chance,agent:params:caught_cooldown_factor,agent:params:maximum_age,Epoch,Resource,A,B,C,D,E
190695,3.0,15.0,2.0,9.0,2.0,2.0,0.30000000000000004,0.5,10.0,0,4160.0,18,27,8,29,71
190695,3.0,15.0,2.0,9.0,2.0,2.0,0.30000000000000004,0.5,10.0,1,3460.0,14,22,6,26,59
190695,3.0,15.0,2.0,9.0,2.0,2.0,0.30000000000000004,0.5,10.0,2,3515.0,14,22,6,25,59
190695,3.0,15.0,2.0,9.0,2.0,2.0,0.30000000000000004,0.5,10.0,3,3013.75,10,15,6,25,48
190695,3.0,15.0,2.0,9.0,2.0,2.0,0.30000000000000004,0.5,10.0,4,3167.1875,9,15,6,23,46
190695,3.0,15.0,2.0,9.0,2.0,2.0,0.30000000000000004,0.5,10.0,5,2878.984375,7,14,5,22,41
190695,3.0,15.0,2.0,9.0,2.0,2.0,0.30000000000000004,0.5,10.0,6,2938.73046875,7,12,5,20,39
190695,3.0,15.0,2.0,9.0,2.0,2.0,0.30000000000000004,0.5,10.0,7,2683.4130859375,7,10,5,19,37
190695,3.0,15.0,2.0,9.0,2.0,2.0,0.30000000000000004,0.5,10.0,8,2874.266357421875,5,10,5,19,35
190695,3.0,15.0,2.0,9.0,2.0,2.0,0.30000000000000004,0.5,10.0,9,2692.8329467773438,5,7,5,18,32
190695,3.0,15.0,2.0,9.0,2.0,2.0,0.30000000000000004,0.5,10.0,10,3036.0411834716797,4,4,3,12,20
190695,3.0,15.0,2.0,9.0,2.0,2.0,0.30000000000000004,0.5,10.0,11,3345.0514793395996,4,2,1,6,12
190695,3.0,15.0,2.0,9.0,2.0,2.0,0.30000000000000004,0.5,10.0,12,3851.3143491744995,3,1,1,4,10
190695,3.0,15.0,2.0,9.0,2.0,2.0,0.30000000000000004,0.5,10.0,13,4604.142936468124,1,1,0,3,4
190695,3.0,15.0,2.0,9.0,2.0,2.0,0.30000000000000004,0.5,10.0,14,5635.1786705851555,0,0,0,2,2
190695,3.0,15.0,2.0,9.0,2.0,2.0,0.30000000000000004,0.5,10.0,15,6953.973338231444,0,0,0,0,2
190695,3.0,15.0,2.0,9.0,2.0,2.0,0.30000000000000004,0.5,10.0,16,8662.466672789305,0,0,0,0,1