Exp Num,agent:svo_convergence_factor,agent:params:metabolism,agent:params:consumption_factor,agent:params:procreate_cost_factor,agent:params:procreate_req_factor,agent:params:start_energy_factor,agent:params:caught_chance,agent:params:caught_cooldown_factor,agent:params:maximum_age,Epoch,Resource,A,B,C,D,E
112807,2.0,15.0,1.0,1.0,1.0,3.0,0.30000000000000004,0.2,30.0,0,3500.0,22,52,13,48,102
112807,2.0,15.0,1.0,1.0,1.0,3.0,0.30000000000000004,0.2,30.0,1,3610.0,27,81,33,65,160
112807,2.0,15.0,1.0,1.0,1.0,3.0,0.30000000000000004,0.2,30.0,2,2952.5,23,78,44,37,154
112807,2.0,15.0,1.0,1.0,1.0,3.0,0.30000000000000004,0.2,30.0,3,2220.625,21,81,35,21,145
112807,2.0,15.0,1.0,1.0,1.0,3.0,0.30000000000000004,0.2,30.0,4,1635.78125,20,69,32,17,124
112807,2.0,15.0,1.0,1.0,1.0,3.0,0.30000000000000004,0.2,30.0,5,949.7265625,15,64,27,18,107
112807,2.0,15.0,1.0,1.0,1.0,3.0,0.30000000000000004,0.2,30.0,6,272.158203125,15,59,22,10,96
112807,2.0,15.0,1.0,1.0,1.0,3.0,0.30000000000000004,0.2,30.0,7,0,11,42,17,9,70
112807,2.0,15.0,1.0,1.0,1.0,3.0,0.30000000000000004,0.2,30.0,8,0,7,30,13,6,50
112807,2.0,15.0,1.0,1.0,1.0,3.0,0.30000000000000004,0.2,30.0,9,0,3,20,10,5,33
112807,2.0,15.0,1.0,1.0,1.0,3.0,0.30000000000000004,0.2,30.0,10,0,2,14,8,3,24
112807,2.0,15.0,1.0,1.0,1.0,3.0,0.30000000000000004,0.2,30.0,11,0,1,14,3,1,18
112807,2.0,15.0,1.0,1.0,1.0,3.0,0.30000000000000004,0.2,30.0,12,0,1,7,2,1,10
112807,2.0,15.0,1.0,1.0,1.0,3.0,0.30000000000000004,0.2,30.0,13,0,0,6,1,1,7
112807,2.0,15.0,1.0,1.0,1.0,3.0,0.30000000000000004,0.2,30.0,14,0,0,4,1,1,5
112807,2.0,15.0,1.0,1.0,1.0,3.0,0.30000000000000004,0.2,30.0,15,0,0,2,1,0,3
112807,2.0,15.0,1.0,1.0,1.0,3.0,0.30000000000000004,0.2,30.0,16,0,0,1,0,0,1