Exp Num,agent:svo_convergence_factor,agent:params:metabolism,agent:params:consumption_factor,agent:params:procreate_cost_factor,agent:params:procreate_req_factor,agent:params:start_energy_factor,agent:params:caught_chance,agent:params:caught_cooldown_factor,agent:params:maximum_age,Epoch,Resource,A,B,C,D,E
183625,3.0,15.0,1.0,7.0,1.0,3.0,0.1,0.1,10.0,0,3500.0,15,28,15,24,76
183625,3.0,15.0,1.0,7.0,1.0,3.0,0.1,0.1,10.0,1,2935.0,15,28,15,24,76
183625,3.0,15.0,1.0,7.0,1.0,3.0,0.1,0.1,10.0,2,2588.75,15,28,15,24,76
183625,3.0,15.0,1.0,7.0,1.0,3.0,0.1,0.1,10.0,3,2260.9375,15,28,15,24,76
183625,3.0,15.0,1.0,7.0,1.0,3.0,0.1,0.1,10.0,4,2016.171875,15,27,15,24,75
183625,3.0,15.0,1.0,7.0,1.0,3.0,0.1,0.1,10.0,5,1530.21484375,15,24,15,24,72
183625,3.0,15.0,1.0,7.0,1.0,3.0,0.1,0.1,10.0,6,727.7685546875,15,24,15,24,72
183625,3.0,15.0,1.0,7.0,1.0,3.0,0.1,0.1,10.0,7,0,14,22,14,18,66
183625,3.0,15.0,1.0,7.0,1.0,3.0,0.1,0.1,10.0,8,0,11,17,9,6,43
183625,3.0,15.0,1.0,7.0,1.0,3.0,0.1,0.1,10.0,9,0,9,12,4,4,26
183625,3.0,15.0,1.0,7.0,1.0,3.0,0.1,0.1,10.0,10,0,7,8,1,2,16
183625,3.0,15.0,1.0,7.0,1.0,3.0,0.1,0.1,10.0,11,0,5,3,0,1,8
183625,3.0,15.0,1.0,7.0,1.0,3.0,0.1,0.1,10.0,12,0,2,2,0,0,4
183625,3.0,15.0,1.0,7.0,1.0,3.0,0.1,0.1,10.0,13,0,0,2,0,0,2
183625,3.0,15.0,1.0,7.0,1.0,3.0,0.1,0.1,10.0,14,0,0,1,0,0,1