Exp Num,agent:svo_convergence_factor,agent:params:metabolism,agent:params:consumption_factor,agent:params:procreate_cost_factor,agent:params:procreate_req_factor,agent:params:start_energy_factor,agent:params:caught_chance,agent:params:caught_cooldown_factor,agent:params:maximum_age,Epoch,Resource,A,B,C,D,E
115212,2.0,15.0,1.0,5.0,2.0,1.0,0.4,0.30000000000000004,30.0,0,3500.0,13,29,11,29,71
115212,2.0,15.0,1.0,5.0,2.0,1.0,0.4,0.30000000000000004,30.0,1,2875.0,13,29,11,29,71
115212,2.0,15.0,1.0,5.0,2.0,1.0,0.4,0.30000000000000004,30.0,2,2093.75,13,29,11,29,71
115212,2.0,15.0,1.0,5.0,2.0,1.0,0.4,0.30000000000000004,30.0,3,1117.1875,13,29,11,29,71
115212,2.0,15.0,1.0,5.0,2.0,1.0,0.4,0.30000000000000004,30.0,4,0,12,29,11,26,70
115212,2.0,15.0,1.0,5.0,2.0,1.0,0.4,0.30000000000000004,30.0,5,0,6,13,5,14,34
115212,2.0,15.0,1.0,5.0,2.0,1.0,0.4,0.30000000000000004,30.0,6,0,4,7,3,4,20
115212,2.0,15.0,1.0,5.0,2.0,1.0,0.4,0.30000000000000004,30.0,7,0,2,3,3,2,10
115212,2.0,15.0,1.0,5.0,2.0,1.0,0.4,0.30000000000000004,30.0,8,0,2,1,1,1,5
115212,2.0,15.0,1.0,5.0,2.0,1.0,0.4,0.30000000000000004,30.0,9,0,1,0,1,0,3
115212,2.0,15.0,1.0,5.0,2.0,1.0,0.4,0.30000000000000004,30.0,10,0,1,0,0,0,1