Exp Num,agent:svo_convergence_factor,agent:params:metabolism,agent:params:consumption_factor,agent:params:procreate_cost_factor,agent:params:procreate_req_factor,agent:params:start_energy_factor,agent:params:caught_chance,agent:params:caught_cooldown_factor,agent:params:maximum_age,Epoch,Resource,A,B,C,D,E
117357,2.0,15.0,1.0,9.0,1.0,3.0,0.5,0.2,30.0,0,3500.0,10,34,8,27,73
117357,2.0,15.0,1.0,9.0,1.0,3.0,0.5,0.2,30.0,1,2980.0,10,34,8,27,73
117357,2.0,15.0,1.0,9.0,1.0,3.0,0.5,0.2,30.0,2,2795.0,10,34,8,27,73
117357,2.0,15.0,1.0,9.0,1.0,3.0,0.5,0.2,30.0,3,2848.75,10,33,8,24,72
117357,2.0,15.0,1.0,9.0,1.0,3.0,0.5,0.2,30.0,4,2810.9375,6,27,7,24,61
117357,2.0,15.0,1.0,9.0,1.0,3.0,0.5,0.2,30.0,5,2778.671875,4,20,5,23,50
117357,2.0,15.0,1.0,9.0,1.0,3.0,0.5,0.2,30.0,6,2513.33984375,4,17,5,23,47
117357,2.0,15.0,1.0,9.0,1.0,3.0,0.5,0.2,30.0,7,2151.6748046875,3,16,5,23,45
117357,2.0,15.0,1.0,9.0,1.0,3.0,0.5,0.2,30.0,8,1864.593505859375,3,15,5,23,44
117357,2.0,15.0,1.0,9.0,1.0,3.0,0.5,0.2,30.0,9,1640.7418823242188,3,15,4,23,43
117357,2.0,15.0,1.0,9.0,1.0,3.0,0.5,0.2,30.0,10,1435.9273529052734,3,12,4,22,40
117357,2.0,15.0,1.0,9.0,1.0,3.0,0.5,0.2,30.0,11,1164.9091911315918,3,9,4,20,37
117357,2.0,15.0,1.0,9.0,1.0,3.0,0.5,0.2,30.0,12,766.1364889144897,1,8,4,20,34
117357,2.0,15.0,1.0,9.0,1.0,3.0,0.5,0.2,30.0,13,267.6706111431122,1,8,4,19,33
117357,2.0,15.0,1.0,9.0,1.0,3.0,0.5,0.2,30.0,14,0,1,7,1,13,24
117357,2.0,15.0,1.0,9.0,1.0,3.0,0.5,0.2,30.0,15,0,1,5,1,7,11
117357,2.0,15.0,1.0,9.0,1.0,3.0,0.5,0.2,30.0,16,0,1,2,0,4,5
117357,2.0,15.0,1.0,9.0,1.0,3.0,0.5,0.2,30.0,17,0,0,1,0,2,2
117357,2.0,15.0,1.0,9.0,1.0,3.0,0.5,0.2,30.0,18,0,0,0,0,1,1
117357,2.0,15.0,1.0,9.0,1.0,3.0,0.5,0.2,30.0,19,0,0,0,0,0,1