Exp Num,agent:svo_convergence_factor,agent:params:metabolism,agent:params:consumption_factor,agent:params:procreate_cost_factor,agent:params:procreate_req_factor,agent:params:start_energy_factor,agent:params:caught_chance,agent:params:caught_cooldown_factor,agent:params:maximum_age,Epoch,Resource,A,B,C,D,E
179052,3.0,10.0,4.0,9.0,1.0,2.0,0.30000000000000004,0.1,30.0,0,3480.0,25,26,12,22,78
179052,3.0,10.0,4.0,9.0,1.0,2.0,0.30000000000000004,0.1,30.0,1,2350.0,19,17,10,22,59
179052,3.0,10.0,4.0,9.0,1.0,2.0,0.30000000000000004,0.1,30.0,2,1737.5,19,18,10,19,60
179052,3.0,10.0,4.0,9.0,1.0,2.0,0.30000000000000004,0.1,30.0,3,1291.875,20,21,11,19,65
179052,3.0,10.0,4.0,9.0,1.0,2.0,0.30000000000000004,0.1,30.0,4,814.84375,20,24,13,19,70
179052,3.0,10.0,4.0,9.0,1.0,2.0,0.30000000000000004,0.1,30.0,5,0,21,23,14,15,70
179052,3.0,10.0,4.0,9.0,1.0,2.0,0.30000000000000004,0.1,30.0,6,0,21,21,12,13,65
179052,3.0,10.0,4.0,9.0,1.0,2.0,0.30000000000000004,0.1,30.0,7,0,19,22,12,12,63
179052,3.0,10.0,4.0,9.0,1.0,2.0,0.30000000000000004,0.1,30.0,8,0,18,20,9,12,56
179052,3.0,10.0,4.0,9.0,1.0,2.0,0.30000000000000004,0.1,30.0,9,0,12,18,7,6,42
179052,3.0,10.0,4.0,9.0,1.0,2.0,0.30000000000000004,0.1,30.0,10,0,8,16,6,5,32
179052,3.0,10.0,4.0,9.0,1.0,2.0,0.30000000000000004,0.1,30.0,11,0,6,14,6,2,26
179052,3.0,10.0,4.0,9.0,1.0,2.0,0.30000000000000004,0.1,30.0,12,0,5,14,4,1,23
179052,3.0,10.0,4.0,9.0,1.0,2.0,0.30000000000000004,0.1,30.0,13,0,4,12,4,0,20
179052,3.0,10.0,4.0,9.0,1.0,2.0,0.30000000000000004,0.1,30.0,14,0,2,11,4,0,17
179052,3.0,10.0,4.0,9.0,1.0,2.0,0.30000000000000004,0.1,30.0,15,0,2,10,1,0,13
179052,3.0,10.0,4.0,9.0,1.0,2.0,0.30000000000000004,0.1,30.0,16,0,2,7,0,0,9
179052,3.0,10.0,4.0,9.0,1.0,2.0,0.30000000000000004,0.1,30.0,17,0,2,5,0,0,7
179052,3.0,10.0,4.0,9.0,1.0,2.0,0.30000000000000004,0.1,30.0,18,0,2,5,0,0,7
179052,3.0,10.0,4.0,9.0,1.0,2.0,0.30000000000000004,0.1,30.0,19,0,2,3,0,0,5
179052,3.0,10.0,4.0,9.0,1.0,2.0,0.30000000000000004,0.1,30.0,20,0,1,2,0,0,3
179052,3.0,10.0,4.0,9.0,1.0,2.0,0.30000000000000004,0.1,30.0,21,0,1,1,0,0,2
179052,3.0,10.0,4.0,9.0,1.0,2.0,0.30000000000000004,0.1,30.0,22,0,0,1,0,0,1