Exp Num,agent:svo_convergence_factor,agent:params:metabolism,agent:params:consumption_factor,agent:params:procreate_cost_factor,agent:params:procreate_req_factor,agent:params:start_energy_factor,agent:params:caught_chance,agent:params:caught_cooldown_factor,agent:params:maximum_age,Epoch,Resource,A,B,C,D,E
182196,3.0,15.0,1.0,3.0,3.0,3.0,0.30000000000000004,0.5,20.0,0,3500.0,21,28,10,31,69
182196,3.0,15.0,1.0,3.0,3.0,3.0,0.30000000000000004,0.5,20.0,1,2935.0,21,28,10,31,69
182196,3.0,15.0,1.0,3.0,3.0,3.0,0.30000000000000004,0.5,20.0,2,2768.75,21,28,10,31,69
182196,3.0,15.0,1.0,3.0,3.0,3.0,0.30000000000000004,0.5,20.0,3,2695.9375,20,27,10,30,67
182196,3.0,15.0,1.0,3.0,3.0,3.0,0.30000000000000004,0.5,20.0,4,2724.921875,19,23,9,26,60
182196,3.0,15.0,1.0,3.0,3.0,3.0,0.30000000000000004,0.5,20.0,5,2641.15234375,17,16,9,25,51
182196,3.0,15.0,1.0,3.0,3.0,3.0,0.30000000000000004,0.5,20.0,6,2491.4404296875,15,15,9,22,48
182196,3.0,15.0,1.0,3.0,3.0,3.0,0.30000000000000004,0.5,20.0,7,2289.300537109375,12,13,9,22,43
182196,3.0,15.0,1.0,3.0,3.0,3.0,0.30000000000000004,0.5,20.0,8,2021.6256713867188,11,13,8,22,41
182196,3.0,15.0,1.0,3.0,3.0,3.0,0.30000000000000004,0.5,20.0,9,1702.0320892333984,10,11,8,22,38
182196,3.0,15.0,1.0,3.0,3.0,3.0,0.30000000000000004,0.5,20.0,10,1407.540111541748,9,11,8,22,37
182196,3.0,15.0,1.0,3.0,3.0,3.0,0.30000000000000004,0.5,20.0,11,1069.425139427185,8,11,8,22,36
182196,3.0,15.0,1.0,3.0,3.0,3.0,0.30000000000000004,0.5,20.0,12,646.7814242839813,7,10,8,22,34
182196,3.0,15.0,1.0,3.0,3.0,3.0,0.30000000000000004,0.5,20.0,13,103.47678035497665,7,10,8,22,34
182196,3.0,15.0,1.0,3.0,3.0,3.0,0.30000000000000004,0.5,20.0,14,0,5,5,4,14,20
182196,3.0,15.0,1.0,3.0,3.0,3.0,0.30000000000000004,0.5,20.0,15,0,3,2,1,9,8
182196,3.0,15.0,1.0,3.0,3.0,3.0,0.30000000000000004,0.5,20.0,16,0,1,1,1,4,4
182196,3.0,15.0,1.0,3.0,3.0,3.0,0.30000000000000004,0.5,20.0,17,0,1,1,0,1,3
182196,3.0,15.0,1.0,3.0,3.0,3.0,0.30000000000000004,0.5,20.0,18,0,1,1,0,0,2
182196,3.0,15.0,1.0,3.0,3.0,3.0,0.30000000000000004,0.5,20.0,19,0,1,0,0,0,1