Exp Num,agent:svo_convergence_factor,agent:params:metabolism,agent:params:consumption_factor,agent:params:procreate_cost_factor,agent:params:procreate_req_factor,agent:params:start_energy_factor,agent:params:caught_chance,agent:params:caught_cooldown_factor,agent:params:maximum_age,Epoch,Resource,A,B,C,D,E
178786,3.0,10.0,4.0,7.0,3.0,3.0,0.2,0.30000000000000004,20.0,0,3400.0,19,21,7,31,69
178786,3.0,10.0,4.0,7.0,3.0,3.0,0.2,0.30000000000000004,20.0,1,2930.0,19,21,7,31,69
178786,3.0,10.0,4.0,7.0,3.0,3.0,0.2,0.30000000000000004,20.0,2,1662.5,17,17,5,29,61
178786,3.0,10.0,4.0,7.0,3.0,3.0,0.2,0.30000000000000004,20.0,3,798.125,16,17,5,28,60
178786,3.0,10.0,4.0,7.0,3.0,3.0,0.2,0.30000000000000004,20.0,4,157.65625,16,17,5,28,60
178786,3.0,10.0,4.0,7.0,3.0,3.0,0.2,0.30000000000000004,20.0,5,0,17,17,5,28,61
178786,3.0,10.0,4.0,7.0,3.0,3.0,0.2,0.30000000000000004,20.0,6,0,14,14,4,23,41
178786,3.0,10.0,4.0,7.0,3.0,3.0,0.2,0.30000000000000004,20.0,7,0,12,14,3,18,35
178786,3.0,10.0,4.0,7.0,3.0,3.0,0.2,0.30000000000000004,20.0,8,0,12,14,3,17,35
178786,3.0,10.0,4.0,7.0,3.0,3.0,0.2,0.30000000000000004,20.0,9,0,12,14,3,17,34
178786,3.0,10.0,4.0,7.0,3.0,3.0,0.2,0.30000000000000004,20.0,10,0,10,13,3,11,30
178786,3.0,10.0,4.0,7.0,3.0,3.0,0.2,0.30000000000000004,20.0,11,0,7,12,2,7,25
178786,3.0,10.0,4.0,7.0,3.0,3.0,0.2,0.30000000000000004,20.0,12,0,6,12,2,5,21
178786,3.0,10.0,4.0,7.0,3.0,3.0,0.2,0.30000000000000004,20.0,13,0,6,12,1,5,19
178786,3.0,10.0,4.0,7.0,3.0,3.0,0.2,0.30000000000000004,20.0,14,0,5,11,1,3,17
178786,3.0,10.0,4.0,7.0,3.0,3.0,0.2,0.30000000000000004,20.0,15,0,5,10,1,3,16
178786,3.0,10.0,4.0,7.0,3.0,3.0,0.2,0.30000000000000004,20.0,16,0,5,7,1,2,13
178786,3.0,10.0,4.0,7.0,3.0,3.0,0.2,0.30000000000000004,20.0,17,0,5,7,1,1,13
178786,3.0,10.0,4.0,7.0,3.0,3.0,0.2,0.30000000000000004,20.0,18,0,5,6,1,1,12
178786,3.0,10.0,4.0,7.0,3.0,3.0,0.2,0.30000000000000004,20.0,19,0,5,5,0,1,10
178786,3.0,10.0,4.0,7.0,3.0,3.0,0.2,0.30000000000000004,20.0,20,0,4,5,0,0,9
178786,3.0,10.0,4.0,7.0,3.0,3.0,0.2,0.30000000000000004,20.0,21,0,2,4,0,0,6
178786,3.0,10.0,4.0,7.0,3.0,3.0,0.2,0.30000000000000004,20.0,22,0,2,4,0,0,6
178786,3.0,10.0,4.0,7.0,3.0,3.0,0.2,0.30000000000000004,20.0,23,0,0,3,0,0,3
178786,3.0,10.0,4.0,7.0,3.0,3.0,0.2,0.30000000000000004,20.0,24,0,0,1,0,0,1