Exp Num,agent:svo_convergence_factor,agent:params:metabolism,agent:params:consumption_factor,agent:params:procreate_cost_factor,agent:params:procreate_req_factor,agent:params:start_energy_factor,agent:params:caught_chance,agent:params:caught_cooldown_factor,agent:params:maximum_age,Epoch,Resource,A,B,C,D,E
129555,2.0,15.0,4.0,1.0,1.0,2.0,0.30000000000000004,0.2,10.0,0,3080.0,15,37,25,46,104
129555,2.0,15.0,4.0,1.0,1.0,2.0,0.30000000000000004,0.2,10.0,1,0,13,39,42,58,127
129555,2.0,15.0,4.0,1.0,1.0,2.0,0.30000000000000004,0.2,10.0,2,0,16,51,53,65,154
129555,2.0,15.0,4.0,1.0,1.0,2.0,0.30000000000000004,0.2,10.0,3,0,18,46,47,51,137
129555,2.0,15.0,4.0,1.0,1.0,2.0,0.30000000000000004,0.2,10.0,4,0,14,42,39,29,115
129555,2.0,15.0,4.0,1.0,1.0,2.0,0.30000000000000004,0.2,10.0,5,0,9,34,30,19,87
129555,2.0,15.0,4.0,1.0,1.0,2.0,0.30000000000000004,0.2,10.0,6,0,4,24,23,14,59
129555,2.0,15.0,4.0,1.0,1.0,2.0,0.30000000000000004,0.2,10.0,7,0,1,14,22,9,42
129555,2.0,15.0,4.0,1.0,1.0,2.0,0.30000000000000004,0.2,10.0,8,0,1,8,20,7,30
129555,2.0,15.0,4.0,1.0,1.0,2.0,0.30000000000000004,0.2,10.0,9,0,1,5,18,3,24
129555,2.0,15.0,4.0,1.0,1.0,2.0,0.30000000000000004,0.2,10.0,10,0,0,5,12,1,17
129555,2.0,15.0,4.0,1.0,1.0,2.0,0.30000000000000004,0.2,10.0,11,0,0,4,10,1,14
129555,2.0,15.0,4.0,1.0,1.0,2.0,0.30000000000000004,0.2,10.0,12,0,0,2,8,0,10
129555,2.0,15.0,4.0,1.0,1.0,2.0,0.30000000000000004,0.2,10.0,13,0,0,1,6,0,7
129555,2.0,15.0,4.0,1.0,1.0,2.0,0.30000000000000004,0.2,10.0,14,0,0,1,3,0,4
129555,2.0,15.0,4.0,1.0,1.0,2.0,0.30000000000000004,0.2,10.0,15,0,0,0,2,0,2
129555,2.0,15.0,4.0,1.0,1.0,2.0,0.30000000000000004,0.2,10.0,16,0,0,0,1,0,1