Exp Num,agent:svo_convergence_factor,agent:params:metabolism,agent:params:consumption_factor,agent:params:procreate_cost_factor,agent:params:procreate_req_factor,agent:params:start_energy_factor,agent:params:caught_chance,agent:params:caught_cooldown_factor,agent:params:maximum_age,Epoch,Resource,A,B,C,D,E
183575,3.0,15.0,1.0,7.0,1.0,2.0,0.4,0.1,10.0,0,3500.0,18,23,14,30,70
183575,3.0,15.0,1.0,7.0,1.0,2.0,0.4,0.1,10.0,1,2950.0,18,23,14,30,70
183575,3.0,15.0,1.0,7.0,1.0,2.0,0.4,0.1,10.0,2,2712.5,18,22,14,30,69
183575,3.0,15.0,1.0,7.0,1.0,2.0,0.4,0.1,10.0,3,2580.625,16,18,12,30,61
183575,3.0,15.0,1.0,7.0,1.0,2.0,0.4,0.1,10.0,4,2325.78125,15,14,10,28,54
183575,3.0,15.0,1.0,7.0,1.0,2.0,0.4,0.1,10.0,5,1977.2265625,9,13,10,28,47
183575,3.0,15.0,1.0,7.0,1.0,2.0,0.4,0.1,10.0,6,1511.533203125,9,12,10,27,46
183575,3.0,15.0,1.0,7.0,1.0,2.0,0.4,0.1,10.0,7,899.41650390625,9,11,10,27,45
183575,3.0,15.0,1.0,7.0,1.0,2.0,0.4,0.1,10.0,8,164.2706298828125,7,11,9,27,42
183575,3.0,15.0,1.0,7.0,1.0,2.0,0.4,0.1,10.0,9,0,4,7,6,13,28
183575,3.0,15.0,1.0,7.0,1.0,2.0,0.4,0.1,10.0,10,0,2,3,2,8,12
183575,3.0,15.0,1.0,7.0,1.0,2.0,0.4,0.1,10.0,11,0,0,1,2,5,5
183575,3.0,15.0,1.0,7.0,1.0,2.0,0.4,0.1,10.0,12,0,0,0,2,3,2
183575,3.0,15.0,1.0,7.0,1.0,2.0,0.4,0.1,10.0,13,0,0,0,2,0,2
183575,3.0,15.0,1.0,7.0,1.0,2.0,0.4,0.1,10.0,14,0,0,0,1,0,1