Exp Num,agent:svo_convergence_factor,agent:params:metabolism,agent:params:consumption_factor,agent:params:procreate_cost_factor,agent:params:procreate_req_factor,agent:params:start_energy_factor,agent:params:caught_chance,agent:params:caught_cooldown_factor,agent:params:maximum_age,Epoch,Resource,A,B,C,D,E
176211,3.0,10.0,4.0,3.0,2.0,3.0,0.4,0.30000000000000004,20.0,0,3800.0,24,43,5,24,91
176211,3.0,10.0,4.0,3.0,2.0,3.0,0.4,0.30000000000000004,20.0,1,3270.0,30,49,5,24,103
176211,3.0,10.0,4.0,3.0,2.0,3.0,0.4,0.30000000000000004,20.0,2,2127.5,32,38,6,21,95
176211,3.0,10.0,4.0,3.0,2.0,3.0,0.4,0.30000000000000004,20.0,3,1259.375,34,37,7,19,97
176211,3.0,10.0,4.0,3.0,2.0,3.0,0.4,0.30000000000000004,20.0,4,494.21875,36,37,9,20,101
176211,3.0,10.0,4.0,3.0,2.0,3.0,0.4,0.30000000000000004,20.0,5,0,37,37,10,21,103
176211,3.0,10.0,4.0,3.0,2.0,3.0,0.4,0.30000000000000004,20.0,6,0,36,34,10,15,92
176211,3.0,10.0,4.0,3.0,2.0,3.0,0.4,0.30000000000000004,20.0,7,0,33,28,9,9,76
176211,3.0,10.0,4.0,3.0,2.0,3.0,0.4,0.30000000000000004,20.0,8,0,27,24,7,7,63
176211,3.0,10.0,4.0,3.0,2.0,3.0,0.4,0.30000000000000004,20.0,9,0,25,15,7,6,49
176211,3.0,10.0,4.0,3.0,2.0,3.0,0.4,0.30000000000000004,20.0,10,0,17,11,6,3,35
176211,3.0,10.0,4.0,3.0,2.0,3.0,0.4,0.30000000000000004,20.0,11,0,12,6,3,3,22
176211,3.0,10.0,4.0,3.0,2.0,3.0,0.4,0.30000000000000004,20.0,12,0,7,4,1,2,12
176211,3.0,10.0,4.0,3.0,2.0,3.0,0.4,0.30000000000000004,20.0,13,0,5,3,0,1,8
176211,3.0,10.0,4.0,3.0,2.0,3.0,0.4,0.30000000000000004,20.0,14,0,3,2,0,0,5
176211,3.0,10.0,4.0,3.0,2.0,3.0,0.4,0.30000000000000004,20.0,15,0,2,1,0,0,3
176211,3.0,10.0,4.0,3.0,2.0,3.0,0.4,0.30000000000000004,20.0,16,100,1,1,0,0,2
176211,3.0,10.0,4.0,3.0,2.0,3.0,0.4,0.30000000000000004,20.0,17,125.0,0,1,0,0,1