Exp Num,agent:svo_convergence_factor,agent:params:metabolism,agent:params:consumption_factor,agent:params:procreate_cost_factor,agent:params:procreate_req_factor,agent:params:start_energy_factor,agent:params:caught_chance,agent:params:caught_cooldown_factor,agent:params:maximum_age,Epoch,Resource,A,B,C,D,E
183883,3.0,15.0,1.0,7.0,2.0,2.0,0.1,0.2,40.0,0,3500.0,13,32,12,24,76
183883,3.0,15.0,1.0,7.0,2.0,2.0,0.1,0.2,40.0,1,2950.0,13,32,12,24,76
183883,3.0,15.0,1.0,7.0,2.0,2.0,0.1,0.2,40.0,2,2547.5,13,32,12,24,76
183883,3.0,15.0,1.0,7.0,2.0,2.0,0.1,0.2,40.0,3,2224.375,13,31,11,23,74
183883,3.0,15.0,1.0,7.0,2.0,2.0,0.1,0.2,40.0,4,1625.46875,12,31,11,23,73
183883,3.0,15.0,1.0,7.0,2.0,2.0,0.1,0.2,40.0,5,801.8359375,11,31,11,23,72
183883,3.0,15.0,1.0,7.0,2.0,2.0,0.1,0.2,40.0,6,0,9,29,7,20,62
183883,3.0,15.0,1.0,7.0,2.0,2.0,0.1,0.2,40.0,7,0,8,16,2,10,33
183883,3.0,15.0,1.0,7.0,2.0,2.0,0.1,0.2,40.0,8,0,5,8,1,4,18
183883,3.0,15.0,1.0,7.0,2.0,2.0,0.1,0.2,40.0,9,0,4,4,1,1,10
183883,3.0,15.0,1.0,7.0,2.0,2.0,0.1,0.2,40.0,10,0,1,3,1,0,6
183883,3.0,15.0,1.0,7.0,2.0,2.0,0.1,0.2,40.0,11,0,0,2,1,0,3
183883,3.0,15.0,1.0,7.0,2.0,2.0,0.1,0.2,40.0,12,0,0,1,0,0,1