Exp Num,agent:svo_convergence_factor,agent:params:metabolism,agent:params:consumption_factor,agent:params:procreate_cost_factor,agent:params:procreate_req_factor,agent:params:start_energy_factor,agent:params:caught_chance,agent:params:caught_cooldown_factor,agent:params:maximum_age,Epoch,Resource,A,B,C,D,E
194410,3.0,15.0,3.0,5.0,3.0,2.0,0.2,0.30000000000000004,10.0,0,3335.0,16,30,14,21,79
194410,3.0,15.0,3.0,5.0,3.0,2.0,0.2,0.30000000000000004,10.0,1,1108.75,14,24,13,21,70
194410,3.0,15.0,3.0,5.0,3.0,2.0,0.2,0.30000000000000004,10.0,2,0,14,24,13,20,70
194410,3.0,15.0,3.0,5.0,3.0,2.0,0.2,0.30000000000000004,10.0,3,0,14,24,13,20,70
194410,3.0,15.0,3.0,5.0,3.0,2.0,0.2,0.30000000000000004,10.0,4,0,12,18,7,14,42
194410,3.0,15.0,3.0,5.0,3.0,2.0,0.2,0.30000000000000004,10.0,5,0,10,16,7,10,34
194410,3.0,15.0,3.0,5.0,3.0,2.0,0.2,0.30000000000000004,10.0,6,0,10,15,7,6,33
194410,3.0,15.0,3.0,5.0,3.0,2.0,0.2,0.30000000000000004,10.0,7,0,9,12,4,3,26
194410,3.0,15.0,3.0,5.0,3.0,2.0,0.2,0.30000000000000004,10.0,8,0,7,10,2,1,19
194410,3.0,15.0,3.0,5.0,3.0,2.0,0.2,0.30000000000000004,10.0,9,0,7,6,2,0,15
194410,3.0,15.0,3.0,5.0,3.0,2.0,0.2,0.30000000000000004,10.0,10,0,3,5,1,0,9
194410,3.0,15.0,3.0,5.0,3.0,2.0,0.2,0.30000000000000004,10.0,11,0,0,5,0,0,5
194410,3.0,15.0,3.0,5.0,3.0,2.0,0.2,0.30000000000000004,10.0,12,0,0,3,0,0,3
194410,3.0,15.0,3.0,5.0,3.0,2.0,0.2,0.30000000000000004,10.0,13,55.0,0,3,0,0,3
194410,3.0,15.0,3.0,5.0,3.0,2.0,0.2,0.30000000000000004,10.0,14,68.75,0,2,0,0,2
194410,3.0,15.0,3.0,5.0,3.0,2.0,0.2,0.30000000000000004,10.0,15,0,0,1,0,0,1