Exp Num,agent:svo_convergence_factor,agent:params:metabolism,agent:params:consumption_factor,agent:params:procreate_cost_factor,agent:params:procreate_req_factor,agent:params:start_energy_factor,agent:params:caught_chance,agent:params:caught_cooldown_factor,agent:params:maximum_age,Epoch,Resource,A,B,C,D,E
118387,2.0,15.0,2.0,1.0,1.0,3.0,0.1,0.30000000000000004,30.0,0,3650.0,15,42,26,46,104
118387,2.0,15.0,2.0,1.0,1.0,3.0,0.1,0.30000000000000004,30.0,1,1442.5,17,63,47,65,154
118387,2.0,15.0,2.0,1.0,1.0,3.0,0.1,0.30000000000000004,30.0,2,0,16,69,64,70,173
118387,2.0,15.0,2.0,1.0,1.0,3.0,0.1,0.30000000000000004,30.0,3,0,14,61,56,50,145
118387,2.0,15.0,2.0,1.0,1.0,3.0,0.1,0.30000000000000004,30.0,4,0,6,53,48,35,113
118387,2.0,15.0,2.0,1.0,1.0,3.0,0.1,0.30000000000000004,30.0,5,0,5,36,33,26,80
118387,2.0,15.0,2.0,1.0,1.0,3.0,0.1,0.30000000000000004,30.0,6,0,2,24,27,19,58
118387,2.0,15.0,2.0,1.0,1.0,3.0,0.1,0.30000000000000004,30.0,7,0,1,15,28,14,46
118387,2.0,15.0,2.0,1.0,1.0,3.0,0.1,0.30000000000000004,30.0,8,0,0,7,25,9,35
118387,2.0,15.0,2.0,1.0,1.0,3.0,0.1,0.30000000000000004,30.0,9,0,0,6,18,4,26
118387,2.0,15.0,2.0,1.0,1.0,3.0,0.1,0.30000000000000004,30.0,10,0,0,3,13,3,16
118387,2.0,15.0,2.0,1.0,1.0,3.0,0.1,0.30000000000000004,30.0,11,0,0,3,5,2,8
118387,2.0,15.0,2.0,1.0,1.0,3.0,0.1,0.30000000000000004,30.0,12,0,0,2,2,1,4
118387,2.0,15.0,2.0,1.0,1.0,3.0,0.1,0.30000000000000004,30.0,13,0,0,1,3,2,4
118387,2.0,15.0,2.0,1.0,1.0,3.0,0.1,0.30000000000000004,30.0,14,0,0,1,1,2,3
118387,2.0,15.0,2.0,1.0,1.0,3.0,0.1,0.30000000000000004,30.0,15,0,0,1,0,1,2
118387,2.0,15.0,2.0,1.0,1.0,3.0,0.1,0.30000000000000004,30.0,16,0,0,0,0,1,0