Exp Num,agent:svo_convergence_factor,agent:params:metabolism,agent:params:consumption_factor,agent:params:procreate_cost_factor,agent:params:procreate_req_factor,agent:params:start_energy_factor,agent:params:caught_chance,agent:params:caught_cooldown_factor,agent:params:maximum_age,Epoch,Resource,A,B,C,D,E
112831,2.0,15.0,1.0,1.0,1.0,3.0,0.4,0.2,20.0,0,3500.0,24,47,23,39,111
112831,2.0,15.0,1.0,1.0,1.0,3.0,0.4,0.2,20.0,1,3565.0,32,74,40,57,168
112831,2.0,15.0,1.0,1.0,1.0,3.0,0.4,0.2,20.0,2,2806.25,33,72,48,40,166
112831,2.0,15.0,1.0,1.0,1.0,3.0,0.4,0.2,20.0,3,2127.8125,23,63,48,33,140
112831,2.0,15.0,1.0,1.0,1.0,3.0,0.4,0.2,20.0,4,1444.765625,17,59,39,20,119
112831,2.0,15.0,1.0,1.0,1.0,3.0,0.4,0.2,20.0,5,725.95703125,13,57,36,14,107
112831,2.0,15.0,1.0,1.0,1.0,3.0,0.4,0.2,20.0,6,97.4462890625,9,54,25,10,89
112831,2.0,15.0,1.0,1.0,1.0,3.0,0.4,0.2,20.0,7,0,6,40,19,4,66
112831,2.0,15.0,1.0,1.0,1.0,3.0,0.4,0.2,20.0,8,0,2,27,15,3,44
112831,2.0,15.0,1.0,1.0,1.0,3.0,0.4,0.2,20.0,9,0,1,21,8,2,30
112831,2.0,15.0,1.0,1.0,1.0,3.0,0.4,0.2,20.0,10,0,1,13,4,0,18
112831,2.0,15.0,1.0,1.0,1.0,3.0,0.4,0.2,20.0,11,0,0,9,4,0,13
112831,2.0,15.0,1.0,1.0,1.0,3.0,0.4,0.2,20.0,12,0,0,6,3,0,9
112831,2.0,15.0,1.0,1.0,1.0,3.0,0.4,0.2,20.0,13,0,0,3,2,0,5
112831,2.0,15.0,1.0,1.0,1.0,3.0,0.4,0.2,20.0,14,0,0,0,2,0,2
112831,2.0,15.0,1.0,1.0,1.0,3.0,0.4,0.2,20.0,15,0,0,0,1,0,1