Exp Num,agent:svo_convergence_factor,agent:params:metabolism,agent:params:consumption_factor,agent:params:procreate_cost_factor,agent:params:procreate_req_factor,agent:params:start_energy_factor,agent:params:caught_chance,agent:params:caught_cooldown_factor,agent:params:maximum_age,Epoch,Resource,A,B,C,D,E
166154,3.0,10.0,2.0,5.0,3.0,1.0,0.2,0.1,50.0,0,3000.0,16,35,9,23,77
166154,3.0,10.0,2.0,5.0,3.0,1.0,0.2,0.1,50.0,1,2830.0,16,35,9,23,77
166154,3.0,10.0,2.0,5.0,3.0,1.0,0.2,0.1,50.0,2,2157.5,14,32,8,23,71
166154,3.0,10.0,2.0,5.0,3.0,1.0,0.2,0.1,50.0,3,2036.875,14,32,8,22,71
166154,3.0,10.0,2.0,5.0,3.0,1.0,0.2,0.1,50.0,4,1406.09375,14,28,6,21,64
166154,3.0,10.0,2.0,5.0,3.0,1.0,0.2,0.1,50.0,5,1137.6171875,14,28,6,21,64
166154,3.0,10.0,2.0,5.0,3.0,1.0,0.2,0.1,50.0,6,402.021484375,11,26,6,20,59
166154,3.0,10.0,2.0,5.0,3.0,1.0,0.2,0.1,50.0,7,0,11,26,6,18,58
166154,3.0,10.0,2.0,5.0,3.0,1.0,0.2,0.1,50.0,8,0,10,21,4,12,43
166154,3.0,10.0,2.0,5.0,3.0,1.0,0.2,0.1,50.0,9,0,10,17,1,7,32
166154,3.0,10.0,2.0,5.0,3.0,1.0,0.2,0.1,50.0,10,0,9,14,1,5,24
166154,3.0,10.0,2.0,5.0,3.0,1.0,0.2,0.1,50.0,11,0,9,10,1,4,20
166154,3.0,10.0,2.0,5.0,3.0,1.0,0.2,0.1,50.0,12,0,7,7,1,1,15
166154,3.0,10.0,2.0,5.0,3.0,1.0,0.2,0.1,50.0,13,0,6,6,1,0,13
166154,3.0,10.0,2.0,5.0,3.0,1.0,0.2,0.1,50.0,14,0,5,4,1,0,10
166154,3.0,10.0,2.0,5.0,3.0,1.0,0.2,0.1,50.0,15,0,3,3,1,0,7
166154,3.0,10.0,2.0,5.0,3.0,1.0,0.2,0.1,50.0,16,0,3,3,0,0,6
166154,3.0,10.0,2.0,5.0,3.0,1.0,0.2,0.1,50.0,17,0,2,3,0,0,5
166154,3.0,10.0,2.0,5.0,3.0,1.0,0.2,0.1,50.0,18,80.0,2,1,0,0,3
166154,3.0,10.0,2.0,5.0,3.0,1.0,0.2,0.1,50.0,19,60.0,2,1,0,0,3
166154,3.0,10.0,2.0,5.0,3.0,1.0,0.2,0.1,50.0,20,35.0,2,1,0,0,3
166154,3.0,10.0,2.0,5.0,3.0,1.0,0.2,0.1,50.0,21,23.75,1,1,0,0,2
166154,3.0,10.0,2.0,5.0,3.0,1.0,0.2,0.1,50.0,22,9.6875,1,1,0,0,2
166154,3.0,10.0,2.0,5.0,3.0,1.0,0.2,0.1,50.0,23,0,1,0,0,0,1