Exp Num,agent:svo_convergence_factor,agent:params:metabolism,agent:params:consumption_factor,agent:params:procreate_cost_factor,agent:params:procreate_req_factor,agent:params:start_energy_factor,agent:params:caught_chance,agent:params:caught_cooldown_factor,agent:params:maximum_age,Epoch,Resource,A,B,C,D,E
171924,3.0,10.0,3.0,5.0,3.0,2.0,0.2,0.5,50.0,0,3650.0,11,30,14,24,76
171924,3.0,10.0,3.0,5.0,3.0,2.0,0.2,0.5,50.0,1,2432.5,10,26,13,24,70
171924,3.0,10.0,3.0,5.0,3.0,2.0,0.2,0.5,50.0,2,2290.625,10,26,13,24,70
171924,3.0,10.0,3.0,5.0,3.0,2.0,0.2,0.5,50.0,3,1993.28125,10,26,13,24,70
171924,3.0,10.0,3.0,5.0,3.0,2.0,0.2,0.5,50.0,4,1351.6015625,7,22,11,20,60
171924,3.0,10.0,3.0,5.0,3.0,2.0,0.2,0.5,50.0,5,1029.501953125,7,21,11,20,59
171924,3.0,10.0,3.0,5.0,3.0,2.0,0.2,0.5,50.0,6,596.87744140625,7,21,11,20,59
171924,3.0,10.0,3.0,5.0,3.0,2.0,0.2,0.5,50.0,7,0,5,18,9,18,51
171924,3.0,10.0,3.0,5.0,3.0,2.0,0.2,0.5,50.0,8,0,4,15,9,13,42
171924,3.0,10.0,3.0,5.0,3.0,2.0,0.2,0.5,50.0,9,0,4,15,9,13,41
171924,3.0,10.0,3.0,5.0,3.0,2.0,0.2,0.5,50.0,10,0,4,14,8,8,33
171924,3.0,10.0,3.0,5.0,3.0,2.0,0.2,0.5,50.0,11,0,4,14,8,6,28
171924,3.0,10.0,3.0,5.0,3.0,2.0,0.2,0.5,50.0,12,0,4,13,8,4,25
171924,3.0,10.0,3.0,5.0,3.0,2.0,0.2,0.5,50.0,13,0,3,12,8,3,23
171924,3.0,10.0,3.0,5.0,3.0,2.0,0.2,0.5,50.0,14,0,3,12,6,3,21
171924,3.0,10.0,3.0,5.0,3.0,2.0,0.2,0.5,50.0,15,0,3,11,4,1,18
171924,3.0,10.0,3.0,5.0,3.0,2.0,0.2,0.5,50.0,16,0,2,9,2,1,13
171924,3.0,10.0,3.0,5.0,3.0,2.0,0.2,0.5,50.0,17,0,2,7,2,0,11
171924,3.0,10.0,3.0,5.0,3.0,2.0,0.2,0.5,50.0,18,70.0,2,5,1,0,8
171924,3.0,10.0,3.0,5.0,3.0,2.0,0.2,0.5,50.0,19,57.5,2,4,0,0,6
171924,3.0,10.0,3.0,5.0,3.0,2.0,0.2,0.5,50.0,20,41.875,1,4,0,0,5
171924,3.0,10.0,3.0,5.0,3.0,2.0,0.2,0.5,50.0,21,22.34375,1,3,0,0,4
171924,3.0,10.0,3.0,5.0,3.0,2.0,0.2,0.5,50.0,22,0,1,3,0,0,4
171924,3.0,10.0,3.0,5.0,3.0,2.0,0.2,0.5,50.0,23,0,1,2,0,0,3
171924,3.0,10.0,3.0,5.0,3.0,2.0,0.2,0.5,50.0,24,0,1,2,0,0,3
171924,3.0,10.0,3.0,5.0,3.0,2.0,0.2,0.5,50.0,25,0,1,2,0,0,3
171924,3.0,10.0,3.0,5.0,3.0,2.0,0.2,0.5,50.0,26,0,1,2,0,0,3
171924,3.0,10.0,3.0,5.0,3.0,2.0,0.2,0.5,50.0,27,0,0,2,0,0,2
171924,3.0,10.0,3.0,5.0,3.0,2.0,0.2,0.5,50.0,28,0,0,2,0,0,2
171924,3.0,10.0,3.0,5.0,3.0,2.0,0.2,0.5,50.0,29,0,0,1,0,0,1