Exp Num,agent:svo_convergence_factor,agent:params:metabolism,agent:params:consumption_factor,agent:params:procreate_cost_factor,agent:params:procreate_req_factor,agent:params:start_energy_factor,agent:params:caught_chance,agent:params:caught_cooldown_factor,agent:params:maximum_age,Epoch,Resource,A,B,C,D,E
175261,3.0,10.0,4.0,1.0,3.0,2.0,0.1,0.30000000000000004,20.0,0,3240.0,27,37,9,33,89
175261,3.0,10.0,4.0,1.0,3.0,2.0,0.1,0.30000000000000004,20.0,1,570.0,37,48,21,44,125
175261,3.0,10.0,4.0,1.0,3.0,2.0,0.1,0.30000000000000004,20.0,2,0,42,59,24,43,142
175261,3.0,10.0,4.0,1.0,3.0,2.0,0.1,0.30000000000000004,20.0,3,0,35,55,15,34,121
175261,3.0,10.0,4.0,1.0,3.0,2.0,0.1,0.30000000000000004,20.0,4,0,25,44,10,21,86
175261,3.0,10.0,4.0,1.0,3.0,2.0,0.1,0.30000000000000004,20.0,5,0,14,30,6,15,54
175261,3.0,10.0,4.0,1.0,3.0,2.0,0.1,0.30000000000000004,20.0,6,0,8,17,4,8,33
175261,3.0,10.0,4.0,1.0,3.0,2.0,0.1,0.30000000000000004,20.0,7,0,3,10,3,5,19
175261,3.0,10.0,4.0,1.0,3.0,2.0,0.1,0.30000000000000004,20.0,8,0,2,5,2,5,9
175261,3.0,10.0,4.0,1.0,3.0,2.0,0.1,0.30000000000000004,20.0,9,0,2,2,2,2,6
175261,3.0,10.0,4.0,1.0,3.0,2.0,0.1,0.30000000000000004,20.0,10,0,1,1,1,2,3
175261,3.0,10.0,4.0,1.0,3.0,2.0,0.1,0.30000000000000004,20.0,11,0,0,1,0,2,1
175261,3.0,10.0,4.0,1.0,3.0,2.0,0.1,0.30000000000000004,20.0,12,0,0,1,0,1,1
175261,3.0,10.0,4.0,1.0,3.0,2.0,0.1,0.30000000000000004,20.0,13,20.0,0,1,0,2,1
175261,3.0,10.0,4.0,1.0,3.0,2.0,0.1,0.30000000000000004,20.0,14,0,0,1,0,2,1
175261,3.0,10.0,4.0,1.0,3.0,2.0,0.1,0.30000000000000004,20.0,15,0,0,1,0,1,1
175261,3.0,10.0,4.0,1.0,3.0,2.0,0.1,0.30000000000000004,20.0,16,0,0,1,0,0,1