Exp Num,agent:svo_convergence_factor,agent:params:metabolism,agent:params:consumption_factor,agent:params:procreate_cost_factor,agent:params:procreate_req_factor,agent:params:start_energy_factor,agent:params:caught_chance,agent:params:caught_cooldown_factor,agent:params:maximum_age,Epoch,Resource,A,B,C,D,E
185202,3.0,15.0,1.0,9.0,2.0,3.0,0.4,0.1,30.0,0,3500.0,15,34,8,28,72
185202,3.0,15.0,1.0,9.0,2.0,3.0,0.4,0.1,30.0,1,2980.0,15,34,8,28,72
185202,3.0,15.0,1.0,9.0,2.0,3.0,0.4,0.1,30.0,2,2765.0,15,34,8,28,72
185202,3.0,15.0,1.0,9.0,2.0,3.0,0.4,0.1,30.0,3,2766.25,14,34,6,27,69
185202,3.0,15.0,1.0,9.0,2.0,3.0,0.4,0.1,30.0,4,2722.8125,13,27,6,24,61
185202,3.0,15.0,1.0,9.0,2.0,3.0,0.4,0.1,30.0,5,2548.515625,13,19,6,23,53
185202,3.0,15.0,1.0,9.0,2.0,3.0,0.4,0.1,30.0,6,2315.64453125,12,16,5,23,48
185202,3.0,15.0,1.0,9.0,2.0,3.0,0.4,0.1,30.0,7,2024.5556640625,11,14,5,23,45
185202,3.0,15.0,1.0,9.0,2.0,3.0,0.4,0.1,30.0,8,1735.694580078125,11,13,5,23,44
185202,3.0,15.0,1.0,9.0,2.0,3.0,0.4,0.1,30.0,9,1524.6182250976562,8,12,5,23,40
185202,3.0,15.0,1.0,9.0,2.0,3.0,0.4,0.1,30.0,10,1335.7727813720703,7,12,5,21,39
185202,3.0,15.0,1.0,9.0,2.0,3.0,0.4,0.1,30.0,11,1009.7159767150879,4,12,5,20,36
185202,3.0,15.0,1.0,9.0,2.0,3.0,0.4,0.1,30.0,12,602.1449708938599,3,10,5,18,33
185202,3.0,15.0,1.0,9.0,2.0,3.0,0.4,0.1,30.0,13,32.68121361732483,3,9,5,18,32
185202,3.0,15.0,1.0,9.0,2.0,3.0,0.4,0.1,30.0,14,0,1,6,5,9,17
185202,3.0,15.0,1.0,9.0,2.0,3.0,0.4,0.1,30.0,15,0,1,4,3,3,10
185202,3.0,15.0,1.0,9.0,2.0,3.0,0.4,0.1,30.0,16,0,1,4,1,0,7
185202,3.0,15.0,1.0,9.0,2.0,3.0,0.4,0.1,30.0,17,0,0,2,1,0,3
185202,3.0,15.0,1.0,9.0,2.0,3.0,0.4,0.1,30.0,18,0,0,1,0,0,1