Exp Num,agent:svo_convergence_factor,agent:params:metabolism,agent:params:consumption_factor,agent:params:procreate_cost_factor,agent:params:procreate_req_factor,agent:params:start_energy_factor,agent:params:caught_chance,agent:params:caught_cooldown_factor,agent:params:maximum_age,Epoch,Resource,A,B,C,D,E
119315,2.0,15.0,2.0,3.0,1.0,1.0,0.30000000000000004,0.4,10.0,0,2000.0,27,24,8,26,74
119315,2.0,15.0,2.0,3.0,1.0,1.0,0.30000000000000004,0.4,10.0,1,1270.0,34,34,10,27,93
119315,2.0,15.0,2.0,3.0,1.0,1.0,0.30000000000000004,0.4,10.0,2,0,25,31,10,20,78
119315,2.0,15.0,2.0,3.0,1.0,1.0,0.30000000000000004,0.4,10.0,3,0,15,21,9,15,54
119315,2.0,15.0,2.0,3.0,1.0,1.0,0.30000000000000004,0.4,10.0,4,0,13,19,7,7,45
119315,2.0,15.0,2.0,3.0,1.0,1.0,0.30000000000000004,0.4,10.0,5,0,10,14,5,5,31
119315,2.0,15.0,2.0,3.0,1.0,1.0,0.30000000000000004,0.4,10.0,6,0,8,8,3,4,21
119315,2.0,15.0,2.0,3.0,1.0,1.0,0.30000000000000004,0.4,10.0,7,0,6,8,3,2,17
119315,2.0,15.0,2.0,3.0,1.0,1.0,0.30000000000000004,0.4,10.0,8,0,3,5,3,0,11
119315,2.0,15.0,2.0,3.0,1.0,1.0,0.30000000000000004,0.4,10.0,9,0,1,4,1,0,6
119315,2.0,15.0,2.0,3.0,1.0,1.0,0.30000000000000004,0.4,10.0,10,0,1,2,0,0,3
119315,2.0,15.0,2.0,3.0,1.0,1.0,0.30000000000000004,0.4,10.0,11,0,1,2,0,0,3
119315,2.0,15.0,2.0,3.0,1.0,1.0,0.30000000000000004,0.4,10.0,12,0,1,1,0,0,2
119315,2.0,15.0,2.0,3.0,1.0,1.0,0.30000000000000004,0.4,10.0,13,40.0,1,1,0,0,2
119315,2.0,15.0,2.0,3.0,1.0,1.0,0.30000000000000004,0.4,10.0,14,0,1,1,0,0,2
119315,2.0,15.0,2.0,3.0,1.0,1.0,0.30000000000000004,0.4,10.0,15,0,0,1,0,0,1