Exp Num,agent:svo_convergence_factor,agent:params:metabolism,agent:params:consumption_factor,agent:params:procreate_cost_factor,agent:params:procreate_req_factor,agent:params:start_energy_factor,agent:params:caught_chance,agent:params:caught_cooldown_factor,agent:params:maximum_age,Epoch,Resource,A,B,C,D,E
166397,3.0,10.0,2.0,5.0,3.0,3.0,0.1,0.5,30.0,0,3500.0,14,28,13,32,68
166397,3.0,10.0,2.0,5.0,3.0,3.0,0.1,0.5,30.0,1,3355.0,14,28,13,32,68
166397,3.0,10.0,2.0,5.0,3.0,3.0,0.1,0.5,30.0,2,2953.75,14,28,13,32,68
166397,3.0,10.0,2.0,5.0,3.0,3.0,0.1,0.5,30.0,3,2912.1875,14,28,13,32,68
166397,3.0,10.0,2.0,5.0,3.0,3.0,0.1,0.5,30.0,4,2460.234375,14,28,11,30,66
166397,3.0,10.0,2.0,5.0,3.0,3.0,0.1,0.5,30.0,5,2235.29296875,14,28,11,30,66
166397,3.0,10.0,2.0,5.0,3.0,3.0,0.1,0.5,30.0,6,1814.1162109375,13,27,10,28,62
166397,3.0,10.0,2.0,5.0,3.0,3.0,0.1,0.5,30.0,7,1707.645263671875,13,27,9,27,61
166397,3.0,10.0,2.0,5.0,3.0,3.0,0.1,0.5,30.0,8,1314.5565795898438,10,24,9,26,54
166397,3.0,10.0,2.0,5.0,3.0,3.0,0.1,0.5,30.0,9,1103.1957244873047,10,24,9,26,54
166397,3.0,10.0,2.0,5.0,3.0,3.0,0.1,0.5,30.0,10,498.99465560913086,9,21,9,26,50
166397,3.0,10.0,2.0,5.0,3.0,3.0,0.1,0.5,30.0,11,163.74331951141357,9,20,9,26,49
166397,3.0,10.0,2.0,5.0,3.0,3.0,0.1,0.5,30.0,12,0,8,18,9,18,40
166397,3.0,10.0,2.0,5.0,3.0,3.0,0.1,0.5,30.0,13,0,7,18,8,13,35
166397,3.0,10.0,2.0,5.0,3.0,3.0,0.1,0.5,30.0,14,0,7,17,5,6,31
166397,3.0,10.0,2.0,5.0,3.0,3.0,0.1,0.5,30.0,15,0,7,16,3,3,26
166397,3.0,10.0,2.0,5.0,3.0,3.0,0.1,0.5,30.0,16,0,6,16,2,2,24
166397,3.0,10.0,2.0,5.0,3.0,3.0,0.1,0.5,30.0,17,0,6,14,2,2,22
166397,3.0,10.0,2.0,5.0,3.0,3.0,0.1,0.5,30.0,18,0,5,13,1,0,19
166397,3.0,10.0,2.0,5.0,3.0,3.0,0.1,0.5,30.0,19,0,5,12,0,0,17
166397,3.0,10.0,2.0,5.0,3.0,3.0,0.1,0.5,30.0,20,0,5,9,0,0,14
166397,3.0,10.0,2.0,5.0,3.0,3.0,0.1,0.5,30.0,21,0,5,5,0,0,10
166397,3.0,10.0,2.0,5.0,3.0,3.0,0.1,0.5,30.0,22,0,4,5,0,0,9
166397,3.0,10.0,2.0,5.0,3.0,3.0,0.1,0.5,30.0,23,100,3,4,0,0,7
166397,3.0,10.0,2.0,5.0,3.0,3.0,0.1,0.5,30.0,24,125.0,3,3,0,0,6
166397,3.0,10.0,2.0,5.0,3.0,3.0,0.1,0.5,30.0,25,156.25,2,2,0,0,4
166397,3.0,10.0,2.0,5.0,3.0,3.0,0.1,0.5,30.0,26,195.3125,1,1,0,0,2
166397,3.0,10.0,2.0,5.0,3.0,3.0,0.1,0.5,30.0,27,244.140625,1,0,0,0,1