Exp Num,agent:svo_convergence_factor,agent:params:metabolism,agent:params:consumption_factor,agent:params:procreate_cost_factor,agent:params:procreate_req_factor,agent:params:start_energy_factor,agent:params:caught_chance,agent:params:caught_cooldown_factor,agent:params:maximum_age,Epoch,Resource,A,B,C,D,E
17323,1.0,5.0,4.0,1.0,2.0,1.0,0.30000000000000004,0.5,40.0,0,3000.0,24,42,28,39,111
17323,1.0,5.0,4.0,1.0,2.0,1.0,0.30000000000000004,0.5,40.0,1,2590.0,34,57,49,49,160
17323,1.0,5.0,4.0,1.0,2.0,1.0,0.30000000000000004,0.5,40.0,2,1117.5,37,69,72,57,199
17323,1.0,5.0,4.0,1.0,2.0,1.0,0.30000000000000004,0.5,40.0,3,0,41,92,103,65,257
17323,1.0,5.0,4.0,1.0,2.0,1.0,0.30000000000000004,0.5,40.0,4,0,40,91,91,46,235
17323,1.0,5.0,4.0,1.0,2.0,1.0,0.30000000000000004,0.5,40.0,5,0,31,62,63,29,163
17323,1.0,5.0,4.0,1.0,2.0,1.0,0.30000000000000004,0.5,40.0,6,0,20,49,42,14,115
17323,1.0,5.0,4.0,1.0,2.0,1.0,0.30000000000000004,0.5,40.0,7,0,13,28,29,8,72
17323,1.0,5.0,4.0,1.0,2.0,1.0,0.30000000000000004,0.5,40.0,8,0,10,19,17,5,48
17323,1.0,5.0,4.0,1.0,2.0,1.0,0.30000000000000004,0.5,40.0,9,0,9,14,8,1,32
17323,1.0,5.0,4.0,1.0,2.0,1.0,0.30000000000000004,0.5,40.0,10,0,5,11,4,0,20
17323,1.0,5.0,4.0,1.0,2.0,1.0,0.30000000000000004,0.5,40.0,11,0,2,8,2,0,12
17323,1.0,5.0,4.0,1.0,2.0,1.0,0.30000000000000004,0.5,40.0,12,0,1,4,2,0,7
17323,1.0,5.0,4.0,1.0,2.0,1.0,0.30000000000000004,0.5,40.0,13,0,1,3,1,0,5
17323,1.0,5.0,4.0,1.0,2.0,1.0,0.30000000000000004,0.5,40.0,14,40.0,0,4,1,0,5
17323,1.0,5.0,4.0,1.0,2.0,1.0,0.30000000000000004,0.5,40.0,15,30.0,0,5,2,0,7
17323,1.0,5.0,4.0,1.0,2.0,1.0,0.30000000000000004,0.5,40.0,16,0,0,4,1,0,5
17323,1.0,5.0,4.0,1.0,2.0,1.0,0.30000000000000004,0.5,40.0,17,0,0,3,1,0,4
17323,1.0,5.0,4.0,1.0,2.0,1.0,0.30000000000000004,0.5,40.0,18,0,0,2,1,0,3
17323,1.0,5.0,4.0,1.0,2.0,1.0,0.30000000000000004,0.5,40.0,19,0,0,1,0,0,1