Exp Num,agent:svo_convergence_factor,agent:params:metabolism,agent:params:consumption_factor,agent:params:procreate_cost_factor,agent:params:procreate_req_factor,agent:params:start_energy_factor,agent:params:caught_chance,agent:params:caught_cooldown_factor,agent:params:maximum_age,Epoch,Resource,A,B,C,D,E
134598,2.0,15.0,4.0,9.0,2.0,3.0,0.4,0.5,40.0,0,2840.0,23,28,6,26,74
134598,2.0,15.0,4.0,9.0,2.0,3.0,0.4,0.5,40.0,1,2470.0,23,28,6,26,74
134598,2.0,15.0,4.0,9.0,2.0,3.0,0.4,0.5,40.0,2,1287.5,18,19,6,21,57
134598,2.0,15.0,4.0,9.0,2.0,3.0,0.4,0.5,40.0,3,829.375,17,17,5,21,53
134598,2.0,15.0,4.0,9.0,2.0,3.0,0.4,0.5,40.0,4,256.71875,17,17,5,21,53
134598,2.0,15.0,4.0,9.0,2.0,3.0,0.4,0.5,40.0,5,0,17,17,5,21,53
134598,2.0,15.0,4.0,9.0,2.0,3.0,0.4,0.5,40.0,6,0,12,13,4,15,35
134598,2.0,15.0,4.0,9.0,2.0,3.0,0.4,0.5,40.0,7,0,8,10,3,13,24
134598,2.0,15.0,4.0,9.0,2.0,3.0,0.4,0.5,40.0,8,0,7,10,3,13,23
134598,2.0,15.0,4.0,9.0,2.0,3.0,0.4,0.5,40.0,9,0,7,10,3,8,22
134598,2.0,15.0,4.0,9.0,2.0,3.0,0.4,0.5,40.0,10,0,6,9,3,2,20
134598,2.0,15.0,4.0,9.0,2.0,3.0,0.4,0.5,40.0,11,0,3,9,2,2,16
134598,2.0,15.0,4.0,9.0,2.0,3.0,0.4,0.5,40.0,12,0,1,8,2,1,13
134598,2.0,15.0,4.0,9.0,2.0,3.0,0.4,0.5,40.0,13,0,1,5,2,0,10
134598,2.0,15.0,4.0,9.0,2.0,3.0,0.4,0.5,40.0,14,0,1,5,1,0,9
134598,2.0,15.0,4.0,9.0,2.0,3.0,0.4,0.5,40.0,15,0,1,5,0,0,7
134598,2.0,15.0,4.0,9.0,2.0,3.0,0.4,0.5,40.0,16,40.0,1,4,0,0,6
134598,2.0,15.0,4.0,9.0,2.0,3.0,0.4,0.5,40.0,17,50.0,1,3,0,0,5
134598,2.0,15.0,4.0,9.0,2.0,3.0,0.4,0.5,40.0,18,62.5,1,2,0,0,4
134598,2.0,15.0,4.0,9.0,2.0,3.0,0.4,0.5,40.0,19,78.125,1,1,0,0,3
134598,2.0,15.0,4.0,9.0,2.0,3.0,0.4,0.5,40.0,20,37.65625,1,1,0,0,3
134598,2.0,15.0,4.0,9.0,2.0,3.0,0.4,0.5,40.0,21,47.0703125,0,1,0,0,2
134598,2.0,15.0,4.0,9.0,2.0,3.0,0.4,0.5,40.0,22,58.837890625,0,1,0,0,2
134598,2.0,15.0,4.0,9.0,2.0,3.0,0.4,0.5,40.0,23,73.54736328125,0,1,0,0,2
134598,2.0,15.0,4.0,9.0,2.0,3.0,0.4,0.5,40.0,24,91.9342041015625,0,1,0,0,2
134598,2.0,15.0,4.0,9.0,2.0,3.0,0.4,0.5,40.0,25,54.917755126953125,0,0,0,0,1