Exp Num,agent:svo_convergence_factor,agent:params:metabolism,agent:params:consumption_factor,agent:params:procreate_cost_factor,agent:params:procreate_req_factor,agent:params:start_energy_factor,agent:params:caught_chance,agent:params:caught_cooldown_factor,agent:params:maximum_age,Epoch,Resource,A,B,C,D,E
132802,2.0,15.0,4.0,7.0,1.0,1.0,0.30000000000000004,0.1,30.0,0,0,18,28,8,26,65
132802,2.0,15.0,4.0,7.0,1.0,1.0,0.30000000000000004,0.1,30.0,1,0,18,27,7,21,62
132802,2.0,15.0,4.0,7.0,1.0,1.0,0.30000000000000004,0.1,30.0,2,0,18,27,7,21,62
132802,2.0,15.0,4.0,7.0,1.0,1.0,0.30000000000000004,0.1,30.0,3,0,18,27,7,21,62
132802,2.0,15.0,4.0,7.0,1.0,1.0,0.30000000000000004,0.1,30.0,4,0,11,14,5,10,33
132802,2.0,15.0,4.0,7.0,1.0,1.0,0.30000000000000004,0.1,30.0,5,0,6,6,4,4,19
132802,2.0,15.0,4.0,7.0,1.0,1.0,0.30000000000000004,0.1,30.0,6,0,4,4,1,3,9
132802,2.0,15.0,4.0,7.0,1.0,1.0,0.30000000000000004,0.1,30.0,7,0,1,1,1,3,3
132802,2.0,15.0,4.0,7.0,1.0,1.0,0.30000000000000004,0.1,30.0,8,0,0,0,1,2,1
132802,2.0,15.0,4.0,7.0,1.0,1.0,0.30000000000000004,0.1,30.0,9,0,0,0,0,1,0