Exp Num,agent:svo_convergence_factor,agent:params:metabolism,agent:params:consumption_factor,agent:params:procreate_cost_factor,agent:params:procreate_req_factor,agent:params:start_energy_factor,agent:params:caught_chance,agent:params:caught_cooldown_factor,agent:params:maximum_age,Epoch,Resource,A,B,C,D,E
167378,3.0,10.0,2.0,7.0,3.0,2.0,0.1,0.1,40.0,0,3540.0,21,33,11,17,83
167378,3.0,10.0,2.0,7.0,3.0,2.0,0.1,0.1,40.0,1,2985.0,20,33,11,17,82
167378,3.0,10.0,2.0,7.0,3.0,2.0,0.1,0.1,40.0,2,2871.25,20,33,11,17,82
167378,3.0,10.0,2.0,7.0,3.0,2.0,0.1,0.1,40.0,3,2449.0625,20,31,10,16,79
167378,3.0,10.0,2.0,7.0,3.0,2.0,0.1,0.1,40.0,4,2341.328125,20,31,10,16,79
167378,3.0,10.0,2.0,7.0,3.0,2.0,0.1,0.1,40.0,5,1986.66015625,16,26,9,15,68
167378,3.0,10.0,2.0,7.0,3.0,2.0,0.1,0.1,40.0,6,1663.3251953125,14,26,9,15,66
167378,3.0,10.0,2.0,7.0,3.0,2.0,0.1,0.1,40.0,7,1319.156494140625,13,24,8,15,61
167378,3.0,10.0,2.0,7.0,3.0,2.0,0.1,0.1,40.0,8,1068.9456176757812,13,23,8,14,60
167378,3.0,10.0,2.0,7.0,3.0,2.0,0.1,0.1,40.0,9,516.1820220947266,12,22,7,14,57
167378,3.0,10.0,2.0,7.0,3.0,2.0,0.1,0.1,40.0,10,85.2275276184082,12,22,7,14,57
167378,3.0,10.0,2.0,7.0,3.0,2.0,0.1,0.1,40.0,11,0,12,19,6,11,44
167378,3.0,10.0,2.0,7.0,3.0,2.0,0.1,0.1,40.0,12,0,11,19,4,8,37
167378,3.0,10.0,2.0,7.0,3.0,2.0,0.1,0.1,40.0,13,0,11,17,4,2,33
167378,3.0,10.0,2.0,7.0,3.0,2.0,0.1,0.1,40.0,14,0,11,13,3,0,27
167378,3.0,10.0,2.0,7.0,3.0,2.0,0.1,0.1,40.0,15,0,10,13,1,0,24
167378,3.0,10.0,2.0,7.0,3.0,2.0,0.1,0.1,40.0,16,0,10,8,1,0,19
167378,3.0,10.0,2.0,7.0,3.0,2.0,0.1,0.1,40.0,17,0,9,6,1,0,16
167378,3.0,10.0,2.0,7.0,3.0,2.0,0.1,0.1,40.0,18,0,6,5,1,0,12
167378,3.0,10.0,2.0,7.0,3.0,2.0,0.1,0.1,40.0,19,0,6,3,1,0,10
167378,3.0,10.0,2.0,7.0,3.0,2.0,0.1,0.1,40.0,20,0,5,2,1,0,8
167378,3.0,10.0,2.0,7.0,3.0,2.0,0.1,0.1,40.0,21,0,4,2,1,0,7
167378,3.0,10.0,2.0,7.0,3.0,2.0,0.1,0.1,40.0,22,0.0,4,2,1,0,7
167378,3.0,10.0,2.0,7.0,3.0,2.0,0.1,0.1,40.0,23,0,4,2,1,0,7
167378,3.0,10.0,2.0,7.0,3.0,2.0,0.1,0.1,40.0,24,0,2,1,1,0,4
167378,3.0,10.0,2.0,7.0,3.0,2.0,0.1,0.1,40.0,25,0,1,0,1,0,2
167378,3.0,10.0,2.0,7.0,3.0,2.0,0.1,0.1,40.0,26,0,1,0,0,0,1