Exp Num,agent:svo_convergence_factor,agent:params:metabolism,agent:params:consumption_factor,agent:params:procreate_cost_factor,agent:params:procreate_req_factor,agent:params:start_energy_factor,agent:params:caught_chance,agent:params:caught_cooldown_factor,agent:params:maximum_age,Epoch,Resource,A,B,C,D,E
192912,3.0,15.0,3.0,3.0,2.0,2.0,0.2,0.30000000000000004,30.0,0,3200.0,20,25,5,31,69
192912,3.0,15.0,3.0,3.0,2.0,2.0,0.2,0.30000000000000004,30.0,1,1075.0,21,26,4,30,70
192912,3.0,15.0,3.0,3.0,2.0,2.0,0.2,0.30000000000000004,30.0,2,0,22,26,4,29,70
192912,3.0,15.0,3.0,3.0,2.0,2.0,0.2,0.30000000000000004,30.0,3,0,22,26,4,29,70
192912,3.0,15.0,3.0,3.0,2.0,2.0,0.2,0.30000000000000004,30.0,4,0,17,20,2,15,46
192912,3.0,15.0,3.0,3.0,2.0,2.0,0.2,0.30000000000000004,30.0,5,0,14,16,2,8,35
192912,3.0,15.0,3.0,3.0,2.0,2.0,0.2,0.30000000000000004,30.0,6,0,14,13,2,5,31
192912,3.0,15.0,3.0,3.0,2.0,2.0,0.2,0.30000000000000004,30.0,7,0,12,9,2,5,23
192912,3.0,15.0,3.0,3.0,2.0,2.0,0.2,0.30000000000000004,30.0,8,0,7,6,2,4,15
192912,3.0,15.0,3.0,3.0,2.0,2.0,0.2,0.30000000000000004,30.0,9,0,4,5,1,2,10
192912,3.0,15.0,3.0,3.0,2.0,2.0,0.2,0.30000000000000004,30.0,10,0,2,4,1,0,7
192912,3.0,15.0,3.0,3.0,2.0,2.0,0.2,0.30000000000000004,30.0,11,0,2,2,0,0,4
192912,3.0,15.0,3.0,3.0,2.0,2.0,0.2,0.30000000000000004,30.0,12,0,1,1,0,0,2
192912,3.0,15.0,3.0,3.0,2.0,2.0,0.2,0.30000000000000004,30.0,13,55.0,1,0,0,0,1