Exp Num,agent:svo_convergence_factor,agent:params:metabolism,agent:params:consumption_factor,agent:params:procreate_cost_factor,agent:params:procreate_req_factor,agent:params:start_energy_factor,agent:params:caught_chance,agent:params:caught_cooldown_factor,agent:params:maximum_age,Epoch,Resource,A,B,C,D,E
123280,2.0,15.0,2.0,9.0,2.0,3.0,0.2,0.2,10.0,0,3740.0,12,26,8,32,68
123280,2.0,15.0,2.0,9.0,2.0,3.0,0.2,0.2,10.0,1,3835.0,12,26,8,32,68
123280,2.0,15.0,2.0,9.0,2.0,3.0,0.2,0.2,10.0,2,3443.75,9,21,8,29,60
123280,2.0,15.0,2.0,9.0,2.0,3.0,0.2,0.2,10.0,3,3764.6875,7,19,8,29,56
123280,2.0,15.0,2.0,9.0,2.0,3.0,0.2,0.2,10.0,4,3175.859375,6,19,8,28,54
123280,2.0,15.0,2.0,9.0,2.0,3.0,0.2,0.2,10.0,5,3279.82421875,6,19,8,28,54
123280,2.0,15.0,2.0,9.0,2.0,3.0,0.2,0.2,10.0,6,2419.7802734375,6,17,8,28,51
123280,2.0,15.0,2.0,9.0,2.0,3.0,0.2,0.2,10.0,7,2184.725341796875,6,17,8,28,51
123280,2.0,15.0,2.0,9.0,2.0,3.0,0.2,0.2,10.0,8,1320.9066772460938,6,14,7,27,47
123280,2.0,15.0,2.0,9.0,2.0,3.0,0.2,0.2,10.0,9,811.1333465576172,6,13,7,27,46
123280,2.0,15.0,2.0,9.0,2.0,3.0,0.2,0.2,10.0,10,83.91668319702148,5,10,3,14,28
123280,2.0,15.0,2.0,9.0,2.0,3.0,0.2,0.2,10.0,11,0,3,3,1,8,14
123280,2.0,15.0,2.0,9.0,2.0,3.0,0.2,0.2,10.0,12,0,3,0,1,6,6
123280,2.0,15.0,2.0,9.0,2.0,3.0,0.2,0.2,10.0,13,0,2,0,0,4,3
123280,2.0,15.0,2.0,9.0,2.0,3.0,0.2,0.2,10.0,14,0,1,0,0,3,1
123280,2.0,15.0,2.0,9.0,2.0,3.0,0.2,0.2,10.0,15,0,1,0,0,1,1
123280,2.0,15.0,2.0,9.0,2.0,3.0,0.2,0.2,10.0,16,0,1,0,0,0,1