Exp Num,agent:svo_convergence_factor,agent:params:metabolism,agent:params:consumption_factor,agent:params:procreate_cost_factor,agent:params:procreate_req_factor,agent:params:start_energy_factor,agent:params:caught_chance,agent:params:caught_cooldown_factor,agent:params:maximum_age,Epoch,Resource,A,B,C,D,E
189264,3.0,15.0,2.0,7.0,1.0,3.0,0.1,0.30000000000000004,50.0,0,3680.0,14,25,14,26,74
189264,3.0,15.0,2.0,7.0,1.0,3.0,0.1,0.30000000000000004,50.0,1,3490.0,14,25,14,26,74
189264,3.0,15.0,2.0,7.0,1.0,3.0,0.1,0.30000000000000004,50.0,2,2652.5,10,24,12,25,67
189264,3.0,15.0,2.0,7.0,1.0,3.0,0.1,0.30000000000000004,50.0,3,2385.625,12,26,11,25,70
189264,3.0,15.0,2.0,7.0,1.0,3.0,0.1,0.30000000000000004,50.0,4,1302.03125,12,25,9,24,67
189264,3.0,15.0,2.0,7.0,1.0,3.0,0.1,0.30000000000000004,50.0,5,397.5390625,14,27,9,24,71
189264,3.0,15.0,2.0,7.0,1.0,3.0,0.1,0.30000000000000004,50.0,6,0,14,24,8,17,59
189264,3.0,15.0,2.0,7.0,1.0,3.0,0.1,0.30000000000000004,50.0,7,0,10,17,8,12,44
189264,3.0,15.0,2.0,7.0,1.0,3.0,0.1,0.30000000000000004,50.0,8,0,10,15,5,9,35
189264,3.0,15.0,2.0,7.0,1.0,3.0,0.1,0.30000000000000004,50.0,9,0,6,14,4,7,27
189264,3.0,15.0,2.0,7.0,1.0,3.0,0.1,0.30000000000000004,50.0,10,0,5,12,4,2,23
189264,3.0,15.0,2.0,7.0,1.0,3.0,0.1,0.30000000000000004,50.0,11,0,5,8,4,1,17
189264,3.0,15.0,2.0,7.0,1.0,3.0,0.1,0.30000000000000004,50.0,12,0,5,7,2,0,14
189264,3.0,15.0,2.0,7.0,1.0,3.0,0.1,0.30000000000000004,50.0,13,0,3,6,1,0,10
189264,3.0,15.0,2.0,7.0,1.0,3.0,0.1,0.30000000000000004,50.0,14,0,2,6,0,0,8
189264,3.0,15.0,2.0,7.0,1.0,3.0,0.1,0.30000000000000004,50.0,15,0,1,5,0,0,6
189264,3.0,15.0,2.0,7.0,1.0,3.0,0.1,0.30000000000000004,50.0,16,0,0,3,0,0,3
189264,3.0,15.0,2.0,7.0,1.0,3.0,0.1,0.30000000000000004,50.0,17,70.0,0,3,0,0,3
189264,3.0,15.0,2.0,7.0,1.0,3.0,0.1,0.30000000000000004,50.0,18,0,0,3,0,0,3
189264,3.0,15.0,2.0,7.0,1.0,3.0,0.1,0.30000000000000004,50.0,19,0,0,2,0,0,2
189264,3.0,15.0,2.0,7.0,1.0,3.0,0.1,0.30000000000000004,50.0,20,0,0,2,0,0,2
189264,3.0,15.0,2.0,7.0,1.0,3.0,0.1,0.30000000000000004,50.0,21,0,0,1,0,0,1