Exp Num,agent:svo_convergence_factor,agent:params:metabolism,agent:params:consumption_factor,agent:params:procreate_cost_factor,agent:params:procreate_req_factor,agent:params:start_energy_factor,agent:params:caught_chance,agent:params:caught_cooldown_factor,agent:params:maximum_age,Epoch,Resource,A,B,C,D,E
19527,1.0,5.0,4.0,5.0,2.0,1.0,0.2,0.1,30.0,0,3000.0,19,28,11,26,74
19527,1.0,5.0,4.0,5.0,2.0,1.0,0.2,0.1,30.0,1,2890.0,19,28,11,26,74
19527,1.0,5.0,4.0,5.0,2.0,1.0,0.2,0.1,30.0,2,2912.5,23,37,11,26,87
19527,1.0,5.0,4.0,5.0,2.0,1.0,0.2,0.1,30.0,3,2880.625,25,38,11,26,90
19527,1.0,5.0,4.0,5.0,2.0,1.0,0.2,0.1,30.0,4,2580.78125,28,36,10,21,89
19527,1.0,5.0,4.0,5.0,2.0,1.0,0.2,0.1,30.0,5,2385.9765625,31,44,11,21,101
19527,1.0,5.0,4.0,5.0,2.0,1.0,0.2,0.1,30.0,6,2102.470703125,36,51,13,21,115
19527,1.0,5.0,4.0,5.0,2.0,1.0,0.2,0.1,30.0,7,1608.08837890625,43,57,13,21,128
19527,1.0,5.0,4.0,5.0,2.0,1.0,0.2,0.1,30.0,8,490.1104736328125,47,64,14,21,139
19527,1.0,5.0,4.0,5.0,2.0,1.0,0.2,0.1,30.0,9,0,51,68,14,20,146
19527,1.0,5.0,4.0,5.0,2.0,1.0,0.2,0.1,30.0,10,0,50,64,14,20,141
19527,1.0,5.0,4.0,5.0,2.0,1.0,0.2,0.1,30.0,11,0,49,62,13,18,136
19527,1.0,5.0,4.0,5.0,2.0,1.0,0.2,0.1,30.0,12,0,45,57,11,10,117
19527,1.0,5.0,4.0,5.0,2.0,1.0,0.2,0.1,30.0,13,0,41,52,11,9,105
19527,1.0,5.0,4.0,5.0,2.0,1.0,0.2,0.1,30.0,14,0,38,45,8,8,92
19527,1.0,5.0,4.0,5.0,2.0,1.0,0.2,0.1,30.0,15,0,30,41,6,7,78
19527,1.0,5.0,4.0,5.0,2.0,1.0,0.2,0.1,30.0,16,0,24,28,5,4,58
19527,1.0,5.0,4.0,5.0,2.0,1.0,0.2,0.1,30.0,17,0,22,19,4,2,45
19527,1.0,5.0,4.0,5.0,2.0,1.0,0.2,0.1,30.0,18,0,19,15,2,1,36
19527,1.0,5.0,4.0,5.0,2.0,1.0,0.2,0.1,30.0,19,0,12,9,2,1,23
19527,1.0,5.0,4.0,5.0,2.0,1.0,0.2,0.1,30.0,20,0,8,8,2,0,18
19527,1.0,5.0,4.0,5.0,2.0,1.0,0.2,0.1,30.0,21,0,6,4,2,0,12
19527,1.0,5.0,4.0,5.0,2.0,1.0,0.2,0.1,30.0,22,0,5,2,1,0,8
19527,1.0,5.0,4.0,5.0,2.0,1.0,0.2,0.1,30.0,23,0,3,2,1,0,6
19527,1.0,5.0,4.0,5.0,2.0,1.0,0.2,0.1,30.0,24,0,2,2,1,0,5
19527,1.0,5.0,4.0,5.0,2.0,1.0,0.2,0.1,30.0,25,0,1,1,1,0,3
19527,1.0,5.0,4.0,5.0,2.0,1.0,0.2,0.1,30.0,26,0,1,0,1,0,2
19527,1.0,5.0,4.0,5.0,2.0,1.0,0.2,0.1,30.0,27,0,0,0,1,0,1