Exp Num,agent:svo_convergence_factor,agent:params:metabolism,agent:params:consumption_factor,agent:params:procreate_cost_factor,agent:params:procreate_req_factor,agent:params:start_energy_factor,agent:params:caught_chance,agent:params:caught_cooldown_factor,agent:params:maximum_age,Epoch,Resource,A,B,C,D,E
121829,2.0,15.0,2.0,7.0,1.0,3.0,0.4,0.1,50.0,0,4190.0,15,27,15,27,73
121829,2.0,15.0,2.0,7.0,1.0,3.0,0.4,0.1,50.0,1,4517.5,15,27,15,27,73
121829,2.0,15.0,2.0,7.0,1.0,3.0,0.4,0.1,50.0,2,4596.875,10,20,12,21,58
121829,2.0,15.0,2.0,7.0,1.0,3.0,0.4,0.1,50.0,3,5176.09375,9,18,11,21,54
121829,2.0,15.0,2.0,7.0,1.0,3.0,0.4,0.1,50.0,4,5570.1171875,9,13,10,18,47
121829,2.0,15.0,2.0,7.0,1.0,3.0,0.4,0.1,50.0,5,5582.646484375,8,11,9,18,43
121829,2.0,15.0,2.0,7.0,1.0,3.0,0.4,0.1,50.0,6,5598.30810546875,8,9,8,18,39
121829,2.0,15.0,2.0,7.0,1.0,3.0,0.4,0.1,50.0,7,5407.8851318359375,8,11,8,18,41
121829,2.0,15.0,2.0,7.0,1.0,3.0,0.4,0.1,50.0,8,5169.856414794922,8,13,7,18,42
121829,2.0,15.0,2.0,7.0,1.0,3.0,0.4,0.1,50.0,9,4782.320518493652,7,16,7,24,47
121829,2.0,15.0,2.0,7.0,1.0,3.0,0.4,0.1,50.0,10,3997.9006481170654,7,17,14,28,60
121829,2.0,15.0,2.0,7.0,1.0,3.0,0.4,0.1,50.0,11,3407.375810146332,8,18,19,30,72
121829,2.0,15.0,2.0,7.0,1.0,3.0,0.4,0.1,50.0,12,2939.2197626829147,8,16,23,32,76
121829,2.0,15.0,2.0,7.0,1.0,3.0,0.4,0.1,50.0,13,2534.0247033536434,8,16,25,34,78
121829,2.0,15.0,2.0,7.0,1.0,3.0,0.4,0.1,50.0,14,2057.5308791920543,8,16,27,35,80
121829,2.0,15.0,2.0,7.0,1.0,3.0,0.4,0.1,50.0,15,1311.9135989900678,7,14,31,33,81
121829,2.0,15.0,2.0,7.0,1.0,3.0,0.4,0.1,50.0,16,649.8919987375848,6,13,30,32,78
121829,2.0,15.0,2.0,7.0,1.0,3.0,0.4,0.1,50.0,17,0,6,10,29,27,69
121829,2.0,15.0,2.0,7.0,1.0,3.0,0.4,0.1,50.0,18,0,3,7,27,23,55
121829,2.0,15.0,2.0,7.0,1.0,3.0,0.4,0.1,50.0,19,0,3,5,21,14,43
121829,2.0,15.0,2.0,7.0,1.0,3.0,0.4,0.1,50.0,20,0,2,5,16,10,31
121829,2.0,15.0,2.0,7.0,1.0,3.0,0.4,0.1,50.0,21,0,2,4,15,4,26
121829,2.0,15.0,2.0,7.0,1.0,3.0,0.4,0.1,50.0,22,0,1,2,11,3,19
121829,2.0,15.0,2.0,7.0,1.0,3.0,0.4,0.1,50.0,23,0,0,2,9,2,13
121829,2.0,15.0,2.0,7.0,1.0,3.0,0.4,0.1,50.0,24,0,0,1,7,2,9
121829,2.0,15.0,2.0,7.0,1.0,3.0,0.4,0.1,50.0,25,0,0,1,5,1,6
121829,2.0,15.0,2.0,7.0,1.0,3.0,0.4,0.1,50.0,26,0,0,0,3,1,3
121829,2.0,15.0,2.0,7.0,1.0,3.0,0.4,0.1,50.0,27,0,0,0,3,0,3
121829,2.0,15.0,2.0,7.0,1.0,3.0,0.4,0.1,50.0,28,100,0,0,1,0,1