Exp Num,agent:svo_convergence_factor,agent:params:metabolism,agent:params:consumption_factor,agent:params:procreate_cost_factor,agent:params:procreate_req_factor,agent:params:start_energy_factor,agent:params:caught_chance,agent:params:caught_cooldown_factor,agent:params:maximum_age,Epoch,Resource,A,B,C,D,E
116402,2.0,15.0,1.0,7.0,2.0,2.0,0.2,0.1,30.0,0,3500.0,13,25,13,29,71
116402,2.0,15.0,1.0,7.0,2.0,2.0,0.2,0.1,30.0,1,2950.0,13,25,13,29,71
116402,2.0,15.0,1.0,7.0,2.0,2.0,0.2,0.1,30.0,2,2697.5,13,24,13,29,70
116402,2.0,15.0,1.0,7.0,2.0,2.0,0.2,0.1,30.0,3,2381.875,12,22,12,29,66
116402,2.0,15.0,1.0,7.0,2.0,2.0,0.2,0.1,30.0,4,1897.34375,11,21,12,29,64
116402,2.0,15.0,1.0,7.0,2.0,2.0,0.2,0.1,30.0,5,1291.6796875,9,20,12,27,61
116402,2.0,15.0,1.0,7.0,2.0,2.0,0.2,0.1,30.0,6,414.599609375,8,19,12,27,59
116402,2.0,15.0,1.0,7.0,2.0,2.0,0.2,0.1,30.0,7,0,6,15,6,18,42
116402,2.0,15.0,1.0,7.0,2.0,2.0,0.2,0.1,30.0,8,0,3,6,5,7,23
116402,2.0,15.0,1.0,7.0,2.0,2.0,0.2,0.1,30.0,9,0,1,3,3,5,10
116402,2.0,15.0,1.0,7.0,2.0,2.0,0.2,0.1,30.0,10,0,1,2,1,1,6
116402,2.0,15.0,1.0,7.0,2.0,2.0,0.2,0.1,30.0,11,0,1,1,0,0,4
116402,2.0,15.0,1.0,7.0,2.0,2.0,0.2,0.1,30.0,12,0,1,0,0,0,2
116402,2.0,15.0,1.0,7.0,2.0,2.0,0.2,0.1,30.0,13,0,1,0,0,0,1