Exp Num,agent:svo_convergence_factor,agent:params:metabolism,agent:params:consumption_factor,agent:params:procreate_cost_factor,agent:params:procreate_req_factor,agent:params:start_energy_factor,agent:params:caught_chance,agent:params:caught_cooldown_factor,agent:params:maximum_age,Epoch,Resource,A,B,C,D,E
108696,2.0,10.0,4.0,3.0,2.0,3.0,0.30000000000000004,0.5,20.0,0,3480.0,21,47,14,16,103
108696,2.0,10.0,4.0,3.0,2.0,3.0,0.30000000000000004,0.5,20.0,1,2750.0,25,53,17,16,117
108696,2.0,10.0,4.0,3.0,2.0,3.0,0.30000000000000004,0.5,20.0,2,1517.5,23,48,16,14,108
108696,2.0,10.0,4.0,3.0,2.0,3.0,0.30000000000000004,0.5,20.0,3,656.875,23,51,15,16,110
108696,2.0,10.0,4.0,3.0,2.0,3.0,0.30000000000000004,0.5,20.0,4,0,25,48,15,16,108
108696,2.0,10.0,4.0,3.0,2.0,3.0,0.30000000000000004,0.5,20.0,5,0,24,47,15,15,106
108696,2.0,10.0,4.0,3.0,2.0,3.0,0.30000000000000004,0.5,20.0,6,0,23,40,14,11,88
108696,2.0,10.0,4.0,3.0,2.0,3.0,0.30000000000000004,0.5,20.0,7,0,20,35,11,6,67
108696,2.0,10.0,4.0,3.0,2.0,3.0,0.30000000000000004,0.5,20.0,8,0,18,25,9,4,52
108696,2.0,10.0,4.0,3.0,2.0,3.0,0.30000000000000004,0.5,20.0,9,0,10,19,4,3,33
108696,2.0,10.0,4.0,3.0,2.0,3.0,0.30000000000000004,0.5,20.0,10,0,8,12,3,2,23
108696,2.0,10.0,4.0,3.0,2.0,3.0,0.30000000000000004,0.5,20.0,11,0,5,7,2,0,14
108696,2.0,10.0,4.0,3.0,2.0,3.0,0.30000000000000004,0.5,20.0,12,0,3,3,1,0,7
108696,2.0,10.0,4.0,3.0,2.0,3.0,0.30000000000000004,0.5,20.0,13,0,3,1,0,0,4
108696,2.0,10.0,4.0,3.0,2.0,3.0,0.30000000000000004,0.5,20.0,14,0,3,0,0,0,3
108696,2.0,10.0,4.0,3.0,2.0,3.0,0.30000000000000004,0.5,20.0,15,60.0,2,0,0,0,2
108696,2.0,10.0,4.0,3.0,2.0,3.0,0.30000000000000004,0.5,20.0,16,35.0,1,0,0,0,1