Exp Num,agent:svo_convergence_factor,agent:params:metabolism,agent:params:consumption_factor,agent:params:procreate_cost_factor,agent:params:procreate_req_factor,agent:params:start_energy_factor,agent:params:caught_chance,agent:params:caught_cooldown_factor,agent:params:maximum_age,Epoch,Resource,A,B,C,D,E
187514,3.0,15.0,2.0,3.0,3.0,1.0,0.1,0.30000000000000004,50.0,0,2000.0,20,27,11,29,71
187514,3.0,15.0,2.0,3.0,3.0,1.0,0.1,0.30000000000000004,50.0,1,1270.0,20,27,11,29,71
187514,3.0,15.0,2.0,3.0,3.0,1.0,0.1,0.30000000000000004,50.0,2,0,18,23,10,24,60
187514,3.0,15.0,2.0,3.0,3.0,1.0,0.1,0.30000000000000004,50.0,3,0,18,22,8,21,54
187514,3.0,15.0,2.0,3.0,3.0,1.0,0.1,0.30000000000000004,50.0,4,0,15,15,5,10,35
187514,3.0,15.0,2.0,3.0,3.0,1.0,0.1,0.30000000000000004,50.0,5,0,11,12,4,5,27
187514,3.0,15.0,2.0,3.0,3.0,1.0,0.1,0.30000000000000004,50.0,6,0,8,6,3,4,17
187514,3.0,15.0,2.0,3.0,3.0,1.0,0.1,0.30000000000000004,50.0,7,0,5,2,2,3,9
187514,3.0,15.0,2.0,3.0,3.0,1.0,0.1,0.30000000000000004,50.0,8,0,3,0,1,2,4
187514,3.0,15.0,2.0,3.0,3.0,1.0,0.1,0.30000000000000004,50.0,9,0,2,0,1,1,3
187514,3.0,15.0,2.0,3.0,3.0,1.0,0.1,0.30000000000000004,50.0,10,0,1,0,1,0,2
187514,3.0,15.0,2.0,3.0,3.0,1.0,0.1,0.30000000000000004,50.0,11,0,0,0,1,0,1