Exp Num,agent:svo_convergence_factor,agent:params:metabolism,agent:params:consumption_factor,agent:params:procreate_cost_factor,agent:params:procreate_req_factor,agent:params:start_energy_factor,agent:params:caught_chance,agent:params:caught_cooldown_factor,agent:params:maximum_age,Epoch,Resource,A,B,C,D,E
111970,2.0,10.0,4.0,9.0,2.0,2.0,0.4,0.5,10.0,0,3440.0,16,36,13,15,85
111970,2.0,10.0,4.0,9.0,2.0,2.0,0.4,0.5,10.0,1,2540.0,13,27,10,14,69
111970,2.0,10.0,4.0,9.0,2.0,2.0,0.4,0.5,10.0,2,2295.0,13,26,9,14,67
111970,2.0,10.0,4.0,9.0,2.0,2.0,0.4,0.5,10.0,3,2268.75,13,26,9,14,67
111970,2.0,10.0,4.0,9.0,2.0,2.0,0.4,0.5,10.0,4,2395.9375,13,26,9,14,67
111970,2.0,10.0,4.0,9.0,2.0,2.0,0.4,0.5,10.0,5,1914.921875,9,22,5,12,54
111970,2.0,10.0,4.0,9.0,2.0,2.0,0.4,0.5,10.0,6,1953.65234375,7,19,4,12,48
111970,2.0,10.0,4.0,9.0,2.0,2.0,0.4,0.5,10.0,7,2122.0654296875,6,15,4,12,43
111970,2.0,10.0,4.0,9.0,2.0,2.0,0.4,0.5,10.0,8,2372.581787109375,6,15,4,12,43
111970,2.0,10.0,4.0,9.0,2.0,2.0,0.4,0.5,10.0,9,2245.7272338867188,6,13,3,11,40
111970,2.0,10.0,4.0,9.0,2.0,2.0,0.4,0.5,10.0,10,2567.1590423583984,4,9,2,4,26
111970,2.0,10.0,4.0,9.0,2.0,2.0,0.4,0.5,10.0,11,2808.948802947998,2,6,1,2,17
111970,2.0,10.0,4.0,9.0,2.0,2.0,0.4,0.5,10.0,12,3231.1860036849976,2,2,0,1,9
111970,2.0,10.0,4.0,9.0,2.0,2.0,0.4,0.5,10.0,13,3878.982504606247,1,1,0,1,5
111970,2.0,10.0,4.0,9.0,2.0,2.0,0.4,0.5,10.0,14,4728.728130757809,1,1,0,1,2
111970,2.0,10.0,4.0,9.0,2.0,2.0,0.4,0.5,10.0,15,5830.910163447261,1,0,0,1,1
111970,2.0,10.0,4.0,9.0,2.0,2.0,0.4,0.5,10.0,16,7248.637704309076,1,0,0,0,1