Exp Num,agent:svo_convergence_factor,agent:params:metabolism,agent:params:consumption_factor,agent:params:procreate_cost_factor,agent:params:procreate_req_factor,agent:params:start_energy_factor,agent:params:caught_chance,agent:params:caught_cooldown_factor,agent:params:maximum_age,Epoch,Resource,A,B,C,D,E
104352,2.0,10.0,3.0,5.0,3.0,1.0,0.5,0.1,30.0,0,2000.0,10,25,6,40,60
104352,2.0,10.0,3.0,5.0,3.0,1.0,0.5,0.1,30.0,1,1780.0,10,25,6,40,60
104352,2.0,10.0,3.0,5.0,3.0,1.0,0.5,0.1,30.0,2,1715.0,10,25,6,40,60
104352,2.0,10.0,3.0,5.0,3.0,1.0,0.5,0.1,30.0,3,1093.75,7,15,6,33,45
104352,2.0,10.0,3.0,5.0,3.0,1.0,0.5,0.1,30.0,4,917.1875,6,13,5,33,41
104352,2.0,10.0,3.0,5.0,3.0,1.0,0.5,0.1,30.0,5,846.484375,6,13,5,33,41
104352,2.0,10.0,3.0,5.0,3.0,1.0,0.5,0.1,30.0,6,98.10546875,5,11,5,30,37
104352,2.0,10.0,3.0,5.0,3.0,1.0,0.5,0.1,30.0,7,0,4,10,4,25,30
104352,2.0,10.0,3.0,5.0,3.0,1.0,0.5,0.1,30.0,8,0,4,10,4,24,28
104352,2.0,10.0,3.0,5.0,3.0,1.0,0.5,0.1,30.0,9,0,2,7,3,16,18
104352,2.0,10.0,3.0,5.0,3.0,1.0,0.5,0.1,30.0,10,0,2,4,3,10,14
104352,2.0,10.0,3.0,5.0,3.0,1.0,0.5,0.1,30.0,11,0,1,4,2,6,10
104352,2.0,10.0,3.0,5.0,3.0,1.0,0.5,0.1,30.0,12,0,1,2,2,5,6
104352,2.0,10.0,3.0,5.0,3.0,1.0,0.5,0.1,30.0,13,0,1,1,2,2,5
104352,2.0,10.0,3.0,5.0,3.0,1.0,0.5,0.1,30.0,14,0,1,1,1,1,4
104352,2.0,10.0,3.0,5.0,3.0,1.0,0.5,0.1,30.0,15,0,0,1,1,1,2
104352,2.0,10.0,3.0,5.0,3.0,1.0,0.5,0.1,30.0,16,0,0,1,1,0,2
104352,2.0,10.0,3.0,5.0,3.0,1.0,0.5,0.1,30.0,17,0,0,1,0,0,1