Exp Num,agent:svo_convergence_factor,agent:params:metabolism,agent:params:consumption_factor,agent:params:procreate_cost_factor,agent:params:procreate_req_factor,agent:params:start_energy_factor,agent:params:caught_chance,agent:params:caught_cooldown_factor,agent:params:maximum_age,Epoch,Resource,A,B,C,D,E
188820,3.0,15.0,2.0,5.0,3.0,2.0,0.30000000000000004,0.5,10.0,0,4010.0,11,33,15,21,79
188820,3.0,15.0,2.0,5.0,3.0,2.0,0.30000000000000004,0.5,10.0,1,3512.5,4,28,15,16,67
188820,3.0,15.0,2.0,5.0,3.0,2.0,0.30000000000000004,0.5,10.0,2,3610.625,2,28,15,16,65
188820,3.0,15.0,2.0,5.0,3.0,2.0,0.30000000000000004,0.5,10.0,3,3373.28125,1,24,13,15,57
188820,3.0,15.0,2.0,5.0,3.0,2.0,0.30000000000000004,0.5,10.0,4,3616.6015625,1,22,12,15,54
188820,3.0,15.0,2.0,5.0,3.0,2.0,0.30000000000000004,0.5,10.0,5,3590.751953125,1,16,11,14,47
188820,3.0,15.0,2.0,5.0,3.0,2.0,0.30000000000000004,0.5,10.0,6,3858.43994140625,1,13,10,14,43
188820,3.0,15.0,2.0,5.0,3.0,2.0,0.30000000000000004,0.5,10.0,7,4163.0499267578125,1,9,10,13,39
188820,3.0,15.0,2.0,5.0,3.0,2.0,0.30000000000000004,0.5,10.0,8,4273.812408447266,1,5,9,13,34
188820,3.0,15.0,2.0,5.0,3.0,2.0,0.30000000000000004,0.5,10.0,9,4232.265510559082,1,3,7,12,30
188820,3.0,15.0,2.0,5.0,3.0,2.0,0.30000000000000004,0.5,10.0,10,4390.3318881988525,1,0,6,9,21
188820,3.0,15.0,2.0,5.0,3.0,2.0,0.30000000000000004,0.5,10.0,11,4887.914860248566,1,0,2,7,13
188820,3.0,15.0,2.0,5.0,3.0,2.0,0.30000000000000004,0.5,10.0,12,5719.893575310707,1,0,0,5,8
188820,3.0,15.0,2.0,5.0,3.0,2.0,0.30000000000000004,0.5,10.0,13,6909.866969138384,1,0,0,2,5
188820,3.0,15.0,2.0,5.0,3.0,2.0,0.30000000000000004,0.5,10.0,14,8517.33371142298,1,0,0,1,3
188820,3.0,15.0,2.0,5.0,3.0,2.0,0.30000000000000004,0.5,10.0,15,9940.0,0,0,0,0,2
188820,3.0,15.0,2.0,5.0,3.0,2.0,0.30000000000000004,0.5,10.0,16,9940.0,0,0,0,0,1