Exp Num,agent:svo_convergence_factor,agent:params:metabolism,agent:params:consumption_factor,agent:params:procreate_cost_factor,agent:params:procreate_req_factor,agent:params:start_energy_factor,agent:params:caught_chance,agent:params:caught_cooldown_factor,agent:params:maximum_age,Epoch,Resource,A,B,C,D,E
199988,3.0,15.0,4.0,5.0,3.0,1.0,0.5,0.30000000000000004,40.0,0,0,12,24,15,24,67
199988,3.0,15.0,4.0,5.0,3.0,1.0,0.5,0.30000000000000004,40.0,1,0,10,22,14,23,60
199988,3.0,15.0,4.0,5.0,3.0,1.0,0.5,0.30000000000000004,40.0,2,0,10,22,14,23,60
199988,3.0,15.0,4.0,5.0,3.0,1.0,0.5,0.30000000000000004,40.0,3,0,10,22,14,23,60
199988,3.0,15.0,4.0,5.0,3.0,1.0,0.5,0.30000000000000004,40.0,4,0,7,10,7,11,33
199988,3.0,15.0,4.0,5.0,3.0,1.0,0.5,0.30000000000000004,40.0,5,0,3,2,5,7,15
199988,3.0,15.0,4.0,5.0,3.0,1.0,0.5,0.30000000000000004,40.0,6,0,1,2,3,5,7
199988,3.0,15.0,4.0,5.0,3.0,1.0,0.5,0.30000000000000004,40.0,7,0,0,1,2,3,3
199988,3.0,15.0,4.0,5.0,3.0,1.0,0.5,0.30000000000000004,40.0,8,0,0,0,1,2,1
199988,3.0,15.0,4.0,5.0,3.0,1.0,0.5,0.30000000000000004,40.0,9,0,0,0,0,1,0