Exp Num,agent:svo_convergence_factor,agent:params:metabolism,agent:params:consumption_factor,agent:params:procreate_cost_factor,agent:params:procreate_req_factor,agent:params:start_energy_factor,agent:params:caught_chance,agent:params:caught_cooldown_factor,agent:params:maximum_age,Epoch,Resource,A,B,C,D,E
116854,2.0,15.0,1.0,7.0,3.0,2.0,0.5,0.1,50.0,0,3500.0,16,22,10,31,69
116854,2.0,15.0,1.0,7.0,3.0,2.0,0.5,0.1,50.0,1,2980.0,16,22,10,31,69
116854,2.0,15.0,1.0,7.0,3.0,2.0,0.5,0.1,50.0,2,2690.0,15,21,10,30,67
116854,2.0,15.0,1.0,7.0,3.0,2.0,0.5,0.1,50.0,3,2522.5,12,20,10,30,62
116854,2.0,15.0,1.0,7.0,3.0,2.0,0.5,0.1,50.0,4,2208.125,6,18,10,28,54
116854,2.0,15.0,1.0,7.0,3.0,2.0,0.5,0.1,50.0,5,1905.15625,5,17,9,28,51
116854,2.0,15.0,1.0,7.0,3.0,2.0,0.5,0.1,50.0,6,1466.4453125,3,16,9,26,48
116854,2.0,15.0,1.0,7.0,3.0,2.0,0.5,0.1,50.0,7,858.056640625,3,15,7,26,44
116854,2.0,15.0,1.0,7.0,3.0,2.0,0.5,0.1,50.0,8,22.57080078125,3,15,7,26,44
116854,2.0,15.0,1.0,7.0,3.0,2.0,0.5,0.1,50.0,9,0,3,5,4,19,16
116854,2.0,15.0,1.0,7.0,3.0,2.0,0.5,0.1,50.0,10,0,1,3,2,9,8
116854,2.0,15.0,1.0,7.0,3.0,2.0,0.5,0.1,50.0,11,0,1,0,2,4,4
116854,2.0,15.0,1.0,7.0,3.0,2.0,0.5,0.1,50.0,12,0,0,0,0,3,1
116854,2.0,15.0,1.0,7.0,3.0,2.0,0.5,0.1,50.0,13,0,0,0,0,2,0
116854,2.0,15.0,1.0,7.0,3.0,2.0,0.5,0.1,50.0,14,0,0,0,0,1,0