Exp Num,agent:svo_convergence_factor,agent:params:metabolism,agent:params:consumption_factor,agent:params:procreate_cost_factor,agent:params:procreate_req_factor,agent:params:start_energy_factor,agent:params:caught_chance,agent:params:caught_cooldown_factor,agent:params:maximum_age,Epoch,Resource,A,B,C,D,E
13257,1.0,5.0,3.0,3.0,3.0,2.0,0.1,0.2,30.0,0,3500.0,15,31,13,29,71
13257,1.0,5.0,3.0,3.0,3.0,2.0,0.1,0.2,30.0,1,2935.0,15,31,13,29,71
13257,1.0,5.0,3.0,3.0,3.0,2.0,0.1,0.2,30.0,2,2618.75,15,31,13,29,71
13257,1.0,5.0,3.0,3.0,3.0,2.0,0.1,0.2,30.0,3,2538.4375,20,40,19,30,91
13257,1.0,5.0,3.0,3.0,3.0,2.0,0.1,0.2,30.0,4,2363.046875,24,49,22,31,107
13257,1.0,5.0,3.0,3.0,3.0,2.0,0.1,0.2,30.0,5,2068.80859375,25,52,22,31,111
13257,1.0,5.0,3.0,3.0,3.0,2.0,0.1,0.2,30.0,6,1686.0107421875,34,60,23,31,129
13257,1.0,5.0,3.0,3.0,3.0,2.0,0.1,0.2,30.0,7,967.513427734375,38,70,23,29,143
13257,1.0,5.0,3.0,3.0,3.0,2.0,0.1,0.2,30.0,8,99.39178466796875,41,77,23,29,153
13257,1.0,5.0,3.0,3.0,3.0,2.0,0.1,0.2,30.0,9,0,41,77,23,29,153
13257,1.0,5.0,3.0,3.0,3.0,2.0,0.1,0.2,30.0,10,0,38,70,22,18,133
13257,1.0,5.0,3.0,3.0,3.0,2.0,0.1,0.2,30.0,11,0,37,67,20,16,126
13257,1.0,5.0,3.0,3.0,3.0,2.0,0.1,0.2,30.0,12,0,37,66,17,15,122
13257,1.0,5.0,3.0,3.0,3.0,2.0,0.1,0.2,30.0,13,0,36,57,11,7,106
13257,1.0,5.0,3.0,3.0,3.0,2.0,0.1,0.2,30.0,14,0,35,48,5,5,89
13257,1.0,5.0,3.0,3.0,3.0,2.0,0.1,0.2,30.0,15,0,30,38,3,2,72
13257,1.0,5.0,3.0,3.0,3.0,2.0,0.1,0.2,30.0,16,0,18,27,2,2,48
13257,1.0,5.0,3.0,3.0,3.0,2.0,0.1,0.2,30.0,17,0,12,16,1,1,29
13257,1.0,5.0,3.0,3.0,3.0,2.0,0.1,0.2,30.0,18,0,9,9,0,0,18
13257,1.0,5.0,3.0,3.0,3.0,2.0,0.1,0.2,30.0,19,0,6,4,0,0,10
13257,1.0,5.0,3.0,3.0,3.0,2.0,0.1,0.2,30.0,20,25.0,4,4,0,0,8
13257,1.0,5.0,3.0,3.0,3.0,2.0,0.1,0.2,30.0,21,0,3,3,0,0,6
13257,1.0,5.0,3.0,3.0,3.0,2.0,0.1,0.2,30.0,22,0,3,3,0,0,6
13257,1.0,5.0,3.0,3.0,3.0,2.0,0.1,0.2,30.0,23,0,2,2,0,0,4
13257,1.0,5.0,3.0,3.0,3.0,2.0,0.1,0.2,30.0,24,0,1,2,0,0,3
13257,1.0,5.0,3.0,3.0,3.0,2.0,0.1,0.2,30.0,25,0,1,1,0,0,2
13257,1.0,5.0,3.0,3.0,3.0,2.0,0.1,0.2,30.0,26,0,0,1,0,0,1