Exp Num,agent:svo_convergence_factor,agent:params:metabolism,agent:params:consumption_factor,agent:params:procreate_cost_factor,agent:params:procreate_req_factor,agent:params:start_energy_factor,agent:params:caught_chance,agent:params:caught_cooldown_factor,agent:params:maximum_age,Epoch,Resource,A,B,C,D,E
196788,3.0,15.0,3.0,9.0,3.0,3.0,0.2,0.30000000000000004,40.0,0,3290.0,14,25,7,31,69
196788,3.0,15.0,3.0,9.0,3.0,3.0,0.2,0.30000000000000004,40.0,1,2852.5,14,25,7,31,69
196788,3.0,15.0,3.0,9.0,3.0,3.0,0.2,0.30000000000000004,40.0,2,1135.625,12,20,6,29,60
196788,3.0,15.0,3.0,9.0,3.0,3.0,0.2,0.30000000000000004,40.0,3,204.53125,12,17,6,28,57
196788,3.0,15.0,3.0,9.0,3.0,3.0,0.2,0.30000000000000004,40.0,4,0,12,17,6,28,57
196788,3.0,15.0,3.0,9.0,3.0,3.0,0.2,0.30000000000000004,40.0,5,0,10,14,3,19,38
196788,3.0,15.0,3.0,9.0,3.0,3.0,0.2,0.30000000000000004,40.0,6,0,10,14,2,14,30
196788,3.0,15.0,3.0,9.0,3.0,3.0,0.2,0.30000000000000004,40.0,7,0,10,14,2,11,29
196788,3.0,15.0,3.0,9.0,3.0,3.0,0.2,0.30000000000000004,40.0,8,0,10,12,1,7,25
196788,3.0,15.0,3.0,9.0,3.0,3.0,0.2,0.30000000000000004,40.0,9,0,9,10,0,4,20
196788,3.0,15.0,3.0,9.0,3.0,3.0,0.2,0.30000000000000004,40.0,10,0,9,9,0,2,18
196788,3.0,15.0,3.0,9.0,3.0,3.0,0.2,0.30000000000000004,40.0,11,0,9,7,0,0,16
196788,3.0,15.0,3.0,9.0,3.0,3.0,0.2,0.30000000000000004,40.0,12,0,8,6,0,0,14
196788,3.0,15.0,3.0,9.0,3.0,3.0,0.2,0.30000000000000004,40.0,13,0,6,6,0,0,12
196788,3.0,15.0,3.0,9.0,3.0,3.0,0.2,0.30000000000000004,40.0,14,0,5,4,0,0,9
196788,3.0,15.0,3.0,9.0,3.0,3.0,0.2,0.30000000000000004,40.0,15,55.0,4,3,0,0,7
196788,3.0,15.0,3.0,9.0,3.0,3.0,0.2,0.30000000000000004,40.0,16,68.75,4,3,0,0,7
196788,3.0,15.0,3.0,9.0,3.0,3.0,0.2,0.30000000000000004,40.0,17,85.9375,3,1,0,0,4
196788,3.0,15.0,3.0,9.0,3.0,3.0,0.2,0.30000000000000004,40.0,18,107.421875,3,0,0,0,3
196788,3.0,15.0,3.0,9.0,3.0,3.0,0.2,0.30000000000000004,40.0,19,89.27734375,2,0,0,0,2
196788,3.0,15.0,3.0,9.0,3.0,3.0,0.2,0.30000000000000004,40.0,20,66.5966796875,2,0,0,0,2
196788,3.0,15.0,3.0,9.0,3.0,3.0,0.2,0.30000000000000004,40.0,21,38.245849609375,2,0,0,0,2
196788,3.0,15.0,3.0,9.0,3.0,3.0,0.2,0.30000000000000004,40.0,22,2.80731201171875,2,0,0,0,2
196788,3.0,15.0,3.0,9.0,3.0,3.0,0.2,0.30000000000000004,40.0,23,3.5091400146484375,2,0,0,0,2
196788,3.0,15.0,3.0,9.0,3.0,3.0,0.2,0.30000000000000004,40.0,24,4.386425018310547,1,0,0,0,1