Exp Num,agent:svo_convergence_factor,agent:params:metabolism,agent:params:consumption_factor,agent:params:procreate_cost_factor,agent:params:procreate_req_factor,agent:params:start_energy_factor,agent:params:caught_chance,agent:params:caught_cooldown_factor,agent:params:maximum_age,Epoch,Resource,A,B,C,D,E
151988,3.0,5.0,4.0,1.0,1.0,1.0,0.5,0.30000000000000004,40.0,0,3000.0,25,38,22,49,101
151988,3.0,5.0,4.0,1.0,1.0,1.0,0.5,0.30000000000000004,40.0,1,2930.0,36,51,51,66,159
151988,3.0,5.0,4.0,1.0,1.0,1.0,0.5,0.30000000000000004,40.0,2,1982.5,34,59,67,88,183
151988,3.0,5.0,4.0,1.0,1.0,1.0,0.5,0.30000000000000004,40.0,3,1058.125,42,83,93,115,249
151988,3.0,5.0,4.0,1.0,1.0,1.0,0.5,0.30000000000000004,40.0,4,0,38,97,113,128,276
151988,3.0,5.0,4.0,1.0,1.0,1.0,0.5,0.30000000000000004,40.0,5,0,34,95,118,117,263
151988,3.0,5.0,4.0,1.0,1.0,1.0,0.5,0.30000000000000004,40.0,6,0,25,85,91,99,215
151988,3.0,5.0,4.0,1.0,1.0,1.0,0.5,0.30000000000000004,40.0,7,0,19,66,68,82,165
151988,3.0,5.0,4.0,1.0,1.0,1.0,0.5,0.30000000000000004,40.0,8,0,15,52,45,61,117
151988,3.0,5.0,4.0,1.0,1.0,1.0,0.5,0.30000000000000004,40.0,9,0,11,38,43,41,94
151988,3.0,5.0,4.0,1.0,1.0,1.0,0.5,0.30000000000000004,40.0,10,0,7,22,33,29,65
151988,3.0,5.0,4.0,1.0,1.0,1.0,0.5,0.30000000000000004,40.0,11,0,6,16,27,16,51
151988,3.0,5.0,4.0,1.0,1.0,1.0,0.5,0.30000000000000004,40.0,12,0,4,10,19,9,35
151988,3.0,5.0,4.0,1.0,1.0,1.0,0.5,0.30000000000000004,40.0,13,0,3,4,17,8,26
151988,3.0,5.0,4.0,1.0,1.0,1.0,0.5,0.30000000000000004,40.0,14,0,2,3,14,6,21
151988,3.0,5.0,4.0,1.0,1.0,1.0,0.5,0.30000000000000004,40.0,15,0,2,2,11,3,18
151988,3.0,5.0,4.0,1.0,1.0,1.0,0.5,0.30000000000000004,40.0,16,0,0,3,10,2,16
151988,3.0,5.0,4.0,1.0,1.0,1.0,0.5,0.30000000000000004,40.0,17,0,0,1,6,2,11
151988,3.0,5.0,4.0,1.0,1.0,1.0,0.5,0.30000000000000004,40.0,18,0,0,1,6,2,10
151988,3.0,5.0,4.0,1.0,1.0,1.0,0.5,0.30000000000000004,40.0,19,0,0,0,5,1,7
151988,3.0,5.0,4.0,1.0,1.0,1.0,0.5,0.30000000000000004,40.0,20,0,0,0,3,1,3
151988,3.0,5.0,4.0,1.0,1.0,1.0,0.5,0.30000000000000004,40.0,21,0,0,0,2,0,2
151988,3.0,5.0,4.0,1.0,1.0,1.0,0.5,0.30000000000000004,40.0,22,0,0,0,1,0,1