Exp Num,agent:svo_convergence_factor,agent:params:metabolism,agent:params:consumption_factor,agent:params:procreate_cost_factor,agent:params:procreate_req_factor,agent:params:start_energy_factor,agent:params:caught_chance,agent:params:caught_cooldown_factor,agent:params:maximum_age,Epoch,Resource,A,B,C,D,E
178885,3.0,10.0,4.0,9.0,1.0,1.0,0.1,0.30000000000000004,10.0,0,1000.0,19,19,9,32,68
178885,3.0,10.0,4.0,9.0,1.0,1.0,0.1,0.30000000000000004,10.0,1,0,19,19,9,32,68
178885,3.0,10.0,4.0,9.0,1.0,1.0,0.1,0.30000000000000004,10.0,2,0,19,19,9,32,68
178885,3.0,10.0,4.0,9.0,1.0,1.0,0.1,0.30000000000000004,10.0,3,0,19,19,9,32,68
178885,3.0,10.0,4.0,9.0,1.0,1.0,0.1,0.30000000000000004,10.0,4,0,13,15,3,17,40
178885,3.0,10.0,4.0,9.0,1.0,1.0,0.1,0.30000000000000004,10.0,5,0,11,11,3,10,30
178885,3.0,10.0,4.0,9.0,1.0,1.0,0.1,0.30000000000000004,10.0,6,0,10,10,3,7,25
178885,3.0,10.0,4.0,9.0,1.0,1.0,0.1,0.30000000000000004,10.0,7,0,10,9,3,7,24
178885,3.0,10.0,4.0,9.0,1.0,1.0,0.1,0.30000000000000004,10.0,8,0,8,7,3,5,19
178885,3.0,10.0,4.0,9.0,1.0,1.0,0.1,0.30000000000000004,10.0,9,0,4,6,3,2,14
178885,3.0,10.0,4.0,9.0,1.0,1.0,0.1,0.30000000000000004,10.0,10,0,2,5,0,1,8
178885,3.0,10.0,4.0,9.0,1.0,1.0,0.1,0.30000000000000004,10.0,11,0,1,3,0,1,4
178885,3.0,10.0,4.0,9.0,1.0,1.0,0.1,0.30000000000000004,10.0,12,0,1,2,0,0,3
178885,3.0,10.0,4.0,9.0,1.0,1.0,0.1,0.30000000000000004,10.0,13,0,1,2,0,0,3
178885,3.0,10.0,4.0,9.0,1.0,1.0,0.1,0.30000000000000004,10.0,14,0,0,1,0,0,1