Exp Num,agent:svo_convergence_factor,agent:params:metabolism,agent:params:consumption_factor,agent:params:procreate_cost_factor,agent:params:procreate_req_factor,agent:params:start_energy_factor,agent:params:caught_chance,agent:params:caught_cooldown_factor,agent:params:maximum_age,Epoch,Resource,A,B,C,D,E
123426,2.0,15.0,2.0,9.0,3.0,1.0,0.30000000000000004,0.1,20.0,0,2000.0,23,27,15,22,78
123426,2.0,15.0,2.0,9.0,3.0,1.0,0.30000000000000004,0.1,20.0,1,1450.0,23,27,15,22,78
123426,2.0,15.0,2.0,9.0,3.0,1.0,0.30000000000000004,0.1,20.0,2,42.5,20,18,14,21,65
123426,2.0,15.0,2.0,9.0,3.0,1.0,0.30000000000000004,0.1,20.0,3,0,19,18,13,19,62
123426,2.0,15.0,2.0,9.0,3.0,1.0,0.30000000000000004,0.1,20.0,4,0,14,13,8,10,41
123426,2.0,15.0,2.0,9.0,3.0,1.0,0.30000000000000004,0.1,20.0,5,0,11,9,4,6,26
123426,2.0,15.0,2.0,9.0,3.0,1.0,0.30000000000000004,0.1,20.0,6,0,4,7,4,3,15
123426,2.0,15.0,2.0,9.0,3.0,1.0,0.30000000000000004,0.1,20.0,7,0,2,3,2,2,7
123426,2.0,15.0,2.0,9.0,3.0,1.0,0.30000000000000004,0.1,20.0,8,0,1,2,1,1,4
123426,2.0,15.0,2.0,9.0,3.0,1.0,0.30000000000000004,0.1,20.0,9,0,1,0,0,1,1
123426,2.0,15.0,2.0,9.0,3.0,1.0,0.30000000000000004,0.1,20.0,10,0,1,0,0,0,1