Exp Num,agent:svo_convergence_factor,agent:params:metabolism,agent:params:consumption_factor,agent:params:procreate_cost_factor,agent:params:procreate_req_factor,agent:params:start_energy_factor,agent:params:caught_chance,agent:params:caught_cooldown_factor,agent:params:maximum_age,Epoch,Resource,A,B,C,D,E
117010,2.0,15.0,1.0,9.0,1.0,1.0,0.1,0.30000000000000004,10.0,0,3500.0,20,26,13,25,75
117010,2.0,15.0,1.0,9.0,1.0,1.0,0.1,0.30000000000000004,10.0,1,2875.0,20,26,13,25,75
117010,2.0,15.0,1.0,9.0,1.0,1.0,0.1,0.30000000000000004,10.0,2,2093.75,20,26,13,25,75
117010,2.0,15.0,1.0,9.0,1.0,1.0,0.1,0.30000000000000004,10.0,3,1117.1875,20,26,13,25,75
117010,2.0,15.0,1.0,9.0,1.0,1.0,0.1,0.30000000000000004,10.0,4,0,20,24,13,23,73
117010,2.0,15.0,1.0,9.0,1.0,1.0,0.1,0.30000000000000004,10.0,5,0,8,15,6,13,35
117010,2.0,15.0,1.0,9.0,1.0,1.0,0.1,0.30000000000000004,10.0,6,0,5,7,2,7,17
117010,2.0,15.0,1.0,9.0,1.0,1.0,0.1,0.30000000000000004,10.0,7,0,2,5,0,2,10
117010,2.0,15.0,1.0,9.0,1.0,1.0,0.1,0.30000000000000004,10.0,8,0,0,2,0,2,4
117010,2.0,15.0,1.0,9.0,1.0,1.0,0.1,0.30000000000000004,10.0,9,0,0,0,0,1,2
117010,2.0,15.0,1.0,9.0,1.0,1.0,0.1,0.30000000000000004,10.0,10,0,0,0,0,0,1