Exp Num,agent:svo_convergence_factor,agent:params:metabolism,agent:params:consumption_factor,agent:params:procreate_cost_factor,agent:params:procreate_req_factor,agent:params:start_energy_factor,agent:params:caught_chance,agent:params:caught_cooldown_factor,agent:params:maximum_age,Epoch,Resource,A,B,C,D,E
116308,2.0,15.0,1.0,7.0,2.0,1.0,0.30000000000000004,0.2,40.0,0,3500.0,22,23,11,25,75
116308,2.0,15.0,1.0,7.0,2.0,1.0,0.30000000000000004,0.2,40.0,1,2875.0,22,23,11,25,75
116308,2.0,15.0,1.0,7.0,2.0,1.0,0.30000000000000004,0.2,40.0,2,2093.75,22,23,11,25,75
116308,2.0,15.0,1.0,7.0,2.0,1.0,0.30000000000000004,0.2,40.0,3,1117.1875,22,23,11,25,75
116308,2.0,15.0,1.0,7.0,2.0,1.0,0.30000000000000004,0.2,40.0,4,0,21,22,11,24,72
116308,2.0,15.0,1.0,7.0,2.0,1.0,0.30000000000000004,0.2,40.0,5,0,12,9,5,12,36
116308,2.0,15.0,1.0,7.0,2.0,1.0,0.30000000000000004,0.2,40.0,6,0,5,5,1,8,16
116308,2.0,15.0,1.0,7.0,2.0,1.0,0.30000000000000004,0.2,40.0,7,0,2,2,1,4,8
116308,2.0,15.0,1.0,7.0,2.0,1.0,0.30000000000000004,0.2,40.0,8,0,2,0,1,3,3
116308,2.0,15.0,1.0,7.0,2.0,1.0,0.30000000000000004,0.2,40.0,9,0,1,0,0,2,1
116308,2.0,15.0,1.0,7.0,2.0,1.0,0.30000000000000004,0.2,40.0,10,0,0,0,0,1,0