Exp Num,agent:svo_convergence_factor,agent:params:metabolism,agent:params:consumption_factor,agent:params:procreate_cost_factor,agent:params:procreate_req_factor,agent:params:start_energy_factor,agent:params:caught_chance,agent:params:caught_cooldown_factor,agent:params:maximum_age,Epoch,Resource,A,B,C,D,E
168370,3.0,10.0,2.0,9.0,2.0,3.0,0.5,0.5,10.0,0,3760.0,19,26,7,31,69
168370,3.0,10.0,2.0,9.0,2.0,3.0,0.5,0.5,10.0,1,3860.0,19,26,7,31,69
168370,3.0,10.0,2.0,9.0,2.0,3.0,0.5,0.5,10.0,2,3905.0,16,18,5,29,56
168370,3.0,10.0,2.0,9.0,2.0,3.0,0.5,0.5,10.0,3,4141.25,16,17,5,29,55
168370,3.0,10.0,2.0,9.0,2.0,3.0,0.5,0.5,10.0,4,4096.5625,14,16,3,24,50
168370,3.0,10.0,2.0,9.0,2.0,3.0,0.5,0.5,10.0,5,4040.703125,14,16,2,22,48
168370,3.0,10.0,2.0,9.0,2.0,3.0,0.5,0.5,10.0,6,3910.87890625,10,16,2,22,43
168370,3.0,10.0,2.0,9.0,2.0,3.0,0.5,0.5,10.0,7,3668.5986328125,10,16,2,21,43
168370,3.0,10.0,2.0,9.0,2.0,3.0,0.5,0.5,10.0,8,3365.748291015625,10,15,2,21,42
168370,3.0,10.0,2.0,9.0,2.0,3.0,0.5,0.5,10.0,9,2967.1853637695312,10,15,2,21,42
168370,3.0,10.0,2.0,9.0,2.0,3.0,0.5,0.5,10.0,10,2968.981704711914,4,10,0,11,25
168370,3.0,10.0,2.0,9.0,2.0,3.0,0.5,0.5,10.0,11,3271.2271308898926,3,5,0,8,15
168370,3.0,10.0,2.0,9.0,2.0,3.0,0.5,0.5,10.0,12,3829.0339136123657,2,1,0,4,9
168370,3.0,10.0,2.0,9.0,2.0,3.0,0.5,0.5,10.0,13,4626.292392015457,0,1,0,3,5
168370,3.0,10.0,2.0,9.0,2.0,3.0,0.5,0.5,10.0,14,5682.865490019321,0,0,0,2,3
168370,3.0,10.0,2.0,9.0,2.0,3.0,0.5,0.5,10.0,15,7043.581862524152,0,0,0,1,1
168370,3.0,10.0,2.0,9.0,2.0,3.0,0.5,0.5,10.0,16,8784.47732815519,0,0,0,1,0