Exp Num,agent:svo_convergence_factor,agent:params:metabolism,agent:params:consumption_factor,agent:params:procreate_cost_factor,agent:params:procreate_req_factor,agent:params:start_energy_factor,agent:params:caught_chance,agent:params:caught_cooldown_factor,agent:params:maximum_age,Epoch,Resource,A,B,C,D,E
165895,3.0,10.0,2.0,5.0,2.0,2.0,0.1,0.5,10.0,0,3520.0,20,22,17,22,78
165895,3.0,10.0,2.0,5.0,2.0,2.0,0.1,0.5,10.0,1,3100.0,20,22,17,21,78
165895,3.0,10.0,2.0,5.0,2.0,2.0,0.1,0.5,10.0,2,3035.0,20,22,17,21,78
165895,3.0,10.0,2.0,5.0,2.0,2.0,0.1,0.5,10.0,3,2333.75,18,20,17,21,74
165895,3.0,10.0,2.0,5.0,2.0,2.0,0.1,0.5,10.0,4,2097.1875,18,20,16,21,73
165895,3.0,10.0,2.0,5.0,2.0,2.0,0.1,0.5,10.0,5,1281.484375,16,19,15,21,69
165895,3.0,10.0,2.0,5.0,2.0,2.0,0.1,0.5,10.0,6,861.85546875,16,19,15,21,69
165895,3.0,10.0,2.0,5.0,2.0,2.0,0.1,0.5,10.0,7,0,15,17,15,21,66
165895,3.0,10.0,2.0,5.0,2.0,2.0,0.1,0.5,10.0,8,0,15,17,14,20,62
165895,3.0,10.0,2.0,5.0,2.0,2.0,0.1,0.5,10.0,9,0,15,15,12,10,48
165895,3.0,10.0,2.0,5.0,2.0,2.0,0.1,0.5,10.0,10,0,10,8,8,6,29
165895,3.0,10.0,2.0,5.0,2.0,2.0,0.1,0.5,10.0,11,0,4,7,5,4,17
165895,3.0,10.0,2.0,5.0,2.0,2.0,0.1,0.5,10.0,12,0,3,5,2,2,11
165895,3.0,10.0,2.0,5.0,2.0,2.0,0.1,0.5,10.0,13,0,2,2,1,1,6
165895,3.0,10.0,2.0,5.0,2.0,2.0,0.1,0.5,10.0,14,0,1,1,1,1,3
165895,3.0,10.0,2.0,5.0,2.0,2.0,0.1,0.5,10.0,15,0,1,1,1,0,3
165895,3.0,10.0,2.0,5.0,2.0,2.0,0.1,0.5,10.0,16,0,1,0,1,0,2
165895,3.0,10.0,2.0,5.0,2.0,2.0,0.1,0.5,10.0,17,0,1,0,1,0,2
165895,3.0,10.0,2.0,5.0,2.0,2.0,0.1,0.5,10.0,18,80.0,1,0,1,0,2
165895,3.0,10.0,2.0,5.0,2.0,2.0,0.1,0.5,10.0,19,100.0,1,0,0,0,1