Exp Num,agent:svo_convergence_factor,agent:params:metabolism,agent:params:consumption_factor,agent:params:procreate_cost_factor,agent:params:procreate_req_factor,agent:params:start_energy_factor,agent:params:caught_chance,agent:params:caught_cooldown_factor,agent:params:maximum_age,Epoch,Resource,A,B,C,D,E
167751,3.0,10.0,2.0,9.0,1.0,2.0,0.1,0.1,20.0,0,3560.0,21,26,8,25,75
167751,3.0,10.0,2.0,9.0,1.0,2.0,0.1,0.1,20.0,1,3010.0,19,26,8,25,73
167751,3.0,10.0,2.0,9.0,1.0,2.0,0.1,0.1,20.0,2,2902.5,19,26,8,25,73
167751,3.0,10.0,2.0,9.0,1.0,2.0,0.1,0.1,20.0,3,2488.125,19,23,8,25,70
167751,3.0,10.0,2.0,9.0,1.0,2.0,0.1,0.1,20.0,4,2350.15625,19,22,8,25,69
167751,3.0,10.0,2.0,9.0,1.0,2.0,0.1,0.1,20.0,5,1677.6953125,18,21,7,25,66
167751,3.0,10.0,2.0,9.0,1.0,2.0,0.1,0.1,20.0,6,1397.119140625,21,22,7,25,70
167751,3.0,10.0,2.0,9.0,1.0,2.0,0.1,0.1,20.0,7,426.39892578125,23,20,6,25,68
167751,3.0,10.0,2.0,9.0,1.0,2.0,0.1,0.1,20.0,8,0,24,21,6,24,70
167751,3.0,10.0,2.0,9.0,1.0,2.0,0.1,0.1,20.0,9,0,20,20,5,12,53
167751,3.0,10.0,2.0,9.0,1.0,2.0,0.1,0.1,20.0,10,0,17,20,2,7,44
167751,3.0,10.0,2.0,9.0,1.0,2.0,0.1,0.1,20.0,11,0,14,16,0,3,30
167751,3.0,10.0,2.0,9.0,1.0,2.0,0.1,0.1,20.0,12,0,12,14,0,2,26
167751,3.0,10.0,2.0,9.0,1.0,2.0,0.1,0.1,20.0,13,0,12,12,0,0,24
167751,3.0,10.0,2.0,9.0,1.0,2.0,0.1,0.1,20.0,14,0,12,9,0,0,21
167751,3.0,10.0,2.0,9.0,1.0,2.0,0.1,0.1,20.0,15,0,10,8,0,0,18
167751,3.0,10.0,2.0,9.0,1.0,2.0,0.1,0.1,20.0,16,0,7,7,0,0,14
167751,3.0,10.0,2.0,9.0,1.0,2.0,0.1,0.1,20.0,17,0,6,5,0,0,11
167751,3.0,10.0,2.0,9.0,1.0,2.0,0.1,0.1,20.0,18,0,6,3,0,0,9
167751,3.0,10.0,2.0,9.0,1.0,2.0,0.1,0.1,20.0,19,0,5,3,0,0,8
167751,3.0,10.0,2.0,9.0,1.0,2.0,0.1,0.1,20.0,20,0,5,3,0,0,8
167751,3.0,10.0,2.0,9.0,1.0,2.0,0.1,0.1,20.0,21,0,2,2,0,0,4
167751,3.0,10.0,2.0,9.0,1.0,2.0,0.1,0.1,20.0,22,0,1,2,0,0,3
167751,3.0,10.0,2.0,9.0,1.0,2.0,0.1,0.1,20.0,23,0,1,1,0,0,2
167751,3.0,10.0,2.0,9.0,1.0,2.0,0.1,0.1,20.0,24,0,1,0,0,0,1