Exp Num,agent:svo_convergence_factor,agent:params:metabolism,agent:params:consumption_factor,agent:params:procreate_cost_factor,agent:params:procreate_req_factor,agent:params:start_energy_factor,agent:params:caught_chance,agent:params:caught_cooldown_factor,agent:params:maximum_age,Epoch,Resource,A,B,C,D,E
114648,2.0,15.0,1.0,3.0,3.0,3.0,0.1,0.5,40.0,0,3500.0,17,26,13,19,81
114648,2.0,15.0,1.0,3.0,3.0,3.0,0.1,0.5,40.0,1,2965.0,17,26,13,19,81
114648,2.0,15.0,1.0,3.0,3.0,3.0,0.1,0.5,40.0,2,2701.25,17,26,13,19,81
114648,2.0,15.0,1.0,3.0,3.0,3.0,0.1,0.5,40.0,3,2551.5625,16,26,13,19,80
114648,2.0,15.0,1.0,3.0,3.0,3.0,0.1,0.5,40.0,4,2424.453125,16,24,11,19,76
114648,2.0,15.0,1.0,3.0,3.0,3.0,0.1,0.5,40.0,5,2115.56640625,13,22,11,19,71
114648,2.0,15.0,1.0,3.0,3.0,3.0,0.1,0.5,40.0,6,1684.4580078125,10,20,10,19,65
114648,2.0,15.0,1.0,3.0,3.0,3.0,0.1,0.5,40.0,7,1070.572509765625,9,20,9,19,63
114648,2.0,15.0,1.0,3.0,3.0,3.0,0.1,0.5,40.0,8,198.21563720703125,8,20,9,19,62
114648,2.0,15.0,1.0,3.0,3.0,3.0,0.1,0.5,40.0,9,0,7,15,6,11,40
114648,2.0,15.0,1.0,3.0,3.0,3.0,0.1,0.5,40.0,10,0,6,11,2,4,24
114648,2.0,15.0,1.0,3.0,3.0,3.0,0.1,0.5,40.0,11,0,5,7,1,1,15
114648,2.0,15.0,1.0,3.0,3.0,3.0,0.1,0.5,40.0,12,0,3,6,1,0,10
114648,2.0,15.0,1.0,3.0,3.0,3.0,0.1,0.5,40.0,13,0,2,3,1,0,6
114648,2.0,15.0,1.0,3.0,3.0,3.0,0.1,0.5,40.0,14,0,1,2,0,0,3
114648,2.0,15.0,1.0,3.0,3.0,3.0,0.1,0.5,40.0,15,0,0,2,0,0,2
114648,2.0,15.0,1.0,3.0,3.0,3.0,0.1,0.5,40.0,16,0,0,1,0,0,1