Exp Num,agent:svo_convergence_factor,agent:params:metabolism,agent:params:consumption_factor,agent:params:procreate_cost_factor,agent:params:procreate_req_factor,agent:params:start_energy_factor,agent:params:caught_chance,agent:params:caught_cooldown_factor,agent:params:maximum_age,Epoch,Resource,A,B,C,D,E
185320,3.0,15.0,1.0,9.0,3.0,1.0,0.30000000000000004,0.5,10.0,0,3500.0,12,29,12,27,73
185320,3.0,15.0,1.0,9.0,3.0,1.0,0.30000000000000004,0.5,10.0,1,2875.0,12,29,12,27,73
185320,3.0,15.0,1.0,9.0,3.0,1.0,0.30000000000000004,0.5,10.0,2,2093.75,12,29,12,27,73
185320,3.0,15.0,1.0,9.0,3.0,1.0,0.30000000000000004,0.5,10.0,3,1117.1875,12,29,12,27,73
185320,3.0,15.0,1.0,9.0,3.0,1.0,0.30000000000000004,0.5,10.0,4,0,12,26,12,26,70
185320,3.0,15.0,1.0,9.0,3.0,1.0,0.30000000000000004,0.5,10.0,5,0,5,13,6,13,35
185320,3.0,15.0,1.0,9.0,3.0,1.0,0.30000000000000004,0.5,10.0,6,0,3,5,3,7,17
185320,3.0,15.0,1.0,9.0,3.0,1.0,0.30000000000000004,0.5,10.0,7,0,1,2,2,3,9
185320,3.0,15.0,1.0,9.0,3.0,1.0,0.30000000000000004,0.5,10.0,8,0,0,1,1,2,4
185320,3.0,15.0,1.0,9.0,3.0,1.0,0.30000000000000004,0.5,10.0,9,0,0,1,0,1,2
185320,3.0,15.0,1.0,9.0,3.0,1.0,0.30000000000000004,0.5,10.0,10,0,0,1,0,0,1