Exp Num,agent:svo_convergence_factor,agent:params:metabolism,agent:params:consumption_factor,agent:params:procreate_cost_factor,agent:params:procreate_req_factor,agent:params:start_energy_factor,agent:params:caught_chance,agent:params:caught_cooldown_factor,agent:params:maximum_age,Epoch,Resource,A,B,C,D,E
187264,3.0,15.0,2.0,3.0,2.0,2.0,0.1,0.30000000000000004,50.0,0,3980.0,16,18,12,35,65
187264,3.0,15.0,2.0,3.0,2.0,2.0,0.1,0.30000000000000004,50.0,1,2425.0,15,18,12,35,64
187264,3.0,15.0,2.0,3.0,2.0,2.0,0.1,0.30000000000000004,50.0,2,1981.25,15,18,12,35,64
187264,3.0,15.0,2.0,3.0,2.0,2.0,0.1,0.30000000000000004,50.0,3,616.5625,15,17,9,34,60
187264,3.0,15.0,2.0,3.0,2.0,2.0,0.1,0.30000000000000004,50.0,4,0,16,18,9,34,61
187264,3.0,15.0,2.0,3.0,2.0,2.0,0.1,0.30000000000000004,50.0,5,0,16,13,6,18,42
187264,3.0,15.0,2.0,3.0,2.0,2.0,0.1,0.30000000000000004,50.0,6,0,14,11,5,12,31
187264,3.0,15.0,2.0,3.0,2.0,2.0,0.1,0.30000000000000004,50.0,7,0,13,9,2,8,24
187264,3.0,15.0,2.0,3.0,2.0,2.0,0.1,0.30000000000000004,50.0,8,0,9,5,1,6,15
187264,3.0,15.0,2.0,3.0,2.0,2.0,0.1,0.30000000000000004,50.0,9,0,8,4,1,3,13
187264,3.0,15.0,2.0,3.0,2.0,2.0,0.1,0.30000000000000004,50.0,10,0,6,3,0,1,9
187264,3.0,15.0,2.0,3.0,2.0,2.0,0.1,0.30000000000000004,50.0,11,0,3,2,0,1,5
187264,3.0,15.0,2.0,3.0,2.0,2.0,0.1,0.30000000000000004,50.0,12,0,3,1,0,0,4
187264,3.0,15.0,2.0,3.0,2.0,2.0,0.1,0.30000000000000004,50.0,13,0,2,0,0,0,2
187264,3.0,15.0,2.0,3.0,2.0,2.0,0.1,0.30000000000000004,50.0,14,0,1,0,0,0,1