Exp Num,agent:svo_convergence_factor,agent:params:metabolism,agent:params:consumption_factor,agent:params:procreate_cost_factor,agent:params:procreate_req_factor,agent:params:start_energy_factor,agent:params:caught_chance,agent:params:caught_cooldown_factor,agent:params:maximum_age,Epoch,Resource,A,B,C,D,E
102338,2.0,10.0,3.0,1.0,3.0,3.0,0.4,0.30000000000000004,40.0,0,4190.0,15,37,11,35,78
102338,2.0,10.0,3.0,1.0,3.0,3.0,0.4,0.30000000000000004,40.0,1,4427.5,17,46,17,38,95
102338,2.0,10.0,3.0,1.0,3.0,3.0,0.4,0.30000000000000004,40.0,2,3824.375,12,49,22,44,99
102338,2.0,10.0,3.0,1.0,3.0,3.0,0.4,0.30000000000000004,40.0,3,3340.46875,12,51,27,47,109
102338,2.0,10.0,3.0,1.0,3.0,3.0,0.4,0.30000000000000004,40.0,4,2375.5859375,10,60,31,53,121
102338,2.0,10.0,3.0,1.0,3.0,3.0,0.4,0.30000000000000004,40.0,5,1169.482421875,8,65,40,56,133
102338,2.0,10.0,3.0,1.0,3.0,3.0,0.4,0.30000000000000004,40.0,6,0,7,62,44,57,133
102338,2.0,10.0,3.0,1.0,3.0,3.0,0.4,0.30000000000000004,40.0,7,0,4,54,31,34,105
102338,2.0,10.0,3.0,1.0,3.0,3.0,0.4,0.30000000000000004,40.0,8,0,2,43,22,17,74
102338,2.0,10.0,3.0,1.0,3.0,3.0,0.4,0.30000000000000004,40.0,9,0,1,30,10,11,42
102338,2.0,10.0,3.0,1.0,3.0,3.0,0.4,0.30000000000000004,40.0,10,0,1,18,6,5,26
102338,2.0,10.0,3.0,1.0,3.0,3.0,0.4,0.30000000000000004,40.0,11,0,2,11,4,3,17
102338,2.0,10.0,3.0,1.0,3.0,3.0,0.4,0.30000000000000004,40.0,12,0,2,6,2,3,10
102338,2.0,10.0,3.0,1.0,3.0,3.0,0.4,0.30000000000000004,40.0,13,0,2,4,0,1,6
102338,2.0,10.0,3.0,1.0,3.0,3.0,0.4,0.30000000000000004,40.0,14,0,1,3,0,0,4
102338,2.0,10.0,3.0,1.0,3.0,3.0,0.4,0.30000000000000004,40.0,15,0,1,1,0,0,2
102338,2.0,10.0,3.0,1.0,3.0,3.0,0.4,0.30000000000000004,40.0,16,0,1,0,0,0,1