Exp Num,agent:svo_convergence_factor,agent:params:metabolism,agent:params:consumption_factor,agent:params:procreate_cost_factor,agent:params:procreate_req_factor,agent:params:start_energy_factor,agent:params:caught_chance,agent:params:caught_cooldown_factor,agent:params:maximum_age,Epoch,Resource,A,B,C,D,E
154525,3.0,5.0,4.0,5.0,2.0,1.0,0.2,0.1,10.0,0,3000.0,14,22,11,29,71
154525,3.0,5.0,4.0,5.0,2.0,1.0,0.2,0.1,10.0,1,2990.0,14,22,11,29,71
154525,3.0,5.0,4.0,5.0,2.0,1.0,0.2,0.1,10.0,2,3097.5,17,29,13,29,83
154525,3.0,5.0,4.0,5.0,2.0,1.0,0.2,0.1,10.0,3,3031.875,18,32,13,29,87
154525,3.0,5.0,4.0,5.0,2.0,1.0,0.2,0.1,10.0,4,2289.84375,21,36,14,29,95
154525,3.0,5.0,4.0,5.0,2.0,1.0,0.2,0.1,10.0,5,1782.3046875,22,42,19,29,107
154525,3.0,5.0,4.0,5.0,2.0,1.0,0.2,0.1,10.0,6,1187.880859375,29,47,20,29,120
154525,3.0,5.0,4.0,5.0,2.0,1.0,0.2,0.1,10.0,7,184.85107421875,37,56,20,29,137
154525,3.0,5.0,4.0,5.0,2.0,1.0,0.2,0.1,10.0,8,0,38,59,18,22,126
154525,3.0,5.0,4.0,5.0,2.0,1.0,0.2,0.1,10.0,9,0,38,59,18,21,123
154525,3.0,5.0,4.0,5.0,2.0,1.0,0.2,0.1,10.0,10,0,30,46,11,10,92
154525,3.0,5.0,4.0,5.0,2.0,1.0,0.2,0.1,10.0,11,0,26,39,10,5,76
154525,3.0,5.0,4.0,5.0,2.0,1.0,0.2,0.1,10.0,12,0,24,35,9,2,68
154525,3.0,5.0,4.0,5.0,2.0,1.0,0.2,0.1,10.0,13,0,22,30,8,0,60
154525,3.0,5.0,4.0,5.0,2.0,1.0,0.2,0.1,10.0,14,0,20,25,8,0,53
154525,3.0,5.0,4.0,5.0,2.0,1.0,0.2,0.1,10.0,15,0,19,21,4,0,44
154525,3.0,5.0,4.0,5.0,2.0,1.0,0.2,0.1,10.0,16,0,15,18,2,0,35
154525,3.0,5.0,4.0,5.0,2.0,1.0,0.2,0.1,10.0,17,0,12,14,1,0,27
154525,3.0,5.0,4.0,5.0,2.0,1.0,0.2,0.1,10.0,18,0,8,10,0,0,18
154525,3.0,5.0,4.0,5.0,2.0,1.0,0.2,0.1,10.0,19,0,6,8,0,0,14
154525,3.0,5.0,4.0,5.0,2.0,1.0,0.2,0.1,10.0,20,0,2,6,0,0,8
154525,3.0,5.0,4.0,5.0,2.0,1.0,0.2,0.1,10.0,21,0,1,4,0,0,5
154525,3.0,5.0,4.0,5.0,2.0,1.0,0.2,0.1,10.0,22,0,0,3,0,0,3
154525,3.0,5.0,4.0,5.0,2.0,1.0,0.2,0.1,10.0,23,0,0,1,0,0,1