Exp Num,agent:svo_convergence_factor,agent:params:metabolism,agent:params:consumption_factor,agent:params:procreate_cost_factor,agent:params:procreate_req_factor,agent:params:start_energy_factor,agent:params:caught_chance,agent:params:caught_cooldown_factor,agent:params:maximum_age,Epoch,Resource,A,B,C,D,E
101804,2.0,10.0,3.0,1.0,2.0,2.0,0.30000000000000004,0.1,50.0,0,3920.0,18,30,24,29,89
101804,2.0,10.0,3.0,1.0,2.0,2.0,0.30000000000000004,0.1,50.0,1,3040.0,18,35,31,38,105
101804,2.0,10.0,3.0,1.0,2.0,2.0,0.30000000000000004,0.1,50.0,2,2150.0,20,43,44,40,129
101804,2.0,10.0,3.0,1.0,2.0,2.0,0.30000000000000004,0.1,50.0,3,0,26,49,57,51,158
101804,2.0,10.0,3.0,1.0,2.0,2.0,0.30000000000000004,0.1,50.0,4,0,23,46,46,44,140
101804,2.0,10.0,3.0,1.0,2.0,2.0,0.30000000000000004,0.1,50.0,5,0,19,29,31,22,89
101804,2.0,10.0,3.0,1.0,2.0,2.0,0.30000000000000004,0.1,50.0,6,0,13,16,18,12,56
101804,2.0,10.0,3.0,1.0,2.0,2.0,0.30000000000000004,0.1,50.0,7,0,10,7,14,4,33
101804,2.0,10.0,3.0,1.0,2.0,2.0,0.30000000000000004,0.1,50.0,8,0,6,4,10,1,21
101804,2.0,10.0,3.0,1.0,2.0,2.0,0.30000000000000004,0.1,50.0,9,0,3,3,5,1,12
101804,2.0,10.0,3.0,1.0,2.0,2.0,0.30000000000000004,0.1,50.0,10,0,1,1,4,1,6
101804,2.0,10.0,3.0,1.0,2.0,2.0,0.30000000000000004,0.1,50.0,11,0,1,1,1,0,3
101804,2.0,10.0,3.0,1.0,2.0,2.0,0.30000000000000004,0.1,50.0,12,0,1,0,1,0,2
101804,2.0,10.0,3.0,1.0,2.0,2.0,0.30000000000000004,0.1,50.0,13,0,1,0,0,0,1