Exp Num,agent:svo_convergence_factor,agent:params:metabolism,agent:params:consumption_factor,agent:params:procreate_cost_factor,agent:params:procreate_req_factor,agent:params:start_energy_factor,agent:params:caught_chance,agent:params:caught_cooldown_factor,agent:params:maximum_age,Epoch,Resource,A,B,C,D,E
178761,3.0,10.0,4.0,7.0,3.0,3.0,0.1,0.30000000000000004,20.0,0,3000.0,17,29,8,24,76
178761,3.0,10.0,4.0,7.0,3.0,3.0,0.1,0.30000000000000004,20.0,1,2110.0,17,29,8,24,76
178761,3.0,10.0,4.0,7.0,3.0,3.0,0.1,0.30000000000000004,20.0,2,77.5,13,28,8,21,70
178761,3.0,10.0,4.0,7.0,3.0,3.0,0.1,0.30000000000000004,20.0,3,0,13,28,8,20,70
178761,3.0,10.0,4.0,7.0,3.0,3.0,0.1,0.30000000000000004,20.0,4,0,13,28,8,20,70
178761,3.0,10.0,4.0,7.0,3.0,3.0,0.1,0.30000000000000004,20.0,5,0,13,28,8,20,70
178761,3.0,10.0,4.0,7.0,3.0,3.0,0.1,0.30000000000000004,20.0,6,0,11,24,6,11,51
178761,3.0,10.0,4.0,7.0,3.0,3.0,0.1,0.30000000000000004,20.0,7,0,11,23,3,7,41
178761,3.0,10.0,4.0,7.0,3.0,3.0,0.1,0.30000000000000004,20.0,8,0,11,20,3,7,36
178761,3.0,10.0,4.0,7.0,3.0,3.0,0.1,0.30000000000000004,20.0,9,0,11,20,3,7,35
178761,3.0,10.0,4.0,7.0,3.0,3.0,0.1,0.30000000000000004,20.0,10,0,11,18,2,5,32
178761,3.0,10.0,4.0,7.0,3.0,3.0,0.1,0.30000000000000004,20.0,11,0,11,15,2,2,29
178761,3.0,10.0,4.0,7.0,3.0,3.0,0.1,0.30000000000000004,20.0,12,0,10,14,1,2,25
178761,3.0,10.0,4.0,7.0,3.0,3.0,0.1,0.30000000000000004,20.0,13,0,9,12,1,2,22
178761,3.0,10.0,4.0,7.0,3.0,3.0,0.1,0.30000000000000004,20.0,14,0,7,10,1,1,18
178761,3.0,10.0,4.0,7.0,3.0,3.0,0.1,0.30000000000000004,20.0,15,0,5,6,1,0,12
178761,3.0,10.0,4.0,7.0,3.0,3.0,0.1,0.30000000000000004,20.0,16,0,3,4,1,0,8
178761,3.0,10.0,4.0,7.0,3.0,3.0,0.1,0.30000000000000004,20.0,17,0,1,3,1,0,5
178761,3.0,10.0,4.0,7.0,3.0,3.0,0.1,0.30000000000000004,20.0,18,0,1,3,0,0,4
178761,3.0,10.0,4.0,7.0,3.0,3.0,0.1,0.30000000000000004,20.0,19,0,1,2,0,0,3
178761,3.0,10.0,4.0,7.0,3.0,3.0,0.1,0.30000000000000004,20.0,20,0,0,2,0,0,2
178761,3.0,10.0,4.0,7.0,3.0,3.0,0.1,0.30000000000000004,20.0,21,0,0,1,0,0,1