Exp Num,agent:svo_convergence_factor,agent:params:metabolism,agent:params:consumption_factor,agent:params:procreate_cost_factor,agent:params:procreate_req_factor,agent:params:start_energy_factor,agent:params:caught_chance,agent:params:caught_cooldown_factor,agent:params:maximum_age,Epoch,Resource,A,B,C,D,E
155628,3.0,5.0,4.0,7.0,2.0,1.0,0.1,0.1,40.0,0,3000.0,13,29,12,22,78
155628,3.0,5.0,4.0,7.0,2.0,1.0,0.1,0.1,40.0,1,2930.0,13,29,12,22,78
155628,3.0,5.0,4.0,7.0,2.0,1.0,0.1,0.1,40.0,2,2942.5,13,29,12,22,78
155628,3.0,5.0,4.0,7.0,2.0,1.0,0.1,0.1,40.0,3,2738.125,13,29,12,22,78
155628,3.0,5.0,4.0,7.0,2.0,1.0,0.1,0.1,40.0,4,2182.65625,14,34,12,21,84
155628,3.0,5.0,4.0,7.0,2.0,1.0,0.1,0.1,40.0,5,1908.3203125,16,39,12,21,91
155628,3.0,5.0,4.0,7.0,2.0,1.0,0.1,0.1,40.0,6,1605.400390625,20,42,12,22,98
155628,3.0,5.0,4.0,7.0,2.0,1.0,0.1,0.1,40.0,7,966.75048828125,22,50,12,22,108
155628,3.0,5.0,4.0,7.0,2.0,1.0,0.1,0.1,40.0,8,0,23,54,11,21,110
155628,3.0,5.0,4.0,7.0,2.0,1.0,0.1,0.1,40.0,9,0,23,54,11,20,110
155628,3.0,5.0,4.0,7.0,2.0,1.0,0.1,0.1,40.0,10,0,23,54,11,20,110
155628,3.0,5.0,4.0,7.0,2.0,1.0,0.1,0.1,40.0,11,0,23,54,11,20,110
155628,3.0,5.0,4.0,7.0,2.0,1.0,0.1,0.1,40.0,12,0,22,51,11,7,94
155628,3.0,5.0,4.0,7.0,2.0,1.0,0.1,0.1,40.0,13,0,20,51,9,4,84
155628,3.0,5.0,4.0,7.0,2.0,1.0,0.1,0.1,40.0,14,0,17,49,8,4,77
155628,3.0,5.0,4.0,7.0,2.0,1.0,0.1,0.1,40.0,15,0,16,48,8,4,75
155628,3.0,5.0,4.0,7.0,2.0,1.0,0.1,0.1,40.0,16,0,15,44,6,4,66
155628,3.0,5.0,4.0,7.0,2.0,1.0,0.1,0.1,40.0,17,0,14,36,4,1,54
155628,3.0,5.0,4.0,7.0,2.0,1.0,0.1,0.1,40.0,18,0,12,30,4,0,46
155628,3.0,5.0,4.0,7.0,2.0,1.0,0.1,0.1,40.0,19,0,11,28,3,0,42
155628,3.0,5.0,4.0,7.0,2.0,1.0,0.1,0.1,40.0,20,0,10,22,2,0,34
155628,3.0,5.0,4.0,7.0,2.0,1.0,0.1,0.1,40.0,21,0,10,16,0,0,26
155628,3.0,5.0,4.0,7.0,2.0,1.0,0.1,0.1,40.0,22,0,8,11,0,0,19
155628,3.0,5.0,4.0,7.0,2.0,1.0,0.1,0.1,40.0,23,0,5,7,0,0,12
155628,3.0,5.0,4.0,7.0,2.0,1.0,0.1,0.1,40.0,24,0,3,5,0,0,8
155628,3.0,5.0,4.0,7.0,2.0,1.0,0.1,0.1,40.0,25,0,3,2,0,0,5
155628,3.0,5.0,4.0,7.0,2.0,1.0,0.1,0.1,40.0,26,0,2,1,0,0,3
155628,3.0,5.0,4.0,7.0,2.0,1.0,0.1,0.1,40.0,27,0,1,1,0,0,2
155628,3.0,5.0,4.0,7.0,2.0,1.0,0.1,0.1,40.0,28,0,1,1,0,0,2
155628,3.0,5.0,4.0,7.0,2.0,1.0,0.1,0.1,40.0,29,0,1,0,0,0,1