Exp Num,agent:svo_convergence_factor,agent:params:metabolism,agent:params:consumption_factor,agent:params:procreate_cost_factor,agent:params:procreate_req_factor,agent:params:start_energy_factor,agent:params:caught_chance,agent:params:caught_cooldown_factor,agent:params:maximum_age,Epoch,Resource,A,B,C,D,E
120350,2.0,15.0,2.0,3.0,3.0,3.0,0.5,0.1,10.0,0,4310.0,22,25,15,25,75
120350,2.0,15.0,2.0,3.0,3.0,3.0,0.5,0.1,10.0,1,4727.5,22,25,15,25,75
120350,2.0,15.0,2.0,3.0,3.0,3.0,0.5,0.1,10.0,2,4049.375,22,24,13,23,72
120350,2.0,15.0,2.0,3.0,3.0,3.0,0.5,0.1,10.0,3,4041.71875,22,24,13,23,72
120350,2.0,15.0,2.0,3.0,3.0,3.0,0.5,0.1,10.0,4,3612.1484375,18,20,11,22,62
120350,2.0,15.0,2.0,3.0,3.0,3.0,0.5,0.1,10.0,5,3795.185546875,18,19,11,22,61
120350,2.0,15.0,2.0,3.0,3.0,3.0,0.5,0.1,10.0,6,3603.98193359375,18,16,6,21,52
120350,2.0,15.0,2.0,3.0,3.0,3.0,0.5,0.1,10.0,7,3634.9774169921875,18,14,6,21,49
120350,2.0,15.0,2.0,3.0,3.0,3.0,0.5,0.1,10.0,8,3823.7217712402344,14,11,6,19,42
120350,2.0,15.0,2.0,3.0,3.0,3.0,0.5,0.1,10.0,9,4239.652214050293,13,10,4,19,38
120350,2.0,15.0,2.0,3.0,3.0,3.0,0.5,0.1,10.0,10,4429.565267562866,7,5,2,12,22
120350,2.0,15.0,2.0,3.0,3.0,3.0,0.5,0.1,10.0,11,4906.956584453583,6,3,2,6,16
120350,2.0,15.0,2.0,3.0,3.0,3.0,0.5,0.1,10.0,12,5743.695730566978,3,2,2,3,10
120350,2.0,15.0,2.0,3.0,3.0,3.0,0.5,0.1,10.0,13,6939.619663208723,0,2,2,2,5
120350,2.0,15.0,2.0,3.0,3.0,3.0,0.5,0.1,10.0,14,8554.524579010904,0,0,1,2,1
120350,2.0,15.0,2.0,3.0,3.0,3.0,0.5,0.1,10.0,15,9940.0,0,0,0,2,0
120350,2.0,15.0,2.0,3.0,3.0,3.0,0.5,0.1,10.0,16,9970.0,0,0,0,1,0