Exp Num,agent:svo_convergence_factor,agent:params:metabolism,agent:params:consumption_factor,agent:params:procreate_cost_factor,agent:params:procreate_req_factor,agent:params:start_energy_factor,agent:params:caught_chance,agent:params:caught_cooldown_factor,agent:params:maximum_age,Epoch,Resource,A,B,C,D,E
17821,1.0,5.0,4.0,1.0,3.0,2.0,0.30000000000000004,0.5,20.0,0,3600.0,22,34,21,44,91
17821,1.0,5.0,4.0,1.0,3.0,2.0,0.30000000000000004,0.5,20.0,1,3260.0,23,50,35,54,126
17821,1.0,5.0,4.0,1.0,3.0,2.0,0.30000000000000004,0.5,20.0,2,2855.0,29,62,48,61,157
17821,1.0,5.0,4.0,1.0,3.0,2.0,0.30000000000000004,0.5,20.0,3,1808.75,29,75,65,71,187
17821,1.0,5.0,4.0,1.0,3.0,2.0,0.30000000000000004,0.5,20.0,4,240.9375,32,91,82,83,224
17821,1.0,5.0,4.0,1.0,3.0,2.0,0.30000000000000004,0.5,20.0,5,0,31,96,77,71,221
17821,1.0,5.0,4.0,1.0,3.0,2.0,0.30000000000000004,0.5,20.0,6,0,27,87,57,54,183
17821,1.0,5.0,4.0,1.0,3.0,2.0,0.30000000000000004,0.5,20.0,7,0,25,70,35,33,135
17821,1.0,5.0,4.0,1.0,3.0,2.0,0.30000000000000004,0.5,20.0,8,0,23,47,19,23,92
17821,1.0,5.0,4.0,1.0,3.0,2.0,0.30000000000000004,0.5,20.0,9,0,14,34,12,13,61
17821,1.0,5.0,4.0,1.0,3.0,2.0,0.30000000000000004,0.5,20.0,10,0,9,26,7,5,43
17821,1.0,5.0,4.0,1.0,3.0,2.0,0.30000000000000004,0.5,20.0,11,0,8,14,6,2,29
17821,1.0,5.0,4.0,1.0,3.0,2.0,0.30000000000000004,0.5,20.0,12,0,9,6,4,1,20
17821,1.0,5.0,4.0,1.0,3.0,2.0,0.30000000000000004,0.5,20.0,13,0,7,5,2,0,15
17821,1.0,5.0,4.0,1.0,3.0,2.0,0.30000000000000004,0.5,20.0,14,0,6,2,1,0,10
17821,1.0,5.0,4.0,1.0,3.0,2.0,0.30000000000000004,0.5,20.0,15,0,4,1,0,0,5
17821,1.0,5.0,4.0,1.0,3.0,2.0,0.30000000000000004,0.5,20.0,16,60.0,3,1,0,0,4
17821,1.0,5.0,4.0,1.0,3.0,2.0,0.30000000000000004,0.5,20.0,17,35.0,3,1,0,0,4
17821,1.0,5.0,4.0,1.0,3.0,2.0,0.30000000000000004,0.5,20.0,18,0,4,1,0,0,5
17821,1.0,5.0,4.0,1.0,3.0,2.0,0.30000000000000004,0.5,20.0,19,0,4,1,0,0,5
17821,1.0,5.0,4.0,1.0,3.0,2.0,0.30000000000000004,0.5,20.0,20,0,4,1,0,0,5
17821,1.0,5.0,4.0,1.0,3.0,2.0,0.30000000000000004,0.5,20.0,21,0,3,0,0,0,3
17821,1.0,5.0,4.0,1.0,3.0,2.0,0.30000000000000004,0.5,20.0,22,0,2,0,0,0,2
17821,1.0,5.0,4.0,1.0,3.0,2.0,0.30000000000000004,0.5,20.0,23,0,2,0,0,0,2
17821,1.0,5.0,4.0,1.0,3.0,2.0,0.30000000000000004,0.5,20.0,24,0,1,0,0,0,1