Exp Num,agent:svo_convergence_factor,agent:params:metabolism,agent:params:consumption_factor,agent:params:procreate_cost_factor,agent:params:procreate_req_factor,agent:params:start_energy_factor,agent:params:caught_chance,agent:params:caught_cooldown_factor,agent:params:maximum_age,Epoch,Resource,A,B,C,D,E
118511,2.0,15.0,2.0,1.0,2.0,1.0,0.1,0.30000000000000004,20.0,0,2000.0,18,33,23,42,108
118511,2.0,15.0,2.0,1.0,2.0,1.0,0.1,0.30000000000000004,20.0,1,0,19,36,30,52,119
118511,2.0,15.0,2.0,1.0,2.0,1.0,0.1,0.30000000000000004,20.0,2,0,14,26,21,32,74
118511,2.0,15.0,2.0,1.0,2.0,1.0,0.1,0.30000000000000004,20.0,3,0,8,14,15,16,42
118511,2.0,15.0,2.0,1.0,2.0,1.0,0.1,0.30000000000000004,20.0,4,0,4,5,8,12,20
118511,2.0,15.0,2.0,1.0,2.0,1.0,0.1,0.30000000000000004,20.0,5,0,4,3,3,6,12
118511,2.0,15.0,2.0,1.0,2.0,1.0,0.1,0.30000000000000004,20.0,6,0,3,1,2,3,6
118511,2.0,15.0,2.0,1.0,2.0,1.0,0.1,0.30000000000000004,20.0,7,0,2,0,1,1,3
118511,2.0,15.0,2.0,1.0,2.0,1.0,0.1,0.30000000000000004,20.0,8,0,1,0,1,0,2
118511,2.0,15.0,2.0,1.0,2.0,1.0,0.1,0.30000000000000004,20.0,9,0,1,0,0,0,1