Exp Num,agent:svo_convergence_factor,agent:params:metabolism,agent:params:consumption_factor,agent:params:procreate_cost_factor,agent:params:procreate_req_factor,agent:params:start_energy_factor,agent:params:caught_chance,agent:params:caught_cooldown_factor,agent:params:maximum_age,Epoch,Resource,A,B,C,D,E
116062,2.0,15.0,1.0,7.0,1.0,2.0,0.30000000000000004,0.30000000000000004,30.0,0,3500.0,19,28,13,28,72
116062,2.0,15.0,1.0,7.0,1.0,2.0,0.30000000000000004,0.30000000000000004,30.0,1,2950.0,19,28,13,28,72
116062,2.0,15.0,1.0,7.0,1.0,2.0,0.30000000000000004,0.30000000000000004,30.0,2,2637.5,19,28,13,28,72
116062,2.0,15.0,1.0,7.0,1.0,2.0,0.30000000000000004,0.30000000000000004,30.0,3,2261.875,18,26,13,28,69
116062,2.0,15.0,1.0,7.0,1.0,2.0,0.30000000000000004,0.30000000000000004,30.0,4,1792.34375,16,24,12,28,64
116062,2.0,15.0,1.0,7.0,1.0,2.0,0.30000000000000004,0.30000000000000004,30.0,5,1205.4296875,11,22,12,28,57
116062,2.0,15.0,1.0,7.0,1.0,2.0,0.30000000000000004,0.30000000000000004,30.0,6,426.787109375,9,20,12,28,53
116062,2.0,15.0,1.0,7.0,1.0,2.0,0.30000000000000004,0.30000000000000004,30.0,7,0,7,14,10,22,38
116062,2.0,15.0,1.0,7.0,1.0,2.0,0.30000000000000004,0.30000000000000004,30.0,8,0,3,8,4,11,19
116062,2.0,15.0,1.0,7.0,1.0,2.0,0.30000000000000004,0.30000000000000004,30.0,9,0,3,4,1,6,9
116062,2.0,15.0,1.0,7.0,1.0,2.0,0.30000000000000004,0.30000000000000004,30.0,10,0,1,1,1,4,3
116062,2.0,15.0,1.0,7.0,1.0,2.0,0.30000000000000004,0.30000000000000004,30.0,11,0,1,0,0,2,1
116062,2.0,15.0,1.0,7.0,1.0,2.0,0.30000000000000004,0.30000000000000004,30.0,12,0,1,0,0,0,1