Exp Num,agent:svo_convergence_factor,agent:params:metabolism,agent:params:consumption_factor,agent:params:procreate_cost_factor,agent:params:procreate_req_factor,agent:params:start_energy_factor,agent:params:caught_chance,agent:params:caught_cooldown_factor,agent:params:maximum_age,Epoch,Resource,A,B,C,D,E
117287,2.0,15.0,1.0,9.0,1.0,3.0,0.2,0.30000000000000004,30.0,0,3500.0,9,30,10,29,71
117287,2.0,15.0,1.0,9.0,1.0,3.0,0.2,0.30000000000000004,30.0,1,2935.0,9,30,10,29,71
117287,2.0,15.0,1.0,9.0,1.0,3.0,0.2,0.30000000000000004,30.0,2,2783.75,9,30,10,29,71
117287,2.0,15.0,1.0,9.0,1.0,3.0,0.2,0.30000000000000004,30.0,3,2729.6875,8,30,10,29,70
117287,2.0,15.0,1.0,9.0,1.0,3.0,0.2,0.30000000000000004,30.0,4,2587.109375,7,27,9,29,63
117287,2.0,15.0,1.0,9.0,1.0,3.0,0.2,0.30000000000000004,30.0,5,2273.88671875,5,25,8,29,58
117287,2.0,15.0,1.0,9.0,1.0,3.0,0.2,0.30000000000000004,30.0,6,2047.3583984375,4,21,8,29,53
117287,2.0,15.0,1.0,9.0,1.0,3.0,0.2,0.30000000000000004,30.0,7,1689.197998046875,4,19,8,29,51
117287,2.0,15.0,1.0,9.0,1.0,3.0,0.2,0.30000000000000004,30.0,8,1271.4974975585938,2,15,8,28,45
117287,2.0,15.0,1.0,9.0,1.0,3.0,0.2,0.30000000000000004,30.0,9,659.3718719482422,0,13,8,27,41
117287,2.0,15.0,1.0,9.0,1.0,3.0,0.2,0.30000000000000004,30.0,10,0,0,12,8,24,38
117287,2.0,15.0,1.0,9.0,1.0,3.0,0.2,0.30000000000000004,30.0,11,0,0,8,3,11,20
117287,2.0,15.0,1.0,9.0,1.0,3.0,0.2,0.30000000000000004,30.0,12,0,0,7,1,4,12
117287,2.0,15.0,1.0,9.0,1.0,3.0,0.2,0.30000000000000004,30.0,13,0,0,4,1,0,8
117287,2.0,15.0,1.0,9.0,1.0,3.0,0.2,0.30000000000000004,30.0,14,0,0,2,1,0,4
117287,2.0,15.0,1.0,9.0,1.0,3.0,0.2,0.30000000000000004,30.0,15,0,0,1,0,0,2
117287,2.0,15.0,1.0,9.0,1.0,3.0,0.2,0.30000000000000004,30.0,16,0,0,1,0,0,1