Exp Num,agent:svo_convergence_factor,agent:params:metabolism,agent:params:consumption_factor,agent:params:procreate_cost_factor,agent:params:procreate_req_factor,agent:params:start_energy_factor,agent:params:caught_chance,agent:params:caught_cooldown_factor,agent:params:maximum_age,Epoch,Resource,A,B,C,D,E
196943,3.0,15.0,4.0,1.0,1.0,1.0,0.30000000000000004,0.4,40.0,0,0,21,35,23,33,99
196943,3.0,15.0,4.0,1.0,1.0,1.0,0.30000000000000004,0.4,40.0,1,0,29,45,35,49,133
196943,3.0,15.0,4.0,1.0,1.0,1.0,0.30000000000000004,0.4,40.0,2,0,23,34,27,40,97
196943,3.0,15.0,4.0,1.0,1.0,1.0,0.30000000000000004,0.4,40.0,3,0,15,23,17,30,63
196943,3.0,15.0,4.0,1.0,1.0,1.0,0.30000000000000004,0.4,40.0,4,0,10,15,16,20,50
196943,3.0,15.0,4.0,1.0,1.0,1.0,0.30000000000000004,0.4,40.0,5,0,7,11,10,12,33
196943,3.0,15.0,4.0,1.0,1.0,1.0,0.30000000000000004,0.4,40.0,6,0,2,6,7,9,20
196943,3.0,15.0,4.0,1.0,1.0,1.0,0.30000000000000004,0.4,40.0,7,0,1,4,6,6,13
196943,3.0,15.0,4.0,1.0,1.0,1.0,0.30000000000000004,0.4,40.0,8,0,0,3,3,4,8
196943,3.0,15.0,4.0,1.0,1.0,1.0,0.30000000000000004,0.4,40.0,9,0,0,2,2,5,5
196943,3.0,15.0,4.0,1.0,1.0,1.0,0.30000000000000004,0.4,40.0,10,0,0,1,1,4,3
196943,3.0,15.0,4.0,1.0,1.0,1.0,0.30000000000000004,0.4,40.0,11,0,0,2,1,1,4
196943,3.0,15.0,4.0,1.0,1.0,1.0,0.30000000000000004,0.4,40.0,12,0,0,3,1,1,4
196943,3.0,15.0,4.0,1.0,1.0,1.0,0.30000000000000004,0.4,40.0,13,0,0,2,1,0,3
196943,3.0,15.0,4.0,1.0,1.0,1.0,0.30000000000000004,0.4,40.0,14,0,0,0,1,0,1