Exp Num,agent:svo_convergence_factor,agent:params:metabolism,agent:params:consumption_factor,agent:params:procreate_cost_factor,agent:params:procreate_req_factor,agent:params:start_energy_factor,agent:params:caught_chance,agent:params:caught_cooldown_factor,agent:params:maximum_age,Epoch,Resource,A,B,C,D,E
141857,3.0,5.0,2.0,3.0,1.0,1.0,0.5,0.2,30.0,0,4000.0,18,23,10,29,71
141857,3.0,5.0,2.0,3.0,1.0,1.0,0.5,0.2,30.0,1,4000.0,30,33,15,45,105
141857,3.0,5.0,2.0,3.0,1.0,1.0,0.5,0.2,30.0,2,3500.0,36,35,21,53,122
141857,3.0,5.0,2.0,3.0,1.0,1.0,0.5,0.2,30.0,3,2855.0,44,42,28,64,148
141857,3.0,5.0,2.0,3.0,1.0,1.0,0.5,0.2,30.0,4,2948.75,55,52,37,72,182
141857,3.0,5.0,2.0,3.0,1.0,1.0,0.5,0.2,30.0,5,2475.9375,43,43,42,71,167
141857,3.0,5.0,2.0,3.0,1.0,1.0,0.5,0.2,30.0,6,2054.921875,43,44,46,79,174
141857,3.0,5.0,2.0,3.0,1.0,1.0,0.5,0.2,30.0,7,1448.65234375,37,47,50,79,177
141857,3.0,5.0,2.0,3.0,1.0,1.0,0.5,0.2,30.0,8,690.8154296875,36,44,53,81,176
141857,3.0,5.0,2.0,3.0,1.0,1.0,0.5,0.2,30.0,9,0,32,43,54,75,169
141857,3.0,5.0,2.0,3.0,1.0,1.0,0.5,0.2,30.0,10,0,22,36,44,45,131
141857,3.0,5.0,2.0,3.0,1.0,1.0,0.5,0.2,30.0,11,0,13,29,36,29,92
141857,3.0,5.0,2.0,3.0,1.0,1.0,0.5,0.2,30.0,12,0,7,20,28,14,65
141857,3.0,5.0,2.0,3.0,1.0,1.0,0.5,0.2,30.0,13,0,6,15,17,11,41
141857,3.0,5.0,2.0,3.0,1.0,1.0,0.5,0.2,30.0,14,0,3,11,12,9,27
141857,3.0,5.0,2.0,3.0,1.0,1.0,0.5,0.2,30.0,15,0,2,8,7,6,18
141857,3.0,5.0,2.0,3.0,1.0,1.0,0.5,0.2,30.0,16,0,2,5,4,2,11
141857,3.0,5.0,2.0,3.0,1.0,1.0,0.5,0.2,30.0,17,0,2,4,3,0,9
141857,3.0,5.0,2.0,3.0,1.0,1.0,0.5,0.2,30.0,18,0,1,5,1,0,7
141857,3.0,5.0,2.0,3.0,1.0,1.0,0.5,0.2,30.0,19,0,0,4,1,0,5
141857,3.0,5.0,2.0,3.0,1.0,1.0,0.5,0.2,30.0,20,100,0,2,1,0,3
141857,3.0,5.0,2.0,3.0,1.0,1.0,0.5,0.2,30.0,21,105.0,0,3,1,0,4
141857,3.0,5.0,2.0,3.0,1.0,1.0,0.5,0.2,30.0,22,111.25,0,2,1,0,3
141857,3.0,5.0,2.0,3.0,1.0,1.0,0.5,0.2,30.0,23,109.0625,0,3,1,0,4
141857,3.0,5.0,2.0,3.0,1.0,1.0,0.5,0.2,30.0,24,96.328125,0,3,2,0,5
141857,3.0,5.0,2.0,3.0,1.0,1.0,0.5,0.2,30.0,25,70.41015625,0,4,2,0,6
141857,3.0,5.0,2.0,3.0,1.0,1.0,0.5,0.2,30.0,26,48.0126953125,0,6,2,0,8
141857,3.0,5.0,2.0,3.0,1.0,1.0,0.5,0.2,30.0,27,20.015869140625,0,8,2,0,10
141857,3.0,5.0,2.0,3.0,1.0,1.0,0.5,0.2,30.0,28,0,0,8,2,0,10
141857,3.0,5.0,2.0,3.0,1.0,1.0,0.5,0.2,30.0,29,0,0,6,1,0,7
141857,3.0,5.0,2.0,3.0,1.0,1.0,0.5,0.2,30.0,30,0,0,4,0,0,4
141857,3.0,5.0,2.0,3.0,1.0,1.0,0.5,0.2,30.0,31,0,0,2,0,0,2
141857,3.0,5.0,2.0,3.0,1.0,1.0,0.5,0.2,30.0,32,0,0,1,0,0,1