Exp Num,agent:svo_convergence_factor,agent:params:metabolism,agent:params:consumption_factor,agent:params:procreate_cost_factor,agent:params:procreate_req_factor,agent:params:start_energy_factor,agent:params:caught_chance,agent:params:caught_cooldown_factor,agent:params:maximum_age,Epoch,Resource,A,B,C,D,E
194089,3.0,15.0,3.0,5.0,2.0,2.0,0.4,0.30000000000000004,50.0,0,3290.0,17,25,17,24,76
194089,3.0,15.0,3.0,5.0,2.0,2.0,0.4,0.30000000000000004,50.0,1,1457.5,13,21,17,22,68
194089,3.0,15.0,3.0,5.0,2.0,2.0,0.4,0.30000000000000004,50.0,2,696.875,12,21,17,22,67
194089,3.0,15.0,3.0,5.0,2.0,2.0,0.4,0.30000000000000004,50.0,3,106.09375,12,22,17,22,68
194089,3.0,15.0,3.0,5.0,2.0,2.0,0.4,0.30000000000000004,50.0,4,0,8,20,12,12,49
194089,3.0,15.0,3.0,5.0,2.0,2.0,0.4,0.30000000000000004,50.0,5,0,8,16,8,9,37
194089,3.0,15.0,3.0,5.0,2.0,2.0,0.4,0.30000000000000004,50.0,6,0,8,15,7,8,33
194089,3.0,15.0,3.0,5.0,2.0,2.0,0.4,0.30000000000000004,50.0,7,0,7,12,4,7,25
194089,3.0,15.0,3.0,5.0,2.0,2.0,0.4,0.30000000000000004,50.0,8,0,6,9,3,2,19
194089,3.0,15.0,3.0,5.0,2.0,2.0,0.4,0.30000000000000004,50.0,9,0,6,6,3,2,15
194089,3.0,15.0,3.0,5.0,2.0,2.0,0.4,0.30000000000000004,50.0,10,0,4,5,1,2,10
194089,3.0,15.0,3.0,5.0,2.0,2.0,0.4,0.30000000000000004,50.0,11,0,2,5,0,1,7
194089,3.0,15.0,3.0,5.0,2.0,2.0,0.4,0.30000000000000004,50.0,12,0,1,3,0,1,4
194089,3.0,15.0,3.0,5.0,2.0,2.0,0.4,0.30000000000000004,50.0,13,0,1,2,0,1,3
194089,3.0,15.0,3.0,5.0,2.0,2.0,0.4,0.30000000000000004,50.0,14,0,1,1,0,1,2
194089,3.0,15.0,3.0,5.0,2.0,2.0,0.4,0.30000000000000004,50.0,15,55.0,0,1,0,1,1
194089,3.0,15.0,3.0,5.0,2.0,2.0,0.4,0.30000000000000004,50.0,16,68.75,0,1,0,0,1