Exp Num,agent:svo_convergence_factor,agent:params:metabolism,agent:params:consumption_factor,agent:params:procreate_cost_factor,agent:params:procreate_req_factor,agent:params:start_energy_factor,agent:params:caught_chance,agent:params:caught_cooldown_factor,agent:params:maximum_age,Epoch,Resource,A,B,C,D,E
176073,3.0,10.0,4.0,3.0,2.0,2.0,0.30000000000000004,0.5,40.0,0,3400.0,25,24,10,29,71
176073,3.0,10.0,4.0,3.0,2.0,2.0,0.30000000000000004,0.5,40.0,1,2010.0,25,23,9,26,69
176073,3.0,10.0,4.0,3.0,2.0,2.0,0.30000000000000004,0.5,40.0,2,1192.5,29,30,11,24,82
176073,3.0,10.0,4.0,3.0,2.0,2.0,0.30000000000000004,0.5,40.0,3,0,33,38,14,25,99
176073,3.0,10.0,4.0,3.0,2.0,2.0,0.30000000000000004,0.5,40.0,4,0,34,38,14,25,100
176073,3.0,10.0,4.0,3.0,2.0,2.0,0.30000000000000004,0.5,40.0,5,0,27,34,13,17,81
176073,3.0,10.0,4.0,3.0,2.0,2.0,0.30000000000000004,0.5,40.0,6,0,24,29,10,8,68
176073,3.0,10.0,4.0,3.0,2.0,2.0,0.30000000000000004,0.5,40.0,7,0,20,23,8,6,53
176073,3.0,10.0,4.0,3.0,2.0,2.0,0.30000000000000004,0.5,40.0,8,0,18,18,4,4,42
176073,3.0,10.0,4.0,3.0,2.0,2.0,0.30000000000000004,0.5,40.0,9,0,11,13,3,1,29
176073,3.0,10.0,4.0,3.0,2.0,2.0,0.30000000000000004,0.5,40.0,10,0,7,7,3,1,17
176073,3.0,10.0,4.0,3.0,2.0,2.0,0.30000000000000004,0.5,40.0,11,0,4,3,3,1,10
176073,3.0,10.0,4.0,3.0,2.0,2.0,0.30000000000000004,0.5,40.0,12,0,2,2,3,0,7
176073,3.0,10.0,4.0,3.0,2.0,2.0,0.30000000000000004,0.5,40.0,13,0,1,0,3,0,4
176073,3.0,10.0,4.0,3.0,2.0,2.0,0.30000000000000004,0.5,40.0,14,100,1,0,1,0,2
176073,3.0,10.0,4.0,3.0,2.0,2.0,0.30000000000000004,0.5,40.0,15,45.0,1,0,1,0,2
176073,3.0,10.0,4.0,3.0,2.0,2.0,0.30000000000000004,0.5,40.0,16,0,1,0,1,0,2
176073,3.0,10.0,4.0,3.0,2.0,2.0,0.30000000000000004,0.5,40.0,17,0,1,0,1,0,2
176073,3.0,10.0,4.0,3.0,2.0,2.0,0.30000000000000004,0.5,40.0,18,0,1,0,1,0,2
176073,3.0,10.0,4.0,3.0,2.0,2.0,0.30000000000000004,0.5,40.0,19,0,1,0,1,0,2
176073,3.0,10.0,4.0,3.0,2.0,2.0,0.30000000000000004,0.5,40.0,20,0,0,0,1,0,1