Exp Num,agent:svo_convergence_factor,agent:params:metabolism,agent:params:consumption_factor,agent:params:procreate_cost_factor,agent:params:procreate_req_factor,agent:params:start_energy_factor,agent:params:caught_chance,agent:params:caught_cooldown_factor,agent:params:maximum_age,Epoch,Resource,A,B,C,D,E
114603,2.0,15.0,1.0,3.0,3.0,2.0,0.5,0.1,40.0,0,3500.0,23,15,14,28,72
114603,2.0,15.0,1.0,3.0,3.0,2.0,0.5,0.1,40.0,1,2995.0,23,15,14,28,72
114603,2.0,15.0,1.0,3.0,3.0,2.0,0.5,0.1,40.0,2,2753.75,22,14,13,27,69
114603,2.0,15.0,1.0,3.0,3.0,2.0,0.5,0.1,40.0,3,2497.1875,20,12,13,27,65
114603,2.0,15.0,1.0,3.0,3.0,2.0,0.5,0.1,40.0,4,2281.484375,15,11,13,24,58
114603,2.0,15.0,1.0,3.0,3.0,2.0,0.5,0.1,40.0,5,1876.85546875,11,10,12,24,52
114603,2.0,15.0,1.0,3.0,3.0,2.0,0.5,0.1,40.0,6,1461.0693359375,9,10,12,23,50
114603,2.0,15.0,1.0,3.0,3.0,2.0,0.5,0.1,40.0,7,896.336669921875,7,10,11,23,47
114603,2.0,15.0,1.0,3.0,3.0,2.0,0.5,0.1,40.0,8,190.42083740234375,6,8,11,23,44
114603,2.0,15.0,1.0,3.0,3.0,2.0,0.5,0.1,40.0,9,0,2,4,9,11,30
114603,2.0,15.0,1.0,3.0,3.0,2.0,0.5,0.1,40.0,10,0,2,1,6,6,15
114603,2.0,15.0,1.0,3.0,3.0,2.0,0.5,0.1,40.0,11,0,2,0,4,2,8
114603,2.0,15.0,1.0,3.0,3.0,2.0,0.5,0.1,40.0,12,0,2,0,1,0,5
114603,2.0,15.0,1.0,3.0,3.0,2.0,0.5,0.1,40.0,13,0,1,0,1,0,2
114603,2.0,15.0,1.0,3.0,3.0,2.0,0.5,0.1,40.0,14,0,0,0,1,0,1