Exp Num,agent:svo_convergence_factor,agent:params:metabolism,agent:params:consumption_factor,agent:params:procreate_cost_factor,agent:params:procreate_req_factor,agent:params:start_energy_factor,agent:params:caught_chance,agent:params:caught_cooldown_factor,agent:params:maximum_age,Epoch,Resource,A,B,C,D,E
152932,3.0,5.0,4.0,1.0,3.0,3.0,0.30000000000000004,0.2,30.0,0,3660.0,24,33,21,35,98
152932,3.0,5.0,4.0,1.0,3.0,3.0,0.30000000000000004,0.2,30.0,1,3695.0,35,44,31,44,133
152932,3.0,5.0,4.0,1.0,3.0,3.0,0.30000000000000004,0.2,30.0,2,3118.75,41,55,41,51,165
152932,3.0,5.0,4.0,1.0,3.0,3.0,0.30000000000000004,0.2,30.0,3,2338.4375,53,71,52,64,205
152932,3.0,5.0,4.0,1.0,3.0,3.0,0.30000000000000004,0.2,30.0,4,1223.046875,54,80,63,72,229
152932,3.0,5.0,4.0,1.0,3.0,3.0,0.30000000000000004,0.2,30.0,5,0,53,97,77,78,257
152932,3.0,5.0,4.0,1.0,3.0,3.0,0.30000000000000004,0.2,30.0,6,0,45,90,67,64,230
152932,3.0,5.0,4.0,1.0,3.0,3.0,0.30000000000000004,0.2,30.0,7,0,31,69,44,53,159
152932,3.0,5.0,4.0,1.0,3.0,3.0,0.30000000000000004,0.2,30.0,8,0,22,56,27,38,115
152932,3.0,5.0,4.0,1.0,3.0,3.0,0.30000000000000004,0.2,30.0,9,0,16,29,17,30,65
152932,3.0,5.0,4.0,1.0,3.0,3.0,0.30000000000000004,0.2,30.0,10,0,14,19,13,16,47
152932,3.0,5.0,4.0,1.0,3.0,3.0,0.30000000000000004,0.2,30.0,11,0,10,15,6,9,32
152932,3.0,5.0,4.0,1.0,3.0,3.0,0.30000000000000004,0.2,30.0,12,0,9,13,3,3,26
152932,3.0,5.0,4.0,1.0,3.0,3.0,0.30000000000000004,0.2,30.0,13,0,6,8,2,2,16
152932,3.0,5.0,4.0,1.0,3.0,3.0,0.30000000000000004,0.2,30.0,14,0,4,5,1,2,10
152932,3.0,5.0,4.0,1.0,3.0,3.0,0.30000000000000004,0.2,30.0,15,0,3,1,1,2,5
152932,3.0,5.0,4.0,1.0,3.0,3.0,0.30000000000000004,0.2,30.0,16,80.0,2,1,1,1,4
152932,3.0,5.0,4.0,1.0,3.0,3.0,0.30000000000000004,0.2,30.0,17,80.0,2,1,0,0,3
152932,3.0,5.0,4.0,1.0,3.0,3.0,0.30000000000000004,0.2,30.0,18,100.0,0,1,0,0,1