Exp Num,agent:svo_convergence_factor,agent:params:metabolism,agent:params:consumption_factor,agent:params:procreate_cost_factor,agent:params:procreate_req_factor,agent:params:start_energy_factor,agent:params:caught_chance,agent:params:caught_cooldown_factor,agent:params:maximum_age,Epoch,Resource,A,B,C,D,E
176835,3.0,10.0,4.0,5.0,1.0,2.0,0.4,0.30000000000000004,10.0,0,3920.0,33,24,7,31,82
176835,3.0,10.0,4.0,5.0,1.0,2.0,0.4,0.30000000000000004,10.0,1,1780.0,33,19,6,28,76
176835,3.0,10.0,4.0,5.0,1.0,2.0,0.4,0.30000000000000004,10.0,2,1065.0,37,20,10,28,85
176835,3.0,10.0,4.0,5.0,1.0,2.0,0.4,0.30000000000000004,10.0,3,0,43,28,13,30,102
176835,3.0,10.0,4.0,5.0,1.0,2.0,0.4,0.30000000000000004,10.0,4,0,40,23,10,26,89
176835,3.0,10.0,4.0,5.0,1.0,2.0,0.4,0.30000000000000004,10.0,5,0,34,27,11,11,79
176835,3.0,10.0,4.0,5.0,1.0,2.0,0.4,0.30000000000000004,10.0,6,0,28,24,9,8,63
176835,3.0,10.0,4.0,5.0,1.0,2.0,0.4,0.30000000000000004,10.0,7,0,24,24,8,6,56
176835,3.0,10.0,4.0,5.0,1.0,2.0,0.4,0.30000000000000004,10.0,8,0,21,19,4,3,44
176835,3.0,10.0,4.0,5.0,1.0,2.0,0.4,0.30000000000000004,10.0,9,0,14,17,2,1,33
176835,3.0,10.0,4.0,5.0,1.0,2.0,0.4,0.30000000000000004,10.0,10,0,9,12,1,0,22
176835,3.0,10.0,4.0,5.0,1.0,2.0,0.4,0.30000000000000004,10.0,11,0,8,9,0,0,17
176835,3.0,10.0,4.0,5.0,1.0,2.0,0.4,0.30000000000000004,10.0,12,0,8,5,0,0,13
176835,3.0,10.0,4.0,5.0,1.0,2.0,0.4,0.30000000000000004,10.0,13,0,6,1,0,0,7
176835,3.0,10.0,4.0,5.0,1.0,2.0,0.4,0.30000000000000004,10.0,14,20.0,5,2,0,0,7
176835,3.0,10.0,4.0,5.0,1.0,2.0,0.4,0.30000000000000004,10.0,15,0,3,1,0,0,4
176835,3.0,10.0,4.0,5.0,1.0,2.0,0.4,0.30000000000000004,10.0,16,0,3,1,0,0,4
176835,3.0,10.0,4.0,5.0,1.0,2.0,0.4,0.30000000000000004,10.0,17,0,2,1,0,0,3
176835,3.0,10.0,4.0,5.0,1.0,2.0,0.4,0.30000000000000004,10.0,18,0,1,1,0,0,2
176835,3.0,10.0,4.0,5.0,1.0,2.0,0.4,0.30000000000000004,10.0,19,0,0,1,0,0,1