Exp Num,agent:svo_convergence_factor,agent:params:metabolism,agent:params:consumption_factor,agent:params:procreate_cost_factor,agent:params:procreate_req_factor,agent:params:start_energy_factor,agent:params:caught_chance,agent:params:caught_cooldown_factor,agent:params:maximum_age,Epoch,Resource,A,B,C,D,E
195193,3.0,15.0,3.0,7.0,2.0,2.0,0.30000000000000004,0.4,40.0,0,3020.0,14,36,11,20,80
195193,3.0,15.0,3.0,7.0,2.0,2.0,0.30000000000000004,0.4,40.0,1,1030.0,11,30,10,19,70
195193,3.0,15.0,3.0,7.0,2.0,2.0,0.30000000000000004,0.4,40.0,2,0,11,30,10,19,70
195193,3.0,15.0,3.0,7.0,2.0,2.0,0.30000000000000004,0.4,40.0,3,0,11,30,10,19,70
195193,3.0,15.0,3.0,7.0,2.0,2.0,0.30000000000000004,0.4,40.0,4,0,8,23,5,13,48
195193,3.0,15.0,3.0,7.0,2.0,2.0,0.30000000000000004,0.4,40.0,5,0,8,19,5,5,42
195193,3.0,15.0,3.0,7.0,2.0,2.0,0.30000000000000004,0.4,40.0,6,0,8,17,4,3,36
195193,3.0,15.0,3.0,7.0,2.0,2.0,0.30000000000000004,0.4,40.0,7,0,6,12,3,1,25
195193,3.0,15.0,3.0,7.0,2.0,2.0,0.30000000000000004,0.4,40.0,8,0,6,10,2,0,19
195193,3.0,15.0,3.0,7.0,2.0,2.0,0.30000000000000004,0.4,40.0,9,0,4,5,2,0,11
195193,3.0,15.0,3.0,7.0,2.0,2.0,0.30000000000000004,0.4,40.0,10,0,3,3,2,0,8
195193,3.0,15.0,3.0,7.0,2.0,2.0,0.30000000000000004,0.4,40.0,11,0,3,2,1,0,6
195193,3.0,15.0,3.0,7.0,2.0,2.0,0.30000000000000004,0.4,40.0,12,0,3,2,0,0,5
195193,3.0,15.0,3.0,7.0,2.0,2.0,0.30000000000000004,0.4,40.0,13,100,2,1,0,0,3
195193,3.0,15.0,3.0,7.0,2.0,2.0,0.30000000000000004,0.4,40.0,14,125.0,1,0,0,0,1