Exp Num,agent:svo_convergence_factor,agent:params:metabolism,agent:params:consumption_factor,agent:params:procreate_cost_factor,agent:params:procreate_req_factor,agent:params:start_energy_factor,agent:params:caught_chance,agent:params:caught_cooldown_factor,agent:params:maximum_age,Epoch,Resource,A,B,C,D,E
177199,3.0,10.0,4.0,5.0,2.0,2.0,0.30000000000000004,0.5,50.0,0,3640.0,18,25,10,27,73
177199,3.0,10.0,4.0,5.0,2.0,2.0,0.30000000000000004,0.5,50.0,1,1910.0,14,21,10,25,65
177199,3.0,10.0,4.0,5.0,2.0,2.0,0.30000000000000004,0.5,50.0,2,1187.5,17,23,10,25,70
177199,3.0,10.0,4.0,5.0,2.0,2.0,0.30000000000000004,0.5,50.0,3,764.375,19,23,11,25,73
177199,3.0,10.0,4.0,5.0,2.0,2.0,0.30000000000000004,0.5,50.0,4,195.46875,21,23,11,25,76
177199,3.0,10.0,4.0,5.0,2.0,2.0,0.30000000000000004,0.5,50.0,5,0,19,20,8,17,60
177199,3.0,10.0,4.0,5.0,2.0,2.0,0.30000000000000004,0.5,50.0,6,0,19,18,6,10,52
177199,3.0,10.0,4.0,5.0,2.0,2.0,0.30000000000000004,0.5,50.0,7,0,18,15,6,10,47
177199,3.0,10.0,4.0,5.0,2.0,2.0,0.30000000000000004,0.5,50.0,8,0,17,13,6,9,43
177199,3.0,10.0,4.0,5.0,2.0,2.0,0.30000000000000004,0.5,50.0,9,0,16,11,4,5,36
177199,3.0,10.0,4.0,5.0,2.0,2.0,0.30000000000000004,0.5,50.0,10,0,14,11,3,3,30
177199,3.0,10.0,4.0,5.0,2.0,2.0,0.30000000000000004,0.5,50.0,11,0,13,9,3,2,26
177199,3.0,10.0,4.0,5.0,2.0,2.0,0.30000000000000004,0.5,50.0,12,0,10,7,3,2,21
177199,3.0,10.0,4.0,5.0,2.0,2.0,0.30000000000000004,0.5,50.0,13,0,8,3,2,2,14
177199,3.0,10.0,4.0,5.0,2.0,2.0,0.30000000000000004,0.5,50.0,14,0,6,1,1,2,9
177199,3.0,10.0,4.0,5.0,2.0,2.0,0.30000000000000004,0.5,50.0,15,0,3,1,1,2,6
177199,3.0,10.0,4.0,5.0,2.0,2.0,0.30000000000000004,0.5,50.0,16,0,2,1,0,1,4
177199,3.0,10.0,4.0,5.0,2.0,2.0,0.30000000000000004,0.5,50.0,17,0,2,0,0,1,2
177199,3.0,10.0,4.0,5.0,2.0,2.0,0.30000000000000004,0.5,50.0,18,0,1,0,0,1,1
177199,3.0,10.0,4.0,5.0,2.0,2.0,0.30000000000000004,0.5,50.0,19,0,1,0,0,1,1
177199,3.0,10.0,4.0,5.0,2.0,2.0,0.30000000000000004,0.5,50.0,20,0,0,0,0,1,0