Exp Num,agent:svo_convergence_factor,agent:params:metabolism,agent:params:consumption_factor,agent:params:procreate_cost_factor,agent:params:procreate_req_factor,agent:params:start_energy_factor,agent:params:caught_chance,agent:params:caught_cooldown_factor,agent:params:maximum_age,Epoch,Resource,A,B,C,D,E
158578,3.0,10.0,1.0,1.0,3.0,3.0,0.4,0.1,40.0,0,4000.0,31,38,18,47,103
158578,3.0,10.0,1.0,1.0,3.0,3.0,0.4,0.1,40.0,1,3500.0,31,38,18,47,103
158578,3.0,10.0,1.0,1.0,3.0,3.0,0.4,0.1,40.0,2,2955.0,31,38,18,47,103
158578,3.0,10.0,1.0,1.0,3.0,3.0,0.4,0.1,40.0,3,2763.75,31,38,18,45,103
158578,3.0,10.0,1.0,1.0,3.0,3.0,0.4,0.1,40.0,4,2434.6875,27,33,16,43,92
158578,3.0,10.0,1.0,1.0,3.0,3.0,0.4,0.1,40.0,5,2193.359375,24,30,15,40,85
158578,3.0,10.0,1.0,1.0,3.0,3.0,0.4,0.1,40.0,6,1901.69921875,18,26,14,40,73
158578,3.0,10.0,1.0,1.0,3.0,3.0,0.4,0.1,40.0,7,1557.1240234375,14,24,13,39,66
158578,3.0,10.0,1.0,1.0,3.0,3.0,0.4,0.1,40.0,8,1066.405029296875,11,22,12,39,60
158578,3.0,10.0,1.0,1.0,3.0,3.0,0.4,0.1,40.0,9,393.00628662109375,9,22,12,39,58
158578,3.0,10.0,1.0,1.0,3.0,3.0,0.4,0.1,40.0,10,0,7,14,10,31,42
158578,3.0,10.0,1.0,1.0,3.0,3.0,0.4,0.1,40.0,11,0,3,7,8,14,23
158578,3.0,10.0,1.0,1.0,3.0,3.0,0.4,0.1,40.0,12,0,1,4,3,6,12
158578,3.0,10.0,1.0,1.0,3.0,3.0,0.4,0.1,40.0,13,0,0,2,3,2,7
158578,3.0,10.0,1.0,1.0,3.0,3.0,0.4,0.1,40.0,14,0,0,1,1,2,2
158578,3.0,10.0,1.0,1.0,3.0,3.0,0.4,0.1,40.0,15,0,0,1,0,1,1
158578,3.0,10.0,1.0,1.0,3.0,3.0,0.4,0.1,40.0,16,0,0,1,0,0,1