Exp Num,agent:svo_convergence_factor,agent:params:metabolism,agent:params:consumption_factor,agent:params:procreate_cost_factor,agent:params:procreate_req_factor,agent:params:start_energy_factor,agent:params:caught_chance,agent:params:caught_cooldown_factor,agent:params:maximum_age,Epoch,Resource,A,B,C,D,E
132487,2.0,15.0,4.0,5.0,3.0,1.0,0.5,0.30000000000000004,30.0,0,0,16,26,9,22,69
132487,2.0,15.0,4.0,5.0,3.0,1.0,0.5,0.30000000000000004,30.0,1,0,13,23,9,21,62
132487,2.0,15.0,4.0,5.0,3.0,1.0,0.5,0.30000000000000004,30.0,2,0,13,23,9,21,62
132487,2.0,15.0,4.0,5.0,3.0,1.0,0.5,0.30000000000000004,30.0,3,0,13,23,9,21,62
132487,2.0,15.0,4.0,5.0,3.0,1.0,0.5,0.30000000000000004,30.0,4,0,12,12,5,6,38
132487,2.0,15.0,4.0,5.0,3.0,1.0,0.5,0.30000000000000004,30.0,5,0,6,5,3,3,20
132487,2.0,15.0,4.0,5.0,3.0,1.0,0.5,0.30000000000000004,30.0,6,0,2,3,2,2,10
132487,2.0,15.0,4.0,5.0,3.0,1.0,0.5,0.30000000000000004,30.0,7,0,2,2,1,0,6
132487,2.0,15.0,4.0,5.0,3.0,1.0,0.5,0.30000000000000004,30.0,8,0,0,2,0,0,3
132487,2.0,15.0,4.0,5.0,3.0,1.0,0.5,0.30000000000000004,30.0,9,0,0,0,0,0,1