Exp Num,agent:svo_convergence_factor,agent:params:metabolism,agent:params:consumption_factor,agent:params:procreate_cost_factor,agent:params:procreate_req_factor,agent:params:start_energy_factor,agent:params:caught_chance,agent:params:caught_cooldown_factor,agent:params:maximum_age,Epoch,Resource,A,B,C,D,E
150750,3.0,5.0,3.0,9.0,1.0,1.0,0.1,0.1,10.0,0,3500.0,19,21,18,26,74
150750,3.0,5.0,3.0,9.0,1.0,1.0,0.1,0.1,10.0,1,2950.0,19,21,18,26,74
150750,3.0,5.0,3.0,9.0,1.0,1.0,0.1,0.1,10.0,2,2742.5,19,21,18,26,74
150750,3.0,5.0,3.0,9.0,1.0,1.0,0.1,0.1,10.0,3,2633.125,22,30,23,28,93
150750,3.0,5.0,3.0,9.0,1.0,1.0,0.1,0.1,10.0,4,2106.40625,23,33,25,31,100
150750,3.0,5.0,3.0,9.0,1.0,1.0,0.1,0.1,10.0,5,1658.0078125,27,37,30,33,113
150750,3.0,5.0,3.0,9.0,1.0,1.0,0.1,0.1,10.0,6,797.509765625,29,43,32,34,124
150750,3.0,5.0,3.0,9.0,1.0,1.0,0.1,0.1,10.0,7,0,30,49,36,33,137
150750,3.0,5.0,3.0,9.0,1.0,1.0,0.1,0.1,10.0,8,0,30,52,37,35,141
150750,3.0,5.0,3.0,9.0,1.0,1.0,0.1,0.1,10.0,9,0,23,43,32,18,113
150750,3.0,5.0,3.0,9.0,1.0,1.0,0.1,0.1,10.0,10,0,16,34,28,10,85
150750,3.0,5.0,3.0,9.0,1.0,1.0,0.1,0.1,10.0,11,0,9,29,21,6,66
150750,3.0,5.0,3.0,9.0,1.0,1.0,0.1,0.1,10.0,12,0,8,27,20,6,61
150750,3.0,5.0,3.0,9.0,1.0,1.0,0.1,0.1,10.0,13,0,6,26,16,5,52
150750,3.0,5.0,3.0,9.0,1.0,1.0,0.1,0.1,10.0,14,0,4,25,16,5,48
150750,3.0,5.0,3.0,9.0,1.0,1.0,0.1,0.1,10.0,15,0,4,23,16,4,45
150750,3.0,5.0,3.0,9.0,1.0,1.0,0.1,0.1,10.0,16,0,2,21,14,3,39
150750,3.0,5.0,3.0,9.0,1.0,1.0,0.1,0.1,10.0,17,0,2,17,9,3,29
150750,3.0,5.0,3.0,9.0,1.0,1.0,0.1,0.1,10.0,18,0,2,14,5,3,22
150750,3.0,5.0,3.0,9.0,1.0,1.0,0.1,0.1,10.0,19,0,2,12,3,3,18
150750,3.0,5.0,3.0,9.0,1.0,1.0,0.1,0.1,10.0,20,0,2,9,2,2,13
150750,3.0,5.0,3.0,9.0,1.0,1.0,0.1,0.1,10.0,21,0,2,7,1,1,10
150750,3.0,5.0,3.0,9.0,1.0,1.0,0.1,0.1,10.0,22,0,1,6,1,0,8
150750,3.0,5.0,3.0,9.0,1.0,1.0,0.1,0.1,10.0,23,0,0,5,1,0,6
150750,3.0,5.0,3.0,9.0,1.0,1.0,0.1,0.1,10.0,24,0,0,4,1,0,5
150750,3.0,5.0,3.0,9.0,1.0,1.0,0.1,0.1,10.0,25,0,0,3,0,0,3
150750,3.0,5.0,3.0,9.0,1.0,1.0,0.1,0.1,10.0,26,0,0,2,0,0,2
150750,3.0,5.0,3.0,9.0,1.0,1.0,0.1,0.1,10.0,27,0,0,1,0,0,1