Exp Num,agent:svo_convergence_factor,agent:params:metabolism,agent:params:consumption_factor,agent:params:procreate_cost_factor,agent:params:procreate_req_factor,agent:params:start_energy_factor,agent:params:caught_chance,agent:params:caught_cooldown_factor,agent:params:maximum_age,Epoch,Resource,A,B,C,D,E
19638,1.0,5.0,4.0,5.0,2.0,2.0,0.1,0.30000000000000004,40.0,0,3640.0,22,27,10,30,70
19638,1.0,5.0,4.0,5.0,2.0,2.0,0.1,0.30000000000000004,40.0,1,3230.0,21,23,10,30,65
19638,1.0,5.0,4.0,5.0,2.0,2.0,0.1,0.30000000000000004,40.0,2,2957.5,25,28,14,31,78
19638,1.0,5.0,4.0,5.0,2.0,2.0,0.1,0.30000000000000004,40.0,3,2836.875,29,30,17,33,87
19638,1.0,5.0,4.0,5.0,2.0,2.0,0.1,0.30000000000000004,40.0,4,2506.09375,33,37,18,33,99
19638,1.0,5.0,4.0,5.0,2.0,2.0,0.1,0.30000000000000004,40.0,5,1732.6171875,42,43,22,30,118
19638,1.0,5.0,4.0,5.0,2.0,2.0,0.1,0.30000000000000004,40.0,6,885.771484375,46,55,24,30,136
19638,1.0,5.0,4.0,5.0,2.0,2.0,0.1,0.30000000000000004,40.0,7,0,50,66,26,31,153
19638,1.0,5.0,4.0,5.0,2.0,2.0,0.1,0.30000000000000004,40.0,8,0,49,64,25,28,148
19638,1.0,5.0,4.0,5.0,2.0,2.0,0.1,0.30000000000000004,40.0,9,0,47,62,23,21,139
19638,1.0,5.0,4.0,5.0,2.0,2.0,0.1,0.30000000000000004,40.0,10,0,45,62,21,18,135
19638,1.0,5.0,4.0,5.0,2.0,2.0,0.1,0.30000000000000004,40.0,11,0,43,60,19,16,129
19638,1.0,5.0,4.0,5.0,2.0,2.0,0.1,0.30000000000000004,40.0,12,0,40,53,16,9,114
19638,1.0,5.0,4.0,5.0,2.0,2.0,0.1,0.30000000000000004,40.0,13,0,33,46,15,7,97
19638,1.0,5.0,4.0,5.0,2.0,2.0,0.1,0.30000000000000004,40.0,14,0,21,41,12,3,77
19638,1.0,5.0,4.0,5.0,2.0,2.0,0.1,0.30000000000000004,40.0,15,0,18,29,10,2,58
19638,1.0,5.0,4.0,5.0,2.0,2.0,0.1,0.30000000000000004,40.0,16,0,13,21,8,1,42
19638,1.0,5.0,4.0,5.0,2.0,2.0,0.1,0.30000000000000004,40.0,17,0,8,18,5,0,31
19638,1.0,5.0,4.0,5.0,2.0,2.0,0.1,0.30000000000000004,40.0,18,0,5,13,5,0,23
19638,1.0,5.0,4.0,5.0,2.0,2.0,0.1,0.30000000000000004,40.0,19,0,2,10,2,0,14
19638,1.0,5.0,4.0,5.0,2.0,2.0,0.1,0.30000000000000004,40.0,20,0,2,8,0,0,10
19638,1.0,5.0,4.0,5.0,2.0,2.0,0.1,0.30000000000000004,40.0,21,0,2,6,0,0,8
19638,1.0,5.0,4.0,5.0,2.0,2.0,0.1,0.30000000000000004,40.0,22,0,0,5,0,0,5
19638,1.0,5.0,4.0,5.0,2.0,2.0,0.1,0.30000000000000004,40.0,23,0,0,4,0,0,4
19638,1.0,5.0,4.0,5.0,2.0,2.0,0.1,0.30000000000000004,40.0,24,0,0,2,0,0,2
19638,1.0,5.0,4.0,5.0,2.0,2.0,0.1,0.30000000000000004,40.0,25,0,0,1,0,0,1