Exp Num,agent:svo_convergence_factor,agent:params:metabolism,agent:params:consumption_factor,agent:params:procreate_cost_factor,agent:params:procreate_req_factor,agent:params:start_energy_factor,agent:params:caught_chance,agent:params:caught_cooldown_factor,agent:params:maximum_age,Epoch,Resource,A,B,C,D,E
163434,3.0,10.0,2.0,1.0,1.0,3.0,0.30000000000000004,0.2,50.0,0,3620.0,22,40,19,47,103
163434,3.0,10.0,2.0,1.0,1.0,3.0,0.30000000000000004,0.2,50.0,1,3185.0,31,58,37,61,160
163434,3.0,10.0,2.0,1.0,1.0,3.0,0.30000000000000004,0.2,50.0,2,1581.25,37,76,56,81,215
163434,3.0,10.0,2.0,1.0,1.0,3.0,0.30000000000000004,0.2,50.0,3,0,33,91,68,90,242
163434,3.0,10.0,2.0,1.0,1.0,3.0,0.30000000000000004,0.2,50.0,4,0,28,71,59,59,189
163434,3.0,10.0,2.0,1.0,1.0,3.0,0.30000000000000004,0.2,50.0,5,0,21,53,47,33,145
163434,3.0,10.0,2.0,1.0,1.0,3.0,0.30000000000000004,0.2,50.0,6,0,17,50,39,24,117
163434,3.0,10.0,2.0,1.0,1.0,3.0,0.30000000000000004,0.2,50.0,7,0,10,32,31,19,81
163434,3.0,10.0,2.0,1.0,1.0,3.0,0.30000000000000004,0.2,50.0,8,0,8,20,25,13,59
163434,3.0,10.0,2.0,1.0,1.0,3.0,0.30000000000000004,0.2,50.0,9,0,7,10,18,9,37
163434,3.0,10.0,2.0,1.0,1.0,3.0,0.30000000000000004,0.2,50.0,10,0,6,9,13,8,29
163434,3.0,10.0,2.0,1.0,1.0,3.0,0.30000000000000004,0.2,50.0,11,0,2,11,9,5,22
163434,3.0,10.0,2.0,1.0,1.0,3.0,0.30000000000000004,0.2,50.0,12,0,2,7,6,1,15
163434,3.0,10.0,2.0,1.0,1.0,3.0,0.30000000000000004,0.2,50.0,13,0,0,4,5,1,9
163434,3.0,10.0,2.0,1.0,1.0,3.0,0.30000000000000004,0.2,50.0,14,40.0,0,5,4,0,9
163434,3.0,10.0,2.0,1.0,1.0,3.0,0.30000000000000004,0.2,50.0,15,0,0,4,3,0,7
163434,3.0,10.0,2.0,1.0,1.0,3.0,0.30000000000000004,0.2,50.0,16,0,0,4,2,0,6
163434,3.0,10.0,2.0,1.0,1.0,3.0,0.30000000000000004,0.2,50.0,17,0,0,2,1,0,3
163434,3.0,10.0,2.0,1.0,1.0,3.0,0.30000000000000004,0.2,50.0,18,0,0,1,0,0,1