Exp Num,agent:svo_convergence_factor,agent:params:metabolism,agent:params:consumption_factor,agent:params:procreate_cost_factor,agent:params:procreate_req_factor,agent:params:start_energy_factor,agent:params:caught_chance,agent:params:caught_cooldown_factor,agent:params:maximum_age,Epoch,Resource,A,B,C,D,E
126354,2.0,15.0,3.0,5.0,1.0,3.0,0.5,0.1,50.0,0,4055.0,19,36,14,28,82
126354,2.0,15.0,3.0,5.0,1.0,3.0,0.5,0.1,50.0,1,3583.75,19,40,14,29,86
126354,2.0,15.0,3.0,5.0,1.0,3.0,0.5,0.1,50.0,2,2769.6875,12,32,8,24,65
126354,2.0,15.0,3.0,5.0,1.0,3.0,0.5,0.1,50.0,3,2067.109375,7,33,8,25,60
126354,2.0,15.0,3.0,5.0,1.0,3.0,0.5,0.1,50.0,4,1503.88671875,6,38,7,27,63
126354,2.0,15.0,3.0,5.0,1.0,3.0,0.5,0.1,50.0,5,619.8583984375,6,40,9,26,66
126354,2.0,15.0,3.0,5.0,1.0,3.0,0.5,0.1,50.0,6,0,4,36,13,22,62
126354,2.0,15.0,3.0,5.0,1.0,3.0,0.5,0.1,50.0,7,0,4,31,11,18,53
126354,2.0,15.0,3.0,5.0,1.0,3.0,0.5,0.1,50.0,8,0,1,26,11,14,41
126354,2.0,15.0,3.0,5.0,1.0,3.0,0.5,0.1,50.0,9,0,1,20,10,6,33
126354,2.0,15.0,3.0,5.0,1.0,3.0,0.5,0.1,50.0,10,0,1,17,10,2,30
126354,2.0,15.0,3.0,5.0,1.0,3.0,0.5,0.1,50.0,11,0,1,14,9,1,24
126354,2.0,15.0,3.0,5.0,1.0,3.0,0.5,0.1,50.0,12,0,0,10,6,1,16
126354,2.0,15.0,3.0,5.0,1.0,3.0,0.5,0.1,50.0,13,0,0,8,4,0,12
126354,2.0,15.0,3.0,5.0,1.0,3.0,0.5,0.1,50.0,14,0,0,7,2,0,9
126354,2.0,15.0,3.0,5.0,1.0,3.0,0.5,0.1,50.0,15,0,0,5,2,0,7
126354,2.0,15.0,3.0,5.0,1.0,3.0,0.5,0.1,50.0,16,0,0,5,0,0,5
126354,2.0,15.0,3.0,5.0,1.0,3.0,0.5,0.1,50.0,17,10.0,0,4,0,0,4
126354,2.0,15.0,3.0,5.0,1.0,3.0,0.5,0.1,50.0,18,0,0,3,0,0,3
126354,2.0,15.0,3.0,5.0,1.0,3.0,0.5,0.1,50.0,19,0,0,3,0,0,3
126354,2.0,15.0,3.0,5.0,1.0,3.0,0.5,0.1,50.0,20,0,0,2,0,0,2
126354,2.0,15.0,3.0,5.0,1.0,3.0,0.5,0.1,50.0,21,0,0,1,0,0,1