Exp Num,agent:svo_convergence_factor,agent:params:metabolism,agent:params:consumption_factor,agent:params:procreate_cost_factor,agent:params:procreate_req_factor,agent:params:start_energy_factor,agent:params:caught_chance,agent:params:caught_cooldown_factor,agent:params:maximum_age,Epoch,Resource,A,B,C,D,E
185595,3.0,15.0,1.0,9.0,3.0,3.0,0.4,0.5,10.0,0,3500.0,21,18,12,27,73
185595,3.0,15.0,1.0,9.0,3.0,3.0,0.4,0.5,10.0,1,2965.0,21,18,12,27,73
185595,3.0,15.0,1.0,9.0,3.0,3.0,0.4,0.5,10.0,2,2746.25,21,18,12,27,73
185595,3.0,15.0,1.0,9.0,3.0,3.0,0.4,0.5,10.0,3,2742.8125,21,18,12,27,73
185595,3.0,15.0,1.0,9.0,3.0,3.0,0.4,0.5,10.0,4,2693.515625,16,14,12,25,64
185595,3.0,15.0,1.0,9.0,3.0,3.0,0.4,0.5,10.0,5,2451.89453125,11,12,12,23,57
185595,3.0,15.0,1.0,9.0,3.0,3.0,0.4,0.5,10.0,6,2164.8681640625,10,11,10,23,53
185595,3.0,15.0,1.0,9.0,3.0,3.0,0.4,0.5,10.0,7,1836.085205078125,8,10,10,23,50
185595,3.0,15.0,1.0,9.0,3.0,3.0,0.4,0.5,10.0,8,1545.1065063476562,5,10,10,22,47
185595,3.0,15.0,1.0,9.0,3.0,3.0,0.4,0.5,10.0,9,1211.3831329345703,5,8,9,21,43
185595,3.0,15.0,1.0,9.0,3.0,3.0,0.4,0.5,10.0,10,1049.228916168213,4,5,4,13,23
185595,3.0,15.0,1.0,9.0,3.0,3.0,0.4,0.5,10.0,11,1056.536145210266,2,4,3,7,15
185595,3.0,15.0,1.0,9.0,3.0,3.0,0.4,0.5,10.0,12,1185.6701815128326,0,3,0,5,7
185595,3.0,15.0,1.0,9.0,3.0,3.0,0.4,0.5,10.0,13,1362.0877268910408,0,3,0,3,5
185595,3.0,15.0,1.0,9.0,3.0,3.0,0.4,0.5,10.0,14,1642.609658613801,0,2,0,1,3
185595,3.0,15.0,1.0,9.0,3.0,3.0,0.4,0.5,10.0,15,2023.2620732672513,0,1,0,0,2
185595,3.0,15.0,1.0,9.0,3.0,3.0,0.4,0.5,10.0,16,2514.077591584064,0,0,0,0,1