Exp Num,agent:svo_convergence_factor,agent:params:metabolism,agent:params:consumption_factor,agent:params:procreate_cost_factor,agent:params:procreate_req_factor,agent:params:start_energy_factor,agent:params:caught_chance,agent:params:caught_cooldown_factor,agent:params:maximum_age,Epoch,Resource,A,B,C,D,E
166258,3.0,10.0,2.0,5.0,3.0,2.0,0.1,0.2,40.0,0,3620.0,18,20,15,24,76
166258,3.0,10.0,2.0,5.0,3.0,2.0,0.1,0.2,40.0,1,3045.0,18,19,15,23,75
166258,3.0,10.0,2.0,5.0,3.0,2.0,0.1,0.2,40.0,2,2866.25,18,19,15,23,75
166258,3.0,10.0,2.0,5.0,3.0,2.0,0.1,0.2,40.0,3,2262.8125,16,19,14,22,72
166258,3.0,10.0,2.0,5.0,3.0,2.0,0.1,0.2,40.0,4,2048.515625,16,19,14,22,72
166258,3.0,10.0,2.0,5.0,3.0,2.0,0.1,0.2,40.0,5,1340.64453125,15,17,12,21,67
166258,3.0,10.0,2.0,5.0,3.0,2.0,0.1,0.2,40.0,6,875.8056640625,15,17,12,21,67
166258,3.0,10.0,2.0,5.0,3.0,2.0,0.1,0.2,40.0,7,0,13,17,11,20,62
166258,3.0,10.0,2.0,5.0,3.0,2.0,0.1,0.2,40.0,8,0,13,17,10,18,61
166258,3.0,10.0,2.0,5.0,3.0,2.0,0.1,0.2,40.0,9,0,12,15,7,9,44
166258,3.0,10.0,2.0,5.0,3.0,2.0,0.1,0.2,40.0,10,0,12,14,6,7,37
166258,3.0,10.0,2.0,5.0,3.0,2.0,0.1,0.2,40.0,11,0,12,13,6,3,32
166258,3.0,10.0,2.0,5.0,3.0,2.0,0.1,0.2,40.0,12,0,12,12,5,2,29
166258,3.0,10.0,2.0,5.0,3.0,2.0,0.1,0.2,40.0,13,0,11,11,4,1,26
166258,3.0,10.0,2.0,5.0,3.0,2.0,0.1,0.2,40.0,14,0,10,9,2,1,21
166258,3.0,10.0,2.0,5.0,3.0,2.0,0.1,0.2,40.0,15,0,9,7,2,0,18
166258,3.0,10.0,2.0,5.0,3.0,2.0,0.1,0.2,40.0,16,0,8,4,1,0,13
166258,3.0,10.0,2.0,5.0,3.0,2.0,0.1,0.2,40.0,17,0,7,4,1,0,12
166258,3.0,10.0,2.0,5.0,3.0,2.0,0.1,0.2,40.0,18,20.0,6,3,1,0,10
166258,3.0,10.0,2.0,5.0,3.0,2.0,0.1,0.2,40.0,19,0,3,2,1,0,6
166258,3.0,10.0,2.0,5.0,3.0,2.0,0.1,0.2,40.0,20,0,2,2,1,0,5
166258,3.0,10.0,2.0,5.0,3.0,2.0,0.1,0.2,40.0,21,0,2,2,1,0,5
166258,3.0,10.0,2.0,5.0,3.0,2.0,0.1,0.2,40.0,22,0,0,2,0,0,2
166258,3.0,10.0,2.0,5.0,3.0,2.0,0.1,0.2,40.0,23,0,0,1,0,0,1