Exp Num,agent:svo_convergence_factor,agent:params:metabolism,agent:params:consumption_factor,agent:params:procreate_cost_factor,agent:params:procreate_req_factor,agent:params:start_energy_factor,agent:params:caught_chance,agent:params:caught_cooldown_factor,agent:params:maximum_age,Epoch,Resource,A,B,C,D,E
261964,4.0,15.0,3.0,5.0,3.0,2.0,0.4,0.30000000000000004,50.0,0,3695.0,19,26,10,26,74
261964,4.0,15.0,3.0,5.0,3.0,2.0,0.4,0.30000000000000004,50.0,1,2188.75,13,22,9,24,61
261964,4.0,15.0,3.0,5.0,3.0,2.0,0.4,0.30000000000000004,50.0,2,1835.9375,10,20,8,23,55
261964,4.0,15.0,3.0,5.0,3.0,2.0,0.4,0.30000000000000004,50.0,3,1394.921875,10,20,8,23,55
261964,4.0,15.0,3.0,5.0,3.0,2.0,0.4,0.30000000000000004,50.0,4,528.65234375,5,15,7,20,44
261964,4.0,15.0,3.0,5.0,3.0,2.0,0.4,0.30000000000000004,50.0,5,0,4,10,7,20,38
261964,4.0,15.0,3.0,5.0,3.0,2.0,0.4,0.30000000000000004,50.0,6,0,4,10,5,20,35
261964,4.0,15.0,3.0,5.0,3.0,2.0,0.4,0.30000000000000004,50.0,7,0,3,9,5,15,25
261964,4.0,15.0,3.0,5.0,3.0,2.0,0.4,0.30000000000000004,50.0,8,0,3,8,3,9,17
261964,4.0,15.0,3.0,5.0,3.0,2.0,0.4,0.30000000000000004,50.0,9,0,3,7,3,8,14
261964,4.0,15.0,3.0,5.0,3.0,2.0,0.4,0.30000000000000004,50.0,10,0,2,7,2,7,11
261964,4.0,15.0,3.0,5.0,3.0,2.0,0.4,0.30000000000000004,50.0,11,0,2,7,1,6,10
261964,4.0,15.0,3.0,5.0,3.0,2.0,0.4,0.30000000000000004,50.0,12,0,1,7,1,5,9
261964,4.0,15.0,3.0,5.0,3.0,2.0,0.4,0.30000000000000004,50.0,13,0,1,4,1,5,6
261964,4.0,15.0,3.0,5.0,3.0,2.0,0.4,0.30000000000000004,50.0,14,0,0,4,1,2,5
261964,4.0,15.0,3.0,5.0,3.0,2.0,0.4,0.30000000000000004,50.0,15,0,0,4,1,0,5
261964,4.0,15.0,3.0,5.0,3.0,2.0,0.4,0.30000000000000004,50.0,16,100,0,3,0,0,3
261964,4.0,15.0,3.0,5.0,3.0,2.0,0.4,0.30000000000000004,50.0,17,125.0,0,3,0,0,3
261964,4.0,15.0,3.0,5.0,3.0,2.0,0.4,0.30000000000000004,50.0,18,156.25,0,2,0,0,2
261964,4.0,15.0,3.0,5.0,3.0,2.0,0.4,0.30000000000000004,50.0,19,195.3125,0,1,0,0,1