Exp Num,agent:svo_convergence_factor,agent:params:metabolism,agent:params:consumption_factor,agent:params:procreate_cost_factor,agent:params:procreate_req_factor,agent:params:start_energy_factor,agent:params:caught_chance,agent:params:caught_cooldown_factor,agent:params:maximum_age,Epoch,Resource,A,B,C,D,E
241779,4.0,10.0,3.0,9.0,3.0,3.0,0.2,0.1,50.0,0,3710.0,19,27,12,20,80
241779,4.0,10.0,3.0,9.0,3.0,3.0,0.2,0.1,50.0,1,3587.5,19,27,12,20,80
241779,4.0,10.0,3.0,9.0,3.0,3.0,0.2,0.1,50.0,2,3014.375,15,27,11,17,74
241779,4.0,10.0,3.0,9.0,3.0,3.0,0.2,0.1,50.0,3,2597.96875,15,27,11,17,74
241779,4.0,10.0,3.0,9.0,3.0,3.0,0.2,0.1,50.0,4,2437.4609375,15,27,11,17,74
241779,4.0,10.0,3.0,9.0,3.0,3.0,0.2,0.1,50.0,5,1936.826171875,14,21,10,15,65
241779,4.0,10.0,3.0,9.0,3.0,3.0,0.2,0.1,50.0,6,1731.03271484375,14,19,9,14,62
241779,4.0,10.0,3.0,9.0,3.0,3.0,0.2,0.1,50.0,7,1653.7908935546875,14,19,9,14,62
241779,4.0,10.0,3.0,9.0,3.0,3.0,0.2,0.1,50.0,8,1047.2386169433594,13,18,9,13,60
241779,4.0,10.0,3.0,9.0,3.0,3.0,0.2,0.1,50.0,9,829.0482711791992,13,17,9,13,59
241779,4.0,10.0,3.0,9.0,3.0,3.0,0.2,0.1,50.0,10,496.310338973999,13,17,9,13,58
241779,4.0,10.0,3.0,9.0,3.0,3.0,0.2,0.1,50.0,11,0,13,16,9,10,54
241779,4.0,10.0,3.0,9.0,3.0,3.0,0.2,0.1,50.0,12,0,13,16,8,8,49
241779,4.0,10.0,3.0,9.0,3.0,3.0,0.2,0.1,50.0,13,0,13,16,7,8,48
241779,4.0,10.0,3.0,9.0,3.0,3.0,0.2,0.1,50.0,14,0,13,15,5,6,37
241779,4.0,10.0,3.0,9.0,3.0,3.0,0.2,0.1,50.0,15,0,13,14,5,4,33
241779,4.0,10.0,3.0,9.0,3.0,3.0,0.2,0.1,50.0,16,0,13,10,4,3,28
241779,4.0,10.0,3.0,9.0,3.0,3.0,0.2,0.1,50.0,17,0,12,9,4,3,25
241779,4.0,10.0,3.0,9.0,3.0,3.0,0.2,0.1,50.0,18,0,9,8,3,1,20
241779,4.0,10.0,3.0,9.0,3.0,3.0,0.2,0.1,50.0,19,0,7,7,3,1,17
241779,4.0,10.0,3.0,9.0,3.0,3.0,0.2,0.1,50.0,20,0,6,7,3,1,16
241779,4.0,10.0,3.0,9.0,3.0,3.0,0.2,0.1,50.0,21,0,6,6,3,0,15
241779,4.0,10.0,3.0,9.0,3.0,3.0,0.2,0.1,50.0,22,0,6,6,2,0,14
241779,4.0,10.0,3.0,9.0,3.0,3.0,0.2,0.1,50.0,23,0,6,6,2,0,14
241779,4.0,10.0,3.0,9.0,3.0,3.0,0.2,0.1,50.0,24,0,5,4,2,0,11
241779,4.0,10.0,3.0,9.0,3.0,3.0,0.2,0.1,50.0,25,0,3,4,1,0,8
241779,4.0,10.0,3.0,9.0,3.0,3.0,0.2,0.1,50.0,26,0,2,3,1,0,6
241779,4.0,10.0,3.0,9.0,3.0,3.0,0.2,0.1,50.0,27,0,2,3,1,0,6
241779,4.0,10.0,3.0,9.0,3.0,3.0,0.2,0.1,50.0,28,0,1,2,0,0,3
241779,4.0,10.0,3.0,9.0,3.0,3.0,0.2,0.1,50.0,29,0,1,2,0,0,3
241779,4.0,10.0,3.0,9.0,3.0,3.0,0.2,0.1,50.0,30,0,0,2,0,0,2
241779,4.0,10.0,3.0,9.0,3.0,3.0,0.2,0.1,50.0,31,0,0,1,0,0,1