Exp Num,agent:svo_convergence_factor,agent:params:metabolism,agent:params:consumption_factor,agent:params:procreate_cost_factor,agent:params:procreate_req_factor,agent:params:start_energy_factor,agent:params:caught_chance,agent:params:caught_cooldown_factor,agent:params:maximum_age,Epoch,Resource,A,B,C,D,E
251678,4.0,15.0,1.0,7.0,3.0,1.0,0.30000000000000004,0.1,40.0,0,3500.0,20,19,9,37,63
251678,4.0,15.0,1.0,7.0,3.0,1.0,0.30000000000000004,0.1,40.0,1,2875.0,20,19,9,37,63
251678,4.0,15.0,1.0,7.0,3.0,1.0,0.30000000000000004,0.1,40.0,2,2093.75,20,19,9,37,63
251678,4.0,15.0,1.0,7.0,3.0,1.0,0.30000000000000004,0.1,40.0,3,1117.1875,20,19,9,37,63
251678,4.0,15.0,1.0,7.0,3.0,1.0,0.30000000000000004,0.1,40.0,4,0,20,18,9,34,62
251678,4.0,15.0,1.0,7.0,3.0,1.0,0.30000000000000004,0.1,40.0,5,0,8,8,4,23,25
251678,4.0,15.0,1.0,7.0,3.0,1.0,0.30000000000000004,0.1,40.0,6,0,3,3,3,13,11
251678,4.0,15.0,1.0,7.0,3.0,1.0,0.30000000000000004,0.1,40.0,7,0,2,1,2,6,6
251678,4.0,15.0,1.0,7.0,3.0,1.0,0.30000000000000004,0.1,40.0,8,0,1,1,1,3,3
251678,4.0,15.0,1.0,7.0,3.0,1.0,0.30000000000000004,0.1,40.0,9,0,0,1,1,1,2
251678,4.0,15.0,1.0,7.0,3.0,1.0,0.30000000000000004,0.1,40.0,10,0,0,0,1,0,1