Exp Num,agent:svo_convergence_factor,agent:params:metabolism,agent:params:consumption_factor,agent:params:procreate_cost_factor,agent:params:procreate_req_factor,agent:params:start_energy_factor,agent:params:caught_chance,agent:params:caught_cooldown_factor,agent:params:maximum_age,Epoch,Resource,A,B,C,D,E
259438,4.0,15.0,3.0,1.0,2.0,3.0,0.30000000000000004,0.30000000000000004,40.0,0,3740.0,23,42,25,30,120
259438,4.0,15.0,3.0,1.0,2.0,3.0,0.30000000000000004,0.30000000000000004,40.0,1,1435.0,22,49,31,36,142
259438,4.0,15.0,3.0,1.0,2.0,3.0,0.30000000000000004,0.30000000000000004,40.0,2,0,22,49,39,35,150
259438,4.0,15.0,3.0,1.0,2.0,3.0,0.30000000000000004,0.30000000000000004,40.0,3,0,16,33,32,20,107
259438,4.0,15.0,3.0,1.0,2.0,3.0,0.30000000000000004,0.30000000000000004,40.0,4,0,12,23,20,11,68
259438,4.0,15.0,3.0,1.0,2.0,3.0,0.30000000000000004,0.30000000000000004,40.0,5,0,6,15,14,7,44
259438,4.0,15.0,3.0,1.0,2.0,3.0,0.30000000000000004,0.30000000000000004,40.0,6,0,2,12,8,5,26
259438,4.0,15.0,3.0,1.0,2.0,3.0,0.30000000000000004,0.30000000000000004,40.0,7,0,1,6,8,4,16
259438,4.0,15.0,3.0,1.0,2.0,3.0,0.30000000000000004,0.30000000000000004,40.0,8,0,1,4,5,2,11
259438,4.0,15.0,3.0,1.0,2.0,3.0,0.30000000000000004,0.30000000000000004,40.0,9,0,1,2,4,0,7
259438,4.0,15.0,3.0,1.0,2.0,3.0,0.30000000000000004,0.30000000000000004,40.0,10,0,1,0,3,0,4
259438,4.0,15.0,3.0,1.0,2.0,3.0,0.30000000000000004,0.30000000000000004,40.0,11,0,1,0,1,0,2
259438,4.0,15.0,3.0,1.0,2.0,3.0,0.30000000000000004,0.30000000000000004,40.0,12,0,1,0,0,0,1