Exp Num,agent:svo_convergence_factor,agent:params:metabolism,agent:params:consumption_factor,agent:params:procreate_cost_factor,agent:params:procreate_req_factor,agent:params:start_energy_factor,agent:params:caught_chance,agent:params:caught_cooldown_factor,agent:params:maximum_age,Epoch,Resource,A,B,C,D,E
208805,4.0,5.0,2.0,1.0,2.0,3.0,0.30000000000000004,0.2,10.0,0,4000.0,29,42,17,44,106
208805,4.0,5.0,2.0,1.0,2.0,3.0,0.30000000000000004,0.2,10.0,1,3500.0,43,63,33,56,169
208805,4.0,5.0,2.0,1.0,2.0,3.0,0.30000000000000004,0.2,10.0,2,3575.0,61,86,50,64,232
208805,4.0,5.0,2.0,1.0,2.0,3.0,0.30000000000000004,0.2,10.0,3,2818.75,63,106,65,79,277
208805,4.0,5.0,2.0,1.0,2.0,3.0,0.30000000000000004,0.2,10.0,4,1393.4375,74,125,85,101,342
208805,4.0,5.0,2.0,1.0,2.0,3.0,0.30000000000000004,0.2,10.0,5,0,76,124,85,112,339
208805,4.0,5.0,2.0,1.0,2.0,3.0,0.30000000000000004,0.2,10.0,6,0,56,79,51,72,210
208805,4.0,5.0,2.0,1.0,2.0,3.0,0.30000000000000004,0.2,10.0,7,0,36,44,31,37,123
208805,4.0,5.0,2.0,1.0,2.0,3.0,0.30000000000000004,0.2,10.0,8,0,22,22,19,21,68
208805,4.0,5.0,2.0,1.0,2.0,3.0,0.30000000000000004,0.2,10.0,9,0,13,12,11,8,40
208805,4.0,5.0,2.0,1.0,2.0,3.0,0.30000000000000004,0.2,10.0,10,0,5,5,8,6,20
208805,4.0,5.0,2.0,1.0,2.0,3.0,0.30000000000000004,0.2,10.0,11,0,4,1,3,4,9
208805,4.0,5.0,2.0,1.0,2.0,3.0,0.30000000000000004,0.2,10.0,12,0,3,0,2,1,5
208805,4.0,5.0,2.0,1.0,2.0,3.0,0.30000000000000004,0.2,10.0,13,0,0,0,2,1,2
208805,4.0,5.0,2.0,1.0,2.0,3.0,0.30000000000000004,0.2,10.0,14,0,0,0,0,1,0