Exp Num,agent:svo_convergence_factor,agent:params:metabolism,agent:params:consumption_factor,agent:params:procreate_cost_factor,agent:params:procreate_req_factor,agent:params:start_energy_factor,agent:params:caught_chance,agent:params:caught_cooldown_factor,agent:params:maximum_age,Epoch,Resource,A,B,C,D,E
236260,4.0,10.0,3.0,1.0,1.0,1.0,0.1,0.30000000000000004,10.0,0,2000.0,20,37,21,53,97
236260,4.0,10.0,3.0,1.0,1.0,1.0,0.1,0.30000000000000004,10.0,1,820.0,30,58,38,72,153
236260,4.0,10.0,3.0,1.0,1.0,1.0,0.1,0.30000000000000004,10.0,2,0,44,62,43,59,181
236260,4.0,10.0,3.0,1.0,1.0,1.0,0.1,0.30000000000000004,10.0,3,0,50,43,33,36,150
236260,4.0,10.0,3.0,1.0,1.0,1.0,0.1,0.30000000000000004,10.0,4,0,39,32,24,21,112
236260,4.0,10.0,3.0,1.0,1.0,1.0,0.1,0.30000000000000004,10.0,5,0,29,24,19,9,86
236260,4.0,10.0,3.0,1.0,1.0,1.0,0.1,0.30000000000000004,10.0,6,0,17,23,15,3,64
236260,4.0,10.0,3.0,1.0,1.0,1.0,0.1,0.30000000000000004,10.0,7,0,13,18,9,5,46
236260,4.0,10.0,3.0,1.0,1.0,1.0,0.1,0.30000000000000004,10.0,8,0,7,13,9,4,32
236260,4.0,10.0,3.0,1.0,1.0,1.0,0.1,0.30000000000000004,10.0,9,0,3,12,6,2,22
236260,4.0,10.0,3.0,1.0,1.0,1.0,0.1,0.30000000000000004,10.0,10,0,2,7,3,2,14
236260,4.0,10.0,3.0,1.0,1.0,1.0,0.1,0.30000000000000004,10.0,11,0,0,4,2,2,8
236260,4.0,10.0,3.0,1.0,1.0,1.0,0.1,0.30000000000000004,10.0,12,0,0,4,1,1,6
236260,4.0,10.0,3.0,1.0,1.0,1.0,0.1,0.30000000000000004,10.0,13,0,0,3,1,2,5
236260,4.0,10.0,3.0,1.0,1.0,1.0,0.1,0.30000000000000004,10.0,14,0,0,2,0,2,2
236260,4.0,10.0,3.0,1.0,1.0,1.0,0.1,0.30000000000000004,10.0,15,0,0,2,1,1,3
236260,4.0,10.0,3.0,1.0,1.0,1.0,0.1,0.30000000000000004,10.0,16,0,0,1,1,0,2
236260,4.0,10.0,3.0,1.0,1.0,1.0,0.1,0.30000000000000004,10.0,17,0,0,1,0,0,1