Exp Num,agent:svo_convergence_factor,agent:params:metabolism,agent:params:consumption_factor,agent:params:procreate_cost_factor,agent:params:procreate_req_factor,agent:params:start_energy_factor,agent:params:caught_chance,agent:params:caught_cooldown_factor,agent:params:maximum_age,Epoch,Resource,A,B,C,D,E
222784,4.0,5.0,4.0,7.0,1.0,1.0,0.2,0.2,50.0,0,3000.0,16,37,6,24,76
222784,4.0,5.0,4.0,7.0,1.0,1.0,0.2,0.2,50.0,1,2970.0,23,43,7,27,92
222784,4.0,5.0,4.0,7.0,1.0,1.0,0.2,0.2,50.0,2,2552.5,27,46,8,28,100
222784,4.0,5.0,4.0,7.0,1.0,1.0,0.2,0.2,50.0,3,2250.625,32,52,9,31,112
222784,4.0,5.0,4.0,7.0,1.0,1.0,0.2,0.2,50.0,4,1693.28125,35,55,10,26,117
222784,4.0,5.0,4.0,7.0,1.0,1.0,0.2,0.2,50.0,5,796.6015625,40,62,11,24,130
222784,4.0,5.0,4.0,7.0,1.0,1.0,0.2,0.2,50.0,6,0,43,75,11,23,146
222784,4.0,5.0,4.0,7.0,1.0,1.0,0.2,0.2,50.0,7,0,42,78,11,22,148
222784,4.0,5.0,4.0,7.0,1.0,1.0,0.2,0.2,50.0,8,0,39,78,8,19,137
222784,4.0,5.0,4.0,7.0,1.0,1.0,0.2,0.2,50.0,9,0,32,71,8,8,119
222784,4.0,5.0,4.0,7.0,1.0,1.0,0.2,0.2,50.0,10,0,28,63,7,5,104
222784,4.0,5.0,4.0,7.0,1.0,1.0,0.2,0.2,50.0,11,0,25,57,7,3,93
222784,4.0,5.0,4.0,7.0,1.0,1.0,0.2,0.2,50.0,12,0,23,52,7,2,84
222784,4.0,5.0,4.0,7.0,1.0,1.0,0.2,0.2,50.0,13,0,13,40,6,1,59
222784,4.0,5.0,4.0,7.0,1.0,1.0,0.2,0.2,50.0,14,0,11,28,5,0,44
222784,4.0,5.0,4.0,7.0,1.0,1.0,0.2,0.2,50.0,15,0,9,17,5,0,31
222784,4.0,5.0,4.0,7.0,1.0,1.0,0.2,0.2,50.0,16,0,6,11,3,0,20
222784,4.0,5.0,4.0,7.0,1.0,1.0,0.2,0.2,50.0,17,0,3,11,3,0,17
222784,4.0,5.0,4.0,7.0,1.0,1.0,0.2,0.2,50.0,18,0,2,10,3,0,15
222784,4.0,5.0,4.0,7.0,1.0,1.0,0.2,0.2,50.0,19,0,1,7,3,0,11
222784,4.0,5.0,4.0,7.0,1.0,1.0,0.2,0.2,50.0,20,0,1,6,1,0,8
222784,4.0,5.0,4.0,7.0,1.0,1.0,0.2,0.2,50.0,21,0,0,6,1,0,7
222784,4.0,5.0,4.0,7.0,1.0,1.0,0.2,0.2,50.0,22,0,0,5,0,0,5
222784,4.0,5.0,4.0,7.0,1.0,1.0,0.2,0.2,50.0,23,0,0,4,0,0,4
222784,4.0,5.0,4.0,7.0,1.0,1.0,0.2,0.2,50.0,24,0,0,2,0,0,2
222784,4.0,5.0,4.0,7.0,1.0,1.0,0.2,0.2,50.0,25,0,0,1,0,0,1