Exp Num,agent:svo_convergence_factor,agent:params:metabolism,agent:params:consumption_factor,agent:params:procreate_cost_factor,agent:params:procreate_req_factor,agent:params:start_energy_factor,agent:params:caught_chance,agent:params:caught_cooldown_factor,agent:params:maximum_age,Epoch,Resource,A,B,C,D,E
242442,4.0,10.0,4.0,1.0,2.0,2.0,0.30000000000000004,0.4,30.0,0,3600.0,21,37,10,31,86
242442,4.0,10.0,4.0,1.0,2.0,2.0,0.30000000000000004,0.4,30.0,1,1900.0,20,48,14,37,106
242442,4.0,10.0,4.0,1.0,2.0,2.0,0.30000000000000004,0.4,30.0,2,335.0,28,63,25,45,143
242442,4.0,10.0,4.0,1.0,2.0,2.0,0.30000000000000004,0.4,30.0,3,0,28,65,22,31,132
242442,4.0,10.0,4.0,1.0,2.0,2.0,0.30000000000000004,0.4,30.0,4,0,24,55,18,18,109
242442,4.0,10.0,4.0,1.0,2.0,2.0,0.30000000000000004,0.4,30.0,5,0,19,42,11,7,76
242442,4.0,10.0,4.0,1.0,2.0,2.0,0.30000000000000004,0.4,30.0,6,0,16,29,9,5,55
242442,4.0,10.0,4.0,1.0,2.0,2.0,0.30000000000000004,0.4,30.0,7,0,15,17,7,4,39
242442,4.0,10.0,4.0,1.0,2.0,2.0,0.30000000000000004,0.4,30.0,8,0,8,11,3,4,22
242442,4.0,10.0,4.0,1.0,2.0,2.0,0.30000000000000004,0.4,30.0,9,0,4,10,3,1,17
242442,4.0,10.0,4.0,1.0,2.0,2.0,0.30000000000000004,0.4,30.0,10,0,3,7,2,0,12
242442,4.0,10.0,4.0,1.0,2.0,2.0,0.30000000000000004,0.4,30.0,11,0,2,6,0,0,8
242442,4.0,10.0,4.0,1.0,2.0,2.0,0.30000000000000004,0.4,30.0,12,0,1,3,0,0,4
242442,4.0,10.0,4.0,1.0,2.0,2.0,0.30000000000000004,0.4,30.0,13,0,0,2,0,0,2
242442,4.0,10.0,4.0,1.0,2.0,2.0,0.30000000000000004,0.4,30.0,14,20.0,1,2,0,0,3
242442,4.0,10.0,4.0,1.0,2.0,2.0,0.30000000000000004,0.4,30.0,15,0,1,3,0,0,4
242442,4.0,10.0,4.0,1.0,2.0,2.0,0.30000000000000004,0.4,30.0,16,0,0,3,0,0,3
242442,4.0,10.0,4.0,1.0,2.0,2.0,0.30000000000000004,0.4,30.0,17,0,0,2,0,0,2
242442,4.0,10.0,4.0,1.0,2.0,2.0,0.30000000000000004,0.4,30.0,18,0,0,1,0,0,1