Exp Num,agent:svo_convergence_factor,agent:params:metabolism,agent:params:consumption_factor,agent:params:procreate_cost_factor,agent:params:procreate_req_factor,agent:params:start_energy_factor,agent:params:caught_chance,agent:params:caught_cooldown_factor,agent:params:maximum_age,Epoch,Resource,A,B,C,D,E
249136,4.0,15.0,1.0,3.0,2.0,2.0,0.1,0.30000000000000004,20.0,0,3500.0,13,36,11,25,75
249136,4.0,15.0,1.0,3.0,2.0,2.0,0.1,0.30000000000000004,20.0,1,2920.0,13,36,11,25,75
249136,4.0,15.0,1.0,3.0,2.0,2.0,0.1,0.30000000000000004,20.0,2,2615.0,13,36,11,25,75
249136,4.0,15.0,1.0,3.0,2.0,2.0,0.1,0.30000000000000004,20.0,3,2308.75,12,36,10,25,73
249136,4.0,15.0,1.0,3.0,2.0,2.0,0.1,0.30000000000000004,20.0,4,1820.9375,10,30,10,25,65
249136,4.0,15.0,1.0,3.0,2.0,2.0,0.1,0.30000000000000004,20.0,5,1031.171875,10,30,10,25,65
249136,4.0,15.0,1.0,3.0,2.0,2.0,0.1,0.30000000000000004,20.0,6,0,10,28,10,25,63
249136,4.0,15.0,1.0,3.0,2.0,2.0,0.1,0.30000000000000004,20.0,7,0,9,13,4,11,35
249136,4.0,15.0,1.0,3.0,2.0,2.0,0.1,0.30000000000000004,20.0,8,0,9,8,2,5,21
249136,4.0,15.0,1.0,3.0,2.0,2.0,0.1,0.30000000000000004,20.0,9,0,4,6,1,2,12
249136,4.0,15.0,1.0,3.0,2.0,2.0,0.1,0.30000000000000004,20.0,10,0,2,2,1,1,6
249136,4.0,15.0,1.0,3.0,2.0,2.0,0.1,0.30000000000000004,20.0,11,0,2,2,0,0,4
249136,4.0,15.0,1.0,3.0,2.0,2.0,0.1,0.30000000000000004,20.0,12,0,1,1,0,0,2
249136,4.0,15.0,1.0,3.0,2.0,2.0,0.1,0.30000000000000004,20.0,13,0,1,0,0,0,1