Exp Num,agent:svo_convergence_factor,agent:params:metabolism,agent:params:consumption_factor,agent:params:procreate_cost_factor,agent:params:procreate_req_factor,agent:params:start_energy_factor,agent:params:caught_chance,agent:params:caught_cooldown_factor,agent:params:maximum_age,Epoch,Resource,A,B,C,D,E
237243,4.0,10.0,3.0,1.0,3.0,2.0,0.5,0.4,40.0,0,4310.0,23,31,11,32,79
237243,4.0,10.0,3.0,1.0,3.0,2.0,0.5,0.4,40.0,1,3887.5,22,20,18,38,74
237243,4.0,10.0,3.0,1.0,3.0,2.0,0.5,0.4,40.0,2,3959.375,21,24,23,39,83
237243,4.0,10.0,3.0,1.0,3.0,2.0,0.5,0.4,40.0,3,3659.21875,18,26,26,41,90
237243,4.0,10.0,3.0,1.0,3.0,2.0,0.5,0.4,40.0,4,3614.0234375,14,25,27,44,87
237243,4.0,10.0,3.0,1.0,3.0,2.0,0.5,0.4,40.0,5,3017.529296875,10,26,30,50,90
237243,4.0,10.0,3.0,1.0,3.0,2.0,0.5,0.4,40.0,6,2451.91162109375,12,27,34,53,98
237243,4.0,10.0,3.0,1.0,3.0,2.0,0.5,0.4,40.0,7,1054.8895263671875,15,28,35,62,112
237243,4.0,10.0,3.0,1.0,3.0,2.0,0.5,0.4,40.0,8,0,15,20,36,65,106
237243,4.0,10.0,3.0,1.0,3.0,2.0,0.5,0.4,40.0,9,0,12,13,30,45,76
237243,4.0,10.0,3.0,1.0,3.0,2.0,0.5,0.4,40.0,10,0,10,9,17,25,48
237243,4.0,10.0,3.0,1.0,3.0,2.0,0.5,0.4,40.0,11,0,9,5,11,11,32
237243,4.0,10.0,3.0,1.0,3.0,2.0,0.5,0.4,40.0,12,0,8,4,7,5,24
237243,4.0,10.0,3.0,1.0,3.0,2.0,0.5,0.4,40.0,13,0,5,3,3,3,13
237243,4.0,10.0,3.0,1.0,3.0,2.0,0.5,0.4,40.0,14,0,4,2,2,1,8
237243,4.0,10.0,3.0,1.0,3.0,2.0,0.5,0.4,40.0,15,0,2,1,1,1,4
237243,4.0,10.0,3.0,1.0,3.0,2.0,0.5,0.4,40.0,16,0,1,0,1,1,2
237243,4.0,10.0,3.0,1.0,3.0,2.0,0.5,0.4,40.0,17,0,1,0,1,0,2
237243,4.0,10.0,3.0,1.0,3.0,2.0,0.5,0.4,40.0,18,0,0,0,1,0,1