Exp Num,agent:svo_convergence_factor,agent:params:metabolism,agent:params:consumption_factor,agent:params:procreate_cost_factor,agent:params:procreate_req_factor,agent:params:start_energy_factor,agent:params:caught_chance,agent:params:caught_cooldown_factor,agent:params:maximum_age,Epoch,Resource,A,B,C,D,E
252036,4.0,15.0,1.0,9.0,1.0,1.0,0.2,0.30000000000000004,20.0,0,3500.0,20,21,15,32,68
252036,4.0,15.0,1.0,9.0,1.0,1.0,0.2,0.30000000000000004,20.0,1,2875.0,20,21,15,32,68
252036,4.0,15.0,1.0,9.0,1.0,1.0,0.2,0.30000000000000004,20.0,2,2093.75,20,21,15,32,68
252036,4.0,15.0,1.0,9.0,1.0,1.0,0.2,0.30000000000000004,20.0,3,1117.1875,20,21,15,32,68
252036,4.0,15.0,1.0,9.0,1.0,1.0,0.2,0.30000000000000004,20.0,4,0,19,21,14,31,65
252036,4.0,15.0,1.0,9.0,1.0,1.0,0.2,0.30000000000000004,20.0,5,0,8,13,5,15,33
252036,4.0,15.0,1.0,9.0,1.0,1.0,0.2,0.30000000000000004,20.0,6,0,1,10,3,9,15
252036,4.0,15.0,1.0,9.0,1.0,1.0,0.2,0.30000000000000004,20.0,7,0,1,5,2,4,8
252036,4.0,15.0,1.0,9.0,1.0,1.0,0.2,0.30000000000000004,20.0,8,0,0,2,1,3,3
252036,4.0,15.0,1.0,9.0,1.0,1.0,0.2,0.30000000000000004,20.0,9,0,0,1,1,1,2
252036,4.0,15.0,1.0,9.0,1.0,1.0,0.2,0.30000000000000004,20.0,10,0,0,1,0,0,1