Exp Num,agent:svo_convergence_factor,agent:params:metabolism,agent:params:consumption_factor,agent:params:procreate_cost_factor,agent:params:procreate_req_factor,agent:params:start_energy_factor,agent:params:caught_chance,agent:params:caught_cooldown_factor,agent:params:maximum_age,Epoch,Resource,A,B,C,D,E
261262,4.0,15.0,3.0,5.0,1.0,3.0,0.1,0.30000000000000004,30.0,0,2885.0,21,37,14,33,90
261262,4.0,15.0,3.0,5.0,1.0,3.0,0.1,0.30000000000000004,30.0,1,366.25,25,40,17,34,101
261262,4.0,15.0,3.0,5.0,1.0,3.0,0.1,0.30000000000000004,30.0,2,0,27,41,18,23,96
261262,4.0,15.0,3.0,5.0,1.0,3.0,0.1,0.30000000000000004,30.0,3,0,18,34,15,13,75
261262,4.0,15.0,3.0,5.0,1.0,3.0,0.1,0.30000000000000004,30.0,4,0,15,27,12,10,62
261262,4.0,15.0,3.0,5.0,1.0,3.0,0.1,0.30000000000000004,30.0,5,0,12,24,10,10,52
261262,4.0,15.0,3.0,5.0,1.0,3.0,0.1,0.30000000000000004,30.0,6,0,11,19,8,4,41
261262,4.0,15.0,3.0,5.0,1.0,3.0,0.1,0.30000000000000004,30.0,7,0,8,14,4,3,28
261262,4.0,15.0,3.0,5.0,1.0,3.0,0.1,0.30000000000000004,30.0,8,0,8,7,3,2,20
261262,4.0,15.0,3.0,5.0,1.0,3.0,0.1,0.30000000000000004,30.0,9,0,5,4,2,1,12
261262,4.0,15.0,3.0,5.0,1.0,3.0,0.1,0.30000000000000004,30.0,10,0,2,4,2,1,8
261262,4.0,15.0,3.0,5.0,1.0,3.0,0.1,0.30000000000000004,30.0,11,0,1,2,2,0,5
261262,4.0,15.0,3.0,5.0,1.0,3.0,0.1,0.30000000000000004,30.0,12,0,1,1,2,0,4
261262,4.0,15.0,3.0,5.0,1.0,3.0,0.1,0.30000000000000004,30.0,13,55.0,1,1,2,0,4
261262,4.0,15.0,3.0,5.0,1.0,3.0,0.1,0.30000000000000004,30.0,14,0,1,1,1,0,3
261262,4.0,15.0,3.0,5.0,1.0,3.0,0.1,0.30000000000000004,30.0,15,0,1,1,1,0,3
261262,4.0,15.0,3.0,5.0,1.0,3.0,0.1,0.30000000000000004,30.0,16,0,1,0,1,0,2
261262,4.0,15.0,3.0,5.0,1.0,3.0,0.1,0.30000000000000004,30.0,17,0,0,0,1,0,1