Exp Num,agent:svo_convergence_factor,agent:params:metabolism,agent:params:consumption_factor,agent:params:procreate_cost_factor,agent:params:procreate_req_factor,agent:params:start_energy_factor,agent:params:caught_chance,agent:params:caught_cooldown_factor,agent:params:maximum_age,Epoch,Resource,A,B,C,D,E
237011,4.0,10.0,3.0,1.0,3.0,1.0,0.1,0.30000000000000004,20.0,0,2000.0,40,30,13,37,113
237011,4.0,10.0,3.0,1.0,3.0,1.0,0.1,0.30000000000000004,20.0,1,490.0,51,42,17,41,142
237011,4.0,10.0,3.0,1.0,3.0,1.0,0.1,0.30000000000000004,20.0,2,0,49,37,15,27,116
237011,4.0,10.0,3.0,1.0,3.0,1.0,0.1,0.30000000000000004,20.0,3,0,44,27,13,22,91
237011,4.0,10.0,3.0,1.0,3.0,1.0,0.1,0.30000000000000004,20.0,4,0,33,12,5,15,55
237011,4.0,10.0,3.0,1.0,3.0,1.0,0.1,0.30000000000000004,20.0,5,0,20,9,4,7,35
237011,4.0,10.0,3.0,1.0,3.0,1.0,0.1,0.30000000000000004,20.0,6,0,11,6,3,3,22
237011,4.0,10.0,3.0,1.0,3.0,1.0,0.1,0.30000000000000004,20.0,7,0,4,3,3,2,11
237011,4.0,10.0,3.0,1.0,3.0,1.0,0.1,0.30000000000000004,20.0,8,0,2,0,2,1,5
237011,4.0,10.0,3.0,1.0,3.0,1.0,0.1,0.30000000000000004,20.0,9,0,1,0,1,0,3
237011,4.0,10.0,3.0,1.0,3.0,1.0,0.1,0.30000000000000004,20.0,10,0,1,0,0,0,1