Exp Num,agent:svo_convergence_factor,agent:params:metabolism,agent:params:consumption_factor,agent:params:procreate_cost_factor,agent:params:procreate_req_factor,agent:params:start_energy_factor,agent:params:caught_chance,agent:params:caught_cooldown_factor,agent:params:maximum_age,Epoch,Resource,A,B,C,D,E
201309,3.0,15.0,4.0,7.0,3.0,3.0,0.30000000000000004,0.2,50.0,0,2660.0,14,34,7,30,70
201309,3.0,15.0,4.0,7.0,3.0,3.0,0.30000000000000004,0.2,50.0,1,1465.0,14,34,7,30,70
201309,3.0,15.0,4.0,7.0,3.0,3.0,0.30000000000000004,0.2,50.0,2,0,13,25,6,26,55
201309,3.0,15.0,4.0,7.0,3.0,3.0,0.30000000000000004,0.2,50.0,3,0,12,23,5,20,50
201309,3.0,15.0,4.0,7.0,3.0,3.0,0.30000000000000004,0.2,50.0,4,0,12,23,5,20,50
201309,3.0,15.0,4.0,7.0,3.0,3.0,0.30000000000000004,0.2,50.0,5,0,12,23,5,20,50
201309,3.0,15.0,4.0,7.0,3.0,3.0,0.30000000000000004,0.2,50.0,6,0,11,16,2,14,32
201309,3.0,15.0,4.0,7.0,3.0,3.0,0.30000000000000004,0.2,50.0,7,0,9,13,2,8,25
201309,3.0,15.0,4.0,7.0,3.0,3.0,0.30000000000000004,0.2,50.0,8,0,8,12,2,4,22
201309,3.0,15.0,4.0,7.0,3.0,3.0,0.30000000000000004,0.2,50.0,9,0,7,11,2,4,20
201309,3.0,15.0,4.0,7.0,3.0,3.0,0.30000000000000004,0.2,50.0,10,0,7,8,1,4,16
201309,3.0,15.0,4.0,7.0,3.0,3.0,0.30000000000000004,0.2,50.0,11,0,5,7,1,3,13
201309,3.0,15.0,4.0,7.0,3.0,3.0,0.30000000000000004,0.2,50.0,12,0,1,6,1,2,8
201309,3.0,15.0,4.0,7.0,3.0,3.0,0.30000000000000004,0.2,50.0,13,0,1,5,1,2,7
201309,3.0,15.0,4.0,7.0,3.0,3.0,0.30000000000000004,0.2,50.0,14,0,0,4,1,1,5
201309,3.0,15.0,4.0,7.0,3.0,3.0,0.30000000000000004,0.2,50.0,15,0,0,4,0,1,4
201309,3.0,15.0,4.0,7.0,3.0,3.0,0.30000000000000004,0.2,50.0,16,0,0,4,0,1,4
201309,3.0,15.0,4.0,7.0,3.0,3.0,0.30000000000000004,0.2,50.0,17,0,0,3,0,1,3
201309,3.0,15.0,4.0,7.0,3.0,3.0,0.30000000000000004,0.2,50.0,18,0,0,1,0,1,1
201309,3.0,15.0,4.0,7.0,3.0,3.0,0.30000000000000004,0.2,50.0,19,0,0,1,0,0,1