Exp Num,agent:svo_convergence_factor,agent:params:metabolism,agent:params:consumption_factor,agent:params:procreate_cost_factor,agent:params:procreate_req_factor,agent:params:start_energy_factor,agent:params:caught_chance,agent:params:caught_cooldown_factor,agent:params:maximum_age,Epoch,Resource,A,B,C,D,E
250292,4.0,15.0,1.0,5.0,2.0,2.0,0.2,0.4,30.0,0,3500.0,18,34,11,27,73
250292,4.0,15.0,1.0,5.0,2.0,2.0,0.2,0.4,30.0,1,2950.0,18,34,11,27,73
250292,4.0,15.0,1.0,5.0,2.0,2.0,0.2,0.4,30.0,2,2592.5,18,34,10,26,72
250292,4.0,15.0,1.0,5.0,2.0,2.0,0.2,0.4,30.0,3,2400.625,17,30,10,26,67
250292,4.0,15.0,1.0,5.0,2.0,2.0,0.2,0.4,30.0,4,2085.78125,14,25,10,26,58
250292,4.0,15.0,1.0,5.0,2.0,2.0,0.2,0.4,30.0,5,1632.2265625,12,22,10,25,53
250292,4.0,15.0,1.0,5.0,2.0,2.0,0.2,0.4,30.0,6,975.283203125,12,21,10,25,52
250292,4.0,15.0,1.0,5.0,2.0,2.0,0.2,0.4,30.0,7,169.10400390625,12,20,10,25,51
250292,4.0,15.0,1.0,5.0,2.0,2.0,0.2,0.4,30.0,8,0,8,11,5,15,31
250292,4.0,15.0,1.0,5.0,2.0,2.0,0.2,0.4,30.0,9,0,5,6,1,8,16
250292,4.0,15.0,1.0,5.0,2.0,2.0,0.2,0.4,30.0,10,0,1,5,1,2,10
250292,4.0,15.0,1.0,5.0,2.0,2.0,0.2,0.4,30.0,11,0,0,3,0,1,5
250292,4.0,15.0,1.0,5.0,2.0,2.0,0.2,0.4,30.0,12,0,0,2,0,0,3
250292,4.0,15.0,1.0,5.0,2.0,2.0,0.2,0.4,30.0,13,0,0,0,0,0,1