Exp Num,agent:svo_convergence_factor,agent:params:metabolism,agent:params:consumption_factor,agent:params:procreate_cost_factor,agent:params:procreate_req_factor,agent:params:start_energy_factor,agent:params:caught_chance,agent:params:caught_cooldown_factor,agent:params:maximum_age,Epoch,Resource,A,B,C,D,E
29057,1.0,10.0,2.0,1.0,3.0,2.0,0.30000000000000004,0.2,30.0,0,3660.0,16,36,24,36,97
29057,1.0,10.0,2.0,1.0,3.0,2.0,0.30000000000000004,0.2,30.0,1,3415.0,17,43,24,37,106
29057,1.0,10.0,2.0,1.0,3.0,2.0,0.30000000000000004,0.2,30.0,2,2608.75,15,51,26,36,114
29057,1.0,10.0,2.0,1.0,3.0,2.0,0.30000000000000004,0.2,30.0,3,1920.9375,14,52,31,37,116
29057,1.0,10.0,2.0,1.0,3.0,2.0,0.30000000000000004,0.2,30.0,4,1181.171875,12,53,33,35,117
29057,1.0,10.0,2.0,1.0,3.0,2.0,0.30000000000000004,0.2,30.0,5,0,11,52,33,31,115
29057,1.0,10.0,2.0,1.0,3.0,2.0,0.30000000000000004,0.2,30.0,6,0,9,47,24,17,93
29057,1.0,10.0,2.0,1.0,3.0,2.0,0.30000000000000004,0.2,30.0,7,0,5,28,13,9,55
29057,1.0,10.0,2.0,1.0,3.0,2.0,0.30000000000000004,0.2,30.0,8,0,2,14,10,3,31
29057,1.0,10.0,2.0,1.0,3.0,2.0,0.30000000000000004,0.2,30.0,9,0,1,7,7,2,16
29057,1.0,10.0,2.0,1.0,3.0,2.0,0.30000000000000004,0.2,30.0,10,0,0,4,5,0,9
29057,1.0,10.0,2.0,1.0,3.0,2.0,0.30000000000000004,0.2,30.0,11,0,0,4,1,0,5
29057,1.0,10.0,2.0,1.0,3.0,2.0,0.30000000000000004,0.2,30.0,12,0,0,3,0,0,3
29057,1.0,10.0,2.0,1.0,3.0,2.0,0.30000000000000004,0.2,30.0,13,0,0,1,0,0,1