Exp Num,agent:svo_convergence_factor,agent:params:metabolism,agent:params:consumption_factor,agent:params:procreate_cost_factor,agent:params:procreate_req_factor,agent:params:start_energy_factor,agent:params:caught_chance,agent:params:caught_cooldown_factor,agent:params:maximum_age,Epoch,Resource,A,B,C,D,E
250862,4.0,15.0,1.0,5.0,3.0,3.0,0.5,0.30000000000000004,30.0,0,3500.0,19,29,11,23,77
250862,4.0,15.0,1.0,5.0,3.0,3.0,0.5,0.30000000000000004,30.0,1,2965.0,19,29,11,23,77
250862,4.0,15.0,1.0,5.0,3.0,3.0,0.5,0.30000000000000004,30.0,2,2881.25,19,29,11,23,77
250862,4.0,15.0,1.0,5.0,3.0,3.0,0.5,0.30000000000000004,30.0,3,2851.5625,17,28,11,23,73
250862,4.0,15.0,1.0,5.0,3.0,3.0,0.5,0.30000000000000004,30.0,4,2784.453125,14,24,8,20,61
250862,4.0,15.0,1.0,5.0,3.0,3.0,0.5,0.30000000000000004,30.0,5,2670.56640625,10,19,8,17,52
250862,4.0,15.0,1.0,5.0,3.0,3.0,0.5,0.30000000000000004,30.0,6,2423.2080078125,10,16,8,17,49
250862,4.0,15.0,1.0,5.0,3.0,3.0,0.5,0.30000000000000004,30.0,7,2084.010009765625,10,16,8,17,49
250862,4.0,15.0,1.0,5.0,3.0,3.0,0.5,0.30000000000000004,30.0,8,1855.0125122070312,9,15,8,17,47
250862,4.0,15.0,1.0,5.0,3.0,3.0,0.5,0.30000000000000004,30.0,9,1688.765640258789,8,15,8,17,46
250862,4.0,15.0,1.0,5.0,3.0,3.0,0.5,0.30000000000000004,30.0,10,1585.9570503234863,8,11,6,16,40
250862,4.0,15.0,1.0,5.0,3.0,3.0,0.5,0.30000000000000004,30.0,11,1457.446312904358,6,10,6,14,37
250862,4.0,15.0,1.0,5.0,3.0,3.0,0.5,0.30000000000000004,30.0,12,1296.8078911304474,4,9,5,13,32
250862,4.0,15.0,1.0,5.0,3.0,3.0,0.5,0.30000000000000004,30.0,13,1096.0098639130592,4,7,5,13,30
250862,4.0,15.0,1.0,5.0,3.0,3.0,0.5,0.30000000000000004,30.0,14,815.012329891324,4,7,5,13,30
250862,4.0,15.0,1.0,5.0,3.0,3.0,0.5,0.30000000000000004,30.0,15,493.76541236415505,2,7,5,13,28
250862,4.0,15.0,1.0,5.0,3.0,3.0,0.5,0.30000000000000004,30.0,16,137.20676545519382,2,6,4,12,26
250862,4.0,15.0,1.0,5.0,3.0,3.0,0.5,0.30000000000000004,30.0,17,0,1,6,3,9,16
250862,4.0,15.0,1.0,5.0,3.0,3.0,0.5,0.30000000000000004,30.0,18,0,0,4,2,4,9
250862,4.0,15.0,1.0,5.0,3.0,3.0,0.5,0.30000000000000004,30.0,19,0,0,3,0,2,4
250862,4.0,15.0,1.0,5.0,3.0,3.0,0.5,0.30000000000000004,30.0,20,0,0,1,0,1,2
250862,4.0,15.0,1.0,5.0,3.0,3.0,0.5,0.30000000000000004,30.0,21,0,0,1,0,0,1