Exp Num,agent:svo_convergence_factor,agent:params:metabolism,agent:params:consumption_factor,agent:params:procreate_cost_factor,agent:params:procreate_req_factor,agent:params:start_energy_factor,agent:params:caught_chance,agent:params:caught_cooldown_factor,agent:params:maximum_age,Epoch,Resource,A,B,C,D,E
249387,4.0,15.0,1.0,3.0,3.0,1.0,0.1,0.30000000000000004,30.0,0,3500.0,14,29,8,24,76
249387,4.0,15.0,1.0,3.0,3.0,1.0,0.1,0.30000000000000004,30.0,1,2875.0,14,29,8,24,76
249387,4.0,15.0,1.0,3.0,3.0,1.0,0.1,0.30000000000000004,30.0,2,2093.75,14,29,8,24,76
249387,4.0,15.0,1.0,3.0,3.0,1.0,0.1,0.30000000000000004,30.0,3,1117.1875,14,29,8,24,76
249387,4.0,15.0,1.0,3.0,3.0,1.0,0.1,0.30000000000000004,30.0,4,0,14,28,8,23,73
249387,4.0,15.0,1.0,3.0,3.0,1.0,0.1,0.30000000000000004,30.0,5,0,9,10,5,12,36
249387,4.0,15.0,1.0,3.0,3.0,1.0,0.1,0.30000000000000004,30.0,6,0,6,4,0,6,18
249387,4.0,15.0,1.0,3.0,3.0,1.0,0.1,0.30000000000000004,30.0,7,0,3,2,0,4,8
249387,4.0,15.0,1.0,3.0,3.0,1.0,0.1,0.30000000000000004,30.0,8,0,2,2,0,1,5
249387,4.0,15.0,1.0,3.0,3.0,1.0,0.1,0.30000000000000004,30.0,9,0,2,1,0,0,3
249387,4.0,15.0,1.0,3.0,3.0,1.0,0.1,0.30000000000000004,30.0,10,0,1,0,0,0,1