Exp Num,agent:svo_convergence_factor,agent:params:metabolism,agent:params:consumption_factor,agent:params:procreate_cost_factor,agent:params:procreate_req_factor,agent:params:start_energy_factor,agent:params:caught_chance,agent:params:caught_cooldown_factor,agent:params:maximum_age,Epoch,Resource,A,B,C,D,E
248398,4.0,15.0,1.0,1.0,3.0,2.0,0.1,0.5,40.0,0,3500.0,19,26,10,28,72
248398,4.0,15.0,1.0,1.0,3.0,2.0,0.1,0.5,40.0,1,2935.0,19,26,10,28,72
248398,4.0,15.0,1.0,1.0,3.0,2.0,0.1,0.5,40.0,2,2558.75,19,26,10,28,72
248398,4.0,15.0,1.0,1.0,3.0,2.0,0.1,0.5,40.0,3,2343.4375,16,24,10,28,67
248398,4.0,15.0,1.0,1.0,3.0,2.0,0.1,0.5,40.0,4,1849.296875,14,24,9,28,64
248398,4.0,15.0,1.0,1.0,3.0,2.0,0.1,0.5,40.0,5,1096.62109375,14,23,8,27,62
248398,4.0,15.0,1.0,1.0,3.0,2.0,0.1,0.5,40.0,6,170.7763671875,13,22,8,27,60
248398,4.0,15.0,1.0,1.0,3.0,2.0,0.1,0.5,40.0,7,0,11,16,5,12,41
248398,4.0,15.0,1.0,1.0,3.0,2.0,0.1,0.5,40.0,8,0,8,10,3,5,23
248398,4.0,15.0,1.0,1.0,3.0,2.0,0.1,0.5,40.0,9,0,3,4,3,3,11
248398,4.0,15.0,1.0,1.0,3.0,2.0,0.1,0.5,40.0,10,0,0,3,2,1,6
248398,4.0,15.0,1.0,1.0,3.0,2.0,0.1,0.5,40.0,11,0,0,2,1,0,3
248398,4.0,15.0,1.0,1.0,3.0,2.0,0.1,0.5,40.0,12,0,0,1,0,0,1