Exp Num,agent:svo_convergence_factor,agent:params:metabolism,agent:params:consumption_factor,agent:params:procreate_cost_factor,agent:params:procreate_req_factor,agent:params:start_energy_factor,agent:params:caught_chance,agent:params:caught_cooldown_factor,agent:params:maximum_age,Epoch,Resource,A,B,C,D,E
250090,4.0,15.0,1.0,5.0,1.0,3.0,0.4,0.4,10.0,0,3500.0,22,28,11,21,79
250090,4.0,15.0,1.0,5.0,1.0,3.0,0.4,0.4,10.0,1,2980.0,22,28,11,21,79
250090,4.0,15.0,1.0,5.0,1.0,3.0,0.4,0.4,10.0,2,2780.0,22,28,11,21,79
250090,4.0,15.0,1.0,5.0,1.0,3.0,0.4,0.4,10.0,3,2710.0,22,25,11,21,76
250090,4.0,15.0,1.0,5.0,1.0,3.0,0.4,0.4,10.0,4,2637.5,18,22,9,21,67
250090,4.0,15.0,1.0,5.0,1.0,3.0,0.4,0.4,10.0,5,2621.875,15,16,7,19,56
250090,4.0,15.0,1.0,5.0,1.0,3.0,0.4,0.4,10.0,6,2572.34375,10,16,6,16,50
250090,4.0,15.0,1.0,5.0,1.0,3.0,0.4,0.4,10.0,7,2405.4296875,8,12,6,16,44
250090,4.0,15.0,1.0,5.0,1.0,3.0,0.4,0.4,10.0,8,2106.787109375,8,12,6,16,44
250090,4.0,15.0,1.0,5.0,1.0,3.0,0.4,0.4,10.0,9,1763.48388671875,8,12,6,16,44
250090,4.0,15.0,1.0,5.0,1.0,3.0,0.4,0.4,10.0,10,1589.3548583984375,5,6,5,12,28
250090,4.0,15.0,1.0,5.0,1.0,3.0,0.4,0.4,10.0,11,1671.6935729980469,1,4,2,8,14
250090,4.0,15.0,1.0,5.0,1.0,3.0,0.4,0.4,10.0,12,1909.6169662475586,0,3,2,5,7
250090,4.0,15.0,1.0,5.0,1.0,3.0,0.4,0.4,10.0,13,2282.0212078094482,0,1,2,3,4
250090,4.0,15.0,1.0,5.0,1.0,3.0,0.4,0.4,10.0,14,2792.5265097618103,0,0,2,1,2
250090,4.0,15.0,1.0,5.0,1.0,3.0,0.4,0.4,10.0,15,3460.658137202263,0,0,1,0,1