Exp Num,agent:svo_convergence_factor,agent:params:metabolism,agent:params:consumption_factor,agent:params:procreate_cost_factor,agent:params:procreate_req_factor,agent:params:start_energy_factor,agent:params:caught_chance,agent:params:caught_cooldown_factor,agent:params:maximum_age,Epoch,Resource,A,B,C,D,E
241944,4.0,10.0,4.0,1.0,1.0,1.0,0.30000000000000004,0.4,50.0,0,1000.0,17,34,19,48,102
241944,4.0,10.0,4.0,1.0,1.0,1.0,0.30000000000000004,0.4,50.0,1,0,26,51,31,74,151
241944,4.0,10.0,4.0,1.0,1.0,1.0,0.30000000000000004,0.4,50.0,2,0,32,42,28,57,123
241944,4.0,10.0,4.0,1.0,1.0,1.0,0.30000000000000004,0.4,50.0,3,0,34,40,22,36,112
241944,4.0,10.0,4.0,1.0,1.0,1.0,0.30000000000000004,0.4,50.0,4,0,32,35,17,27,97
241944,4.0,10.0,4.0,1.0,1.0,1.0,0.30000000000000004,0.4,50.0,5,0,28,25,13,13,75
241944,4.0,10.0,4.0,1.0,1.0,1.0,0.30000000000000004,0.4,50.0,6,0,16,22,6,8,50
241944,4.0,10.0,4.0,1.0,1.0,1.0,0.30000000000000004,0.4,50.0,7,0,15,18,5,4,45
241944,4.0,10.0,4.0,1.0,1.0,1.0,0.30000000000000004,0.4,50.0,8,0,13,10,2,5,30
241944,4.0,10.0,4.0,1.0,1.0,1.0,0.30000000000000004,0.4,50.0,9,0,10,6,1,2,19
241944,4.0,10.0,4.0,1.0,1.0,1.0,0.30000000000000004,0.4,50.0,10,0,6,4,1,2,14
241944,4.0,10.0,4.0,1.0,1.0,1.0,0.30000000000000004,0.4,50.0,11,0,2,3,2,1,9
241944,4.0,10.0,4.0,1.0,1.0,1.0,0.30000000000000004,0.4,50.0,12,0,2,3,1,2,7
241944,4.0,10.0,4.0,1.0,1.0,1.0,0.30000000000000004,0.4,50.0,13,0,1,4,1,1,6
241944,4.0,10.0,4.0,1.0,1.0,1.0,0.30000000000000004,0.4,50.0,14,0,1,2,0,1,3
241944,4.0,10.0,4.0,1.0,1.0,1.0,0.30000000000000004,0.4,50.0,15,0,0,1,0,1,1
241944,4.0,10.0,4.0,1.0,1.0,1.0,0.30000000000000004,0.4,50.0,16,0,0,0,0,1,0