Exp Num,agent:svo_convergence_factor,agent:params:metabolism,agent:params:consumption_factor,agent:params:procreate_cost_factor,agent:params:procreate_req_factor,agent:params:start_energy_factor,agent:params:caught_chance,agent:params:caught_cooldown_factor,agent:params:maximum_age,Epoch,Resource,A,B,C,D,E
249067,4.0,15.0,1.0,3.0,2.0,1.0,0.30000000000000004,0.4,30.0,0,3500.0,23,29,11,24,76
249067,4.0,15.0,1.0,3.0,2.0,1.0,0.30000000000000004,0.4,30.0,1,2875.0,23,29,11,24,76
249067,4.0,15.0,1.0,3.0,2.0,1.0,0.30000000000000004,0.4,30.0,2,2093.75,23,29,11,24,76
249067,4.0,15.0,1.0,3.0,2.0,1.0,0.30000000000000004,0.4,30.0,3,1117.1875,23,29,11,24,76
249067,4.0,15.0,1.0,3.0,2.0,1.0,0.30000000000000004,0.4,30.0,4,0,22,27,10,24,72
249067,4.0,15.0,1.0,3.0,2.0,1.0,0.30000000000000004,0.4,30.0,5,0,12,12,6,13,35
249067,4.0,15.0,1.0,3.0,2.0,1.0,0.30000000000000004,0.4,30.0,6,0,5,3,5,9,15
249067,4.0,15.0,1.0,3.0,2.0,1.0,0.30000000000000004,0.4,30.0,7,0,2,3,4,2,10
249067,4.0,15.0,1.0,3.0,2.0,1.0,0.30000000000000004,0.4,30.0,8,0,0,2,2,2,4
249067,4.0,15.0,1.0,3.0,2.0,1.0,0.30000000000000004,0.4,30.0,9,0,0,1,1,1,2
249067,4.0,15.0,1.0,3.0,2.0,1.0,0.30000000000000004,0.4,30.0,10,0,0,0,0,1,0