Exp Num,agent:svo_convergence_factor,agent:params:metabolism,agent:params:consumption_factor,agent:params:procreate_cost_factor,agent:params:procreate_req_factor,agent:params:start_energy_factor,agent:params:caught_chance,agent:params:caught_cooldown_factor,agent:params:maximum_age,Epoch,Resource,A,B,C,D,E
244908,4.0,10.0,4.0,5.0,3.0,1.0,0.2,0.2,40.0,0,1000.0,17,24,20,26,74
244908,4.0,10.0,4.0,5.0,3.0,1.0,0.2,0.2,40.0,1,0,17,24,20,26,74
244908,4.0,10.0,4.0,5.0,3.0,1.0,0.2,0.2,40.0,2,0,17,24,20,26,74
244908,4.0,10.0,4.0,5.0,3.0,1.0,0.2,0.2,40.0,3,0,17,24,20,26,74
244908,4.0,10.0,4.0,5.0,3.0,1.0,0.2,0.2,40.0,4,0,10,17,12,17,43
244908,4.0,10.0,4.0,5.0,3.0,1.0,0.2,0.2,40.0,5,0,9,10,9,10,31
244908,4.0,10.0,4.0,5.0,3.0,1.0,0.2,0.2,40.0,6,0,8,8,8,8,25
244908,4.0,10.0,4.0,5.0,3.0,1.0,0.2,0.2,40.0,7,0,8,8,7,7,24
244908,4.0,10.0,4.0,5.0,3.0,1.0,0.2,0.2,40.0,8,0,6,7,6,3,20
244908,4.0,10.0,4.0,5.0,3.0,1.0,0.2,0.2,40.0,9,0,3,5,5,2,13
244908,4.0,10.0,4.0,5.0,3.0,1.0,0.2,0.2,40.0,10,0,1,4,2,1,7
244908,4.0,10.0,4.0,5.0,3.0,1.0,0.2,0.2,40.0,11,0,0,3,1,1,4
244908,4.0,10.0,4.0,5.0,3.0,1.0,0.2,0.2,40.0,12,20.0,0,2,1,1,3
244908,4.0,10.0,4.0,5.0,3.0,1.0,0.2,0.2,40.0,13,25.0,0,2,0,1,2
244908,4.0,10.0,4.0,5.0,3.0,1.0,0.2,0.2,40.0,14,31.25,0,1,0,1,1
244908,4.0,10.0,4.0,5.0,3.0,1.0,0.2,0.2,40.0,15,39.0625,0,1,0,1,1
244908,4.0,10.0,4.0,5.0,3.0,1.0,0.2,0.2,40.0,16,8.828125,0,1,0,1,1
244908,4.0,10.0,4.0,5.0,3.0,1.0,0.2,0.2,40.0,17,11.03515625,0,1,0,1,1
244908,4.0,10.0,4.0,5.0,3.0,1.0,0.2,0.2,40.0,18,13.7939453125,0,0,0,1,0