Exp Num,agent:svo_convergence_factor,agent:params:metabolism,agent:params:consumption_factor,agent:params:procreate_cost_factor,agent:params:procreate_req_factor,agent:params:start_energy_factor,agent:params:caught_chance,agent:params:caught_cooldown_factor,agent:params:maximum_age,Epoch,Resource,A,B,C,D,E
263760,4.0,15.0,3.0,9.0,2.0,2.0,0.1,0.30000000000000004,10.0,0,3110.0,22,19,14,29,71
263760,4.0,15.0,3.0,9.0,2.0,2.0,0.1,0.30000000000000004,10.0,1,467.5,19,19,14,27,68
263760,4.0,15.0,3.0,9.0,2.0,2.0,0.1,0.30000000000000004,10.0,2,0,19,19,12,27,66
263760,4.0,15.0,3.0,9.0,2.0,2.0,0.1,0.30000000000000004,10.0,3,0,19,19,12,27,66
263760,4.0,15.0,3.0,9.0,2.0,2.0,0.1,0.30000000000000004,10.0,4,0,16,17,5,11,45
263760,4.0,15.0,3.0,9.0,2.0,2.0,0.1,0.30000000000000004,10.0,5,0,14,15,2,6,35
263760,4.0,15.0,3.0,9.0,2.0,2.0,0.1,0.30000000000000004,10.0,6,0,13,14,1,3,30
263760,4.0,15.0,3.0,9.0,2.0,2.0,0.1,0.30000000000000004,10.0,7,0,12,12,1,1,26
263760,4.0,15.0,3.0,9.0,2.0,2.0,0.1,0.30000000000000004,10.0,8,0,7,7,1,1,16
263760,4.0,15.0,3.0,9.0,2.0,2.0,0.1,0.30000000000000004,10.0,9,0,6,6,1,0,13
263760,4.0,15.0,3.0,9.0,2.0,2.0,0.1,0.30000000000000004,10.0,10,0,5,3,1,0,9
263760,4.0,15.0,3.0,9.0,2.0,2.0,0.1,0.30000000000000004,10.0,11,0,3,2,0,0,5
263760,4.0,15.0,3.0,9.0,2.0,2.0,0.1,0.30000000000000004,10.0,12,0,2,0,0,0,2
263760,4.0,15.0,3.0,9.0,2.0,2.0,0.1,0.30000000000000004,10.0,13,55.0,1,0,0,0,1