Exp Num,agent:svo_convergence_factor,agent:params:metabolism,agent:params:consumption_factor,agent:params:procreate_cost_factor,agent:params:procreate_req_factor,agent:params:start_energy_factor,agent:params:caught_chance,agent:params:caught_cooldown_factor,agent:params:maximum_age,Epoch,Resource,A,B,C,D,E
251853,4.0,15.0,1.0,7.0,3.0,2.0,0.5,0.1,40.0,0,3500.0,15,34,18,21,79
251853,4.0,15.0,1.0,7.0,3.0,2.0,0.5,0.1,40.0,1,2965.0,15,34,18,21,79
251853,4.0,15.0,1.0,7.0,3.0,2.0,0.5,0.1,40.0,2,2806.25,15,34,18,20,79
251853,4.0,15.0,1.0,7.0,3.0,2.0,0.5,0.1,40.0,3,2562.8125,13,26,18,18,69
251853,4.0,15.0,1.0,7.0,3.0,2.0,0.5,0.1,40.0,4,2243.515625,8,25,18,18,63
251853,4.0,15.0,1.0,7.0,3.0,2.0,0.5,0.1,40.0,5,1979.39453125,8,21,17,17,58
251853,4.0,15.0,1.0,7.0,3.0,2.0,0.5,0.1,40.0,6,1604.2431640625,5,20,17,17,54
251853,4.0,15.0,1.0,7.0,3.0,2.0,0.5,0.1,40.0,7,1210.303955078125,2,19,15,17,48
251853,4.0,15.0,1.0,7.0,3.0,2.0,0.5,0.1,40.0,8,702.8799438476562,1,15,15,17,43
251853,4.0,15.0,1.0,7.0,3.0,2.0,0.5,0.1,40.0,9,8.599929809570312,1,15,15,17,43
251853,4.0,15.0,1.0,7.0,3.0,2.0,0.5,0.1,40.0,10,0,1,6,7,9,21
251853,4.0,15.0,1.0,7.0,3.0,2.0,0.5,0.1,40.0,11,0,1,2,3,4,11
251853,4.0,15.0,1.0,7.0,3.0,2.0,0.5,0.1,40.0,12,0,0,1,2,1,6
251853,4.0,15.0,1.0,7.0,3.0,2.0,0.5,0.1,40.0,13,0,0,0,1,1,2
251853,4.0,15.0,1.0,7.0,3.0,2.0,0.5,0.1,40.0,14,0,0,0,0,0,1