Exp Num,agent:svo_convergence_factor,agent:params:metabolism,agent:params:consumption_factor,agent:params:procreate_cost_factor,agent:params:procreate_req_factor,agent:params:start_energy_factor,agent:params:caught_chance,agent:params:caught_cooldown_factor,agent:params:maximum_age,Epoch,Resource,A,B,C,D,E
214300,4.0,5.0,3.0,1.0,2.0,2.0,0.30000000000000004,0.1,10.0,0,3500.0,23,47,13,36,114
214300,4.0,5.0,3.0,1.0,2.0,2.0,0.30000000000000004,0.1,10.0,1,3595.0,34,68,23,49,161
214300,4.0,5.0,3.0,1.0,2.0,2.0,0.30000000000000004,0.1,10.0,2,2738.75,32,83,33,62,197
214300,4.0,5.0,3.0,1.0,2.0,2.0,0.30000000000000004,0.1,10.0,3,1863.4375,47,97,44,69,241
214300,4.0,5.0,3.0,1.0,2.0,2.0,0.30000000000000004,0.1,10.0,4,0,53,123,61,86,301
214300,4.0,5.0,3.0,1.0,2.0,2.0,0.30000000000000004,0.1,10.0,5,0,52,111,53,66,269
214300,4.0,5.0,3.0,1.0,2.0,2.0,0.30000000000000004,0.1,10.0,6,0,42,76,41,31,186
214300,4.0,5.0,3.0,1.0,2.0,2.0,0.30000000000000004,0.1,10.0,7,0,27,51,21,15,112
214300,4.0,5.0,3.0,1.0,2.0,2.0,0.30000000000000004,0.1,10.0,8,0,18,30,14,5,69
214300,4.0,5.0,3.0,1.0,2.0,2.0,0.30000000000000004,0.1,10.0,9,0,9,22,5,2,42
214300,4.0,5.0,3.0,1.0,2.0,2.0,0.30000000000000004,0.1,10.0,10,0,5,14,3,1,26
214300,4.0,5.0,3.0,1.0,2.0,2.0,0.30000000000000004,0.1,10.0,11,0,2,7,3,1,14
214300,4.0,5.0,3.0,1.0,2.0,2.0,0.30000000000000004,0.1,10.0,12,0,1,3,1,1,6
214300,4.0,5.0,3.0,1.0,2.0,2.0,0.30000000000000004,0.1,10.0,13,0,0,3,1,0,4
214300,4.0,5.0,3.0,1.0,2.0,2.0,0.30000000000000004,0.1,10.0,14,0,0,2,0,0,2
214300,4.0,5.0,3.0,1.0,2.0,2.0,0.30000000000000004,0.1,10.0,15,70.0,0,3,0,0,3
214300,4.0,5.0,3.0,1.0,2.0,2.0,0.30000000000000004,0.1,10.0,16,57.5,0,4,0,0,4
214300,4.0,5.0,3.0,1.0,2.0,2.0,0.30000000000000004,0.1,10.0,17,26.875,0,5,0,0,5
214300,4.0,5.0,3.0,1.0,2.0,2.0,0.30000000000000004,0.1,10.0,18,18.59375,0,5,0,0,5
214300,4.0,5.0,3.0,1.0,2.0,2.0,0.30000000000000004,0.1,10.0,19,0,0,3,0,0,3
214300,4.0,5.0,3.0,1.0,2.0,2.0,0.30000000000000004,0.1,10.0,20,0,0,3,0,0,3
214300,4.0,5.0,3.0,1.0,2.0,2.0,0.30000000000000004,0.1,10.0,21,0,0,2,0,0,2
214300,4.0,5.0,3.0,1.0,2.0,2.0,0.30000000000000004,0.1,10.0,22,0,0,1,0,0,1