Exp Num,agent:svo_convergence_factor,agent:params:metabolism,agent:params:consumption_factor,agent:params:procreate_cost_factor,agent:params:procreate_req_factor,agent:params:start_energy_factor,agent:params:caught_chance,agent:params:caught_cooldown_factor,agent:params:maximum_age,Epoch,Resource,A,B,C,D,E
266537,4.0,15.0,4.0,3.0,3.0,3.0,0.2,0.30000000000000004,30.0,0,1940.0,23,29,12,18,82
266537,4.0,15.0,4.0,3.0,3.0,3.0,0.2,0.30000000000000004,30.0,1,265.0,28,32,15,20,93
266537,4.0,15.0,4.0,3.0,3.0,3.0,0.2,0.30000000000000004,30.0,2,0,25,26,14,12,73
266537,4.0,15.0,4.0,3.0,3.0,3.0,0.2,0.30000000000000004,30.0,3,0,24,24,10,11,65
266537,4.0,15.0,4.0,3.0,3.0,3.0,0.2,0.30000000000000004,30.0,4,0,24,24,10,11,64
266537,4.0,15.0,4.0,3.0,3.0,3.0,0.2,0.30000000000000004,30.0,5,0,24,24,10,11,64
266537,4.0,15.0,4.0,3.0,3.0,3.0,0.2,0.30000000000000004,30.0,6,0,21,15,9,7,47
266537,4.0,15.0,4.0,3.0,3.0,3.0,0.2,0.30000000000000004,30.0,7,0,16,8,6,5,31
266537,4.0,15.0,4.0,3.0,3.0,3.0,0.2,0.30000000000000004,30.0,8,0,10,6,5,3,21
266537,4.0,15.0,4.0,3.0,3.0,3.0,0.2,0.30000000000000004,30.0,9,0,5,5,4,1,14
266537,4.0,15.0,4.0,3.0,3.0,3.0,0.2,0.30000000000000004,30.0,10,0,2,3,2,1,7
266537,4.0,15.0,4.0,3.0,3.0,3.0,0.2,0.30000000000000004,30.0,11,0,2,2,1,1,5
266537,4.0,15.0,4.0,3.0,3.0,3.0,0.2,0.30000000000000004,30.0,12,0,1,2,1,1,4
266537,4.0,15.0,4.0,3.0,3.0,3.0,0.2,0.30000000000000004,30.0,13,0,1,2,0,1,3
266537,4.0,15.0,4.0,3.0,3.0,3.0,0.2,0.30000000000000004,30.0,14,0,0,1,0,1,1
266537,4.0,15.0,4.0,3.0,3.0,3.0,0.2,0.30000000000000004,30.0,15,0,0,0,0,1,0