Exp Num,agent:svo_convergence_factor,agent:params:metabolism,agent:params:consumption_factor,agent:params:procreate_cost_factor,agent:params:procreate_req_factor,agent:params:start_energy_factor,agent:params:caught_chance,agent:params:caught_cooldown_factor,agent:params:maximum_age,Epoch,Resource,A,B,C,D,E
251953,4.0,15.0,1.0,7.0,3.0,3.0,0.4,0.1,40.0,0,3500.0,12,34,10,26,74
251953,4.0,15.0,1.0,7.0,3.0,3.0,0.4,0.1,40.0,1,2965.0,12,34,10,26,74
251953,4.0,15.0,1.0,7.0,3.0,3.0,0.4,0.1,40.0,2,2791.25,12,34,10,26,74
251953,4.0,15.0,1.0,7.0,3.0,3.0,0.4,0.1,40.0,3,2769.0625,11,33,9,26,71
251953,4.0,15.0,1.0,7.0,3.0,3.0,0.4,0.1,40.0,4,2621.328125,9,28,9,24,64
251953,4.0,15.0,1.0,7.0,3.0,3.0,0.4,0.1,40.0,5,2406.66015625,8,21,9,22,56
251953,4.0,15.0,1.0,7.0,3.0,3.0,0.4,0.1,40.0,6,2108.3251953125,7,19,7,21,51
251953,4.0,15.0,1.0,7.0,3.0,3.0,0.4,0.1,40.0,7,1810.406494140625,6,17,7,21,48
251953,4.0,15.0,1.0,7.0,3.0,3.0,0.4,0.1,40.0,8,1588.0081176757812,6,16,7,21,47
251953,4.0,15.0,1.0,7.0,3.0,3.0,0.4,0.1,40.0,9,1340.0101470947266,5,16,5,21,44
251953,4.0,15.0,1.0,7.0,3.0,3.0,0.4,0.1,40.0,10,1015.0126838684082,4,12,4,21,38
251953,4.0,15.0,1.0,7.0,3.0,3.0,0.4,0.1,40.0,11,563.7658548355103,3,12,4,20,37
251953,4.0,15.0,1.0,7.0,3.0,3.0,0.4,0.1,40.0,12,0,2,8,4,20,31
251953,4.0,15.0,1.0,7.0,3.0,3.0,0.4,0.1,40.0,13,0,1,5,1,10,15
251953,4.0,15.0,1.0,7.0,3.0,3.0,0.4,0.1,40.0,14,0,0,2,1,4,8
251953,4.0,15.0,1.0,7.0,3.0,3.0,0.4,0.1,40.0,15,0,0,1,0,1,5
251953,4.0,15.0,1.0,7.0,3.0,3.0,0.4,0.1,40.0,16,0,0,1,0,0,3
251953,4.0,15.0,1.0,7.0,3.0,3.0,0.4,0.1,40.0,17,0,0,0,0,0,1