Exp Num,agent:svo_convergence_factor,agent:params:metabolism,agent:params:consumption_factor,agent:params:procreate_cost_factor,agent:params:procreate_req_factor,agent:params:start_energy_factor,agent:params:caught_chance,agent:params:caught_cooldown_factor,agent:params:maximum_age,Epoch,Resource,A,B,C,D,E
261910,4.0,15.0,3.0,5.0,3.0,2.0,0.2,0.30000000000000004,10.0,0,2705.0,20,25,12,27,73
261910,4.0,15.0,3.0,5.0,3.0,2.0,0.2,0.30000000000000004,10.0,1,96.25,18,25,11,27,70
261910,4.0,15.0,3.0,5.0,3.0,2.0,0.2,0.30000000000000004,10.0,2,0,18,25,10,27,69
261910,4.0,15.0,3.0,5.0,3.0,2.0,0.2,0.30000000000000004,10.0,3,0,18,25,10,27,69
261910,4.0,15.0,3.0,5.0,3.0,2.0,0.2,0.30000000000000004,10.0,4,0,14,16,4,15,43
261910,4.0,15.0,3.0,5.0,3.0,2.0,0.2,0.30000000000000004,10.0,5,0,12,14,3,7,33
261910,4.0,15.0,3.0,5.0,3.0,2.0,0.2,0.30000000000000004,10.0,6,0,10,12,3,5,27
261910,4.0,15.0,3.0,5.0,3.0,2.0,0.2,0.30000000000000004,10.0,7,0,7,7,2,4,17
261910,4.0,15.0,3.0,5.0,3.0,2.0,0.2,0.30000000000000004,10.0,8,0,4,5,1,3,11
261910,4.0,15.0,3.0,5.0,3.0,2.0,0.2,0.30000000000000004,10.0,9,0,2,3,1,1,7
261910,4.0,15.0,3.0,5.0,3.0,2.0,0.2,0.30000000000000004,10.0,10,0,1,2,1,0,4
261910,4.0,15.0,3.0,5.0,3.0,2.0,0.2,0.30000000000000004,10.0,11,0,0,2,1,0,3
261910,4.0,15.0,3.0,5.0,3.0,2.0,0.2,0.30000000000000004,10.0,12,0,0,1,1,0,2
261910,4.0,15.0,3.0,5.0,3.0,2.0,0.2,0.30000000000000004,10.0,13,100,0,0,1,0,1