Exp Num,agent:svo_convergence_factor,agent:params:metabolism,agent:params:consumption_factor,agent:params:procreate_cost_factor,agent:params:procreate_req_factor,agent:params:start_energy_factor,agent:params:caught_chance,agent:params:caught_cooldown_factor,agent:params:maximum_age,Epoch,Resource,A,B,C,D,E
248442,4.0,15.0,1.0,1.0,3.0,2.0,0.30000000000000004,0.4,30.0,0,3500.0,17,22,13,32,68
248442,4.0,15.0,1.0,1.0,3.0,2.0,0.30000000000000004,0.4,30.0,1,2935.0,17,22,13,32,68
248442,4.0,15.0,1.0,1.0,3.0,2.0,0.30000000000000004,0.4,30.0,2,2603.75,17,22,13,32,68
248442,4.0,15.0,1.0,1.0,3.0,2.0,0.30000000000000004,0.4,30.0,3,2504.6875,14,19,11,31,60
248442,4.0,15.0,1.0,1.0,3.0,2.0,0.30000000000000004,0.4,30.0,4,2275.859375,10,15,11,30,52
248442,4.0,15.0,1.0,1.0,3.0,2.0,0.30000000000000004,0.4,30.0,5,1884.82421875,9,13,10,30,47
248442,4.0,15.0,1.0,1.0,3.0,2.0,0.30000000000000004,0.4,30.0,6,1486.0302734375,6,11,10,29,42
248442,4.0,15.0,1.0,1.0,3.0,2.0,0.30000000000000004,0.4,30.0,7,882.537841796875,6,9,10,29,40
248442,4.0,15.0,1.0,1.0,3.0,2.0,0.30000000000000004,0.4,30.0,8,143.17230224609375,5,9,10,28,39
248442,4.0,15.0,1.0,1.0,3.0,2.0,0.30000000000000004,0.4,30.0,9,0,5,4,9,14,25
248442,4.0,15.0,1.0,1.0,3.0,2.0,0.30000000000000004,0.4,30.0,10,0,2,2,6,6,13
248442,4.0,15.0,1.0,1.0,3.0,2.0,0.30000000000000004,0.4,30.0,11,0,1,1,1,4,5
248442,4.0,15.0,1.0,1.0,3.0,2.0,0.30000000000000004,0.4,30.0,12,0,1,0,1,0,4
248442,4.0,15.0,1.0,1.0,3.0,2.0,0.30000000000000004,0.4,30.0,13,0,0,0,1,0,2
248442,4.0,15.0,1.0,1.0,3.0,2.0,0.30000000000000004,0.4,30.0,14,0,0,0,0,0,1