Exp Num,agent:svo_convergence_factor,agent:params:metabolism,agent:params:consumption_factor,agent:params:procreate_cost_factor,agent:params:procreate_req_factor,agent:params:start_energy_factor,agent:params:caught_chance,agent:params:caught_cooldown_factor,agent:params:maximum_age,Epoch,Resource,A,B,C,D,E
265563,4.0,15.0,4.0,3.0,1.0,1.0,0.30000000000000004,0.30000000000000004,40.0,0,0,28,34,18,30,102
265563,4.0,15.0,4.0,3.0,1.0,1.0,0.30000000000000004,0.30000000000000004,40.0,1,0,19,22,14,22,70
265563,4.0,15.0,4.0,3.0,1.0,1.0,0.30000000000000004,0.30000000000000004,40.0,2,0,16,15,13,20,56
265563,4.0,15.0,4.0,3.0,1.0,1.0,0.30000000000000004,0.30000000000000004,40.0,3,0,16,11,12,13,48
265563,4.0,15.0,4.0,3.0,1.0,1.0,0.30000000000000004,0.30000000000000004,40.0,4,0,13,9,11,8,37
265563,4.0,15.0,4.0,3.0,1.0,1.0,0.30000000000000004,0.30000000000000004,40.0,5,0,10,5,10,4,28
265563,4.0,15.0,4.0,3.0,1.0,1.0,0.30000000000000004,0.30000000000000004,40.0,6,0,9,3,9,2,23
265563,4.0,15.0,4.0,3.0,1.0,1.0,0.30000000000000004,0.30000000000000004,40.0,7,0,6,3,5,1,16
265563,4.0,15.0,4.0,3.0,1.0,1.0,0.30000000000000004,0.30000000000000004,40.0,8,0,3,2,2,1,9
265563,4.0,15.0,4.0,3.0,1.0,1.0,0.30000000000000004,0.30000000000000004,40.0,9,0,2,3,1,0,7
265563,4.0,15.0,4.0,3.0,1.0,1.0,0.30000000000000004,0.30000000000000004,40.0,10,0,0,3,1,0,4
265563,4.0,15.0,4.0,3.0,1.0,1.0,0.30000000000000004,0.30000000000000004,40.0,11,40.0,0,3,1,0,4
265563,4.0,15.0,4.0,3.0,1.0,1.0,0.30000000000000004,0.30000000000000004,40.0,12,0,0,1,1,0,2
265563,4.0,15.0,4.0,3.0,1.0,1.0,0.30000000000000004,0.30000000000000004,40.0,13,0,0,1,0,0,1