Exp Num,agent:svo_convergence_factor,agent:params:metabolism,agent:params:consumption_factor,agent:params:procreate_cost_factor,agent:params:procreate_req_factor,agent:params:start_energy_factor,agent:params:caught_chance,agent:params:caught_cooldown_factor,agent:params:maximum_age,Epoch,Resource,A,B,C,D,E
208860,4.0,5.0,2.0,1.0,2.0,3.0,0.5,0.30000000000000004,10.0,0,4000.0,23,30,26,37,113
208860,4.0,5.0,2.0,1.0,2.0,3.0,0.5,0.30000000000000004,10.0,1,3500.0,31,45,45,57,168
208860,4.0,5.0,2.0,1.0,2.0,3.0,0.5,0.30000000000000004,10.0,2,3915.0,41,54,65,73,215
208860,4.0,5.0,2.0,1.0,2.0,3.0,0.5,0.30000000000000004,10.0,3,3663.75,31,50,65,85,217
208860,4.0,5.0,2.0,1.0,2.0,3.0,0.5,0.30000000000000004,10.0,4,2999.6875,33,49,85,95,258
208860,4.0,5.0,2.0,1.0,2.0,3.0,0.5,0.30000000000000004,10.0,5,1609.609375,35,56,106,119,315
208860,4.0,5.0,2.0,1.0,2.0,3.0,0.5,0.30000000000000004,10.0,6,0,31,54,114,136,329
208860,4.0,5.0,2.0,1.0,2.0,3.0,0.5,0.30000000000000004,10.0,7,0,25,37,71,81,204
208860,4.0,5.0,2.0,1.0,2.0,3.0,0.5,0.30000000000000004,10.0,8,0,15,16,41,38,115
208860,4.0,5.0,2.0,1.0,2.0,3.0,0.5,0.30000000000000004,10.0,9,0,6,10,19,19,62
208860,4.0,5.0,2.0,1.0,2.0,3.0,0.5,0.30000000000000004,10.0,10,0,2,4,10,12,31
208860,4.0,5.0,2.0,1.0,2.0,3.0,0.5,0.30000000000000004,10.0,11,0,1,2,5,4,18
208860,4.0,5.0,2.0,1.0,2.0,3.0,0.5,0.30000000000000004,10.0,12,0,0,2,2,3,9
208860,4.0,5.0,2.0,1.0,2.0,3.0,0.5,0.30000000000000004,10.0,13,0,0,2,2,2,4
208860,4.0,5.0,2.0,1.0,2.0,3.0,0.5,0.30000000000000004,10.0,14,0,0,0,1,2,1
208860,4.0,5.0,2.0,1.0,2.0,3.0,0.5,0.30000000000000004,10.0,15,0,0,0,0,1,0