Exp Num,agent:svo_convergence_factor,agent:params:metabolism,agent:params:consumption_factor,agent:params:procreate_cost_factor,agent:params:procreate_req_factor,agent:params:start_energy_factor,agent:params:caught_chance,agent:params:caught_cooldown_factor,agent:params:maximum_age,Epoch,Resource,A,B,C,D,E
21517,1.0,5.0,4.0,9.0,1.0,2.0,0.1,0.4,30.0,0,3420.0,19,24,15,25,75
21517,1.0,5.0,4.0,9.0,1.0,2.0,0.1,0.4,30.0,1,3075.0,18,23,14,25,72
21517,1.0,5.0,4.0,9.0,1.0,2.0,0.1,0.4,30.0,2,3023.75,21,31,17,25,86
21517,1.0,5.0,4.0,9.0,1.0,2.0,0.1,0.4,30.0,3,2879.6875,25,37,19,25,98
21517,1.0,5.0,4.0,9.0,1.0,2.0,0.1,0.4,30.0,4,2379.609375,27,48,18,26,110
21517,1.0,5.0,4.0,9.0,1.0,2.0,0.1,0.4,30.0,5,1494.51171875,32,61,17,24,127
21517,1.0,5.0,4.0,9.0,1.0,2.0,0.1,0.4,30.0,6,408.1396484375,37,79,18,23,151
21517,1.0,5.0,4.0,9.0,1.0,2.0,0.1,0.4,30.0,7,0,34,90,17,23,158
21517,1.0,5.0,4.0,9.0,1.0,2.0,0.1,0.4,30.0,8,0,33,85,15,19,150
21517,1.0,5.0,4.0,9.0,1.0,2.0,0.1,0.4,30.0,9,0,27,84,10,12,128
21517,1.0,5.0,4.0,9.0,1.0,2.0,0.1,0.4,30.0,10,0,25,83,10,9,122
21517,1.0,5.0,4.0,9.0,1.0,2.0,0.1,0.4,30.0,11,0,21,79,9,8,113
21517,1.0,5.0,4.0,9.0,1.0,2.0,0.1,0.4,30.0,12,0,16,72,6,6,97
21517,1.0,5.0,4.0,9.0,1.0,2.0,0.1,0.4,30.0,13,0,14,69,5,4,90
21517,1.0,5.0,4.0,9.0,1.0,2.0,0.1,0.4,30.0,14,0,11,63,4,1,79
21517,1.0,5.0,4.0,9.0,1.0,2.0,0.1,0.4,30.0,15,0,9,52,3,0,64
21517,1.0,5.0,4.0,9.0,1.0,2.0,0.1,0.4,30.0,16,0,6,44,3,0,53
21517,1.0,5.0,4.0,9.0,1.0,2.0,0.1,0.4,30.0,17,0,5,34,2,0,41
21517,1.0,5.0,4.0,9.0,1.0,2.0,0.1,0.4,30.0,18,0,3,27,1,0,31
21517,1.0,5.0,4.0,9.0,1.0,2.0,0.1,0.4,30.0,19,0,1,21,1,0,23
21517,1.0,5.0,4.0,9.0,1.0,2.0,0.1,0.4,30.0,20,0,1,14,1,0,16
21517,1.0,5.0,4.0,9.0,1.0,2.0,0.1,0.4,30.0,21,0,0,11,1,0,12
21517,1.0,5.0,4.0,9.0,1.0,2.0,0.1,0.4,30.0,22,0,0,8,1,0,9
21517,1.0,5.0,4.0,9.0,1.0,2.0,0.1,0.4,30.0,23,0,0,6,0,0,6
21517,1.0,5.0,4.0,9.0,1.0,2.0,0.1,0.4,30.0,24,0,0,4,0,0,4
21517,1.0,5.0,4.0,9.0,1.0,2.0,0.1,0.4,30.0,25,0,0,4,0,0,4
21517,1.0,5.0,4.0,9.0,1.0,2.0,0.1,0.4,30.0,26,0,0,3,0,0,3
21517,1.0,5.0,4.0,9.0,1.0,2.0,0.1,0.4,30.0,27,0,0,2,0,0,2
21517,1.0,5.0,4.0,9.0,1.0,2.0,0.1,0.4,30.0,28,0,0,1,0,0,1