Exp Num,agent:svo_convergence_factor,agent:params:metabolism,agent:params:consumption_factor,agent:params:procreate_cost_factor,agent:params:procreate_req_factor,agent:params:start_energy_factor,agent:params:caught_chance,agent:params:caught_cooldown_factor,agent:params:maximum_age,Epoch,Resource,A,B,C,D,E
237900,4.0,10.0,3.0,3.0,2.0,2.0,0.2,0.1,10.0,0,3770.0,16,28,10,25,75
237900,4.0,10.0,3.0,3.0,2.0,2.0,0.2,0.1,10.0,1,2732.5,16,29,12,25,77
237900,4.0,10.0,3.0,3.0,2.0,2.0,0.2,0.1,10.0,2,2245.625,17,30,13,25,80
237900,4.0,10.0,3.0,3.0,2.0,2.0,0.2,0.1,10.0,3,1967.03125,20,32,13,26,86
237900,4.0,10.0,3.0,3.0,2.0,2.0,0.2,0.1,10.0,4,388.7890625,26,35,16,25,98
237900,4.0,10.0,3.0,3.0,2.0,2.0,0.2,0.1,10.0,5,0,25,36,15,24,95
237900,4.0,10.0,3.0,3.0,2.0,2.0,0.2,0.1,10.0,6,0,25,36,15,24,95
237900,4.0,10.0,3.0,3.0,2.0,2.0,0.2,0.1,10.0,7,0,18,21,13,14,61
237900,4.0,10.0,3.0,3.0,2.0,2.0,0.2,0.1,10.0,8,0,16,14,9,7,43
237900,4.0,10.0,3.0,3.0,2.0,2.0,0.2,0.1,10.0,9,0,10,11,7,2,31
237900,4.0,10.0,3.0,3.0,2.0,2.0,0.2,0.1,10.0,10,0,10,8,4,1,25
237900,4.0,10.0,3.0,3.0,2.0,2.0,0.2,0.1,10.0,11,0,6,6,3,1,16
237900,4.0,10.0,3.0,3.0,2.0,2.0,0.2,0.1,10.0,12,0,5,1,3,0,10
237900,4.0,10.0,3.0,3.0,2.0,2.0,0.2,0.1,10.0,13,0,3,0,2,0,6
237900,4.0,10.0,3.0,3.0,2.0,2.0,0.2,0.1,10.0,14,0,3,0,1,0,4
237900,4.0,10.0,3.0,3.0,2.0,2.0,0.2,0.1,10.0,15,0,2,0,1,0,3
237900,4.0,10.0,3.0,3.0,2.0,2.0,0.2,0.1,10.0,16,70.0,1,0,1,0,2
237900,4.0,10.0,3.0,3.0,2.0,2.0,0.2,0.1,10.0,17,57.5,1,0,1,0,2
237900,4.0,10.0,3.0,3.0,2.0,2.0,0.2,0.1,10.0,18,11.875,1,0,1,0,2
237900,4.0,10.0,3.0,3.0,2.0,2.0,0.2,0.1,10.0,19,14.84375,1,0,1,0,2
237900,4.0,10.0,3.0,3.0,2.0,2.0,0.2,0.1,10.0,20,18.5546875,1,0,1,0,2
237900,4.0,10.0,3.0,3.0,2.0,2.0,0.2,0.1,10.0,21,23.193359375,1,0,0,0,1