Exp Num,agent:svo_convergence_factor,agent:params:metabolism,agent:params:consumption_factor,agent:params:procreate_cost_factor,agent:params:procreate_req_factor,agent:params:start_energy_factor,agent:params:caught_chance,agent:params:caught_cooldown_factor,agent:params:maximum_age,Epoch,Resource,A,B,C,D,E
23038,1.0,10.0,1.0,1.0,2.0,2.0,0.2,0.30000000000000004,40.0,0,4000.0,21,46,25,33,117
23038,1.0,10.0,1.0,1.0,2.0,2.0,0.2,0.30000000000000004,40.0,1,3500.0,22,54,35,36,139
23038,1.0,10.0,1.0,1.0,2.0,2.0,0.2,0.30000000000000004,40.0,2,2685.0,22,58,39,37,147
23038,1.0,10.0,1.0,1.0,2.0,2.0,0.2,0.30000000000000004,40.0,3,1616.25,22,59,38,37,147
23038,1.0,10.0,1.0,1.0,2.0,2.0,0.2,0.30000000000000004,40.0,4,210.3125,22,58,38,37,146
23038,1.0,10.0,1.0,1.0,2.0,2.0,0.2,0.30000000000000004,40.0,5,0,17,32,19,21,83
23038,1.0,10.0,1.0,1.0,2.0,2.0,0.2,0.30000000000000004,40.0,6,0,9,19,7,11,41
23038,1.0,10.0,1.0,1.0,2.0,2.0,0.2,0.30000000000000004,40.0,7,0,5,7,5,5,21
23038,1.0,10.0,1.0,1.0,2.0,2.0,0.2,0.30000000000000004,40.0,8,0,2,4,2,4,9
23038,1.0,10.0,1.0,1.0,2.0,2.0,0.2,0.30000000000000004,40.0,9,0,1,1,1,2,4
23038,1.0,10.0,1.0,1.0,2.0,2.0,0.2,0.30000000000000004,40.0,10,0,1,0,0,1,2
23038,1.0,10.0,1.0,1.0,2.0,2.0,0.2,0.30000000000000004,40.0,11,0,0,0,0,1,0