Exp Num,agent:svo_convergence_factor,agent:params:metabolism,agent:params:consumption_factor,agent:params:procreate_cost_factor,agent:params:procreate_req_factor,agent:params:start_energy_factor,agent:params:caught_chance,agent:params:caught_cooldown_factor,agent:params:maximum_age,Epoch,Resource,A,B,C,D,E
200262,3.0,15.0,4.0,7.0,1.0,1.0,0.1,0.30000000000000004,30.0,0,0,16,23,10,20,71
200262,3.0,15.0,4.0,7.0,1.0,1.0,0.1,0.30000000000000004,30.0,1,0,14,20,10,19,64
200262,3.0,15.0,4.0,7.0,1.0,1.0,0.1,0.30000000000000004,30.0,2,0,14,20,10,19,64
200262,3.0,15.0,4.0,7.0,1.0,1.0,0.1,0.30000000000000004,30.0,3,0,14,20,10,19,64
200262,3.0,15.0,4.0,7.0,1.0,1.0,0.1,0.30000000000000004,30.0,4,0,7,11,4,7,37
200262,3.0,15.0,4.0,7.0,1.0,1.0,0.1,0.30000000000000004,30.0,5,0,4,9,1,3,20
200262,3.0,15.0,4.0,7.0,1.0,1.0,0.1,0.30000000000000004,30.0,6,0,2,4,1,1,11
200262,3.0,15.0,4.0,7.0,1.0,1.0,0.1,0.30000000000000004,30.0,7,0,1,1,0,1,5
200262,3.0,15.0,4.0,7.0,1.0,1.0,0.1,0.30000000000000004,30.0,8,0,1,1,0,0,3
200262,3.0,15.0,4.0,7.0,1.0,1.0,0.1,0.30000000000000004,30.0,9,0,0,0,0,0,1