Exp Num,agent:svo_convergence_factor,agent:params:metabolism,agent:params:consumption_factor,agent:params:procreate_cost_factor,agent:params:procreate_req_factor,agent:params:start_energy_factor,agent:params:caught_chance,agent:params:caught_cooldown_factor,agent:params:maximum_age,Epoch,Resource,A,B,C,D,E
262664,4.0,15.0,3.0,7.0,2.0,2.0,0.2,0.30000000000000004,50.0,0,2750.0,15,37,12,23,77
262664,4.0,15.0,3.0,7.0,2.0,2.0,0.2,0.30000000000000004,50.0,1,692.5,14,33,11,22,71
262664,4.0,15.0,3.0,7.0,2.0,2.0,0.2,0.30000000000000004,50.0,2,0,13,33,11,21,70
262664,4.0,15.0,3.0,7.0,2.0,2.0,0.2,0.30000000000000004,50.0,3,0,13,33,11,21,70
262664,4.0,15.0,3.0,7.0,2.0,2.0,0.2,0.30000000000000004,50.0,4,0,13,23,7,11,48
262664,4.0,15.0,3.0,7.0,2.0,2.0,0.2,0.30000000000000004,50.0,5,0,13,18,3,6,36
262664,4.0,15.0,3.0,7.0,2.0,2.0,0.2,0.30000000000000004,50.0,6,0,11,17,3,5,32
262664,4.0,15.0,3.0,7.0,2.0,2.0,0.2,0.30000000000000004,50.0,7,0,8,12,3,3,24
262664,4.0,15.0,3.0,7.0,2.0,2.0,0.2,0.30000000000000004,50.0,8,0,6,7,2,2,16
262664,4.0,15.0,3.0,7.0,2.0,2.0,0.2,0.30000000000000004,50.0,9,0,4,5,1,1,10
262664,4.0,15.0,3.0,7.0,2.0,2.0,0.2,0.30000000000000004,50.0,10,0,2,2,1,1,5
262664,4.0,15.0,3.0,7.0,2.0,2.0,0.2,0.30000000000000004,50.0,11,0,1,2,0,1,3
262664,4.0,15.0,3.0,7.0,2.0,2.0,0.2,0.30000000000000004,50.0,12,0,1,0,0,1,1
262664,4.0,15.0,3.0,7.0,2.0,2.0,0.2,0.30000000000000004,50.0,13,55.0,1,0,0,1,1
262664,4.0,15.0,3.0,7.0,2.0,2.0,0.2,0.30000000000000004,50.0,14,23.75,0,0,0,1,0