Exp Num,agent:svo_convergence_factor,agent:params:metabolism,agent:params:consumption_factor,agent:params:procreate_cost_factor,agent:params:procreate_req_factor,agent:params:start_energy_factor,agent:params:caught_chance,agent:params:caught_cooldown_factor,agent:params:maximum_age,Epoch,Resource,A,B,C,D,E
258386,4.0,15.0,2.0,9.0,3.0,1.0,0.1,0.30000000000000004,20.0,0,2000.0,24,24,8,24,76
258386,4.0,15.0,2.0,9.0,3.0,1.0,0.1,0.30000000000000004,20.0,1,1060.0,24,24,8,24,76
258386,4.0,15.0,2.0,9.0,3.0,1.0,0.1,0.30000000000000004,20.0,2,0,22,20,6,20,65
258386,4.0,15.0,2.0,9.0,3.0,1.0,0.1,0.30000000000000004,20.0,3,0,20,19,6,18,59
258386,4.0,15.0,2.0,9.0,3.0,1.0,0.1,0.30000000000000004,20.0,4,0,18,12,4,9,38
258386,4.0,15.0,2.0,9.0,3.0,1.0,0.1,0.30000000000000004,20.0,5,0,16,6,3,2,27
258386,4.0,15.0,2.0,9.0,3.0,1.0,0.1,0.30000000000000004,20.0,6,0,10,3,2,1,17
258386,4.0,15.0,2.0,9.0,3.0,1.0,0.1,0.30000000000000004,20.0,7,0,10,1,1,1,12
258386,4.0,15.0,2.0,9.0,3.0,1.0,0.1,0.30000000000000004,20.0,8,0,4,1,0,1,5
258386,4.0,15.0,2.0,9.0,3.0,1.0,0.1,0.30000000000000004,20.0,9,0,2,1,0,0,3
258386,4.0,15.0,2.0,9.0,3.0,1.0,0.1,0.30000000000000004,20.0,10,0,2,0,0,0,2
258386,4.0,15.0,2.0,9.0,3.0,1.0,0.1,0.30000000000000004,20.0,11,0,1,0,0,0,1