Exp Num,agent:svo_convergence_factor,agent:params:metabolism,agent:params:consumption_factor,agent:params:procreate_cost_factor,agent:params:procreate_req_factor,agent:params:start_energy_factor,agent:params:caught_chance,agent:params:caught_cooldown_factor,agent:params:maximum_age,Epoch,Resource,A,B,C,D,E
255904,4.0,15.0,2.0,5.0,2.0,2.0,0.2,0.1,50.0,0,3770.0,17,23,10,33,67
255904,4.0,15.0,2.0,5.0,2.0,2.0,0.2,0.1,50.0,1,2702.5,14,22,8,32,61
255904,4.0,15.0,2.0,5.0,2.0,2.0,0.2,0.1,50.0,2,2478.125,14,22,8,31,61
255904,4.0,15.0,2.0,5.0,2.0,2.0,0.2,0.1,50.0,3,1627.65625,6,20,6,30,48
255904,4.0,15.0,2.0,5.0,2.0,2.0,0.2,0.1,50.0,4,1404.5703125,6,20,6,29,48
255904,4.0,15.0,2.0,5.0,2.0,2.0,0.2,0.1,50.0,5,555.712890625,5,16,5,29,42
255904,4.0,15.0,2.0,5.0,2.0,2.0,0.2,0.1,50.0,6,4.64111328125,5,16,4,26,41
255904,4.0,15.0,2.0,5.0,2.0,2.0,0.2,0.1,50.0,7,0,4,14,4,19,30
255904,4.0,15.0,2.0,5.0,2.0,2.0,0.2,0.1,50.0,8,0,4,13,3,12,24
255904,4.0,15.0,2.0,5.0,2.0,2.0,0.2,0.1,50.0,9,0,3,10,1,8,16
255904,4.0,15.0,2.0,5.0,2.0,2.0,0.2,0.1,50.0,10,0,3,8,1,3,14
255904,4.0,15.0,2.0,5.0,2.0,2.0,0.2,0.1,50.0,11,0,3,7,0,1,12
255904,4.0,15.0,2.0,5.0,2.0,2.0,0.2,0.1,50.0,12,0,2,5,0,0,8
255904,4.0,15.0,2.0,5.0,2.0,2.0,0.2,0.1,50.0,13,0,1,4,0,0,6
255904,4.0,15.0,2.0,5.0,2.0,2.0,0.2,0.1,50.0,14,0,1,2,0,0,3
255904,4.0,15.0,2.0,5.0,2.0,2.0,0.2,0.1,50.0,15,0,1,1,0,0,2
255904,4.0,15.0,2.0,5.0,2.0,2.0,0.2,0.1,50.0,16,0,0,1,0,0,1