Exp Num,agent:svo_convergence_factor,agent:params:metabolism,agent:params:consumption_factor,agent:params:procreate_cost_factor,agent:params:procreate_req_factor,agent:params:start_energy_factor,agent:params:caught_chance,agent:params:caught_cooldown_factor,agent:params:maximum_age,Epoch,Resource,A,B,C,D,E
219711,4.0,5.0,4.0,1.0,1.0,3.0,0.4,0.30000000000000004,20.0,0,3680.0,33,38,24,33,117
219711,4.0,5.0,4.0,1.0,1.0,3.0,0.4,0.30000000000000004,20.0,1,3720.0,44,50,32,47,158
219711,4.0,5.0,4.0,1.0,1.0,3.0,0.4,0.30000000000000004,20.0,2,3170.0,57,69,42,67,212
219711,4.0,5.0,4.0,1.0,1.0,3.0,0.4,0.30000000000000004,20.0,3,1962.5,62,77,62,92,266
219711,4.0,5.0,4.0,1.0,1.0,3.0,0.4,0.30000000000000004,20.0,4,0,72,109,91,128,363
219711,4.0,5.0,4.0,1.0,1.0,3.0,0.4,0.30000000000000004,20.0,5,0,85,118,98,121,371
219711,4.0,5.0,4.0,1.0,1.0,3.0,0.4,0.30000000000000004,20.0,6,0,94,104,92,98,342
219711,4.0,5.0,4.0,1.0,1.0,3.0,0.4,0.30000000000000004,20.0,7,0,95,89,73,67,291
219711,4.0,5.0,4.0,1.0,1.0,3.0,0.4,0.30000000000000004,20.0,8,0,75,73,49,41,222
219711,4.0,5.0,4.0,1.0,1.0,3.0,0.4,0.30000000000000004,20.0,9,0,54,54,40,28,171
219711,4.0,5.0,4.0,1.0,1.0,3.0,0.4,0.30000000000000004,20.0,10,0,42,42,28,21,128
219711,4.0,5.0,4.0,1.0,1.0,3.0,0.4,0.30000000000000004,20.0,11,0,33,27,24,9,94
219711,4.0,5.0,4.0,1.0,1.0,3.0,0.4,0.30000000000000004,20.0,12,0,28,20,11,3,68
219711,4.0,5.0,4.0,1.0,1.0,3.0,0.4,0.30000000000000004,20.0,13,0,22,11,4,2,47
219711,4.0,5.0,4.0,1.0,1.0,3.0,0.4,0.30000000000000004,20.0,14,0,13,8,4,1,33
219711,4.0,5.0,4.0,1.0,1.0,3.0,0.4,0.30000000000000004,20.0,15,0,13,7,1,2,27
219711,4.0,5.0,4.0,1.0,1.0,3.0,0.4,0.30000000000000004,20.0,16,0,13,5,1,2,23
219711,4.0,5.0,4.0,1.0,1.0,3.0,0.4,0.30000000000000004,20.0,17,0,8,4,2,1,16
219711,4.0,5.0,4.0,1.0,1.0,3.0,0.4,0.30000000000000004,20.0,18,0,5,4,3,0,13
219711,4.0,5.0,4.0,1.0,1.0,3.0,0.4,0.30000000000000004,20.0,19,0,2,2,2,0,7
219711,4.0,5.0,4.0,1.0,1.0,3.0,0.4,0.30000000000000004,20.0,20,0,1,1,1,0,4
219711,4.0,5.0,4.0,1.0,1.0,3.0,0.4,0.30000000000000004,20.0,21,0,1,1,0,1,3
219711,4.0,5.0,4.0,1.0,1.0,3.0,0.4,0.30000000000000004,20.0,22,0,0,1,0,1,1
219711,4.0,5.0,4.0,1.0,1.0,3.0,0.4,0.30000000000000004,20.0,23,0,0,0,0,1,0