Exp Num,agent:svo_convergence_factor,agent:params:metabolism,agent:params:consumption_factor,agent:params:procreate_cost_factor,agent:params:procreate_req_factor,agent:params:start_energy_factor,agent:params:caught_chance,agent:params:caught_cooldown_factor,agent:params:maximum_age,Epoch,Resource,A,B,C,D,E
219693,4.0,5.0,4.0,1.0,1.0,3.0,0.30000000000000004,0.4,40.0,0,3700.0,30,25,21,45,105
219693,4.0,5.0,4.0,1.0,1.0,3.0,0.30000000000000004,0.4,40.0,1,3465.0,36,40,32,62,143
219693,4.0,5.0,4.0,1.0,1.0,3.0,0.30000000000000004,0.4,40.0,2,2691.25,44,55,53,88,198
219693,4.0,5.0,4.0,1.0,1.0,3.0,0.30000000000000004,0.4,40.0,3,864.0625,56,75,84,121,274
219693,4.0,5.0,4.0,1.0,1.0,3.0,0.30000000000000004,0.4,40.0,4,0,69,99,113,129,345
219693,4.0,5.0,4.0,1.0,1.0,3.0,0.30000000000000004,0.4,40.0,5,0,67,111,110,100,335
219693,4.0,5.0,4.0,1.0,1.0,3.0,0.30000000000000004,0.4,40.0,6,0,79,100,85,79,295
219693,4.0,5.0,4.0,1.0,1.0,3.0,0.30000000000000004,0.4,40.0,7,0,70,89,67,58,251
219693,4.0,5.0,4.0,1.0,1.0,3.0,0.30000000000000004,0.4,40.0,8,0,60,70,54,38,205
219693,4.0,5.0,4.0,1.0,1.0,3.0,0.30000000000000004,0.4,40.0,9,0,49,51,44,26,159
219693,4.0,5.0,4.0,1.0,1.0,3.0,0.30000000000000004,0.4,40.0,10,0,45,42,28,17,124
219693,4.0,5.0,4.0,1.0,1.0,3.0,0.30000000000000004,0.4,40.0,11,0,35,31,14,12,87
219693,4.0,5.0,4.0,1.0,1.0,3.0,0.30000000000000004,0.4,40.0,12,0,25,29,5,6,65
219693,4.0,5.0,4.0,1.0,1.0,3.0,0.30000000000000004,0.4,40.0,13,0,21,19,5,3,52
219693,4.0,5.0,4.0,1.0,1.0,3.0,0.30000000000000004,0.4,40.0,14,0,18,11,4,3,39
219693,4.0,5.0,4.0,1.0,1.0,3.0,0.30000000000000004,0.4,40.0,15,0,11,7,4,3,28
219693,4.0,5.0,4.0,1.0,1.0,3.0,0.30000000000000004,0.4,40.0,16,0,8,6,2,1,21
219693,4.0,5.0,4.0,1.0,1.0,3.0,0.30000000000000004,0.4,40.0,17,0,3,8,3,1,20
219693,4.0,5.0,4.0,1.0,1.0,3.0,0.30000000000000004,0.4,40.0,18,0,2,5,2,0,14
219693,4.0,5.0,4.0,1.0,1.0,3.0,0.30000000000000004,0.4,40.0,19,0,0,4,2,1,10
219693,4.0,5.0,4.0,1.0,1.0,3.0,0.30000000000000004,0.4,40.0,20,0,0,1,1,1,5
219693,4.0,5.0,4.0,1.0,1.0,3.0,0.30000000000000004,0.4,40.0,21,0,0,0,0,1,2
219693,4.0,5.0,4.0,1.0,1.0,3.0,0.30000000000000004,0.4,40.0,22,0,0,0,0,1,0