Exp Num,agent:svo_convergence_factor,agent:params:metabolism,agent:params:consumption_factor,agent:params:procreate_cost_factor,agent:params:procreate_req_factor,agent:params:start_energy_factor,agent:params:caught_chance,agent:params:caught_cooldown_factor,agent:params:maximum_age,Epoch,Resource,A,B,C,D,E
269819,4.0,15.0,4.0,9.0,3.0,2.0,0.30000000000000004,0.4,50.0,0,2960.0,14,37,10,21,79
269819,4.0,15.0,4.0,9.0,3.0,2.0,0.30000000000000004,0.4,50.0,1,220.0,10,31,7,20,65
269819,4.0,15.0,4.0,9.0,3.0,2.0,0.30000000000000004,0.4,50.0,2,0,9,28,7,18,58
269819,4.0,15.0,4.0,9.0,3.0,2.0,0.30000000000000004,0.4,50.0,3,0,9,28,7,18,58
269819,4.0,15.0,4.0,9.0,3.0,2.0,0.30000000000000004,0.4,50.0,4,0,9,28,7,18,58
269819,4.0,15.0,4.0,9.0,3.0,2.0,0.30000000000000004,0.4,50.0,5,0,6,22,4,10,38
269819,4.0,15.0,4.0,9.0,3.0,2.0,0.30000000000000004,0.4,50.0,6,0,6,16,4,2,29
269819,4.0,15.0,4.0,9.0,3.0,2.0,0.30000000000000004,0.4,50.0,7,0,5,15,2,0,22
269819,4.0,15.0,4.0,9.0,3.0,2.0,0.30000000000000004,0.4,50.0,8,0,5,12,1,0,18
269819,4.0,15.0,4.0,9.0,3.0,2.0,0.30000000000000004,0.4,50.0,9,0,5,9,1,0,15
269819,4.0,15.0,4.0,9.0,3.0,2.0,0.30000000000000004,0.4,50.0,10,0,3,7,1,0,11
269819,4.0,15.0,4.0,9.0,3.0,2.0,0.30000000000000004,0.4,50.0,11,0,2,5,0,0,7
269819,4.0,15.0,4.0,9.0,3.0,2.0,0.30000000000000004,0.4,50.0,12,0,2,3,0,0,5
269819,4.0,15.0,4.0,9.0,3.0,2.0,0.30000000000000004,0.4,50.0,13,100,1,3,0,0,4
269819,4.0,15.0,4.0,9.0,3.0,2.0,0.30000000000000004,0.4,50.0,14,125.0,0,3,0,0,3
269819,4.0,15.0,4.0,9.0,3.0,2.0,0.30000000000000004,0.4,50.0,15,156.25,0,2,0,0,2
269819,4.0,15.0,4.0,9.0,3.0,2.0,0.30000000000000004,0.4,50.0,16,195.3125,0,1,0,0,1