Exp Num,agent:svo_convergence_factor,agent:params:metabolism,agent:params:consumption_factor,agent:params:procreate_cost_factor,agent:params:procreate_req_factor,agent:params:start_energy_factor,agent:params:caught_chance,agent:params:caught_cooldown_factor,agent:params:maximum_age,Epoch,Resource,A,B,C,D,E
221846,4.0,5.0,4.0,5.0,1.0,2.0,0.4,0.5,20.0,0,3720.0,29,39,21,25,107
221846,4.0,5.0,4.0,5.0,1.0,2.0,0.4,0.5,20.0,1,2730.0,32,41,25,26,115
221846,4.0,5.0,4.0,5.0,1.0,2.0,0.4,0.5,20.0,2,2512.5,40,50,31,28,140
221846,4.0,5.0,4.0,5.0,1.0,2.0,0.4,0.5,20.0,3,2060.625,46,62,36,32,163
221846,4.0,5.0,4.0,5.0,1.0,2.0,0.4,0.5,20.0,4,1575.78125,44,60,36,33,159
221846,4.0,5.0,4.0,5.0,1.0,2.0,0.4,0.5,20.0,5,909.7265625,43,69,37,29,168
221846,4.0,5.0,4.0,5.0,1.0,2.0,0.4,0.5,20.0,6,37.158203125,45,74,41,31,179
221846,4.0,5.0,4.0,5.0,1.0,2.0,0.4,0.5,20.0,7,0,42,68,37,26,164
221846,4.0,5.0,4.0,5.0,1.0,2.0,0.4,0.5,20.0,8,0,36,58,32,28,137
221846,4.0,5.0,4.0,5.0,1.0,2.0,0.4,0.5,20.0,9,0,28,52,29,18,115
221846,4.0,5.0,4.0,5.0,1.0,2.0,0.4,0.5,20.0,10,0,24,44,28,13,96
221846,4.0,5.0,4.0,5.0,1.0,2.0,0.4,0.5,20.0,11,0,18,34,21,12,74
221846,4.0,5.0,4.0,5.0,1.0,2.0,0.4,0.5,20.0,12,0,13,25,17,8,56
221846,4.0,5.0,4.0,5.0,1.0,2.0,0.4,0.5,20.0,13,0,8,12,14,6,35
221846,4.0,5.0,4.0,5.0,1.0,2.0,0.4,0.5,20.0,14,0,8,4,10,5,23
221846,4.0,5.0,4.0,5.0,1.0,2.0,0.4,0.5,20.0,15,0,7,3,8,3,19
221846,4.0,5.0,4.0,5.0,1.0,2.0,0.4,0.5,20.0,16,0,4,3,5,2,13
221846,4.0,5.0,4.0,5.0,1.0,2.0,0.4,0.5,20.0,17,0,3,3,2,2,8
221846,4.0,5.0,4.0,5.0,1.0,2.0,0.4,0.5,20.0,18,100,2,2,1,2,5
221846,4.0,5.0,4.0,5.0,1.0,2.0,0.4,0.5,20.0,19,65.0,1,3,1,2,5
221846,4.0,5.0,4.0,5.0,1.0,2.0,0.4,0.5,20.0,20,1.25,1,2,1,3,4
221846,4.0,5.0,4.0,5.0,1.0,2.0,0.4,0.5,20.0,21,0,0,2,1,2,3
221846,4.0,5.0,4.0,5.0,1.0,2.0,0.4,0.5,20.0,22,0,0,2,1,1,4
221846,4.0,5.0,4.0,5.0,1.0,2.0,0.4,0.5,20.0,23,0,0,2,1,1,5
221846,4.0,5.0,4.0,5.0,1.0,2.0,0.4,0.5,20.0,24,0,0,1,0,1,3
221846,4.0,5.0,4.0,5.0,1.0,2.0,0.4,0.5,20.0,25,0,0,1,0,1,3
221846,4.0,5.0,4.0,5.0,1.0,2.0,0.4,0.5,20.0,26,0,0,1,0,0,3
221846,4.0,5.0,4.0,5.0,1.0,2.0,0.4,0.5,20.0,27,0,0,0,0,0,1