Exp Num,agent:svo_convergence_factor,agent:params:metabolism,agent:params:consumption_factor,agent:params:procreate_cost_factor,agent:params:procreate_req_factor,agent:params:start_energy_factor,agent:params:caught_chance,agent:params:caught_cooldown_factor,agent:params:maximum_age,Epoch,Resource,A,B,C,D,E
250075,4.0,15.0,1.0,5.0,1.0,3.0,0.4,0.1,10.0,0,3500.0,24,30,12,26,74
250075,4.0,15.0,1.0,5.0,1.0,3.0,0.4,0.1,10.0,1,2935.0,24,30,12,26,74
250075,4.0,15.0,1.0,5.0,1.0,3.0,0.4,0.1,10.0,2,2768.75,24,30,12,26,74
250075,4.0,15.0,1.0,5.0,1.0,3.0,0.4,0.1,10.0,3,2785.9375,24,30,12,25,74
250075,4.0,15.0,1.0,5.0,1.0,3.0,0.4,0.1,10.0,4,2522.421875,23,29,12,25,72
250075,4.0,15.0,1.0,5.0,1.0,3.0,0.4,0.1,10.0,5,2298.02734375,22,25,11,23,65
250075,4.0,15.0,1.0,5.0,1.0,3.0,0.4,0.1,10.0,6,1882.5341796875,22,22,11,23,62
250075,4.0,15.0,1.0,5.0,1.0,3.0,0.4,0.1,10.0,7,1348.167724609375,22,21,11,22,61
250075,4.0,15.0,1.0,5.0,1.0,3.0,0.4,0.1,10.0,8,665.2096557617188,21,20,11,22,59
250075,4.0,15.0,1.0,5.0,1.0,3.0,0.4,0.1,10.0,9,0,19,17,10,19,52
250075,4.0,15.0,1.0,5.0,1.0,3.0,0.4,0.1,10.0,10,0,11,9,6,5,30
250075,4.0,15.0,1.0,5.0,1.0,3.0,0.4,0.1,10.0,11,0,3,4,5,2,15
250075,4.0,15.0,1.0,5.0,1.0,3.0,0.4,0.1,10.0,12,0,1,2,2,1,7
250075,4.0,15.0,1.0,5.0,1.0,3.0,0.4,0.1,10.0,13,0,0,0,1,1,3
250075,4.0,15.0,1.0,5.0,1.0,3.0,0.4,0.1,10.0,14,0,0,0,0,1,1
250075,4.0,15.0,1.0,5.0,1.0,3.0,0.4,0.1,10.0,15,0,0,0,0,0,1