Exp Num,agent:svo_convergence_factor,agent:params:metabolism,agent:params:consumption_factor,agent:params:procreate_cost_factor,agent:params:procreate_req_factor,agent:params:start_energy_factor,agent:params:caught_chance,agent:params:caught_cooldown_factor,agent:params:maximum_age,Epoch,Resource,A,B,C,D,E
250514,4.0,15.0,1.0,5.0,3.0,1.0,0.1,0.30000000000000004,50.0,0,3500.0,16,31,14,26,74
250514,4.0,15.0,1.0,5.0,3.0,1.0,0.1,0.30000000000000004,50.0,1,2875.0,16,31,14,26,74
250514,4.0,15.0,1.0,5.0,3.0,1.0,0.1,0.30000000000000004,50.0,2,2093.75,16,31,14,26,74
250514,4.0,15.0,1.0,5.0,3.0,1.0,0.1,0.30000000000000004,50.0,3,1117.1875,16,31,14,26,74
250514,4.0,15.0,1.0,5.0,3.0,1.0,0.1,0.30000000000000004,50.0,4,0,16,30,13,24,72
250514,4.0,15.0,1.0,5.0,3.0,1.0,0.1,0.30000000000000004,50.0,5,0,7,17,6,12,36
250514,4.0,15.0,1.0,5.0,3.0,1.0,0.1,0.30000000000000004,50.0,6,0,4,8,2,8,16
250514,4.0,15.0,1.0,5.0,3.0,1.0,0.1,0.30000000000000004,50.0,7,0,1,4,2,3,9
250514,4.0,15.0,1.0,5.0,3.0,1.0,0.1,0.30000000000000004,50.0,8,0,1,1,2,1,5
250514,4.0,15.0,1.0,5.0,3.0,1.0,0.1,0.30000000000000004,50.0,9,0,0,0,2,0,3
250514,4.0,15.0,1.0,5.0,3.0,1.0,0.1,0.30000000000000004,50.0,10,0,0,0,0,0,1