Exp Num,agent:svo_convergence_factor,agent:params:metabolism,agent:params:consumption_factor,agent:params:procreate_cost_factor,agent:params:procreate_req_factor,agent:params:start_energy_factor,agent:params:caught_chance,agent:params:caught_cooldown_factor,agent:params:maximum_age,Epoch,Resource,A,B,C,D,E
258112,4.0,15.0,2.0,9.0,2.0,1.0,0.5,0.30000000000000004,30.0,0,2000.0,15,22,12,28,72
258112,4.0,15.0,2.0,9.0,2.0,1.0,0.5,0.30000000000000004,30.0,1,1990.0,15,22,12,28,72
258112,4.0,15.0,2.0,9.0,2.0,1.0,0.5,0.30000000000000004,30.0,2,1107.5,8,16,7,24,53
258112,4.0,15.0,2.0,9.0,2.0,1.0,0.5,0.30000000000000004,30.0,3,784.375,6,15,7,24,50
258112,4.0,15.0,2.0,9.0,2.0,1.0,0.5,0.30000000000000004,30.0,4,140.46875,3,11,5,19,40
258112,4.0,15.0,2.0,9.0,2.0,1.0,0.5,0.30000000000000004,30.0,5,0,2,10,3,13,30
258112,4.0,15.0,2.0,9.0,2.0,1.0,0.5,0.30000000000000004,30.0,6,0,2,8,2,7,22
258112,4.0,15.0,2.0,9.0,2.0,1.0,0.5,0.30000000000000004,30.0,7,0,1,7,1,5,13
258112,4.0,15.0,2.0,9.0,2.0,1.0,0.5,0.30000000000000004,30.0,8,0,1,5,0,3,8
258112,4.0,15.0,2.0,9.0,2.0,1.0,0.5,0.30000000000000004,30.0,9,0,0,4,0,1,5
258112,4.0,15.0,2.0,9.0,2.0,1.0,0.5,0.30000000000000004,30.0,10,0,0,4,0,0,4
258112,4.0,15.0,2.0,9.0,2.0,1.0,0.5,0.30000000000000004,30.0,11,0,0,3,0,0,3
258112,4.0,15.0,2.0,9.0,2.0,1.0,0.5,0.30000000000000004,30.0,12,0,0,2,0,0,2
258112,4.0,15.0,2.0,9.0,2.0,1.0,0.5,0.30000000000000004,30.0,13,0,0,1,0,0,1