Exp Num,agent:svo_convergence_factor,agent:params:metabolism,agent:params:consumption_factor,agent:params:procreate_cost_factor,agent:params:procreate_req_factor,agent:params:start_energy_factor,agent:params:caught_chance,agent:params:caught_cooldown_factor,agent:params:maximum_age,Epoch,Resource,A,B,C,D,E
247913,4.0,15.0,1.0,1.0,2.0,1.0,0.2,0.30000000000000004,40.0,0,3500.0,13,25,17,26,74
247913,4.0,15.0,1.0,1.0,2.0,1.0,0.2,0.30000000000000004,40.0,1,2875.0,13,25,17,26,74
247913,4.0,15.0,1.0,1.0,2.0,1.0,0.2,0.30000000000000004,40.0,2,2093.75,13,25,17,26,74
247913,4.0,15.0,1.0,1.0,2.0,1.0,0.2,0.30000000000000004,40.0,3,1117.1875,13,25,17,26,74
247913,4.0,15.0,1.0,1.0,2.0,1.0,0.2,0.30000000000000004,40.0,4,0,13,23,16,26,70
247913,4.0,15.0,1.0,1.0,2.0,1.0,0.2,0.30000000000000004,40.0,5,0,3,13,9,9,39
247913,4.0,15.0,1.0,1.0,2.0,1.0,0.2,0.30000000000000004,40.0,6,0,2,7,7,1,23
247913,4.0,15.0,1.0,1.0,2.0,1.0,0.2,0.30000000000000004,40.0,7,0,1,2,5,0,12
247913,4.0,15.0,1.0,1.0,2.0,1.0,0.2,0.30000000000000004,40.0,8,0,0,2,3,0,6
247913,4.0,15.0,1.0,1.0,2.0,1.0,0.2,0.30000000000000004,40.0,9,0,0,1,2,0,3
247913,4.0,15.0,1.0,1.0,2.0,1.0,0.2,0.30000000000000004,40.0,10,0,0,1,0,0,1