Exp Num,agent:svo_convergence_factor,agent:params:metabolism,agent:params:consumption_factor,agent:params:procreate_cost_factor,agent:params:procreate_req_factor,agent:params:start_energy_factor,agent:params:caught_chance,agent:params:caught_cooldown_factor,agent:params:maximum_age,Epoch,Resource,A,B,C,D,E
252662,4.0,15.0,1.0,9.0,2.0,3.0,0.2,0.30000000000000004,30.0,0,3500.0,17,29,13,21,79
252662,4.0,15.0,1.0,9.0,2.0,3.0,0.2,0.30000000000000004,30.0,1,2965.0,17,29,13,21,79
252662,4.0,15.0,1.0,9.0,2.0,3.0,0.2,0.30000000000000004,30.0,2,2626.25,17,29,13,21,79
252662,4.0,15.0,1.0,9.0,2.0,3.0,0.2,0.30000000000000004,30.0,3,2547.8125,17,29,13,21,79
252662,4.0,15.0,1.0,9.0,2.0,3.0,0.2,0.30000000000000004,30.0,4,2419.765625,17,26,12,21,75
252662,4.0,15.0,1.0,9.0,2.0,3.0,0.2,0.30000000000000004,30.0,5,2274.70703125,13,23,9,20,65
252662,4.0,15.0,1.0,9.0,2.0,3.0,0.2,0.30000000000000004,30.0,6,1988.3837890625,11,22,8,19,61
252662,4.0,15.0,1.0,9.0,2.0,3.0,0.2,0.30000000000000004,30.0,7,1660.479736328125,10,16,8,19,54
252662,4.0,15.0,1.0,9.0,2.0,3.0,0.2,0.30000000000000004,30.0,8,1160.5996704101562,9,15,7,19,51
252662,4.0,15.0,1.0,9.0,2.0,3.0,0.2,0.30000000000000004,30.0,9,550.7495880126953,7,14,6,19,47
252662,4.0,15.0,1.0,9.0,2.0,3.0,0.2,0.30000000000000004,30.0,10,0,5,12,4,18,38
252662,4.0,15.0,1.0,9.0,2.0,3.0,0.2,0.30000000000000004,30.0,11,0,5,8,2,11,20
252662,4.0,15.0,1.0,9.0,2.0,3.0,0.2,0.30000000000000004,30.0,12,0,3,3,1,6,10
252662,4.0,15.0,1.0,9.0,2.0,3.0,0.2,0.30000000000000004,30.0,13,0,2,2,0,2,7
252662,4.0,15.0,1.0,9.0,2.0,3.0,0.2,0.30000000000000004,30.0,14,0,1,1,0,1,3
252662,4.0,15.0,1.0,9.0,2.0,3.0,0.2,0.30000000000000004,30.0,15,0,1,1,0,0,2
252662,4.0,15.0,1.0,9.0,2.0,3.0,0.2,0.30000000000000004,30.0,16,0,0,1,0,0,1