Exp Num,agent:svo_convergence_factor,agent:params:metabolism,agent:params:consumption_factor,agent:params:procreate_cost_factor,agent:params:procreate_req_factor,agent:params:start_energy_factor,agent:params:caught_chance,agent:params:caught_cooldown_factor,agent:params:maximum_age,Epoch,Resource,A,B,C,D,E
20440,1.0,5.0,4.0,7.0,1.0,2.0,0.30000000000000004,0.4,10.0,0,3580.0,17,22,9,33,67
20440,1.0,5.0,4.0,7.0,1.0,2.0,0.30000000000000004,0.4,10.0,1,3195.0,17,27,15,38,78
20440,1.0,5.0,4.0,7.0,1.0,2.0,0.30000000000000004,0.4,10.0,2,2853.75,19,30,22,42,90
20440,1.0,5.0,4.0,7.0,1.0,2.0,0.30000000000000004,0.4,10.0,3,2607.1875,19,41,29,44,109
20440,1.0,5.0,4.0,7.0,1.0,2.0,0.30000000000000004,0.4,10.0,4,2318.984375,19,50,35,46,124
20440,1.0,5.0,4.0,7.0,1.0,2.0,0.30000000000000004,0.4,10.0,5,1878.73046875,16,51,41,40,127
20440,1.0,5.0,4.0,7.0,1.0,2.0,0.30000000000000004,0.4,10.0,6,1368.4130859375,12,57,46,37,133
20440,1.0,5.0,4.0,7.0,1.0,2.0,0.30000000000000004,0.4,10.0,7,770.516357421875,12,62,52,36,144
20440,1.0,5.0,4.0,7.0,1.0,2.0,0.30000000000000004,0.4,10.0,8,0,10,75,62,35,163
20440,1.0,5.0,4.0,7.0,1.0,2.0,0.30000000000000004,0.4,10.0,9,0,8,76,50,23,145
20440,1.0,5.0,4.0,7.0,1.0,2.0,0.30000000000000004,0.4,10.0,10,0,6,66,46,16,126
20440,1.0,5.0,4.0,7.0,1.0,2.0,0.30000000000000004,0.4,10.0,11,0,2,65,45,8,114
20440,1.0,5.0,4.0,7.0,1.0,2.0,0.30000000000000004,0.4,10.0,12,0,1,55,40,6,96
20440,1.0,5.0,4.0,7.0,1.0,2.0,0.30000000000000004,0.4,10.0,13,0,0,54,33,1,87
20440,1.0,5.0,4.0,7.0,1.0,2.0,0.30000000000000004,0.4,10.0,14,0,0,45,30,1,75
20440,1.0,5.0,4.0,7.0,1.0,2.0,0.30000000000000004,0.4,10.0,15,0,0,37,26,0,63
20440,1.0,5.0,4.0,7.0,1.0,2.0,0.30000000000000004,0.4,10.0,16,0,0,28,18,0,46
20440,1.0,5.0,4.0,7.0,1.0,2.0,0.30000000000000004,0.4,10.0,17,0,0,22,12,0,34
20440,1.0,5.0,4.0,7.0,1.0,2.0,0.30000000000000004,0.4,10.0,18,0,0,14,8,0,22
20440,1.0,5.0,4.0,7.0,1.0,2.0,0.30000000000000004,0.4,10.0,19,0.0,0,9,7,0,16
20440,1.0,5.0,4.0,7.0,1.0,2.0,0.30000000000000004,0.4,10.0,20,0,0,9,5,0,14
20440,1.0,5.0,4.0,7.0,1.0,2.0,0.30000000000000004,0.4,10.0,21,0,0,6,4,0,10
20440,1.0,5.0,4.0,7.0,1.0,2.0,0.30000000000000004,0.4,10.0,22,0,0,5,3,0,8
20440,1.0,5.0,4.0,7.0,1.0,2.0,0.30000000000000004,0.4,10.0,23,0,0,2,3,0,5
20440,1.0,5.0,4.0,7.0,1.0,2.0,0.30000000000000004,0.4,10.0,24,0,0,1,3,0,4
20440,1.0,5.0,4.0,7.0,1.0,2.0,0.30000000000000004,0.4,10.0,25,0,0,1,1,0,2
20440,1.0,5.0,4.0,7.0,1.0,2.0,0.30000000000000004,0.4,10.0,26,0,0,1,0,0,1