Exp Num,agent:svo_convergence_factor,agent:params:metabolism,agent:params:consumption_factor,agent:params:procreate_cost_factor,agent:params:procreate_req_factor,agent:params:start_energy_factor,agent:params:caught_chance,agent:params:caught_cooldown_factor,agent:params:maximum_age,Epoch,Resource,A,B,C,D,E
236787,4.0,10.0,3.0,1.0,2.0,2.0,0.2,0.30000000000000004,30.0,0,3710.0,18,41,15,34,87
236787,4.0,10.0,3.0,1.0,2.0,2.0,0.2,0.30000000000000004,30.0,1,2627.5,19,46,25,42,112
236787,4.0,10.0,3.0,1.0,2.0,2.0,0.2,0.30000000000000004,30.0,2,1184.375,22,59,35,46,139
236787,4.0,10.0,3.0,1.0,2.0,2.0,0.2,0.30000000000000004,30.0,3,0,25,68,39,42,152
236787,4.0,10.0,3.0,1.0,2.0,2.0,0.2,0.30000000000000004,30.0,4,0,27,58,22,28,120
236787,4.0,10.0,3.0,1.0,2.0,2.0,0.2,0.30000000000000004,30.0,5,0,20,39,17,18,83
236787,4.0,10.0,3.0,1.0,2.0,2.0,0.2,0.30000000000000004,30.0,6,0,12,28,8,10,50
236787,4.0,10.0,3.0,1.0,2.0,2.0,0.2,0.30000000000000004,30.0,7,0,7,17,5,5,31
236787,4.0,10.0,3.0,1.0,2.0,2.0,0.2,0.30000000000000004,30.0,8,0,5,12,1,2,19
236787,4.0,10.0,3.0,1.0,2.0,2.0,0.2,0.30000000000000004,30.0,9,0,5,6,1,1,12
236787,4.0,10.0,3.0,1.0,2.0,2.0,0.2,0.30000000000000004,30.0,10,0,3,2,1,1,6
236787,4.0,10.0,3.0,1.0,2.0,2.0,0.2,0.30000000000000004,30.0,11,0,1,2,0,1,3
236787,4.0,10.0,3.0,1.0,2.0,2.0,0.2,0.30000000000000004,30.0,12,0,0,2,0,0,2
236787,4.0,10.0,3.0,1.0,2.0,2.0,0.2,0.30000000000000004,30.0,13,0,0,1,0,0,1