Exp Num,agent:svo_convergence_factor,agent:params:metabolism,agent:params:consumption_factor,agent:params:procreate_cost_factor,agent:params:procreate_req_factor,agent:params:start_energy_factor,agent:params:caught_chance,agent:params:caught_cooldown_factor,agent:params:maximum_age,Epoch,Resource,A,B,C,D,E
22814,1.0,10.0,1.0,1.0,1.0,3.0,0.30000000000000004,0.30000000000000004,50.0,0,4000.0,19,41,31,38,112
22814,1.0,10.0,1.0,1.0,1.0,3.0,0.30000000000000004,0.30000000000000004,50.0,1,3500.0,22,63,56,57,168
22814,1.0,10.0,1.0,1.0,1.0,3.0,0.30000000000000004,0.30000000000000004,50.0,2,2615.0,29,92,96,86,251
22814,1.0,10.0,1.0,1.0,1.0,3.0,0.30000000000000004,0.30000000000000004,50.0,3,1598.75,14,73,81,65,184
22814,1.0,10.0,1.0,1.0,1.0,3.0,0.30000000000000004,0.30000000000000004,50.0,4,788.4375,9,62,85,44,161
22814,1.0,10.0,1.0,1.0,1.0,3.0,0.30000000000000004,0.30000000000000004,50.0,5,35.546875,6,51,87,32,146
22814,1.0,10.0,1.0,1.0,1.0,3.0,0.30000000000000004,0.30000000000000004,50.0,6,0,2,30,70,16,103
22814,1.0,10.0,1.0,1.0,1.0,3.0,0.30000000000000004,0.30000000000000004,50.0,7,0,1,15,58,9,75
22814,1.0,10.0,1.0,1.0,1.0,3.0,0.30000000000000004,0.30000000000000004,50.0,8,0,0,9,47,3,57
22814,1.0,10.0,1.0,1.0,1.0,3.0,0.30000000000000004,0.30000000000000004,50.0,9,0,0,6,35,2,42
22814,1.0,10.0,1.0,1.0,1.0,3.0,0.30000000000000004,0.30000000000000004,50.0,10,0,0,2,26,2,28
22814,1.0,10.0,1.0,1.0,1.0,3.0,0.30000000000000004,0.30000000000000004,50.0,11,0,0,2,20,1,22
22814,1.0,10.0,1.0,1.0,1.0,3.0,0.30000000000000004,0.30000000000000004,50.0,12,0,0,1,15,1,16
22814,1.0,10.0,1.0,1.0,1.0,3.0,0.30000000000000004,0.30000000000000004,50.0,13,0,0,1,8,0,9
22814,1.0,10.0,1.0,1.0,1.0,3.0,0.30000000000000004,0.30000000000000004,50.0,14,0,0,0,6,0,6
22814,1.0,10.0,1.0,1.0,1.0,3.0,0.30000000000000004,0.30000000000000004,50.0,15,0,0,0,5,0,5
22814,1.0,10.0,1.0,1.0,1.0,3.0,0.30000000000000004,0.30000000000000004,50.0,16,0,0,0,3,0,3
22814,1.0,10.0,1.0,1.0,1.0,3.0,0.30000000000000004,0.30000000000000004,50.0,17,90.0,0,0,1,0,1