Exp Num,agent:svo_convergence_factor,agent:params:metabolism,agent:params:consumption_factor,agent:params:procreate_cost_factor,agent:params:procreate_req_factor,agent:params:start_energy_factor,agent:params:caught_chance,agent:params:caught_cooldown_factor,agent:params:maximum_age,Epoch,Resource,A,B,C,D,E
220210,4.0,5.0,4.0,1.0,3.0,1.0,0.4,0.30000000000000004,10.0,0,3000.0,34,30,26,34,116
220210,4.0,5.0,4.0,1.0,3.0,1.0,0.4,0.30000000000000004,10.0,1,2870.0,45,35,28,37,135
220210,4.0,5.0,4.0,1.0,3.0,1.0,0.4,0.30000000000000004,10.0,2,2167.5,52,46,36,41,167
220210,4.0,5.0,4.0,1.0,3.0,1.0,0.4,0.30000000000000004,10.0,3,1269.375,59,48,46,45,192
220210,4.0,5.0,4.0,1.0,3.0,1.0,0.4,0.30000000000000004,10.0,4,26.71875,64,60,61,52,225
220210,4.0,5.0,4.0,1.0,3.0,1.0,0.4,0.30000000000000004,10.0,5,0,56,59,59,41,204
220210,4.0,5.0,4.0,1.0,3.0,1.0,0.4,0.30000000000000004,10.0,6,0,43,48,51,32,157
220210,4.0,5.0,4.0,1.0,3.0,1.0,0.4,0.30000000000000004,10.0,7,0,30,37,31,20,106
220210,4.0,5.0,4.0,1.0,3.0,1.0,0.4,0.30000000000000004,10.0,8,0,22,25,20,10,72
220210,4.0,5.0,4.0,1.0,3.0,1.0,0.4,0.30000000000000004,10.0,9,0,16,19,8,7,44
220210,4.0,5.0,4.0,1.0,3.0,1.0,0.4,0.30000000000000004,10.0,10,0,14,13,4,4,31
220210,4.0,5.0,4.0,1.0,3.0,1.0,0.4,0.30000000000000004,10.0,11,0,8,11,2,3,21
220210,4.0,5.0,4.0,1.0,3.0,1.0,0.4,0.30000000000000004,10.0,12,0,4,7,1,1,12
220210,4.0,5.0,4.0,1.0,3.0,1.0,0.4,0.30000000000000004,10.0,13,0,3,5,1,0,9
220210,4.0,5.0,4.0,1.0,3.0,1.0,0.4,0.30000000000000004,10.0,14,0,1,3,1,0,5
220210,4.0,5.0,4.0,1.0,3.0,1.0,0.4,0.30000000000000004,10.0,15,0,1,2,0,0,3
220210,4.0,5.0,4.0,1.0,3.0,1.0,0.4,0.30000000000000004,10.0,16,80.0,1,1,0,0,2
220210,4.0,5.0,4.0,1.0,3.0,1.0,0.4,0.30000000000000004,10.0,17,100.0,0,1,0,0,1