Exp Num,agent:svo_convergence_factor,agent:params:metabolism,agent:params:consumption_factor,agent:params:procreate_cost_factor,agent:params:procreate_req_factor,agent:params:start_energy_factor,agent:params:caught_chance,agent:params:caught_cooldown_factor,agent:params:maximum_age,Epoch,Resource,A,B,C,D,E
254697,4.0,15.0,2.0,3.0,2.0,1.0,0.30000000000000004,0.5,30.0,0,2000.0,17,27,11,26,74
254697,4.0,15.0,2.0,3.0,2.0,1.0,0.30000000000000004,0.5,30.0,1,1450.0,17,27,11,26,74
254697,4.0,15.0,2.0,3.0,2.0,1.0,0.30000000000000004,0.5,30.0,2,132.5,11,24,9,26,63
254697,4.0,15.0,2.0,3.0,2.0,1.0,0.30000000000000004,0.5,30.0,3,0,10,23,9,25,59
254697,4.0,15.0,2.0,3.0,2.0,1.0,0.30000000000000004,0.5,30.0,4,0,5,16,6,14,31
254697,4.0,15.0,2.0,3.0,2.0,1.0,0.30000000000000004,0.5,30.0,5,0,5,12,1,9,18
254697,4.0,15.0,2.0,3.0,2.0,1.0,0.30000000000000004,0.5,30.0,6,0,4,9,1,2,14
254697,4.0,15.0,2.0,3.0,2.0,1.0,0.30000000000000004,0.5,30.0,7,0,2,8,1,0,11
254697,4.0,15.0,2.0,3.0,2.0,1.0,0.30000000000000004,0.5,30.0,8,0,2,5,1,0,8
254697,4.0,15.0,2.0,3.0,2.0,1.0,0.30000000000000004,0.5,30.0,9,0,0,4,0,0,4
254697,4.0,15.0,2.0,3.0,2.0,1.0,0.30000000000000004,0.5,30.0,10,0,0,2,0,0,2
254697,4.0,15.0,2.0,3.0,2.0,1.0,0.30000000000000004,0.5,30.0,11,0,0,1,0,0,1