Exp Num,agent:svo_convergence_factor,agent:params:metabolism,agent:params:consumption_factor,agent:params:procreate_cost_factor,agent:params:procreate_req_factor,agent:params:start_energy_factor,agent:params:caught_chance,agent:params:caught_cooldown_factor,agent:params:maximum_age,Epoch,Resource,A,B,C,D,E
248387,4.0,15.0,1.0,1.0,3.0,2.0,0.1,0.30000000000000004,30.0,0,3500.0,21,25,9,25,75
248387,4.0,15.0,1.0,1.0,3.0,2.0,0.1,0.30000000000000004,30.0,1,2905.0,21,25,9,25,75
248387,4.0,15.0,1.0,1.0,3.0,2.0,0.1,0.30000000000000004,30.0,2,2626.25,21,25,9,25,75
248387,4.0,15.0,1.0,1.0,3.0,2.0,0.1,0.30000000000000004,30.0,3,2337.8125,18,23,8,24,69
248387,4.0,15.0,1.0,1.0,3.0,2.0,0.1,0.30000000000000004,30.0,4,1977.265625,14,21,8,24,63
248387,4.0,15.0,1.0,1.0,3.0,2.0,0.1,0.30000000000000004,30.0,5,1346.58203125,13,21,8,24,61
248387,4.0,15.0,1.0,1.0,3.0,2.0,0.1,0.30000000000000004,30.0,6,543.2275390625,12,20,8,24,59
248387,4.0,15.0,1.0,1.0,3.0,2.0,0.1,0.30000000000000004,30.0,7,0,11,17,7,17,48
248387,4.0,15.0,1.0,1.0,3.0,2.0,0.1,0.30000000000000004,30.0,8,0,9,9,1,9,25
248387,4.0,15.0,1.0,1.0,3.0,2.0,0.1,0.30000000000000004,30.0,9,0,6,5,1,3,15
248387,4.0,15.0,1.0,1.0,3.0,2.0,0.1,0.30000000000000004,30.0,10,0,3,3,1,1,9
248387,4.0,15.0,1.0,1.0,3.0,2.0,0.1,0.30000000000000004,30.0,11,0,1,3,0,1,4
248387,4.0,15.0,1.0,1.0,3.0,2.0,0.1,0.30000000000000004,30.0,12,0,1,1,0,0,2
248387,4.0,15.0,1.0,1.0,3.0,2.0,0.1,0.30000000000000004,30.0,13,0,1,0,0,0,1