Exp Num,agent:svo_convergence_factor,agent:params:metabolism,agent:params:consumption_factor,agent:params:procreate_cost_factor,agent:params:procreate_req_factor,agent:params:start_energy_factor,agent:params:caught_chance,agent:params:caught_cooldown_factor,agent:params:maximum_age,Epoch,Resource,A,B,C,D,E
266238,4.0,15.0,4.0,3.0,2.0,3.0,0.5,0.30000000000000004,40.0,0,2960.0,25,41,16,25,92
266238,4.0,15.0,4.0,3.0,2.0,3.0,0.5,0.30000000000000004,40.0,1,2440.0,30,42,16,25,98
266238,4.0,15.0,4.0,3.0,2.0,3.0,0.5,0.30000000000000004,40.0,2,950.0,23,35,12,24,81
266238,4.0,15.0,4.0,3.0,2.0,3.0,0.5,0.30000000000000004,40.0,3,527.5,18,24,12,21,65
266238,4.0,15.0,4.0,3.0,2.0,3.0,0.5,0.30000000000000004,40.0,4,119.375,17,22,10,20,60
266238,4.0,15.0,4.0,3.0,2.0,3.0,0.5,0.30000000000000004,40.0,5,0,18,21,9,20,59
266238,4.0,15.0,4.0,3.0,2.0,3.0,0.5,0.30000000000000004,40.0,6,0,17,19,6,13,47
266238,4.0,15.0,4.0,3.0,2.0,3.0,0.5,0.30000000000000004,40.0,7,0,15,13,5,7,36
266238,4.0,15.0,4.0,3.0,2.0,3.0,0.5,0.30000000000000004,40.0,8,0,11,11,4,4,27
266238,4.0,15.0,4.0,3.0,2.0,3.0,0.5,0.30000000000000004,40.0,9,0,9,8,2,2,20
266238,4.0,15.0,4.0,3.0,2.0,3.0,0.5,0.30000000000000004,40.0,10,0,6,5,2,1,13
266238,4.0,15.0,4.0,3.0,2.0,3.0,0.5,0.30000000000000004,40.0,11,0,5,3,1,0,9
266238,4.0,15.0,4.0,3.0,2.0,3.0,0.5,0.30000000000000004,40.0,12,0,4,1,0,0,5
266238,4.0,15.0,4.0,3.0,2.0,3.0,0.5,0.30000000000000004,40.0,13,0,1,1,0,0,2
266238,4.0,15.0,4.0,3.0,2.0,3.0,0.5,0.30000000000000004,40.0,14,0,0,1,0,0,1