Exp Num,agent:svo_convergence_factor,agent:params:metabolism,agent:params:consumption_factor,agent:params:procreate_cost_factor,agent:params:procreate_req_factor,agent:params:start_energy_factor,agent:params:caught_chance,agent:params:caught_cooldown_factor,agent:params:maximum_age,Epoch,Resource,A,B,C,D,E
232500,4.0,10.0,2.0,3.0,3.0,1.0,0.1,0.1,10.0,0,3000.0,28,27,10,22,78
232500,4.0,10.0,2.0,3.0,3.0,1.0,0.1,0.1,10.0,1,2810.0,28,27,10,22,78
232500,4.0,10.0,2.0,3.0,3.0,1.0,0.1,0.1,10.0,2,2172.5,24,24,10,22,71
232500,4.0,10.0,2.0,3.0,3.0,1.0,0.1,0.1,10.0,3,1875.625,24,24,10,22,71
232500,4.0,10.0,2.0,3.0,3.0,1.0,0.1,0.1,10.0,4,844.53125,24,24,9,22,70
232500,4.0,10.0,2.0,3.0,3.0,1.0,0.1,0.1,10.0,5,15.6640625,24,24,9,22,70
232500,4.0,10.0,2.0,3.0,3.0,1.0,0.1,0.1,10.0,6,0,23,23,5,11,56
232500,4.0,10.0,2.0,3.0,3.0,1.0,0.1,0.1,10.0,7,0,23,21,5,7,51
232500,4.0,10.0,2.0,3.0,3.0,1.0,0.1,0.1,10.0,8,0,21,16,2,4,39
232500,4.0,10.0,2.0,3.0,3.0,1.0,0.1,0.1,10.0,9,0,20,11,2,2,33
232500,4.0,10.0,2.0,3.0,3.0,1.0,0.1,0.1,10.0,10,0,15,5,0,1,20
232500,4.0,10.0,2.0,3.0,3.0,1.0,0.1,0.1,10.0,11,0,11,4,0,1,15
232500,4.0,10.0,2.0,3.0,3.0,1.0,0.1,0.1,10.0,12,0,7,2,0,1,9
232500,4.0,10.0,2.0,3.0,3.0,1.0,0.1,0.1,10.0,13,0,4,1,0,0,5
232500,4.0,10.0,2.0,3.0,3.0,1.0,0.1,0.1,10.0,14,0,2,1,0,0,3
232500,4.0,10.0,2.0,3.0,3.0,1.0,0.1,0.1,10.0,15,0,1,1,0,0,2
232500,4.0,10.0,2.0,3.0,3.0,1.0,0.1,0.1,10.0,16,0,1,0,0,0,1