Exp Num,agent:svo_convergence_factor,agent:params:metabolism,agent:params:consumption_factor,agent:params:procreate_cost_factor,agent:params:procreate_req_factor,agent:params:start_energy_factor,agent:params:caught_chance,agent:params:caught_cooldown_factor,agent:params:maximum_age,Epoch,Resource,A,B,C,D,E
258670,4.0,15.0,2.0,9.0,3.0,3.0,0.2,0.5,10.0,0,3530.0,18,36,12,24,76
258670,4.0,15.0,2.0,9.0,3.0,3.0,0.2,0.5,10.0,1,3152.5,18,36,12,24,76
258670,4.0,15.0,2.0,9.0,3.0,3.0,0.2,0.5,10.0,2,2680.625,16,30,8,23,64
258670,4.0,15.0,2.0,9.0,3.0,3.0,0.2,0.5,10.0,3,2540.78125,16,29,8,21,63
258670,4.0,15.0,2.0,9.0,3.0,3.0,0.2,0.5,10.0,4,2275.9765625,13,22,7,20,52
258670,4.0,15.0,2.0,9.0,3.0,3.0,0.2,0.5,10.0,5,2184.970703125,11,21,6,20,48
258670,4.0,15.0,2.0,9.0,3.0,3.0,0.2,0.5,10.0,6,1981.21337890625,10,18,6,18,43
258670,4.0,15.0,2.0,9.0,3.0,3.0,0.2,0.5,10.0,7,1816.5167236328125,10,16,6,18,41
258670,4.0,15.0,2.0,9.0,3.0,3.0,0.2,0.5,10.0,8,1640.6459045410156,9,13,5,16,36
258670,4.0,15.0,2.0,9.0,3.0,3.0,0.2,0.5,10.0,9,1660.8073806762695,7,13,5,16,34
258670,4.0,15.0,2.0,9.0,3.0,3.0,0.2,0.5,10.0,10,1536.009225845337,6,9,4,10,23
258670,4.0,15.0,2.0,9.0,3.0,3.0,0.2,0.5,10.0,11,1770.0115323066711,3,6,4,6,14
258670,4.0,15.0,2.0,9.0,3.0,3.0,0.2,0.5,10.0,12,1912.514415383339,2,4,2,4,8
258670,4.0,15.0,2.0,9.0,3.0,3.0,0.2,0.5,10.0,13,2210.6430192291737,1,2,1,2,4
258670,4.0,15.0,2.0,9.0,3.0,3.0,0.2,0.5,10.0,14,2733.303774036467,1,1,1,1,3
258670,4.0,15.0,2.0,9.0,3.0,3.0,0.2,0.5,10.0,15,3386.629717545584,1,1,0,1,2
258670,4.0,15.0,2.0,9.0,3.0,3.0,0.2,0.5,10.0,16,4203.28714693198,0,1,0,0,1