Exp Num,agent:svo_convergence_factor,agent:params:metabolism,agent:params:consumption_factor,agent:params:procreate_cost_factor,agent:params:procreate_req_factor,agent:params:start_energy_factor,agent:params:caught_chance,agent:params:caught_cooldown_factor,agent:params:maximum_age,Epoch,Resource,A,B,C,D,E
248482,4.0,15.0,1.0,1.0,3.0,2.0,0.5,0.2,30.0,0,3500.0,15,26,5,33,67
248482,4.0,15.0,1.0,1.0,3.0,2.0,0.5,0.2,30.0,1,2950.0,15,26,5,33,67
248482,4.0,15.0,1.0,1.0,3.0,2.0,0.5,0.2,30.0,2,2802.5,15,26,5,33,67
248482,4.0,15.0,1.0,1.0,3.0,2.0,0.5,0.2,30.0,3,2588.125,12,22,4,31,57
248482,4.0,15.0,1.0,1.0,3.0,2.0,0.5,0.2,30.0,4,2275.15625,11,18,4,30,52
248482,4.0,15.0,1.0,1.0,3.0,2.0,0.5,0.2,30.0,5,1958.9453125,10,15,4,29,48
248482,4.0,15.0,1.0,1.0,3.0,2.0,0.5,0.2,30.0,6,1653.681640625,6,13,2,28,40
248482,4.0,15.0,1.0,1.0,3.0,2.0,0.5,0.2,30.0,7,1227.10205078125,5,12,2,27,37
248482,4.0,15.0,1.0,1.0,3.0,2.0,0.5,0.2,30.0,8,618.8775634765625,5,12,2,26,37
248482,4.0,15.0,1.0,1.0,3.0,2.0,0.5,0.2,30.0,9,0,3,12,2,24,33
248482,4.0,15.0,1.0,1.0,3.0,2.0,0.5,0.2,30.0,10,0,3,7,1,11,18
248482,4.0,15.0,1.0,1.0,3.0,2.0,0.5,0.2,30.0,11,0,2,6,1,4,10
248482,4.0,15.0,1.0,1.0,3.0,2.0,0.5,0.2,30.0,12,0,2,1,1,2,5
248482,4.0,15.0,1.0,1.0,3.0,2.0,0.5,0.2,30.0,13,0,1,1,0,1,2
248482,4.0,15.0,1.0,1.0,3.0,2.0,0.5,0.2,30.0,14,0,0,1,0,0,1