Exp Num,agent:svo_convergence_factor,agent:params:metabolism,agent:params:consumption_factor,agent:params:procreate_cost_factor,agent:params:procreate_req_factor,agent:params:start_energy_factor,agent:params:caught_chance,agent:params:caught_cooldown_factor,agent:params:maximum_age,Epoch,Resource,A,B,C,D,E
256315,4.0,15.0,2.0,5.0,3.0,2.0,0.30000000000000004,0.4,10.0,0,4040.0,13,35,11,23,77
256315,4.0,15.0,2.0,5.0,3.0,2.0,0.30000000000000004,0.4,10.0,1,3460.0,11,27,11,19,67
256315,4.0,15.0,2.0,5.0,3.0,2.0,0.30000000000000004,0.4,10.0,2,3485.0,10,26,10,19,64
256315,4.0,15.0,2.0,5.0,3.0,2.0,0.30000000000000004,0.4,10.0,3,3006.25,8,21,9,18,56
256315,4.0,15.0,2.0,5.0,3.0,2.0,0.30000000000000004,0.4,10.0,4,2977.8125,7,21,8,18,54
256315,4.0,15.0,2.0,5.0,3.0,2.0,0.30000000000000004,0.4,10.0,5,2642.265625,5,17,8,18,48
256315,4.0,15.0,2.0,5.0,3.0,2.0,0.30000000000000004,0.4,10.0,6,2672.83203125,4,16,7,18,44
256315,4.0,15.0,2.0,5.0,3.0,2.0,0.30000000000000004,0.4,10.0,7,2501.0400390625,3,13,6,17,39
256315,4.0,15.0,2.0,5.0,3.0,2.0,0.30000000000000004,0.4,10.0,8,2556.300048828125,3,12,6,17,38
256315,4.0,15.0,2.0,5.0,3.0,2.0,0.30000000000000004,0.4,10.0,9,2565.3750610351562,3,9,6,17,34
256315,4.0,15.0,2.0,5.0,3.0,2.0,0.30000000000000004,0.4,10.0,10,2756.7188262939453,3,5,5,13,22
256315,4.0,15.0,2.0,5.0,3.0,2.0,0.30000000000000004,0.4,10.0,11,2935.8985328674316,1,4,3,7,12
256315,4.0,15.0,2.0,5.0,3.0,2.0,0.30000000000000004,0.4,10.0,12,3279.8731660842896,0,4,2,5,9
256315,4.0,15.0,2.0,5.0,3.0,2.0,0.30000000000000004,0.4,10.0,13,3859.841457605362,0,2,1,2,5
256315,4.0,15.0,2.0,5.0,3.0,2.0,0.30000000000000004,0.4,10.0,14,4734.801822006702,0,1,1,0,4
256315,4.0,15.0,2.0,5.0,3.0,2.0,0.30000000000000004,0.4,10.0,15,5858.502277508378,0,1,0,0,2
256315,4.0,15.0,2.0,5.0,3.0,2.0,0.30000000000000004,0.4,10.0,16,7293.1278468854725,0,1,0,0,1