Exp Num,agent:svo_convergence_factor,agent:params:metabolism,agent:params:consumption_factor,agent:params:procreate_cost_factor,agent:params:procreate_req_factor,agent:params:start_energy_factor,agent:params:caught_chance,agent:params:caught_cooldown_factor,agent:params:maximum_age,Epoch,Resource,A,B,C,D,E
261196,4.0,15.0,3.0,5.0,1.0,2.0,0.30000000000000004,0.5,20.0,0,3470.0,14,27,11,33,67
261196,4.0,15.0,3.0,5.0,1.0,2.0,0.30000000000000004,0.5,20.0,1,1502.5,16,25,12,30,67
261196,4.0,15.0,3.0,5.0,1.0,2.0,0.30000000000000004,0.5,20.0,2,303.125,17,30,13,30,74
261196,4.0,15.0,3.0,5.0,1.0,2.0,0.30000000000000004,0.5,20.0,3,0,19,27,14,29,73
261196,4.0,15.0,3.0,5.0,1.0,2.0,0.30000000000000004,0.5,20.0,4,0,18,23,11,18,56
261196,4.0,15.0,3.0,5.0,1.0,2.0,0.30000000000000004,0.5,20.0,5,0,16,17,9,5,45
261196,4.0,15.0,3.0,5.0,1.0,2.0,0.30000000000000004,0.5,20.0,6,0,13,16,6,4,36
261196,4.0,15.0,3.0,5.0,1.0,2.0,0.30000000000000004,0.5,20.0,7,0,8,11,4,3,24
261196,4.0,15.0,3.0,5.0,1.0,2.0,0.30000000000000004,0.5,20.0,8,0,4,10,2,2,17
261196,4.0,15.0,3.0,5.0,1.0,2.0,0.30000000000000004,0.5,20.0,9,0,4,7,2,1,13
261196,4.0,15.0,3.0,5.0,1.0,2.0,0.30000000000000004,0.5,20.0,10,0,3,3,1,0,7
261196,4.0,15.0,3.0,5.0,1.0,2.0,0.30000000000000004,0.5,20.0,11,0,2,3,1,0,6
261196,4.0,15.0,3.0,5.0,1.0,2.0,0.30000000000000004,0.5,20.0,12,0,1,3,0,0,4
261196,4.0,15.0,3.0,5.0,1.0,2.0,0.30000000000000004,0.5,20.0,13,0,1,2,0,0,3
261196,4.0,15.0,3.0,5.0,1.0,2.0,0.30000000000000004,0.5,20.0,14,100,1,1,0,0,2
261196,4.0,15.0,3.0,5.0,1.0,2.0,0.30000000000000004,0.5,20.0,15,125.0,0,1,0,0,1