Exp Num,agent:svo_convergence_factor,agent:params:metabolism,agent:params:consumption_factor,agent:params:procreate_cost_factor,agent:params:procreate_req_factor,agent:params:start_energy_factor,agent:params:caught_chance,agent:params:caught_cooldown_factor,agent:params:maximum_age,Epoch,Resource,A,B,C,D,E
248451,4.0,15.0,1.0,1.0,3.0,2.0,0.4,0.1,20.0,0,3500.0,17,26,16,30,70
248451,4.0,15.0,1.0,1.0,3.0,2.0,0.4,0.1,20.0,1,2980.0,17,26,16,30,70
248451,4.0,15.0,1.0,1.0,3.0,2.0,0.4,0.1,20.0,2,2810.0,17,25,15,30,68
248451,4.0,15.0,1.0,1.0,3.0,2.0,0.4,0.1,20.0,3,2537.5,13,20,12,29,55
248451,4.0,15.0,1.0,1.0,3.0,2.0,0.4,0.1,20.0,4,2211.875,12,19,12,29,53
248451,4.0,15.0,1.0,1.0,3.0,2.0,0.4,0.1,20.0,5,1909.84375,10,17,12,28,49
248451,4.0,15.0,1.0,1.0,3.0,2.0,0.4,0.1,20.0,6,1517.3046875,8,17,12,27,47
248451,4.0,15.0,1.0,1.0,3.0,2.0,0.4,0.1,20.0,7,996.630859375,7,16,12,26,45
248451,4.0,15.0,1.0,1.0,3.0,2.0,0.4,0.1,20.0,8,270.78857421875,6,15,11,26,42
248451,4.0,15.0,1.0,1.0,3.0,2.0,0.4,0.1,20.0,9,0,6,9,5,18,27
248451,4.0,15.0,1.0,1.0,3.0,2.0,0.4,0.1,20.0,10,0,2,5,2,11,11
248451,4.0,15.0,1.0,1.0,3.0,2.0,0.4,0.1,20.0,11,0,1,2,1,7,4
248451,4.0,15.0,1.0,1.0,3.0,2.0,0.4,0.1,20.0,12,0,0,0,0,5,0
248451,4.0,15.0,1.0,1.0,3.0,2.0,0.4,0.1,20.0,13,0,0,0,0,2,0
248451,4.0,15.0,1.0,1.0,3.0,2.0,0.4,0.1,20.0,14,0,0,0,0,1,0