Exp Num,agent:svo_convergence_factor,agent:params:metabolism,agent:params:consumption_factor,agent:params:procreate_cost_factor,agent:params:procreate_req_factor,agent:params:start_energy_factor,agent:params:caught_chance,agent:params:caught_cooldown_factor,agent:params:maximum_age,Epoch,Resource,A,B,C,D,E
29330,1.0,10.0,2.0,3.0,1.0,1.0,0.4,0.2,10.0,0,3000.0,12,34,9,24,76
29330,1.0,10.0,2.0,3.0,1.0,1.0,0.4,0.2,10.0,1,3090.0,13,42,13,27,89
29330,1.0,10.0,2.0,3.0,1.0,1.0,0.4,0.2,10.0,2,2342.5,8,36,16,26,81
29330,1.0,10.0,2.0,3.0,1.0,1.0,0.4,0.2,10.0,3,1848.125,8,41,22,25,92
29330,1.0,10.0,2.0,3.0,1.0,1.0,0.4,0.2,10.0,4,1170.15625,6,44,24,23,94
29330,1.0,10.0,2.0,3.0,1.0,1.0,0.4,0.2,10.0,5,442.6953125,4,47,26,24,96
29330,1.0,10.0,2.0,3.0,1.0,1.0,0.4,0.2,10.0,6,0,3,43,24,17,85
29330,1.0,10.0,2.0,3.0,1.0,1.0,0.4,0.2,10.0,7,0,1,31,19,13,60
29330,1.0,10.0,2.0,3.0,1.0,1.0,0.4,0.2,10.0,8,0,1,25,13,2,44
29330,1.0,10.0,2.0,3.0,1.0,1.0,0.4,0.2,10.0,9,0,1,16,9,0,29
29330,1.0,10.0,2.0,3.0,1.0,1.0,0.4,0.2,10.0,10,0,0,15,5,0,22
29330,1.0,10.0,2.0,3.0,1.0,1.0,0.4,0.2,10.0,11,0,0,13,3,0,16
29330,1.0,10.0,2.0,3.0,1.0,1.0,0.4,0.2,10.0,12,0,0,8,2,0,10
29330,1.0,10.0,2.0,3.0,1.0,1.0,0.4,0.2,10.0,13,0,0,4,1,0,5
29330,1.0,10.0,2.0,3.0,1.0,1.0,0.4,0.2,10.0,14,0,0,2,0,0,2
29330,1.0,10.0,2.0,3.0,1.0,1.0,0.4,0.2,10.0,15,0,0,3,0,0,3
29330,1.0,10.0,2.0,3.0,1.0,1.0,0.4,0.2,10.0,16,0,0,2,0,0,2
29330,1.0,10.0,2.0,3.0,1.0,1.0,0.4,0.2,10.0,17,80.0,0,1,0,0,1