Exp Num,agent:svo_convergence_factor,agent:params:metabolism,agent:params:consumption_factor,agent:params:procreate_cost_factor,agent:params:procreate_req_factor,agent:params:start_energy_factor,agent:params:caught_chance,agent:params:caught_cooldown_factor,agent:params:maximum_age,Epoch,Resource,A,B,C,D,E
263092,4.0,15.0,3.0,7.0,3.0,2.0,0.4,0.4,30.0,0,3560.0,17,28,12,32,68
263092,4.0,15.0,3.0,7.0,3.0,2.0,0.4,0.4,30.0,1,2200.0,13,18,12,29,54
263092,4.0,15.0,3.0,7.0,3.0,2.0,0.4,0.4,30.0,2,1535.0,11,17,12,28,51
263092,4.0,15.0,3.0,7.0,3.0,2.0,0.4,0.4,30.0,3,1423.75,11,17,12,28,51
263092,4.0,15.0,3.0,7.0,3.0,2.0,0.4,0.4,30.0,4,249.6875,10,13,11,25,45
263092,4.0,15.0,3.0,7.0,3.0,2.0,0.4,0.4,30.0,5,0,10,8,11,22,39
263092,4.0,15.0,3.0,7.0,3.0,2.0,0.4,0.4,30.0,6,0,10,7,10,22,37
263092,4.0,15.0,3.0,7.0,3.0,2.0,0.4,0.4,30.0,7,0,10,3,9,13,25
263092,4.0,15.0,3.0,7.0,3.0,2.0,0.4,0.4,30.0,8,0,7,3,7,7,20
263092,4.0,15.0,3.0,7.0,3.0,2.0,0.4,0.4,30.0,9,0,7,3,4,4,17
263092,4.0,15.0,3.0,7.0,3.0,2.0,0.4,0.4,30.0,10,0,5,3,3,4,13
263092,4.0,15.0,3.0,7.0,3.0,2.0,0.4,0.4,30.0,11,0,5,2,2,2,10
263092,4.0,15.0,3.0,7.0,3.0,2.0,0.4,0.4,30.0,12,0,5,2,1,1,8
263092,4.0,15.0,3.0,7.0,3.0,2.0,0.4,0.4,30.0,13,0,3,1,1,1,5
263092,4.0,15.0,3.0,7.0,3.0,2.0,0.4,0.4,30.0,14,0,2,1,1,1,4
263092,4.0,15.0,3.0,7.0,3.0,2.0,0.4,0.4,30.0,15,0,2,0,1,0,3
263092,4.0,15.0,3.0,7.0,3.0,2.0,0.4,0.4,30.0,16,55.0,2,0,1,0,3
263092,4.0,15.0,3.0,7.0,3.0,2.0,0.4,0.4,30.0,17,68.75,1,0,1,0,2
263092,4.0,15.0,3.0,7.0,3.0,2.0,0.4,0.4,30.0,18,85.9375,1,0,1,0,2
263092,4.0,15.0,3.0,7.0,3.0,2.0,0.4,0.4,30.0,19,107.421875,1,0,1,0,2
263092,4.0,15.0,3.0,7.0,3.0,2.0,0.4,0.4,30.0,20,134.27734375,1,0,0,0,1