Exp Num,agent:svo_convergence_factor,agent:params:metabolism,agent:params:consumption_factor,agent:params:procreate_cost_factor,agent:params:procreate_req_factor,agent:params:start_energy_factor,agent:params:caught_chance,agent:params:caught_cooldown_factor,agent:params:maximum_age,Epoch,Resource,A,B,C,D,E
260887,4.0,15.0,3.0,3.0,3.0,3.0,0.1,0.30000000000000004,30.0,0,2975.0,15,31,8,31,69
260887,4.0,15.0,3.0,3.0,3.0,3.0,0.1,0.30000000000000004,30.0,1,1783.75,15,31,8,31,69
260887,4.0,15.0,3.0,3.0,3.0,3.0,0.1,0.30000000000000004,30.0,2,0,14,34,7,29,68
260887,4.0,15.0,3.0,3.0,3.0,3.0,0.1,0.30000000000000004,30.0,3,0,14,34,7,28,67
260887,4.0,15.0,3.0,3.0,3.0,3.0,0.1,0.30000000000000004,30.0,4,0,14,34,7,28,67
260887,4.0,15.0,3.0,3.0,3.0,3.0,0.1,0.30000000000000004,30.0,5,0,13,27,5,13,49
260887,4.0,15.0,3.0,3.0,3.0,3.0,0.1,0.30000000000000004,30.0,6,0,13,27,2,3,44
260887,4.0,15.0,3.0,3.0,3.0,3.0,0.1,0.30000000000000004,30.0,7,0,13,24,1,3,39
260887,4.0,15.0,3.0,3.0,3.0,3.0,0.1,0.30000000000000004,30.0,8,0,9,17,0,3,27
260887,4.0,15.0,3.0,3.0,3.0,3.0,0.1,0.30000000000000004,30.0,9,0,5,12,0,1,18
260887,4.0,15.0,3.0,3.0,3.0,3.0,0.1,0.30000000000000004,30.0,10,0,4,7,0,0,12
260887,4.0,15.0,3.0,3.0,3.0,3.0,0.1,0.30000000000000004,30.0,11,0,4,3,0,0,7
260887,4.0,15.0,3.0,3.0,3.0,3.0,0.1,0.30000000000000004,30.0,12,0,3,1,0,0,4
260887,4.0,15.0,3.0,3.0,3.0,3.0,0.1,0.30000000000000004,30.0,13,10.0,2,1,0,0,3
260887,4.0,15.0,3.0,3.0,3.0,3.0,0.1,0.30000000000000004,30.0,14,0,2,1,0,0,3
260887,4.0,15.0,3.0,3.0,3.0,3.0,0.1,0.30000000000000004,30.0,15,0,1,1,0,0,2
260887,4.0,15.0,3.0,3.0,3.0,3.0,0.1,0.30000000000000004,30.0,16,0,1,0,0,0,1