Exp Num,agent:svo_convergence_factor,agent:params:metabolism,agent:params:consumption_factor,agent:params:procreate_cost_factor,agent:params:procreate_req_factor,agent:params:start_energy_factor,agent:params:caught_chance,agent:params:caught_cooldown_factor,agent:params:maximum_age,Epoch,Resource,A,B,C,D,E
202360,3.0,15.0,4.0,9.0,3.0,2.0,0.5,0.30000000000000004,10.0,0,3260.0,20,25,11,27,73
202360,3.0,15.0,4.0,9.0,3.0,2.0,0.5,0.30000000000000004,10.0,1,1675.0,10,18,10,23,53
202360,3.0,15.0,4.0,9.0,3.0,2.0,0.5,0.30000000000000004,10.0,2,1013.75,8,15,10,22,48
202360,3.0,15.0,4.0,9.0,3.0,2.0,0.5,0.30000000000000004,10.0,3,967.1875,8,15,10,22,48
202360,3.0,15.0,4.0,9.0,3.0,2.0,0.5,0.30000000000000004,10.0,4,668.984375,8,15,10,22,48
202360,3.0,15.0,4.0,9.0,3.0,2.0,0.5,0.30000000000000004,10.0,5,0,7,11,7,15,37
202360,3.0,15.0,4.0,9.0,3.0,2.0,0.5,0.30000000000000004,10.0,6,0,6,9,5,7,30
202360,3.0,15.0,4.0,9.0,3.0,2.0,0.5,0.30000000000000004,10.0,7,0,5,7,3,6,25
202360,3.0,15.0,4.0,9.0,3.0,2.0,0.5,0.30000000000000004,10.0,8,0,4,7,3,5,23
202360,3.0,15.0,4.0,9.0,3.0,2.0,0.5,0.30000000000000004,10.0,9,0,4,6,3,4,17
202360,3.0,15.0,4.0,9.0,3.0,2.0,0.5,0.30000000000000004,10.0,10,0,3,4,3,3,11
202360,3.0,15.0,4.0,9.0,3.0,2.0,0.5,0.30000000000000004,10.0,11,0,2,3,3,2,8
202360,3.0,15.0,4.0,9.0,3.0,2.0,0.5,0.30000000000000004,10.0,12,0,1,3,0,2,4
202360,3.0,15.0,4.0,9.0,3.0,2.0,0.5,0.30000000000000004,10.0,13,0,1,1,0,2,2
202360,3.0,15.0,4.0,9.0,3.0,2.0,0.5,0.30000000000000004,10.0,14,0,0,0,0,2,0
202360,3.0,15.0,4.0,9.0,3.0,2.0,0.5,0.30000000000000004,10.0,15,0,0,0,0,1,0