Exp Num,agent:svo_convergence_factor,agent:params:metabolism,agent:params:consumption_factor,agent:params:procreate_cost_factor,agent:params:procreate_req_factor,agent:params:start_energy_factor,agent:params:caught_chance,agent:params:caught_cooldown_factor,agent:params:maximum_age,Epoch,Resource,A,B,C,D,E
245691,4.0,10.0,4.0,7.0,2.0,1.0,0.30000000000000004,0.4,20.0,0,1000.0,13,29,7,32,68
245691,4.0,10.0,4.0,7.0,2.0,1.0,0.30000000000000004,0.4,20.0,1,330.0,13,29,7,32,68
245691,4.0,10.0,4.0,7.0,2.0,1.0,0.30000000000000004,0.4,20.0,2,0,13,29,7,32,68
245691,4.0,10.0,4.0,7.0,2.0,1.0,0.30000000000000004,0.4,20.0,3,0,13,29,7,32,68
245691,4.0,10.0,4.0,7.0,2.0,1.0,0.30000000000000004,0.4,20.0,4,0,8,19,4,17,41
245691,4.0,10.0,4.0,7.0,2.0,1.0,0.30000000000000004,0.4,20.0,5,0,7,13,3,13,25
245691,4.0,10.0,4.0,7.0,2.0,1.0,0.30000000000000004,0.4,20.0,6,0,6,11,3,8,21
245691,4.0,10.0,4.0,7.0,2.0,1.0,0.30000000000000004,0.4,20.0,7,0,6,10,3,7,20
245691,4.0,10.0,4.0,7.0,2.0,1.0,0.30000000000000004,0.4,20.0,8,0,3,9,3,4,16
245691,4.0,10.0,4.0,7.0,2.0,1.0,0.30000000000000004,0.4,20.0,9,0,3,6,3,2,13
245691,4.0,10.0,4.0,7.0,2.0,1.0,0.30000000000000004,0.4,20.0,10,0,3,4,2,2,10
245691,4.0,10.0,4.0,7.0,2.0,1.0,0.30000000000000004,0.4,20.0,11,0,3,4,0,2,8
245691,4.0,10.0,4.0,7.0,2.0,1.0,0.30000000000000004,0.4,20.0,12,0,3,2,0,2,6
245691,4.0,10.0,4.0,7.0,2.0,1.0,0.30000000000000004,0.4,20.0,13,0,3,1,0,1,5
245691,4.0,10.0,4.0,7.0,2.0,1.0,0.30000000000000004,0.4,20.0,14,0,2,1,0,0,4
245691,4.0,10.0,4.0,7.0,2.0,1.0,0.30000000000000004,0.4,20.0,15,0,2,1,0,0,3
245691,4.0,10.0,4.0,7.0,2.0,1.0,0.30000000000000004,0.4,20.0,16,0,1,1,0,0,2
245691,4.0,10.0,4.0,7.0,2.0,1.0,0.30000000000000004,0.4,20.0,17,0,1,1,0,0,2
245691,4.0,10.0,4.0,7.0,2.0,1.0,0.30000000000000004,0.4,20.0,18,0,0,1,0,0,1