Exp Num,agent:svo_convergence_factor,agent:params:metabolism,agent:params:consumption_factor,agent:params:procreate_cost_factor,agent:params:procreate_req_factor,agent:params:start_energy_factor,agent:params:caught_chance,agent:params:caught_cooldown_factor,agent:params:maximum_age,Epoch,Resource,A,B,C,D,E
222296,4.0,5.0,4.0,5.0,2.0,3.0,0.2,0.5,20.0,0,3620.0,18,22,10,27,73
222296,4.0,5.0,4.0,5.0,2.0,3.0,0.2,0.5,20.0,1,3685.0,18,22,10,27,73
222296,4.0,5.0,4.0,5.0,2.0,3.0,0.2,0.5,20.0,2,3506.25,24,24,10,27,81
222296,4.0,5.0,4.0,5.0,2.0,3.0,0.2,0.5,20.0,3,3762.8125,30,29,10,27,92
222296,4.0,5.0,4.0,5.0,2.0,3.0,0.2,0.5,20.0,4,3803.515625,35,33,12,27,103
222296,4.0,5.0,4.0,5.0,2.0,3.0,0.2,0.5,20.0,5,3754.39453125,42,35,16,27,116
222296,4.0,5.0,4.0,5.0,2.0,3.0,0.2,0.5,20.0,6,3572.9931640625,44,39,14,25,120
222296,4.0,5.0,4.0,5.0,2.0,3.0,0.2,0.5,20.0,7,3286.241455078125,49,47,17,26,136
222296,4.0,5.0,4.0,5.0,2.0,3.0,0.2,0.5,20.0,8,2907.8018188476562,57,55,19,26,154
222296,4.0,5.0,4.0,5.0,2.0,3.0,0.2,0.5,20.0,9,2454.7522735595703,62,61,21,25,168
222296,4.0,5.0,4.0,5.0,2.0,3.0,0.2,0.5,20.0,10,1448.440341949463,70,68,24,25,185
222296,4.0,5.0,4.0,5.0,2.0,3.0,0.2,0.5,20.0,11,350.5504274368286,76,78,27,23,204
222296,4.0,5.0,4.0,5.0,2.0,3.0,0.2,0.5,20.0,12,0,77,80,27,22,207
222296,4.0,5.0,4.0,5.0,2.0,3.0,0.2,0.5,20.0,13,0,72,76,27,19,195
222296,4.0,5.0,4.0,5.0,2.0,3.0,0.2,0.5,20.0,14,0,67,75,26,13,178
222296,4.0,5.0,4.0,5.0,2.0,3.0,0.2,0.5,20.0,15,0,61,70,24,12,161
222296,4.0,5.0,4.0,5.0,2.0,3.0,0.2,0.5,20.0,16,0,52,63,20,10,139
222296,4.0,5.0,4.0,5.0,2.0,3.0,0.2,0.5,20.0,17,0,44,57,16,9,121
222296,4.0,5.0,4.0,5.0,2.0,3.0,0.2,0.5,20.0,18,0,33,51,12,7,100
222296,4.0,5.0,4.0,5.0,2.0,3.0,0.2,0.5,20.0,19,0,25,43,8,2,79
222296,4.0,5.0,4.0,5.0,2.0,3.0,0.2,0.5,20.0,20,0,17,33,7,2,57
222296,4.0,5.0,4.0,5.0,2.0,3.0,0.2,0.5,20.0,21,0,15,24,3,1,42
222296,4.0,5.0,4.0,5.0,2.0,3.0,0.2,0.5,20.0,22,0,9,19,1,0,29
222296,4.0,5.0,4.0,5.0,2.0,3.0,0.2,0.5,20.0,23,40.0,7,14,0,0,21
222296,4.0,5.0,4.0,5.0,2.0,3.0,0.2,0.5,20.0,24,10.0,4,9,0,0,13
222296,4.0,5.0,4.0,5.0,2.0,3.0,0.2,0.5,20.0,25,0,4,5,0,0,9
222296,4.0,5.0,4.0,5.0,2.0,3.0,0.2,0.5,20.0,26,0,2,4,0,0,6
222296,4.0,5.0,4.0,5.0,2.0,3.0,0.2,0.5,20.0,27,0,2,3,0,0,5
222296,4.0,5.0,4.0,5.0,2.0,3.0,0.2,0.5,20.0,28,0,1,2,0,0,3
222296,4.0,5.0,4.0,5.0,2.0,3.0,0.2,0.5,20.0,29,0,0,2,0,0,2
222296,4.0,5.0,4.0,5.0,2.0,3.0,0.2,0.5,20.0,30,0,0,1,0,0,1