Exp Num,agent:svo_convergence_factor,agent:params:metabolism,agent:params:consumption_factor,agent:params:procreate_cost_factor,agent:params:procreate_req_factor,agent:params:start_energy_factor,agent:params:caught_chance,agent:params:caught_cooldown_factor,agent:params:maximum_age,Epoch,Resource,A,B,C,D,E
258616,4.0,15.0,2.0,9.0,3.0,2.0,0.5,0.4,20.0,0,4130.0,14,26,13,32,68
258616,4.0,15.0,2.0,9.0,3.0,2.0,0.5,0.4,20.0,1,3662.5,11,18,11,28,54
258616,4.0,15.0,2.0,9.0,3.0,2.0,0.5,0.4,20.0,2,4008.125,9,17,10,28,50
258616,4.0,15.0,2.0,9.0,3.0,2.0,0.5,0.4,20.0,3,3930.15625,7,14,6,25,41
258616,4.0,15.0,2.0,9.0,3.0,2.0,0.5,0.4,20.0,4,4372.6953125,5,14,6,24,39
258616,4.0,15.0,2.0,9.0,3.0,2.0,0.5,0.4,20.0,5,4715.869140625,4,11,5,19,34
258616,4.0,15.0,2.0,9.0,3.0,2.0,0.5,0.4,20.0,6,4604.83642578125,3,9,5,19,31
258616,4.0,15.0,2.0,9.0,3.0,2.0,0.5,0.4,20.0,7,4436.0455322265625,3,7,5,19,29
258616,4.0,15.0,2.0,9.0,3.0,2.0,0.5,0.4,20.0,8,4195.056915283203,3,6,5,19,28
258616,4.0,15.0,2.0,9.0,3.0,2.0,0.5,0.4,20.0,9,3863.821144104004,3,6,5,19,28
258616,4.0,15.0,2.0,9.0,3.0,2.0,0.5,0.4,20.0,10,3479.776430130005,2,6,5,19,27
258616,4.0,15.0,2.0,9.0,3.0,2.0,0.5,0.4,20.0,11,2969.720537662506,2,6,5,19,27
258616,4.0,15.0,2.0,9.0,3.0,2.0,0.5,0.4,20.0,12,2722.1506720781326,2,6,5,19,27
258616,4.0,15.0,2.0,9.0,3.0,2.0,0.5,0.4,20.0,13,2682.688340097666,2,6,5,19,27
258616,4.0,15.0,2.0,9.0,3.0,2.0,0.5,0.4,20.0,14,2723.3604251220822,2,6,5,19,27
258616,4.0,15.0,2.0,9.0,3.0,2.0,0.5,0.4,20.0,15,2774.200531402603,2,6,5,19,27
258616,4.0,15.0,2.0,9.0,3.0,2.0,0.5,0.4,20.0,16,2837.7506642532535,2,6,5,19,27
258616,4.0,15.0,2.0,9.0,3.0,2.0,0.5,0.4,20.0,17,2917.188330316567,2,6,5,19,27
258616,4.0,15.0,2.0,9.0,3.0,2.0,0.5,0.4,20.0,18,3016.4854128957086,2,6,5,17,27
258616,4.0,15.0,2.0,9.0,3.0,2.0,0.5,0.4,20.0,19,3080.6067661196357,2,6,5,15,27
258616,4.0,15.0,2.0,9.0,3.0,2.0,0.5,0.4,20.0,20,3160.7584576495447,2,5,3,10,21
258616,4.0,15.0,2.0,9.0,3.0,2.0,0.5,0.4,20.0,21,3440.948072061931,1,4,2,6,13
258616,4.0,15.0,2.0,9.0,3.0,2.0,0.5,0.4,20.0,22,4061.1850900774134,0,3,2,2,9
258616,4.0,15.0,2.0,9.0,3.0,2.0,0.5,0.4,20.0,23,4866.481362596767,0,1,1,1,5
258616,4.0,15.0,2.0,9.0,3.0,2.0,0.5,0.4,20.0,24,5993.101703245959,0,0,0,1,2
258616,4.0,15.0,2.0,9.0,3.0,2.0,0.5,0.4,20.0,25,7431.377129057448,0,0,0,0,1