Exp Num,agent:svo_convergence_factor,agent:params:metabolism,agent:params:consumption_factor,agent:params:procreate_cost_factor,agent:params:procreate_req_factor,agent:params:start_energy_factor,agent:params:caught_chance,agent:params:caught_cooldown_factor,agent:params:maximum_age,Epoch,Resource,A,B,C,D,E
252218,4.0,15.0,1.0,9.0,1.0,2.0,0.4,0.4,40.0,0,3500.0,9,31,10,31,69
252218,4.0,15.0,1.0,9.0,1.0,2.0,0.4,0.4,40.0,1,2980.0,9,31,10,31,69
252218,4.0,15.0,1.0,9.0,1.0,2.0,0.4,0.4,40.0,2,2705.0,9,30,9,31,67
252218,4.0,15.0,1.0,9.0,1.0,2.0,0.4,0.4,40.0,3,2421.25,7,27,8,31,61
252218,4.0,15.0,1.0,9.0,1.0,2.0,0.4,0.4,40.0,4,2246.5625,5,24,8,29,56
252218,4.0,15.0,1.0,9.0,1.0,2.0,0.4,0.4,40.0,5,1863.203125,3,20,7,29,49
252218,4.0,15.0,1.0,9.0,1.0,2.0,0.4,0.4,40.0,6,1339.00390625,3,16,7,29,45
252218,4.0,15.0,1.0,9.0,1.0,2.0,0.4,0.4,40.0,7,683.7548828125,3,15,7,29,43
252218,4.0,15.0,1.0,9.0,1.0,2.0,0.4,0.4,40.0,8,0,1,12,6,29,35
252218,4.0,15.0,1.0,9.0,1.0,2.0,0.4,0.4,40.0,9,0,1,8,2,10,22
252218,4.0,15.0,1.0,9.0,1.0,2.0,0.4,0.4,40.0,10,0,1,2,1,8,8
252218,4.0,15.0,1.0,9.0,1.0,2.0,0.4,0.4,40.0,11,0,1,0,1,5,3
252218,4.0,15.0,1.0,9.0,1.0,2.0,0.4,0.4,40.0,12,0,1,0,0,2,2
252218,4.0,15.0,1.0,9.0,1.0,2.0,0.4,0.4,40.0,13,0,1,0,0,1,1
252218,4.0,15.0,1.0,9.0,1.0,2.0,0.4,0.4,40.0,14,0,1,0,0,0,1