Exp Num,agent:svo_convergence_factor,agent:params:metabolism,agent:params:consumption_factor,agent:params:procreate_cost_factor,agent:params:procreate_req_factor,agent:params:start_energy_factor,agent:params:caught_chance,agent:params:caught_cooldown_factor,agent:params:maximum_age,Epoch,Resource,A,B,C,D,E
251784,4.0,15.0,1.0,7.0,3.0,2.0,0.2,0.2,50.0,0,3500.0,18,24,9,42,58
251784,4.0,15.0,1.0,7.0,3.0,2.0,0.2,0.2,50.0,1,2965.0,18,24,9,42,58
251784,4.0,15.0,1.0,7.0,3.0,2.0,0.2,0.2,50.0,2,2731.25,18,24,9,41,58
251784,4.0,15.0,1.0,7.0,3.0,2.0,0.2,0.2,50.0,3,2319.0625,17,22,9,40,55
251784,4.0,15.0,1.0,7.0,3.0,2.0,0.2,0.2,50.0,4,1968.828125,14,20,9,40,50
251784,4.0,15.0,1.0,7.0,3.0,2.0,0.2,0.2,50.0,5,1456.03515625,11,17,9,40,44
251784,4.0,15.0,1.0,7.0,3.0,2.0,0.2,0.2,50.0,6,695.0439453125,10,15,9,40,41
251784,4.0,15.0,1.0,7.0,3.0,2.0,0.2,0.2,50.0,7,0,8,12,8,36,34
251784,4.0,15.0,1.0,7.0,3.0,2.0,0.2,0.2,50.0,8,0,6,5,4,17,19
251784,4.0,15.0,1.0,7.0,3.0,2.0,0.2,0.2,50.0,9,0,4,4,3,5,13
251784,4.0,15.0,1.0,7.0,3.0,2.0,0.2,0.2,50.0,10,0,3,2,0,3,6
251784,4.0,15.0,1.0,7.0,3.0,2.0,0.2,0.2,50.0,11,0,2,1,0,1,4
251784,4.0,15.0,1.0,7.0,3.0,2.0,0.2,0.2,50.0,12,0,1,1,0,1,2
251784,4.0,15.0,1.0,7.0,3.0,2.0,0.2,0.2,50.0,13,0,0,0,0,1,0