Exp Num,agent:svo_convergence_factor,agent:params:metabolism,agent:params:consumption_factor,agent:params:procreate_cost_factor,agent:params:procreate_req_factor,agent:params:start_energy_factor,agent:params:caught_chance,agent:params:caught_cooldown_factor,agent:params:maximum_age,Epoch,Resource,A,B,C,D,E
218525,4.0,5.0,3.0,9.0,1.0,3.0,0.2,0.1,10.0,0,3500.0,12,31,10,34,66
218525,4.0,5.0,3.0,9.0,1.0,3.0,0.2,0.1,10.0,1,2935.0,12,31,10,34,66
218525,4.0,5.0,3.0,9.0,1.0,3.0,0.2,0.1,10.0,2,2708.75,16,38,20,40,92
218525,4.0,5.0,3.0,9.0,1.0,3.0,0.2,0.1,10.0,3,2110.9375,17,42,28,42,106
218525,4.0,5.0,3.0,9.0,1.0,3.0,0.2,0.1,10.0,4,1738.671875,20,46,33,47,120
218525,4.0,5.0,3.0,9.0,1.0,3.0,0.2,0.1,10.0,5,1003.33984375,22,44,37,47,124
218525,4.0,5.0,3.0,9.0,1.0,3.0,0.2,0.1,10.0,6,324.1748046875,29,48,40,48,138
218525,4.0,5.0,3.0,9.0,1.0,3.0,0.2,0.1,10.0,7,0,33,49,39,50,142
218525,4.0,5.0,3.0,9.0,1.0,3.0,0.2,0.1,10.0,8,0,31,42,32,32,119
218525,4.0,5.0,3.0,9.0,1.0,3.0,0.2,0.1,10.0,9,0,28,41,26,27,107
218525,4.0,5.0,3.0,9.0,1.0,3.0,0.2,0.1,10.0,10,0,23,32,24,21,89
218525,4.0,5.0,3.0,9.0,1.0,3.0,0.2,0.1,10.0,11,0,22,27,21,15,78
218525,4.0,5.0,3.0,9.0,1.0,3.0,0.2,0.1,10.0,12,0,20,26,19,12,68
218525,4.0,5.0,3.0,9.0,1.0,3.0,0.2,0.1,10.0,13,0,16,24,18,9,59
218525,4.0,5.0,3.0,9.0,1.0,3.0,0.2,0.1,10.0,14,0,15,23,15,5,54
218525,4.0,5.0,3.0,9.0,1.0,3.0,0.2,0.1,10.0,15,0,14,19,12,4,45
218525,4.0,5.0,3.0,9.0,1.0,3.0,0.2,0.1,10.0,16,0,12,16,10,4,38
218525,4.0,5.0,3.0,9.0,1.0,3.0,0.2,0.1,10.0,17,0,9,14,8,0,31
218525,4.0,5.0,3.0,9.0,1.0,3.0,0.2,0.1,10.0,18,0,8,11,5,0,24
218525,4.0,5.0,3.0,9.0,1.0,3.0,0.2,0.1,10.0,19,0,5,9,4,0,18
218525,4.0,5.0,3.0,9.0,1.0,3.0,0.2,0.1,10.0,20,0,2,9,1,0,12
218525,4.0,5.0,3.0,9.0,1.0,3.0,0.2,0.1,10.0,21,0,1,6,1,0,8
218525,4.0,5.0,3.0,9.0,1.0,3.0,0.2,0.1,10.0,22,0,0,4,1,0,5
218525,4.0,5.0,3.0,9.0,1.0,3.0,0.2,0.1,10.0,23,0,0,4,0,0,4
218525,4.0,5.0,3.0,9.0,1.0,3.0,0.2,0.1,10.0,24,0,0,3,0,0,3
218525,4.0,5.0,3.0,9.0,1.0,3.0,0.2,0.1,10.0,25,0,0,1,0,0,1