Exp Num,agent:svo_convergence_factor,agent:params:metabolism,agent:params:consumption_factor,agent:params:procreate_cost_factor,agent:params:procreate_req_factor,agent:params:start_energy_factor,agent:params:caught_chance,agent:params:caught_cooldown_factor,agent:params:maximum_age,Epoch,Resource,A,B,C,D,E
250444,4.0,15.0,1.0,5.0,2.0,3.0,0.30000000000000004,0.4,50.0,0,3500.0,24,25,14,20,80
250444,4.0,15.0,1.0,5.0,2.0,3.0,0.30000000000000004,0.4,50.0,1,2935.0,24,25,14,20,80
250444,4.0,15.0,1.0,5.0,2.0,3.0,0.30000000000000004,0.4,50.0,2,2663.75,24,25,14,20,80
250444,4.0,15.0,1.0,5.0,2.0,3.0,0.30000000000000004,0.4,50.0,3,2729.6875,24,25,14,20,80
250444,4.0,15.0,1.0,5.0,2.0,3.0,0.30000000000000004,0.4,50.0,4,2857.109375,20,21,12,18,68
250444,4.0,15.0,1.0,5.0,2.0,3.0,0.30000000000000004,0.4,50.0,5,2911.38671875,14,17,10,18,56
250444,4.0,15.0,1.0,5.0,2.0,3.0,0.30000000000000004,0.4,50.0,6,2844.2333984375,10,14,10,17,48
250444,4.0,15.0,1.0,5.0,2.0,3.0,0.30000000000000004,0.4,50.0,7,2670.291748046875,8,14,10,17,46
250444,4.0,15.0,1.0,5.0,2.0,3.0,0.30000000000000004,0.4,50.0,8,2422.8646850585938,8,14,10,17,46
250444,4.0,15.0,1.0,5.0,2.0,3.0,0.30000000000000004,0.4,50.0,9,2128.580856323242,7,14,10,17,45
250444,4.0,15.0,1.0,5.0,2.0,3.0,0.30000000000000004,0.4,50.0,10,1775.7260704040527,6,14,10,17,44
250444,4.0,15.0,1.0,5.0,2.0,3.0,0.30000000000000004,0.4,50.0,11,1469.657588005066,6,14,10,17,44
250444,4.0,15.0,1.0,5.0,2.0,3.0,0.30000000000000004,0.4,50.0,12,1147.0719850063324,6,12,10,17,42
250444,4.0,15.0,1.0,5.0,2.0,3.0,0.30000000000000004,0.4,50.0,13,728.8399812579155,4,11,10,17,39
250444,4.0,15.0,1.0,5.0,2.0,3.0,0.30000000000000004,0.4,50.0,14,251.04997657239437,3,9,10,17,36
250444,4.0,15.0,1.0,5.0,2.0,3.0,0.30000000000000004,0.4,50.0,15,0,3,7,7,14,25
250444,4.0,15.0,1.0,5.0,2.0,3.0,0.30000000000000004,0.4,50.0,16,0,2,2,4,6,14
250444,4.0,15.0,1.0,5.0,2.0,3.0,0.30000000000000004,0.4,50.0,17,0,1,1,3,3,7
250444,4.0,15.0,1.0,5.0,2.0,3.0,0.30000000000000004,0.4,50.0,18,0,1,1,1,1,4
250444,4.0,15.0,1.0,5.0,2.0,3.0,0.30000000000000004,0.4,50.0,19,0,0,0,0,1,1
250444,4.0,15.0,1.0,5.0,2.0,3.0,0.30000000000000004,0.4,50.0,20,0,0,0,0,1,0