Exp Num,agent:svo_convergence_factor,agent:params:metabolism,agent:params:consumption_factor,agent:params:procreate_cost_factor,agent:params:procreate_req_factor,agent:params:start_energy_factor,agent:params:caught_chance,agent:params:caught_cooldown_factor,agent:params:maximum_age,Epoch,Resource,A,B,C,D,E
269940,4.0,15.0,4.0,9.0,3.0,3.0,0.30000000000000004,0.4,10.0,0,2840.0,18,30,12,25,75
269940,4.0,15.0,4.0,9.0,3.0,3.0,0.30000000000000004,0.4,10.0,1,1930.0,18,30,12,25,75
269940,4.0,15.0,4.0,9.0,3.0,3.0,0.30000000000000004,0.4,10.0,2,0,14,24,10,23,59
269940,4.0,15.0,4.0,9.0,3.0,3.0,0.30000000000000004,0.4,10.0,3,0,13,23,10,20,55
269940,4.0,15.0,4.0,9.0,3.0,3.0,0.30000000000000004,0.4,10.0,4,0,13,23,9,19,53
269940,4.0,15.0,4.0,9.0,3.0,3.0,0.30000000000000004,0.4,10.0,5,0,13,23,9,19,53
269940,4.0,15.0,4.0,9.0,3.0,3.0,0.30000000000000004,0.4,10.0,6,0,12,15,6,12,37
269940,4.0,15.0,4.0,9.0,3.0,3.0,0.30000000000000004,0.4,10.0,7,0,10,11,4,8,27
269940,4.0,15.0,4.0,9.0,3.0,3.0,0.30000000000000004,0.4,10.0,8,0,10,10,3,4,23
269940,4.0,15.0,4.0,9.0,3.0,3.0,0.30000000000000004,0.4,10.0,9,0,9,9,3,4,21
269940,4.0,15.0,4.0,9.0,3.0,3.0,0.30000000000000004,0.4,10.0,10,0,7,8,2,1,17
269940,4.0,15.0,4.0,9.0,3.0,3.0,0.30000000000000004,0.4,10.0,11,0,5,5,2,1,12
269940,4.0,15.0,4.0,9.0,3.0,3.0,0.30000000000000004,0.4,10.0,12,0,4,3,1,0,8
269940,4.0,15.0,4.0,9.0,3.0,3.0,0.30000000000000004,0.4,10.0,13,40.0,1,2,1,0,4
269940,4.0,15.0,4.0,9.0,3.0,3.0,0.30000000000000004,0.4,10.0,14,50.0,0,2,0,0,2
269940,4.0,15.0,4.0,9.0,3.0,3.0,0.30000000000000004,0.4,10.0,15,0,0,1,0,0,1