Exp Num,agent:svo_convergence_factor,agent:params:metabolism,agent:params:consumption_factor,agent:params:procreate_cost_factor,agent:params:procreate_req_factor,agent:params:start_energy_factor,agent:params:caught_chance,agent:params:caught_cooldown_factor,agent:params:maximum_age,Epoch,Resource,A,B,C,D,E
254053,4.0,15.0,2.0,1.0,3.0,2.0,0.30000000000000004,0.1,40.0,0,3440.0,21,36,17,36,90
254053,4.0,15.0,2.0,1.0,3.0,2.0,0.30000000000000004,0.1,40.0,1,2440.0,26,40,17,33,98
254053,4.0,15.0,2.0,1.0,3.0,2.0,0.30000000000000004,0.1,40.0,2,1160.0,28,38,16,36,97
254053,4.0,15.0,2.0,1.0,3.0,2.0,0.30000000000000004,0.1,40.0,3,0,24,39,14,35,92
254053,4.0,15.0,2.0,1.0,3.0,2.0,0.30000000000000004,0.1,40.0,4,0,15,30,13,23,68
254053,4.0,15.0,2.0,1.0,3.0,2.0,0.30000000000000004,0.1,40.0,5,0,6,17,10,14,37
254053,4.0,15.0,2.0,1.0,3.0,2.0,0.30000000000000004,0.1,40.0,6,0,2,11,6,4,22
254053,4.0,15.0,2.0,1.0,3.0,2.0,0.30000000000000004,0.1,40.0,7,0,2,5,4,1,12
254053,4.0,15.0,2.0,1.0,3.0,2.0,0.30000000000000004,0.1,40.0,8,0,1,3,1,1,6
254053,4.0,15.0,2.0,1.0,3.0,2.0,0.30000000000000004,0.1,40.0,9,0,0,2,1,1,3
254053,4.0,15.0,2.0,1.0,3.0,2.0,0.30000000000000004,0.1,40.0,10,0,0,2,0,0,2
254053,4.0,15.0,2.0,1.0,3.0,2.0,0.30000000000000004,0.1,40.0,11,0,0,1,0,0,1