Exp Num,agent:svo_convergence_factor,agent:params:metabolism,agent:params:consumption_factor,agent:params:procreate_cost_factor,agent:params:procreate_req_factor,agent:params:start_energy_factor,agent:params:caught_chance,agent:params:caught_cooldown_factor,agent:params:maximum_age,Epoch,Resource,A,B,C,D,E
246678,4.0,10.0,4.0,9.0,1.0,3.0,0.30000000000000004,0.1,40.0,0,3560.0,19,19,15,34,66
246678,4.0,10.0,4.0,9.0,1.0,3.0,0.30000000000000004,0.1,40.0,1,3690.0,21,20,16,34,70
246678,4.0,10.0,4.0,9.0,1.0,3.0,0.30000000000000004,0.1,40.0,2,2532.5,17,19,12,32,61
246678,4.0,10.0,4.0,9.0,1.0,3.0,0.30000000000000004,0.1,40.0,3,1925.625,16,19,13,33,61
246678,4.0,10.0,4.0,9.0,1.0,3.0,0.30000000000000004,0.1,40.0,4,1487.03125,18,22,14,33,67
246678,4.0,10.0,4.0,9.0,1.0,3.0,0.30000000000000004,0.1,40.0,5,978.7890625,19,27,13,33,72
246678,4.0,10.0,4.0,9.0,1.0,3.0,0.30000000000000004,0.1,40.0,6,0,18,30,11,27,70
246678,4.0,10.0,4.0,9.0,1.0,3.0,0.30000000000000004,0.1,40.0,7,0,17,29,8,24,62
246678,4.0,10.0,4.0,9.0,1.0,3.0,0.30000000000000004,0.1,40.0,8,0,14,29,8,23,59
246678,4.0,10.0,4.0,9.0,1.0,3.0,0.30000000000000004,0.1,40.0,9,0,11,26,6,21,51
246678,4.0,10.0,4.0,9.0,1.0,3.0,0.30000000000000004,0.1,40.0,10,0,8,24,4,12,40
246678,4.0,10.0,4.0,9.0,1.0,3.0,0.30000000000000004,0.1,40.0,11,0,6,21,4,9,32
246678,4.0,10.0,4.0,9.0,1.0,3.0,0.30000000000000004,0.1,40.0,12,0,5,20,4,6,29
246678,4.0,10.0,4.0,9.0,1.0,3.0,0.30000000000000004,0.1,40.0,13,0,5,19,4,4,28
246678,4.0,10.0,4.0,9.0,1.0,3.0,0.30000000000000004,0.1,40.0,14,0,4,18,2,2,24
246678,4.0,10.0,4.0,9.0,1.0,3.0,0.30000000000000004,0.1,40.0,15,0,4,14,1,1,19
246678,4.0,10.0,4.0,9.0,1.0,3.0,0.30000000000000004,0.1,40.0,16,0,2,10,0,1,12
246678,4.0,10.0,4.0,9.0,1.0,3.0,0.30000000000000004,0.1,40.0,17,0,1,9,0,1,10
246678,4.0,10.0,4.0,9.0,1.0,3.0,0.30000000000000004,0.1,40.0,18,0,1,5,0,1,6
246678,4.0,10.0,4.0,9.0,1.0,3.0,0.30000000000000004,0.1,40.0,19,0,1,3,0,1,4
246678,4.0,10.0,4.0,9.0,1.0,3.0,0.30000000000000004,0.1,40.0,20,0,1,2,0,1,3
246678,4.0,10.0,4.0,9.0,1.0,3.0,0.30000000000000004,0.1,40.0,21,0,1,2,0,0,3
246678,4.0,10.0,4.0,9.0,1.0,3.0,0.30000000000000004,0.1,40.0,22,0,1,2,0,0,3
246678,4.0,10.0,4.0,9.0,1.0,3.0,0.30000000000000004,0.1,40.0,23,0,0,1,0,0,1