Exp Num,agent:svo_convergence_factor,agent:params:metabolism,agent:params:consumption_factor,agent:params:procreate_cost_factor,agent:params:procreate_req_factor,agent:params:start_energy_factor,agent:params:caught_chance,agent:params:caught_cooldown_factor,agent:params:maximum_age,Epoch,Resource,A,B,C,D,E
221964,4.0,5.0,4.0,5.0,1.0,3.0,0.4,0.30000000000000004,50.0,0,3700.0,23,28,15,38,94
221964,4.0,5.0,4.0,5.0,1.0,3.0,0.4,0.30000000000000004,50.0,1,3065.0,27,32,17,45,105
221964,4.0,5.0,4.0,5.0,1.0,3.0,0.4,0.30000000000000004,50.0,2,2871.25,34,33,18,47,114
221964,4.0,5.0,4.0,5.0,1.0,3.0,0.4,0.30000000000000004,50.0,3,2829.0625,41,37,27,51,137
221964,4.0,5.0,4.0,5.0,1.0,3.0,0.4,0.30000000000000004,50.0,4,2516.328125,44,40,32,54,150
221964,4.0,5.0,4.0,5.0,1.0,3.0,0.4,0.30000000000000004,50.0,5,1705.41015625,47,39,37,51,157
221964,4.0,5.0,4.0,5.0,1.0,3.0,0.4,0.30000000000000004,50.0,6,731.7626953125,47,45,44,51,171
221964,4.0,5.0,4.0,5.0,1.0,3.0,0.4,0.30000000000000004,50.0,7,0,54,45,49,51,186
221964,4.0,5.0,4.0,5.0,1.0,3.0,0.4,0.30000000000000004,50.0,8,0,54,42,42,40,173
221964,4.0,5.0,4.0,5.0,1.0,3.0,0.4,0.30000000000000004,50.0,9,0,49,40,34,31,149
221964,4.0,5.0,4.0,5.0,1.0,3.0,0.4,0.30000000000000004,50.0,10,0,42,37,31,20,125
221964,4.0,5.0,4.0,5.0,1.0,3.0,0.4,0.30000000000000004,50.0,11,0,33,32,26,15,99
221964,4.0,5.0,4.0,5.0,1.0,3.0,0.4,0.30000000000000004,50.0,12,0,28,25,19,11,76
221964,4.0,5.0,4.0,5.0,1.0,3.0,0.4,0.30000000000000004,50.0,13,0,22,21,12,7,57
221964,4.0,5.0,4.0,5.0,1.0,3.0,0.4,0.30000000000000004,50.0,14,0,15,14,10,6,39
221964,4.0,5.0,4.0,5.0,1.0,3.0,0.4,0.30000000000000004,50.0,15,0,10,9,8,3,27
221964,4.0,5.0,4.0,5.0,1.0,3.0,0.4,0.30000000000000004,50.0,16,0,6,6,5,2,17
221964,4.0,5.0,4.0,5.0,1.0,3.0,0.4,0.30000000000000004,50.0,17,0,6,3,1,1,10
221964,4.0,5.0,4.0,5.0,1.0,3.0,0.4,0.30000000000000004,50.0,18,100,3,1,1,1,5
221964,4.0,5.0,4.0,5.0,1.0,3.0,0.4,0.30000000000000004,50.0,19,125.0,2,1,1,0,4
221964,4.0,5.0,4.0,5.0,1.0,3.0,0.4,0.30000000000000004,50.0,20,156.25,1,1,1,0,3
221964,4.0,5.0,4.0,5.0,1.0,3.0,0.4,0.30000000000000004,50.0,21,195.3125,1,1,1,0,3
221964,4.0,5.0,4.0,5.0,1.0,3.0,0.4,0.30000000000000004,50.0,22,244.140625,1,0,1,0,2
221964,4.0,5.0,4.0,5.0,1.0,3.0,0.4,0.30000000000000004,50.0,23,305.17578125,1,0,0,0,1