Exp Num,agent:svo_convergence_factor,agent:params:metabolism,agent:params:consumption_factor,agent:params:procreate_cost_factor,agent:params:procreate_req_factor,agent:params:start_energy_factor,agent:params:caught_chance,agent:params:caught_cooldown_factor,agent:params:maximum_age,Epoch,Resource,A,B,C,D,E
200714,3.0,15.0,4.0,7.0,2.0,1.0,0.4,0.30000000000000004,50.0,0,0,14,26,10,27,64
200714,3.0,15.0,4.0,7.0,2.0,1.0,0.4,0.30000000000000004,50.0,1,0,13,24,9,25,58
200714,3.0,15.0,4.0,7.0,2.0,1.0,0.4,0.30000000000000004,50.0,2,0,13,24,9,25,58
200714,3.0,15.0,4.0,7.0,2.0,1.0,0.4,0.30000000000000004,50.0,3,0,13,24,9,25,58
200714,3.0,15.0,4.0,7.0,2.0,1.0,0.4,0.30000000000000004,50.0,4,0,3,14,4,15,28
200714,3.0,15.0,4.0,7.0,2.0,1.0,0.4,0.30000000000000004,50.0,5,0,1,7,2,6,17
200714,3.0,15.0,4.0,7.0,2.0,1.0,0.4,0.30000000000000004,50.0,6,0,1,4,1,4,7
200714,3.0,15.0,4.0,7.0,2.0,1.0,0.4,0.30000000000000004,50.0,7,0,0,2,1,2,4
200714,3.0,15.0,4.0,7.0,2.0,1.0,0.4,0.30000000000000004,50.0,8,0,0,0,1,1,2
200714,3.0,15.0,4.0,7.0,2.0,1.0,0.4,0.30000000000000004,50.0,9,0,0,0,0,0,1