Exp Num,agent:svo_convergence_factor,agent:params:metabolism,agent:params:consumption_factor,agent:params:procreate_cost_factor,agent:params:procreate_req_factor,agent:params:start_energy_factor,agent:params:caught_chance,agent:params:caught_cooldown_factor,agent:params:maximum_age,Epoch,Resource,A,B,C,D,E
253691,4.0,15.0,2.0,1.0,2.0,2.0,0.30000000000000004,0.4,20.0,0,4280.0,19,25,16,30,82
253691,4.0,15.0,2.0,1.0,2.0,2.0,0.30000000000000004,0.4,20.0,1,3610.0,22,21,20,38,87
253691,4.0,15.0,2.0,1.0,2.0,2.0,0.30000000000000004,0.4,20.0,2,1992.5,21,29,26,51,109
253691,4.0,15.0,2.0,1.0,2.0,2.0,0.30000000000000004,0.4,20.0,3,0,17,32,38,53,126
253691,4.0,15.0,2.0,1.0,2.0,2.0,0.30000000000000004,0.4,20.0,4,0,11,25,25,32,82
253691,4.0,15.0,2.0,1.0,2.0,2.0,0.30000000000000004,0.4,20.0,5,0,9,18,7,15,46
253691,4.0,15.0,2.0,1.0,2.0,2.0,0.30000000000000004,0.4,20.0,6,0,6,7,5,11,23
253691,4.0,15.0,2.0,1.0,2.0,2.0,0.30000000000000004,0.4,20.0,7,0,3,5,2,6,12
253691,4.0,15.0,2.0,1.0,2.0,2.0,0.30000000000000004,0.4,20.0,8,0,2,2,1,4,5
253691,4.0,15.0,2.0,1.0,2.0,2.0,0.30000000000000004,0.4,20.0,9,0,1,1,0,2,2
253691,4.0,15.0,2.0,1.0,2.0,2.0,0.30000000000000004,0.4,20.0,10,0,0,1,0,1,1
253691,4.0,15.0,2.0,1.0,2.0,2.0,0.30000000000000004,0.4,20.0,11,0,0,0,0,1,0