Exp Num,agent:svo_convergence_factor,agent:params:metabolism,agent:params:consumption_factor,agent:params:procreate_cost_factor,agent:params:procreate_req_factor,agent:params:start_energy_factor,agent:params:caught_chance,agent:params:caught_cooldown_factor,agent:params:maximum_age,Epoch,Resource,A,B,C,D,E
250462,4.0,15.0,1.0,5.0,2.0,3.0,0.4,0.30000000000000004,30.0,0,3500.0,13,25,18,31,69
250462,4.0,15.0,1.0,5.0,2.0,3.0,0.4,0.30000000000000004,30.0,1,2935.0,13,25,18,31,69
250462,4.0,15.0,1.0,5.0,2.0,3.0,0.4,0.30000000000000004,30.0,2,2693.75,13,25,18,31,69
250462,4.0,15.0,1.0,5.0,2.0,3.0,0.4,0.30000000000000004,30.0,3,2722.1875,13,25,18,30,69
250462,4.0,15.0,1.0,5.0,2.0,3.0,0.4,0.30000000000000004,30.0,4,2712.734375,11,20,17,29,61
250462,4.0,15.0,1.0,5.0,2.0,3.0,0.4,0.30000000000000004,30.0,5,2550.91796875,9,16,13,24,51
250462,4.0,15.0,1.0,5.0,2.0,3.0,0.4,0.30000000000000004,30.0,6,2333.6474609375,9,15,13,22,50
250462,4.0,15.0,1.0,5.0,2.0,3.0,0.4,0.30000000000000004,30.0,7,2107.059326171875,7,11,13,21,44
250462,4.0,15.0,1.0,5.0,2.0,3.0,0.4,0.30000000000000004,30.0,8,1778.8241577148438,5,10,13,21,41
250462,4.0,15.0,1.0,5.0,2.0,3.0,0.4,0.30000000000000004,30.0,9,1488.5301971435547,5,10,13,21,41
250462,4.0,15.0,1.0,5.0,2.0,3.0,0.4,0.30000000000000004,30.0,10,1335.6627464294434,5,9,12,21,39
250462,4.0,15.0,1.0,5.0,2.0,3.0,0.4,0.30000000000000004,30.0,11,1114.5784330368042,2,8,10,21,32
250462,4.0,15.0,1.0,5.0,2.0,3.0,0.4,0.30000000000000004,30.0,12,868.2230412960052,0,6,8,19,26
250462,4.0,15.0,1.0,5.0,2.0,3.0,0.4,0.30000000000000004,30.0,13,440.27880162000656,0,6,8,18,26
250462,4.0,15.0,1.0,5.0,2.0,3.0,0.4,0.30000000000000004,30.0,14,0,0,6,7,15,25
250462,4.0,15.0,1.0,5.0,2.0,3.0,0.4,0.30000000000000004,30.0,15,0,0,5,2,6,14
250462,4.0,15.0,1.0,5.0,2.0,3.0,0.4,0.30000000000000004,30.0,16,0,0,2,0,4,6
250462,4.0,15.0,1.0,5.0,2.0,3.0,0.4,0.30000000000000004,30.0,17,0,0,0,0,2,3
250462,4.0,15.0,1.0,5.0,2.0,3.0,0.4,0.30000000000000004,30.0,18,0,0,0,0,1,1
250462,4.0,15.0,1.0,5.0,2.0,3.0,0.4,0.30000000000000004,30.0,19,0,0,0,0,0,1