Exp Num,agent:svo_convergence_factor,agent:params:metabolism,agent:params:consumption_factor,agent:params:procreate_cost_factor,agent:params:procreate_req_factor,agent:params:start_energy_factor,agent:params:caught_chance,agent:params:caught_cooldown_factor,agent:params:maximum_age,Epoch,Resource,A,B,C,D,E
250786,4.0,15.0,1.0,5.0,3.0,3.0,0.2,0.30000000000000004,20.0,0,3500.0,16,22,11,33,67
250786,4.0,15.0,1.0,5.0,3.0,3.0,0.2,0.30000000000000004,20.0,1,2920.0,16,22,11,33,67
250786,4.0,15.0,1.0,5.0,3.0,3.0,0.2,0.30000000000000004,20.0,2,2675.0,16,22,11,33,67
250786,4.0,15.0,1.0,5.0,3.0,3.0,0.2,0.30000000000000004,20.0,3,2743.75,16,22,11,33,67
250786,4.0,15.0,1.0,5.0,3.0,3.0,0.2,0.30000000000000004,20.0,4,2784.6875,12,19,11,30,59
250786,4.0,15.0,1.0,5.0,3.0,3.0,0.2,0.30000000000000004,20.0,5,2490.859375,11,17,9,29,54
250786,4.0,15.0,1.0,5.0,3.0,3.0,0.2,0.30000000000000004,20.0,6,2228.57421875,10,14,9,28,50
250786,4.0,15.0,1.0,5.0,3.0,3.0,0.2,0.30000000000000004,20.0,7,1930.7177734375,8,13,9,27,47
250786,4.0,15.0,1.0,5.0,3.0,3.0,0.2,0.30000000000000004,20.0,8,1588.397216796875,7,13,9,25,46
250786,4.0,15.0,1.0,5.0,3.0,3.0,0.2,0.30000000000000004,20.0,9,1130.4965209960938,6,10,9,25,42
250786,4.0,15.0,1.0,5.0,3.0,3.0,0.2,0.30000000000000004,20.0,10,468.1206512451172,6,10,9,25,42
250786,4.0,15.0,1.0,5.0,3.0,3.0,0.2,0.30000000000000004,20.0,11,0,5,8,9,20,34
250786,4.0,15.0,1.0,5.0,3.0,3.0,0.2,0.30000000000000004,20.0,12,0,3,4,5,11,16
250786,4.0,15.0,1.0,5.0,3.0,3.0,0.2,0.30000000000000004,20.0,13,0,3,2,2,5,9
250786,4.0,15.0,1.0,5.0,3.0,3.0,0.2,0.30000000000000004,20.0,14,0,2,2,0,2,5
250786,4.0,15.0,1.0,5.0,3.0,3.0,0.2,0.30000000000000004,20.0,15,0,2,0,0,1,2
250786,4.0,15.0,1.0,5.0,3.0,3.0,0.2,0.30000000000000004,20.0,16,0,1,0,0,0,1