Exp Num,agent:svo_convergence_factor,agent:params:metabolism,agent:params:consumption_factor,agent:params:procreate_cost_factor,agent:params:procreate_req_factor,agent:params:start_energy_factor,agent:params:caught_chance,agent:params:caught_cooldown_factor,agent:params:maximum_age,Epoch,Resource,A,B,C,D,E
225558,4.0,10.0,1.0,1.0,2.0,2.0,0.30000000000000004,0.2,40.0,0,4000.0,35,32,14,43,107
225558,4.0,10.0,1.0,1.0,2.0,2.0,0.30000000000000004,0.2,40.0,1,3500.0,44,37,18,47,128
225558,4.0,10.0,1.0,1.0,2.0,2.0,0.30000000000000004,0.2,40.0,2,2715.0,47,38,20,48,135
225558,4.0,10.0,1.0,1.0,2.0,2.0,0.30000000000000004,0.2,40.0,3,1713.75,45,38,19,47,132
225558,4.0,10.0,1.0,1.0,2.0,2.0,0.30000000000000004,0.2,40.0,4,452.1875,43,37,17,47,127
225558,4.0,10.0,1.0,1.0,2.0,2.0,0.30000000000000004,0.2,40.0,5,0,28,26,12,34,81
225558,4.0,10.0,1.0,1.0,2.0,2.0,0.30000000000000004,0.2,40.0,6,0,13,19,4,13,44
225558,4.0,10.0,1.0,1.0,2.0,2.0,0.30000000000000004,0.2,40.0,7,0,8,10,2,3,25
225558,4.0,10.0,1.0,1.0,2.0,2.0,0.30000000000000004,0.2,40.0,8,0,4,3,2,3,11
225558,4.0,10.0,1.0,1.0,2.0,2.0,0.30000000000000004,0.2,40.0,9,0,2,3,0,1,6
225558,4.0,10.0,1.0,1.0,2.0,2.0,0.30000000000000004,0.2,40.0,10,0,2,1,0,0,3
225558,4.0,10.0,1.0,1.0,2.0,2.0,0.30000000000000004,0.2,40.0,11,0,1,0,0,0,1