Exp Num,agent:svo_convergence_factor,agent:params:metabolism,agent:params:consumption_factor,agent:params:procreate_cost_factor,agent:params:procreate_req_factor,agent:params:start_energy_factor,agent:params:caught_chance,agent:params:caught_cooldown_factor,agent:params:maximum_age,Epoch,Resource,A,B,C,D,E
268196,4.0,15.0,4.0,7.0,2.0,1.0,0.30000000000000004,0.5,20.0,0,0,16,26,6,18,73
268196,4.0,15.0,4.0,7.0,2.0,1.0,0.30000000000000004,0.5,20.0,1,0,13,25,6,18,66
268196,4.0,15.0,4.0,7.0,2.0,1.0,0.30000000000000004,0.5,20.0,2,0,13,25,5,18,65
268196,4.0,15.0,4.0,7.0,2.0,1.0,0.30000000000000004,0.5,20.0,3,0,13,25,5,18,65
268196,4.0,15.0,4.0,7.0,2.0,1.0,0.30000000000000004,0.5,20.0,4,0,6,12,2,13,30
268196,4.0,15.0,4.0,7.0,2.0,1.0,0.30000000000000004,0.5,20.0,5,0,3,6,1,6,17
268196,4.0,15.0,4.0,7.0,2.0,1.0,0.30000000000000004,0.5,20.0,6,0,1,5,1,2,9
268196,4.0,15.0,4.0,7.0,2.0,1.0,0.30000000000000004,0.5,20.0,7,0,1,2,0,1,4
268196,4.0,15.0,4.0,7.0,2.0,1.0,0.30000000000000004,0.5,20.0,8,0,1,2,0,0,3
268196,4.0,15.0,4.0,7.0,2.0,1.0,0.30000000000000004,0.5,20.0,9,0,0,1,0,0,1