Exp Num,agent:svo_convergence_factor,agent:params:metabolism,agent:params:consumption_factor,agent:params:procreate_cost_factor,agent:params:procreate_req_factor,agent:params:start_energy_factor,agent:params:caught_chance,agent:params:caught_cooldown_factor,agent:params:maximum_age,Epoch,Resource,A,B,C,D,E
264234,4.0,15.0,3.0,9.0,3.0,2.0,0.5,0.2,50.0,0,4010.0,10,27,18,32,68
264234,4.0,15.0,3.0,9.0,3.0,2.0,0.5,0.2,50.0,1,2447.5,9,22,13,28,56
264234,4.0,15.0,3.0,9.0,3.0,2.0,0.5,0.2,50.0,2,1979.375,9,21,11,27,53
264234,4.0,15.0,3.0,9.0,3.0,2.0,0.5,0.2,50.0,3,1799.21875,9,21,11,27,53
264234,4.0,15.0,3.0,9.0,3.0,2.0,0.5,0.2,50.0,4,1574.0234375,8,14,9,21,42
264234,4.0,15.0,3.0,9.0,3.0,2.0,0.5,0.2,50.0,5,1202.529296875,6,12,8,20,36
264234,4.0,15.0,3.0,9.0,3.0,2.0,0.5,0.2,50.0,6,1143.16162109375,6,12,8,20,36
264234,4.0,15.0,3.0,9.0,3.0,2.0,0.5,0.2,50.0,7,1023.9520263671875,5,9,6,18,30
264234,4.0,15.0,3.0,9.0,3.0,2.0,0.5,0.2,50.0,8,739.9400329589844,2,7,5,16,24
264234,4.0,15.0,3.0,9.0,3.0,2.0,0.5,0.2,50.0,9,699.9250411987305,1,5,4,16,20
264234,4.0,15.0,3.0,9.0,3.0,2.0,0.5,0.2,50.0,10,424.9063014984131,1,4,4,15,19
264234,4.0,15.0,3.0,9.0,3.0,2.0,0.5,0.2,50.0,11,126.13287687301636,1,3,4,12,18
264234,4.0,15.0,3.0,9.0,3.0,2.0,0.5,0.2,50.0,12,22.666096091270447,1,3,3,11,17
264234,4.0,15.0,3.0,9.0,3.0,2.0,0.5,0.2,50.0,13,0,1,3,1,7,14
264234,4.0,15.0,3.0,9.0,3.0,2.0,0.5,0.2,50.0,14,0,1,2,1,5,9
264234,4.0,15.0,3.0,9.0,3.0,2.0,0.5,0.2,50.0,15,0,1,2,0,4,6
264234,4.0,15.0,3.0,9.0,3.0,2.0,0.5,0.2,50.0,16,0,1,2,0,2,5
264234,4.0,15.0,3.0,9.0,3.0,2.0,0.5,0.2,50.0,17,0,1,2,0,1,4
264234,4.0,15.0,3.0,9.0,3.0,2.0,0.5,0.2,50.0,18,0,1,2,0,1,3
264234,4.0,15.0,3.0,9.0,3.0,2.0,0.5,0.2,50.0,19,0,1,2,0,0,3
264234,4.0,15.0,3.0,9.0,3.0,2.0,0.5,0.2,50.0,20,0,1,1,0,0,2
264234,4.0,15.0,3.0,9.0,3.0,2.0,0.5,0.2,50.0,21,0,1,1,0,0,2
264234,4.0,15.0,3.0,9.0,3.0,2.0,0.5,0.2,50.0,22,0,1,1,0,0,2
264234,4.0,15.0,3.0,9.0,3.0,2.0,0.5,0.2,50.0,23,0,1,1,0,0,2
264234,4.0,15.0,3.0,9.0,3.0,2.0,0.5,0.2,50.0,24,55.0,1,1,0,0,2
264234,4.0,15.0,3.0,9.0,3.0,2.0,0.5,0.2,50.0,25,23.75,1,1,0,0,2
264234,4.0,15.0,3.0,9.0,3.0,2.0,0.5,0.2,50.0,26,0,1,1,0,0,2
264234,4.0,15.0,3.0,9.0,3.0,2.0,0.5,0.2,50.0,27,0,1,1,0,0,2
264234,4.0,15.0,3.0,9.0,3.0,2.0,0.5,0.2,50.0,28,0,1,1,0,0,2
264234,4.0,15.0,3.0,9.0,3.0,2.0,0.5,0.2,50.0,29,0,1,0,0,0,1