Exp Num,agent:svo_convergence_factor,agent:params:metabolism,agent:params:consumption_factor,agent:params:procreate_cost_factor,agent:params:procreate_req_factor,agent:params:start_energy_factor,agent:params:caught_chance,agent:params:caught_cooldown_factor,agent:params:maximum_age,Epoch,Resource,A,B,C,D,E
239298,4.0,10.0,3.0,5.0,3.0,1.0,0.2,0.5,40.0,0,2000.0,20,23,7,29,71
239298,4.0,10.0,3.0,5.0,3.0,1.0,0.2,0.5,40.0,1,1420.0,20,23,7,29,71
239298,4.0,10.0,3.0,5.0,3.0,1.0,0.2,0.5,40.0,2,845.0,20,23,7,29,71
239298,4.0,10.0,3.0,5.0,3.0,1.0,0.2,0.5,40.0,3,0,15,18,6,22,57
239298,4.0,10.0,3.0,5.0,3.0,1.0,0.2,0.5,40.0,4,0,15,16,6,21,49
239298,4.0,10.0,3.0,5.0,3.0,1.0,0.2,0.5,40.0,5,0,15,16,6,21,48
239298,4.0,10.0,3.0,5.0,3.0,1.0,0.2,0.5,40.0,6,0,14,15,2,13,36
239298,4.0,10.0,3.0,5.0,3.0,1.0,0.2,0.5,40.0,7,0,13,11,2,9,26
239298,4.0,10.0,3.0,5.0,3.0,1.0,0.2,0.5,40.0,8,0,13,10,2,5,25
239298,4.0,10.0,3.0,5.0,3.0,1.0,0.2,0.5,40.0,9,0,10,8,2,2,20
239298,4.0,10.0,3.0,5.0,3.0,1.0,0.2,0.5,40.0,10,0,9,6,1,1,16
239298,4.0,10.0,3.0,5.0,3.0,1.0,0.2,0.5,40.0,11,0,7,4,0,1,11
239298,4.0,10.0,3.0,5.0,3.0,1.0,0.2,0.5,40.0,12,0,4,3,0,1,7
239298,4.0,10.0,3.0,5.0,3.0,1.0,0.2,0.5,40.0,13,0,2,2,0,1,4
239298,4.0,10.0,3.0,5.0,3.0,1.0,0.2,0.5,40.0,14,70.0,0,2,0,1,2
239298,4.0,10.0,3.0,5.0,3.0,1.0,0.2,0.5,40.0,15,57.5,0,1,0,1,1
239298,4.0,10.0,3.0,5.0,3.0,1.0,0.2,0.5,40.0,16,71.875,0,1,0,1,1
239298,4.0,10.0,3.0,5.0,3.0,1.0,0.2,0.5,40.0,17,59.84375,0,1,0,1,1
239298,4.0,10.0,3.0,5.0,3.0,1.0,0.2,0.5,40.0,18,74.8046875,0,1,0,1,1
239298,4.0,10.0,3.0,5.0,3.0,1.0,0.2,0.5,40.0,19,93.505859375,0,1,0,1,1
239298,4.0,10.0,3.0,5.0,3.0,1.0,0.2,0.5,40.0,20,116.88232421875,0,0,0,1,0