Exp Num,agent:svo_convergence_factor,agent:params:metabolism,agent:params:consumption_factor,agent:params:procreate_cost_factor,agent:params:procreate_req_factor,agent:params:start_energy_factor,agent:params:caught_chance,agent:params:caught_cooldown_factor,agent:params:maximum_age,Epoch,Resource,A,B,C,D,E
29791,1.0,10.0,2.0,3.0,2.0,2.0,0.2,0.4,20.0,0,3660.0,16,29,14,29,71
29791,1.0,10.0,2.0,3.0,2.0,2.0,0.2,0.4,20.0,1,3255.0,16,25,13,29,66
29791,1.0,10.0,2.0,3.0,2.0,2.0,0.2,0.4,20.0,2,3228.75,16,24,13,29,65
29791,1.0,10.0,2.0,3.0,2.0,2.0,0.2,0.4,20.0,3,2975.9375,19,26,13,27,70
29791,1.0,10.0,2.0,3.0,2.0,2.0,0.2,0.4,20.0,4,3039.921875,22,24,13,27,71
29791,1.0,10.0,2.0,3.0,2.0,2.0,0.2,0.4,20.0,5,2699.90234375,23,23,11,25,69
29791,1.0,10.0,2.0,3.0,2.0,2.0,0.2,0.4,20.0,6,2774.8779296875,21,24,10,25,67
29791,1.0,10.0,2.0,3.0,2.0,2.0,0.2,0.4,20.0,7,2368.597412109375,24,24,7,24,67
29791,1.0,10.0,2.0,3.0,2.0,2.0,0.2,0.4,20.0,8,2240.7467651367188,25,25,6,24,68
29791,1.0,10.0,2.0,3.0,2.0,2.0,0.2,0.4,20.0,9,1840.9334564208984,25,26,6,23,69
29791,1.0,10.0,2.0,3.0,2.0,2.0,0.2,0.4,20.0,10,1581.166820526123,24,27,5,23,68
29791,1.0,10.0,2.0,3.0,2.0,2.0,0.2,0.4,20.0,11,1176.4585256576538,21,28,5,20,66
29791,1.0,10.0,2.0,3.0,2.0,2.0,0.2,0.4,20.0,12,810.5731570720673,21,27,5,18,65
29791,1.0,10.0,2.0,3.0,2.0,2.0,0.2,0.4,20.0,13,273.2164463400841,23,25,5,18,64
29791,1.0,10.0,2.0,3.0,2.0,2.0,0.2,0.4,20.0,14,0,22,22,5,15,57
29791,1.0,10.0,2.0,3.0,2.0,2.0,0.2,0.4,20.0,15,0,21,19,3,5,47
29791,1.0,10.0,2.0,3.0,2.0,2.0,0.2,0.4,20.0,16,0,19,18,3,2,41
29791,1.0,10.0,2.0,3.0,2.0,2.0,0.2,0.4,20.0,17,0,11,14,2,2,27
29791,1.0,10.0,2.0,3.0,2.0,2.0,0.2,0.4,20.0,18,0,9,10,1,1,20
29791,1.0,10.0,2.0,3.0,2.0,2.0,0.2,0.4,20.0,19,0,8,8,0,0,16
29791,1.0,10.0,2.0,3.0,2.0,2.0,0.2,0.4,20.0,20,0,6,3,0,0,9
29791,1.0,10.0,2.0,3.0,2.0,2.0,0.2,0.4,20.0,21,0,3,2,0,0,5
29791,1.0,10.0,2.0,3.0,2.0,2.0,0.2,0.4,20.0,22,0,3,0,0,0,3
29791,1.0,10.0,2.0,3.0,2.0,2.0,0.2,0.4,20.0,23,0,1,0,0,0,1