Exp Num,agent:svo_convergence_factor,agent:params:metabolism,agent:params:consumption_factor,agent:params:procreate_cost_factor,agent:params:procreate_req_factor,agent:params:start_energy_factor,agent:params:caught_chance,agent:params:caught_cooldown_factor,agent:params:maximum_age,Epoch,Resource,A,B,C,D,E
262425,4.0,15.0,3.0,7.0,1.0,3.0,0.30000000000000004,0.1,10.0,0,3650.0,13,25,9,38,62
262425,4.0,15.0,3.0,7.0,1.0,3.0,0.30000000000000004,0.1,10.0,1,3257.5,14,30,11,38,70
262425,4.0,15.0,3.0,7.0,1.0,3.0,0.30000000000000004,0.1,10.0,2,786.875,15,28,12,33,70
262425,4.0,15.0,3.0,7.0,1.0,3.0,0.30000000000000004,0.1,10.0,3,0,18,29,11,31,73
262425,4.0,15.0,3.0,7.0,1.0,3.0,0.30000000000000004,0.1,10.0,4,0,12,28,10,30,65
262425,4.0,15.0,3.0,7.0,1.0,3.0,0.30000000000000004,0.1,10.0,5,0,10,25,6,15,50
262425,4.0,15.0,3.0,7.0,1.0,3.0,0.30000000000000004,0.1,10.0,6,0,9,18,5,10,39
262425,4.0,15.0,3.0,7.0,1.0,3.0,0.30000000000000004,0.1,10.0,7,0,9,15,3,7,28
262425,4.0,15.0,3.0,7.0,1.0,3.0,0.30000000000000004,0.1,10.0,8,0,8,14,3,6,26
262425,4.0,15.0,3.0,7.0,1.0,3.0,0.30000000000000004,0.1,10.0,9,0,5,12,2,3,19
262425,4.0,15.0,3.0,7.0,1.0,3.0,0.30000000000000004,0.1,10.0,10,0,4,8,2,2,14
262425,4.0,15.0,3.0,7.0,1.0,3.0,0.30000000000000004,0.1,10.0,11,0,3,7,1,1,11
262425,4.0,15.0,3.0,7.0,1.0,3.0,0.30000000000000004,0.1,10.0,12,0,0,8,0,1,8
262425,4.0,15.0,3.0,7.0,1.0,3.0,0.30000000000000004,0.1,10.0,13,0,0,6,0,0,6
262425,4.0,15.0,3.0,7.0,1.0,3.0,0.30000000000000004,0.1,10.0,14,0,0,6,0,0,6
262425,4.0,15.0,3.0,7.0,1.0,3.0,0.30000000000000004,0.1,10.0,15,0,0,6,0,0,6
262425,4.0,15.0,3.0,7.0,1.0,3.0,0.30000000000000004,0.1,10.0,16,0,0,4,0,0,4
262425,4.0,15.0,3.0,7.0,1.0,3.0,0.30000000000000004,0.1,10.0,17,0,0,3,0,0,3
262425,4.0,15.0,3.0,7.0,1.0,3.0,0.30000000000000004,0.1,10.0,18,0,0,2,0,0,2
262425,4.0,15.0,3.0,7.0,1.0,3.0,0.30000000000000004,0.1,10.0,19,0,0,1,0,0,1