Exp Num,agent:svo_convergence_factor,agent:params:metabolism,agent:params:consumption_factor,agent:params:procreate_cost_factor,agent:params:procreate_req_factor,agent:params:start_energy_factor,agent:params:caught_chance,agent:params:caught_cooldown_factor,agent:params:maximum_age,Epoch,Resource,A,B,C,D,E
221954,4.0,5.0,4.0,5.0,1.0,3.0,0.4,0.1,50.0,0,3640.0,21,30,28,38,96
221954,4.0,5.0,4.0,5.0,1.0,3.0,0.4,0.1,50.0,1,2890.0,26,33,36,41,113
221954,4.0,5.0,4.0,5.0,1.0,3.0,0.4,0.1,50.0,2,2572.5,31,33,45,41,129
221954,4.0,5.0,4.0,5.0,1.0,3.0,0.4,0.1,50.0,3,2275.625,40,45,54,43,160
221954,4.0,5.0,4.0,5.0,1.0,3.0,0.4,0.1,50.0,4,1444.53125,43,54,59,44,177
221954,4.0,5.0,4.0,5.0,1.0,3.0,0.4,0.1,50.0,5,665.6640625,39,58,57,42,175
221954,4.0,5.0,4.0,5.0,1.0,3.0,0.4,0.1,50.0,6,0,42,69,58,39,190
221954,4.0,5.0,4.0,5.0,1.0,3.0,0.4,0.1,50.0,7,0,32,61,51,31,165
221954,4.0,5.0,4.0,5.0,1.0,3.0,0.4,0.1,50.0,8,0,28,53,39,29,140
221954,4.0,5.0,4.0,5.0,1.0,3.0,0.4,0.1,50.0,9,0,24,48,32,20,122
221954,4.0,5.0,4.0,5.0,1.0,3.0,0.4,0.1,50.0,10,0,19,41,26,9,97
221954,4.0,5.0,4.0,5.0,1.0,3.0,0.4,0.1,50.0,11,0,15,31,20,9,71
221954,4.0,5.0,4.0,5.0,1.0,3.0,0.4,0.1,50.0,12,0,13,25,17,5,57
221954,4.0,5.0,4.0,5.0,1.0,3.0,0.4,0.1,50.0,13,0,8,21,11,4,42
221954,4.0,5.0,4.0,5.0,1.0,3.0,0.4,0.1,50.0,14,0,5,17,8,3,30
221954,4.0,5.0,4.0,5.0,1.0,3.0,0.4,0.1,50.0,15,0,2,11,5,2,18
221954,4.0,5.0,4.0,5.0,1.0,3.0,0.4,0.1,50.0,16,0,2,9,2,1,13
221954,4.0,5.0,4.0,5.0,1.0,3.0,0.4,0.1,50.0,17,60.0,1,7,1,1,9
221954,4.0,5.0,4.0,5.0,1.0,3.0,0.4,0.1,50.0,18,15.0,2,5,1,1,8
221954,4.0,5.0,4.0,5.0,1.0,3.0,0.4,0.1,50.0,19,0,2,5,0,1,7
221954,4.0,5.0,4.0,5.0,1.0,3.0,0.4,0.1,50.0,20,0,2,3,0,1,5
221954,4.0,5.0,4.0,5.0,1.0,3.0,0.4,0.1,50.0,21,0,2,2,0,1,4
221954,4.0,5.0,4.0,5.0,1.0,3.0,0.4,0.1,50.0,22,0,2,0,0,1,2
221954,4.0,5.0,4.0,5.0,1.0,3.0,0.4,0.1,50.0,23,0,2,0,0,0,2
221954,4.0,5.0,4.0,5.0,1.0,3.0,0.4,0.1,50.0,24,0,1,0,0,0,1