Exp Num,agent:svo_convergence_factor,agent:params:metabolism,agent:params:consumption_factor,agent:params:procreate_cost_factor,agent:params:procreate_req_factor,agent:params:start_energy_factor,agent:params:caught_chance,agent:params:caught_cooldown_factor,agent:params:maximum_age,Epoch,Resource,A,B,C,D,E
220860,4.0,5.0,4.0,3.0,1.0,3.0,0.5,0.30000000000000004,10.0,0,3680.0,23,36,14,35,98
220860,4.0,5.0,4.0,3.0,1.0,3.0,0.5,0.30000000000000004,10.0,1,3820.0,34,41,20,40,121
220860,4.0,5.0,4.0,3.0,1.0,3.0,0.5,0.30000000000000004,10.0,2,3995.0,40,40,28,43,136
220860,4.0,5.0,4.0,3.0,1.0,3.0,0.5,0.30000000000000004,10.0,3,3773.75,45,36,36,47,153
220860,4.0,5.0,4.0,3.0,1.0,3.0,0.5,0.30000000000000004,10.0,4,2937.1875,53,39,46,59,185
220860,4.0,5.0,4.0,3.0,1.0,3.0,0.5,0.30000000000000004,10.0,5,1711.484375,56,43,63,86,219
220860,4.0,5.0,4.0,3.0,1.0,3.0,0.5,0.30000000000000004,10.0,6,0,59,46,80,106,257
220860,4.0,5.0,4.0,3.0,1.0,3.0,0.5,0.30000000000000004,10.0,7,0,59,35,74,83,219
220860,4.0,5.0,4.0,3.0,1.0,3.0,0.5,0.30000000000000004,10.0,8,0,53,28,61,72,184
220860,4.0,5.0,4.0,3.0,1.0,3.0,0.5,0.30000000000000004,10.0,9,0,37,27,45,49,141
220860,4.0,5.0,4.0,3.0,1.0,3.0,0.5,0.30000000000000004,10.0,10,0,26,17,36,36,105
220860,4.0,5.0,4.0,3.0,1.0,3.0,0.5,0.30000000000000004,10.0,11,0,17,13,28,21,79
220860,4.0,5.0,4.0,3.0,1.0,3.0,0.5,0.30000000000000004,10.0,12,0,9,10,19,17,52
220860,4.0,5.0,4.0,3.0,1.0,3.0,0.5,0.30000000000000004,10.0,13,0,5,7,15,10,36
220860,4.0,5.0,4.0,3.0,1.0,3.0,0.5,0.30000000000000004,10.0,14,0,4,4,10,4,27
220860,4.0,5.0,4.0,3.0,1.0,3.0,0.5,0.30000000000000004,10.0,15,0,2,4,5,3,17
220860,4.0,5.0,4.0,3.0,1.0,3.0,0.5,0.30000000000000004,10.0,16,0,2,2,3,2,12
220860,4.0,5.0,4.0,3.0,1.0,3.0,0.5,0.30000000000000004,10.0,17,0,2,3,3,2,12
220860,4.0,5.0,4.0,3.0,1.0,3.0,0.5,0.30000000000000004,10.0,18,0,1,2,4,2,8
220860,4.0,5.0,4.0,3.0,1.0,3.0,0.5,0.30000000000000004,10.0,19,0,1,2,3,2,6
220860,4.0,5.0,4.0,3.0,1.0,3.0,0.5,0.30000000000000004,10.0,20,0,0,3,2,1,5
220860,4.0,5.0,4.0,3.0,1.0,3.0,0.5,0.30000000000000004,10.0,21,0,0,3,2,1,5
220860,4.0,5.0,4.0,3.0,1.0,3.0,0.5,0.30000000000000004,10.0,22,0,0,2,1,0,3
220860,4.0,5.0,4.0,3.0,1.0,3.0,0.5,0.30000000000000004,10.0,23,0,0,1,1,0,2
220860,4.0,5.0,4.0,3.0,1.0,3.0,0.5,0.30000000000000004,10.0,24,0,0,1,0,0,1