Exp Num,agent:svo_convergence_factor,agent:params:metabolism,agent:params:consumption_factor,agent:params:procreate_cost_factor,agent:params:procreate_req_factor,agent:params:start_energy_factor,agent:params:caught_chance,agent:params:caught_cooldown_factor,agent:params:maximum_age,Epoch,Resource,A,B,C,D,E
251940,4.0,15.0,1.0,7.0,3.0,3.0,0.30000000000000004,0.4,10.0,0,3500.0,23,28,11,23,77
251940,4.0,15.0,1.0,7.0,3.0,3.0,0.30000000000000004,0.4,10.0,1,2905.0,23,28,11,23,77
251940,4.0,15.0,1.0,7.0,3.0,3.0,0.30000000000000004,0.4,10.0,2,2686.25,23,28,11,23,77
251940,4.0,15.0,1.0,7.0,3.0,3.0,0.30000000000000004,0.4,10.0,3,2727.8125,23,27,11,23,76
251940,4.0,15.0,1.0,7.0,3.0,3.0,0.30000000000000004,0.4,10.0,4,2794.765625,18,22,8,22,63
251940,4.0,15.0,1.0,7.0,3.0,3.0,0.30000000000000004,0.4,10.0,5,2863.45703125,16,13,7,20,51
251940,4.0,15.0,1.0,7.0,3.0,3.0,0.30000000000000004,0.4,10.0,6,2754.3212890625,14,12,5,20,46
251940,4.0,15.0,1.0,7.0,3.0,3.0,0.30000000000000004,0.4,10.0,7,2632.901611328125,11,10,5,20,41
251940,4.0,15.0,1.0,7.0,3.0,3.0,0.30000000000000004,0.4,10.0,8,2451.1270141601562,10,10,5,19,40
251940,4.0,15.0,1.0,7.0,3.0,3.0,0.30000000000000004,0.4,10.0,9,2208.9087677001953,10,9,5,19,39
251940,4.0,15.0,1.0,7.0,3.0,3.0,0.30000000000000004,0.4,10.0,10,2191.135959625244,6,5,3,10,27
251940,4.0,15.0,1.0,7.0,3.0,3.0,0.30000000000000004,0.4,10.0,11,2408.919949531555,3,2,2,6,15
251940,4.0,15.0,1.0,7.0,3.0,3.0,0.30000000000000004,0.4,10.0,12,2831.149936914444,2,2,0,4,8
251940,4.0,15.0,1.0,7.0,3.0,3.0,0.30000000000000004,0.4,10.0,13,3433.937421143055,1,1,0,3,3
251940,4.0,15.0,1.0,7.0,3.0,3.0,0.30000000000000004,0.4,10.0,14,4232.421776428819,0,1,0,2,2
251940,4.0,15.0,1.0,7.0,3.0,3.0,0.30000000000000004,0.4,10.0,15,5260.527220536023,0,0,0,2,0
251940,4.0,15.0,1.0,7.0,3.0,3.0,0.30000000000000004,0.4,10.0,16,6560.659025670029,0,0,0,1,0