Exp Num,agent:svo_convergence_factor,agent:params:metabolism,agent:params:consumption_factor,agent:params:procreate_cost_factor,agent:params:procreate_req_factor,agent:params:start_energy_factor,agent:params:caught_chance,agent:params:caught_cooldown_factor,agent:params:maximum_age,Epoch,Resource,A,B,C,D,E
251401,4.0,15.0,1.0,7.0,2.0,2.0,0.2,0.1,20.0,0,3500.0,16,21,11,30,70
251401,4.0,15.0,1.0,7.0,2.0,2.0,0.2,0.1,20.0,1,2995.0,16,21,11,30,70
251401,4.0,15.0,1.0,7.0,2.0,2.0,0.2,0.1,20.0,2,2738.75,16,21,11,29,70
251401,4.0,15.0,1.0,7.0,2.0,2.0,0.2,0.1,20.0,3,2358.4375,15,19,10,28,65
251401,4.0,15.0,1.0,7.0,2.0,2.0,0.2,0.1,20.0,4,1943.046875,15,18,10,28,64
251401,4.0,15.0,1.0,7.0,2.0,2.0,0.2,0.1,20.0,5,1363.80859375,12,18,10,27,61
251401,4.0,15.0,1.0,7.0,2.0,2.0,0.2,0.1,20.0,6,519.7607421875,11,17,9,27,58
251401,4.0,15.0,1.0,7.0,2.0,2.0,0.2,0.1,20.0,7,0,9,12,7,21,44
251401,4.0,15.0,1.0,7.0,2.0,2.0,0.2,0.1,20.0,8,0,4,4,4,12,21
251401,4.0,15.0,1.0,7.0,2.0,2.0,0.2,0.1,20.0,9,0,4,2,2,7,10
251401,4.0,15.0,1.0,7.0,2.0,2.0,0.2,0.1,20.0,10,0,1,0,1,5,4
251401,4.0,15.0,1.0,7.0,2.0,2.0,0.2,0.1,20.0,11,0,0,0,1,3,1
251401,4.0,15.0,1.0,7.0,2.0,2.0,0.2,0.1,20.0,12,0,0,0,0,2,0
251401,4.0,15.0,1.0,7.0,2.0,2.0,0.2,0.1,20.0,13,0,0,0,0,1,0