Exp Num,agent:svo_convergence_factor,agent:params:metabolism,agent:params:consumption_factor,agent:params:procreate_cost_factor,agent:params:procreate_req_factor,agent:params:start_energy_factor,agent:params:caught_chance,agent:params:caught_cooldown_factor,agent:params:maximum_age,Epoch,Resource,A,B,C,D,E
240804,4.0,10.0,3.0,9.0,1.0,1.0,0.30000000000000004,0.1,50.0,0,2000.0,15,26,15,24,76
240804,4.0,10.0,3.0,9.0,1.0,1.0,0.30000000000000004,0.1,50.0,1,1300.0,15,26,15,24,76
240804,4.0,10.0,3.0,9.0,1.0,1.0,0.30000000000000004,0.1,50.0,2,635.0,15,26,15,24,76
240804,4.0,10.0,3.0,9.0,1.0,1.0,0.30000000000000004,0.1,50.0,3,0,14,21,14,15,64
240804,4.0,10.0,3.0,9.0,1.0,1.0,0.30000000000000004,0.1,50.0,4,0,12,19,11,12,54
240804,4.0,10.0,3.0,9.0,1.0,1.0,0.30000000000000004,0.1,50.0,5,0,12,19,10,11,52
240804,4.0,10.0,3.0,9.0,1.0,1.0,0.30000000000000004,0.1,50.0,6,0,10,17,9,5,41
240804,4.0,10.0,3.0,9.0,1.0,1.0,0.30000000000000004,0.1,50.0,7,0,10,13,6,4,30
240804,4.0,10.0,3.0,9.0,1.0,1.0,0.30000000000000004,0.1,50.0,8,0,9,12,6,2,27
240804,4.0,10.0,3.0,9.0,1.0,1.0,0.30000000000000004,0.1,50.0,9,0,9,10,5,1,24
240804,4.0,10.0,3.0,9.0,1.0,1.0,0.30000000000000004,0.1,50.0,10,0,5,5,4,1,14
240804,4.0,10.0,3.0,9.0,1.0,1.0,0.30000000000000004,0.1,50.0,11,0,4,4,3,1,11
240804,4.0,10.0,3.0,9.0,1.0,1.0,0.30000000000000004,0.1,50.0,12,0,3,2,3,0,8
240804,4.0,10.0,3.0,9.0,1.0,1.0,0.30000000000000004,0.1,50.0,13,0,3,1,2,0,6
240804,4.0,10.0,3.0,9.0,1.0,1.0,0.30000000000000004,0.1,50.0,14,10.0,3,1,2,0,6
240804,4.0,10.0,3.0,9.0,1.0,1.0,0.30000000000000004,0.1,50.0,15,0,3,1,1,0,5
240804,4.0,10.0,3.0,9.0,1.0,1.0,0.30000000000000004,0.1,50.0,16,0,3,1,1,0,5
240804,4.0,10.0,3.0,9.0,1.0,1.0,0.30000000000000004,0.1,50.0,17,0,2,0,1,0,3
240804,4.0,10.0,3.0,9.0,1.0,1.0,0.30000000000000004,0.1,50.0,18,0,1,0,1,0,2
240804,4.0,10.0,3.0,9.0,1.0,1.0,0.30000000000000004,0.1,50.0,19,0,0,0,1,0,1