Exp Num,agent:svo_convergence_factor,agent:params:metabolism,agent:params:consumption_factor,agent:params:procreate_cost_factor,agent:params:procreate_req_factor,agent:params:start_energy_factor,agent:params:caught_chance,agent:params:caught_cooldown_factor,agent:params:maximum_age,Epoch,Resource,A,B,C,D,E
252547,4.0,15.0,1.0,9.0,2.0,2.0,0.2,0.5,30.0,0,3500.0,20,31,9,20,80
252547,4.0,15.0,1.0,9.0,2.0,2.0,0.2,0.5,30.0,1,2950.0,20,31,9,20,80
252547,4.0,15.0,1.0,9.0,2.0,2.0,0.2,0.5,30.0,2,2622.5,20,30,9,20,79
252547,4.0,15.0,1.0,9.0,2.0,2.0,0.2,0.5,30.0,3,2198.125,17,29,9,19,75
252547,4.0,15.0,1.0,9.0,2.0,2.0,0.2,0.5,30.0,4,1742.65625,17,28,9,19,74
252547,4.0,15.0,1.0,9.0,2.0,2.0,0.2,0.5,30.0,5,1158.3203125,15,24,9,19,67
252547,4.0,15.0,1.0,9.0,2.0,2.0,0.2,0.5,30.0,6,337.900390625,12,23,9,19,63
252547,4.0,15.0,1.0,9.0,2.0,2.0,0.2,0.5,30.0,7,0,8,17,6,14,42
252547,4.0,15.0,1.0,9.0,2.0,2.0,0.2,0.5,30.0,8,0,5,10,5,7,24
252547,4.0,15.0,1.0,9.0,2.0,2.0,0.2,0.5,30.0,9,0,1,5,3,3,13
252547,4.0,15.0,1.0,9.0,2.0,2.0,0.2,0.5,30.0,10,0,1,4,1,0,9
252547,4.0,15.0,1.0,9.0,2.0,2.0,0.2,0.5,30.0,11,0,0,3,0,0,4
252547,4.0,15.0,1.0,9.0,2.0,2.0,0.2,0.5,30.0,12,0,0,1,0,0,2
252547,4.0,15.0,1.0,9.0,2.0,2.0,0.2,0.5,30.0,13,0,0,0,0,0,1