Exp Num,agent:svo_convergence_factor,agent:params:metabolism,agent:params:consumption_factor,agent:params:procreate_cost_factor,agent:params:procreate_req_factor,agent:params:start_energy_factor,agent:params:caught_chance,agent:params:caught_cooldown_factor,agent:params:maximum_age,Epoch,Resource,A,B,C,D,E
248619,4.0,15.0,1.0,1.0,3.0,3.0,0.5,0.4,50.0,0,3500.0,19,40,19,47,103
248619,4.0,15.0,1.0,1.0,3.0,3.0,0.5,0.4,50.0,1,3925.0,19,40,19,47,103
248619,4.0,15.0,1.0,1.0,3.0,3.0,0.5,0.4,50.0,2,3721.25,15,28,14,40,81
248619,4.0,15.0,1.0,1.0,3.0,3.0,0.5,0.4,50.0,3,3331.5625,11,23,13,38,71
248619,4.0,15.0,1.0,1.0,3.0,3.0,0.5,0.4,50.0,4,2814.453125,8,18,13,38,63
248619,4.0,15.0,1.0,1.0,3.0,3.0,0.5,0.4,50.0,5,2108.06640625,6,18,12,38,60
248619,4.0,15.0,1.0,1.0,3.0,3.0,0.5,0.4,50.0,6,1180.0830078125,6,18,12,38,60
248619,4.0,15.0,1.0,1.0,3.0,3.0,0.5,0.4,50.0,7,20.103759765625,6,18,12,38,60
248619,4.0,15.0,1.0,1.0,3.0,3.0,0.5,0.4,50.0,8,0,4,7,4,22,28
248619,4.0,15.0,1.0,1.0,3.0,3.0,0.5,0.4,50.0,9,0,4,4,1,12,13
248619,4.0,15.0,1.0,1.0,3.0,3.0,0.5,0.4,50.0,10,0,0,2,0,7,5
248619,4.0,15.0,1.0,1.0,3.0,3.0,0.5,0.4,50.0,11,0,0,1,0,4,2
248619,4.0,15.0,1.0,1.0,3.0,3.0,0.5,0.4,50.0,12,0,0,0,0,2,1
248619,4.0,15.0,1.0,1.0,3.0,3.0,0.5,0.4,50.0,13,0,0,0,0,1,0