Exp Num,agent:svo_convergence_factor,agent:params:metabolism,agent:params:consumption_factor,agent:params:procreate_cost_factor,agent:params:procreate_req_factor,agent:params:start_energy_factor,agent:params:caught_chance,agent:params:caught_cooldown_factor,agent:params:maximum_age,Epoch,Resource,A,B,C,D,E
252329,4.0,15.0,1.0,9.0,1.0,3.0,0.4,0.1,50.0,0,3500.0,12,20,17,31,69
252329,4.0,15.0,1.0,9.0,1.0,3.0,0.4,0.1,50.0,1,2950.0,12,20,17,31,69
252329,4.0,15.0,1.0,9.0,1.0,3.0,0.4,0.1,50.0,2,2727.5,12,20,17,31,69
252329,4.0,15.0,1.0,9.0,1.0,3.0,0.4,0.1,50.0,3,2719.375,11,19,17,31,66
252329,4.0,15.0,1.0,9.0,1.0,3.0,0.4,0.1,50.0,4,2739.21875,10,16,13,29,57
252329,4.0,15.0,1.0,9.0,1.0,3.0,0.4,0.1,50.0,5,2554.0234375,10,12,10,27,50
252329,4.0,15.0,1.0,9.0,1.0,3.0,0.4,0.1,50.0,6,2247.529296875,8,10,10,27,46
252329,4.0,15.0,1.0,9.0,1.0,3.0,0.4,0.1,50.0,7,1999.41162109375,7,10,8,27,43
252329,4.0,15.0,1.0,9.0,1.0,3.0,0.4,0.1,50.0,8,1704.2645263671875,6,10,6,27,40
252329,4.0,15.0,1.0,9.0,1.0,3.0,0.4,0.1,50.0,9,1440.3306579589844,5,8,6,27,36
252329,4.0,15.0,1.0,9.0,1.0,3.0,0.4,0.1,50.0,10,1140.4133224487305,5,8,5,26,35
252329,4.0,15.0,1.0,9.0,1.0,3.0,0.4,0.1,50.0,11,750.5166530609131,3,7,5,24,32
252329,4.0,15.0,1.0,9.0,1.0,3.0,0.4,0.1,50.0,12,203.14581632614136,2,6,5,24,30
252329,4.0,15.0,1.0,9.0,1.0,3.0,0.4,0.1,50.0,13,0,0,3,4,17,18
252329,4.0,15.0,1.0,9.0,1.0,3.0,0.4,0.1,50.0,14,0,0,3,2,8,9
252329,4.0,15.0,1.0,9.0,1.0,3.0,0.4,0.1,50.0,15,0,0,2,1,2,6
252329,4.0,15.0,1.0,9.0,1.0,3.0,0.4,0.1,50.0,16,0,0,2,1,1,3
252329,4.0,15.0,1.0,9.0,1.0,3.0,0.4,0.1,50.0,17,0,0,1,1,0,2
252329,4.0,15.0,1.0,9.0,1.0,3.0,0.4,0.1,50.0,18,0,0,1,0,0,1