Exp Num,agent:svo_convergence_factor,agent:params:metabolism,agent:params:consumption_factor,agent:params:procreate_cost_factor,agent:params:procreate_req_factor,agent:params:start_energy_factor,agent:params:caught_chance,agent:params:caught_cooldown_factor,agent:params:maximum_age,Epoch,Resource,A,B,C,D,E
255652,4.0,15.0,2.0,5.0,1.0,3.0,0.2,0.1,30.0,0,3650.0,14,29,13,31,69
255652,4.0,15.0,2.0,5.0,1.0,3.0,0.2,0.1,30.0,1,3572.5,16,34,13,32,77
255652,4.0,15.0,2.0,5.0,1.0,3.0,0.2,0.1,30.0,2,2815.625,15,33,12,28,75
255652,4.0,15.0,2.0,5.0,1.0,3.0,0.2,0.1,30.0,3,2139.53125,15,37,12,28,80
255652,4.0,15.0,2.0,5.0,1.0,3.0,0.2,0.1,30.0,4,1024.4140625,16,35,11,27,79
255652,4.0,15.0,2.0,5.0,1.0,3.0,0.2,0.1,30.0,5,140.517578125,13,34,12,28,76
255652,4.0,15.0,2.0,5.0,1.0,3.0,0.2,0.1,30.0,6,0,9,32,8,21,59
255652,4.0,15.0,2.0,5.0,1.0,3.0,0.2,0.1,30.0,7,0,8,21,6,11,43
255652,4.0,15.0,2.0,5.0,1.0,3.0,0.2,0.1,30.0,8,0,7,15,4,8,30
255652,4.0,15.0,2.0,5.0,1.0,3.0,0.2,0.1,30.0,9,0,7,11,4,6,22
255652,4.0,15.0,2.0,5.0,1.0,3.0,0.2,0.1,30.0,10,0,5,8,1,4,14
255652,4.0,15.0,2.0,5.0,1.0,3.0,0.2,0.1,30.0,11,0,4,5,0,4,9
255652,4.0,15.0,2.0,5.0,1.0,3.0,0.2,0.1,30.0,12,0,4,3,0,2,7
255652,4.0,15.0,2.0,5.0,1.0,3.0,0.2,0.1,30.0,13,0,1,2,0,2,3
255652,4.0,15.0,2.0,5.0,1.0,3.0,0.2,0.1,30.0,14,0,1,1,0,2,2
255652,4.0,15.0,2.0,5.0,1.0,3.0,0.2,0.1,30.0,15,0,1,1,0,1,2
255652,4.0,15.0,2.0,5.0,1.0,3.0,0.2,0.1,30.0,16,0,0,0,0,1,0