Exp Num,agent:svo_convergence_factor,agent:params:metabolism,agent:params:consumption_factor,agent:params:procreate_cost_factor,agent:params:procreate_req_factor,agent:params:start_energy_factor,agent:params:caught_chance,agent:params:caught_cooldown_factor,agent:params:maximum_age,Epoch,Resource,A,B,C,D,E
200838,3.0,15.0,4.0,7.0,2.0,2.0,0.4,0.30000000000000004,40.0,0,3320.0,16,20,15,33,67
200838,3.0,15.0,4.0,7.0,2.0,2.0,0.4,0.30000000000000004,40.0,1,1150.0,11,13,12,31,51
200838,3.0,15.0,4.0,7.0,2.0,2.0,0.4,0.30000000000000004,40.0,2,57.5,10,13,12,29,49
200838,3.0,15.0,4.0,7.0,2.0,2.0,0.4,0.30000000000000004,40.0,3,0,10,12,12,29,48
200838,3.0,15.0,4.0,7.0,2.0,2.0,0.4,0.30000000000000004,40.0,4,0,10,12,12,29,48
200838,3.0,15.0,4.0,7.0,2.0,2.0,0.4,0.30000000000000004,40.0,5,0,9,9,9,16,33
200838,3.0,15.0,4.0,7.0,2.0,2.0,0.4,0.30000000000000004,40.0,6,0,7,8,7,10,24
200838,3.0,15.0,4.0,7.0,2.0,2.0,0.4,0.30000000000000004,40.0,7,0,7,7,5,5,21
200838,3.0,15.0,4.0,7.0,2.0,2.0,0.4,0.30000000000000004,40.0,8,0,6,6,4,4,17
200838,3.0,15.0,4.0,7.0,2.0,2.0,0.4,0.30000000000000004,40.0,9,0,6,6,4,3,16
200838,3.0,15.0,4.0,7.0,2.0,2.0,0.4,0.30000000000000004,40.0,10,0,4,3,3,2,10
200838,3.0,15.0,4.0,7.0,2.0,2.0,0.4,0.30000000000000004,40.0,11,0,3,1,3,0,7
200838,3.0,15.0,4.0,7.0,2.0,2.0,0.4,0.30000000000000004,40.0,12,0,2,1,1,0,4
200838,3.0,15.0,4.0,7.0,2.0,2.0,0.4,0.30000000000000004,40.0,13,0,2,1,1,0,4
200838,3.0,15.0,4.0,7.0,2.0,2.0,0.4,0.30000000000000004,40.0,14,100,2,1,0,0,3
200838,3.0,15.0,4.0,7.0,2.0,2.0,0.4,0.30000000000000004,40.0,15,125.0,1,1,0,0,2
200838,3.0,15.0,4.0,7.0,2.0,2.0,0.4,0.30000000000000004,40.0,16,156.25,1,1,0,0,2
200838,3.0,15.0,4.0,7.0,2.0,2.0,0.4,0.30000000000000004,40.0,17,195.3125,1,1,0,0,2
200838,3.0,15.0,4.0,7.0,2.0,2.0,0.4,0.30000000000000004,40.0,18,244.140625,0,1,0,0,1