Exp Num,agent:svo_convergence_factor,agent:params:metabolism,agent:params:consumption_factor,agent:params:procreate_cost_factor,agent:params:procreate_req_factor,agent:params:start_energy_factor,agent:params:caught_chance,agent:params:caught_cooldown_factor,agent:params:maximum_age,Epoch,Resource,A,B,C,D,E
29348,1.0,10.0,2.0,3.0,1.0,1.0,0.4,0.5,40.0,0,3000.0,18,32,7,29,71
29348,1.0,10.0,2.0,3.0,1.0,1.0,0.4,0.5,40.0,1,3150.0,23,36,12,30,85
29348,1.0,10.0,2.0,3.0,1.0,1.0,0.4,0.5,40.0,2,2477.5,19,31,11,28,74
29348,1.0,10.0,2.0,3.0,1.0,1.0,0.4,0.5,40.0,3,2096.875,22,32,14,27,81
29348,1.0,10.0,2.0,3.0,1.0,1.0,0.4,0.5,40.0,4,1421.09375,25,33,17,27,88
29348,1.0,10.0,2.0,3.0,1.0,1.0,0.4,0.5,40.0,5,776.3671875,25,37,18,25,93
29348,1.0,10.0,2.0,3.0,1.0,1.0,0.4,0.5,40.0,6,0,21,42,20,20,95
29348,1.0,10.0,2.0,3.0,1.0,1.0,0.4,0.5,40.0,7,0,12,39,15,10,75
29348,1.0,10.0,2.0,3.0,1.0,1.0,0.4,0.5,40.0,8,0,7,27,10,5,51
29348,1.0,10.0,2.0,3.0,1.0,1.0,0.4,0.5,40.0,9,0,5,25,4,2,37
29348,1.0,10.0,2.0,3.0,1.0,1.0,0.4,0.5,40.0,10,0,3,18,3,0,25
29348,1.0,10.0,2.0,3.0,1.0,1.0,0.4,0.5,40.0,11,0,1,16,2,0,19
29348,1.0,10.0,2.0,3.0,1.0,1.0,0.4,0.5,40.0,12,0,0,9,2,0,11
29348,1.0,10.0,2.0,3.0,1.0,1.0,0.4,0.5,40.0,13,0,0,8,2,0,10
29348,1.0,10.0,2.0,3.0,1.0,1.0,0.4,0.5,40.0,14,0,0,5,1,0,6
29348,1.0,10.0,2.0,3.0,1.0,1.0,0.4,0.5,40.0,15,0,0,2,1,0,3
29348,1.0,10.0,2.0,3.0,1.0,1.0,0.4,0.5,40.0,16,0,0,2,0,0,2
29348,1.0,10.0,2.0,3.0,1.0,1.0,0.4,0.5,40.0,17,80.0,0,2,0,0,2
29348,1.0,10.0,2.0,3.0,1.0,1.0,0.4,0.5,40.0,18,80.0,0,2,0,0,2
29348,1.0,10.0,2.0,3.0,1.0,1.0,0.4,0.5,40.0,19,80.0,0,2,0,0,2
29348,1.0,10.0,2.0,3.0,1.0,1.0,0.4,0.5,40.0,20,100.0,0,1,0,0,1