Exp Num,agent:svo_convergence_factor,agent:params:metabolism,agent:params:consumption_factor,agent:params:procreate_cost_factor,agent:params:procreate_req_factor,agent:params:start_energy_factor,agent:params:caught_chance,agent:params:caught_cooldown_factor,agent:params:maximum_age,Epoch,Resource,A,B,C,D,E
255528,4.0,15.0,2.0,5.0,1.0,2.0,0.2,0.1,40.0,0,3950.0,16,23,16,34,66
255528,4.0,15.0,2.0,5.0,1.0,2.0,0.2,0.1,40.0,1,3197.5,15,19,11,32,55
255528,4.0,15.0,2.0,5.0,1.0,2.0,0.2,0.1,40.0,2,3156.875,15,20,11,30,56
255528,4.0,15.0,2.0,5.0,1.0,2.0,0.2,0.1,40.0,3,2386.09375,15,17,10,28,52
255528,4.0,15.0,2.0,5.0,1.0,2.0,0.2,0.1,40.0,4,1992.6171875,17,17,9,28,53
255528,4.0,15.0,2.0,5.0,1.0,2.0,0.2,0.1,40.0,5,990.771484375,19,18,9,26,55
255528,4.0,15.0,2.0,5.0,1.0,2.0,0.2,0.1,40.0,6,338.46435546875,16,20,8,26,53
255528,4.0,15.0,2.0,5.0,1.0,2.0,0.2,0.1,40.0,7,0,15,16,7,20,44
255528,4.0,15.0,2.0,5.0,1.0,2.0,0.2,0.1,40.0,8,0,13,13,4,12,34
255528,4.0,15.0,2.0,5.0,1.0,2.0,0.2,0.1,40.0,9,0,13,11,1,10,26
255528,4.0,15.0,2.0,5.0,1.0,2.0,0.2,0.1,40.0,10,0,11,10,1,4,23
255528,4.0,15.0,2.0,5.0,1.0,2.0,0.2,0.1,40.0,11,0,11,6,0,1,17
255528,4.0,15.0,2.0,5.0,1.0,2.0,0.2,0.1,40.0,12,0,7,4,0,1,11
255528,4.0,15.0,2.0,5.0,1.0,2.0,0.2,0.1,40.0,13,0,5,2,0,1,7
255528,4.0,15.0,2.0,5.0,1.0,2.0,0.2,0.1,40.0,14,0,3,1,0,1,4
255528,4.0,15.0,2.0,5.0,1.0,2.0,0.2,0.1,40.0,15,0,3,0,0,1,3
255528,4.0,15.0,2.0,5.0,1.0,2.0,0.2,0.1,40.0,16,0,2,0,0,0,2
255528,4.0,15.0,2.0,5.0,1.0,2.0,0.2,0.1,40.0,17,0,1,0,0,0,1