Exp Num,agent:svo_convergence_factor,agent:params:metabolism,agent:params:consumption_factor,agent:params:procreate_cost_factor,agent:params:procreate_req_factor,agent:params:start_energy_factor,agent:params:caught_chance,agent:params:caught_cooldown_factor,agent:params:maximum_age,Epoch,Resource,A,B,C,D,E
255570,4.0,15.0,2.0,5.0,1.0,2.0,0.30000000000000004,0.5,10.0,0,3830.0,21,27,16,24,76
255570,4.0,15.0,2.0,5.0,1.0,2.0,0.30000000000000004,0.5,10.0,1,3137.5,19,20,14,23,64
255570,4.0,15.0,2.0,5.0,1.0,2.0,0.30000000000000004,0.5,10.0,2,2901.875,20,21,14,23,66
255570,4.0,15.0,2.0,5.0,1.0,2.0,0.30000000000000004,0.5,10.0,3,2427.34375,18,18,11,19,58
255570,4.0,15.0,2.0,5.0,1.0,2.0,0.30000000000000004,0.5,10.0,4,1984.1796875,20,19,11,19,61
255570,4.0,15.0,2.0,5.0,1.0,2.0,0.30000000000000004,0.5,10.0,5,920.224609375,19,22,10,19,62
255570,4.0,15.0,2.0,5.0,1.0,2.0,0.30000000000000004,0.5,10.0,6,190.28076171875,17,23,11,19,62
255570,4.0,15.0,2.0,5.0,1.0,2.0,0.30000000000000004,0.5,10.0,7,0,14,20,9,9,52
255570,4.0,15.0,2.0,5.0,1.0,2.0,0.30000000000000004,0.5,10.0,8,0,11,18,6,6,41
255570,4.0,15.0,2.0,5.0,1.0,2.0,0.30000000000000004,0.5,10.0,9,0,8,14,6,2,32
255570,4.0,15.0,2.0,5.0,1.0,2.0,0.30000000000000004,0.5,10.0,10,0,6,11,3,0,22
255570,4.0,15.0,2.0,5.0,1.0,2.0,0.30000000000000004,0.5,10.0,11,0,5,10,1,0,16
255570,4.0,15.0,2.0,5.0,1.0,2.0,0.30000000000000004,0.5,10.0,12,0,3,7,1,0,11
255570,4.0,15.0,2.0,5.0,1.0,2.0,0.30000000000000004,0.5,10.0,13,0,2,6,0,0,8
255570,4.0,15.0,2.0,5.0,1.0,2.0,0.30000000000000004,0.5,10.0,14,0,1,4,0,0,5
255570,4.0,15.0,2.0,5.0,1.0,2.0,0.30000000000000004,0.5,10.0,15,0,1,3,0,0,4
255570,4.0,15.0,2.0,5.0,1.0,2.0,0.30000000000000004,0.5,10.0,16,0,0,2,0,0,2
255570,4.0,15.0,2.0,5.0,1.0,2.0,0.30000000000000004,0.5,10.0,17,0,0,2,0,0,2
255570,4.0,15.0,2.0,5.0,1.0,2.0,0.30000000000000004,0.5,10.0,18,70.0,0,2,0,0,2
255570,4.0,15.0,2.0,5.0,1.0,2.0,0.30000000000000004,0.5,10.0,19,87.5,0,2,0,0,2
255570,4.0,15.0,2.0,5.0,1.0,2.0,0.30000000000000004,0.5,10.0,20,79.375,0,2,0,0,2
255570,4.0,15.0,2.0,5.0,1.0,2.0,0.30000000000000004,0.5,10.0,21,99.21875,0,2,0,0,2
255570,4.0,15.0,2.0,5.0,1.0,2.0,0.30000000000000004,0.5,10.0,22,124.0234375,0,1,0,0,1