Exp Num,agent:svo_convergence_factor,agent:params:metabolism,agent:params:consumption_factor,agent:params:procreate_cost_factor,agent:params:procreate_req_factor,agent:params:start_energy_factor,agent:params:caught_chance,agent:params:caught_cooldown_factor,agent:params:maximum_age,Epoch,Resource,A,B,C,D,E
248949,4.0,15.0,1.0,3.0,1.0,3.0,0.30000000000000004,0.5,50.0,0,3500.0,22,39,20,49,101
248949,4.0,15.0,1.0,3.0,1.0,3.0,0.30000000000000004,0.5,50.0,1,3100.0,17,21,17,29,74
248949,4.0,15.0,1.0,3.0,1.0,3.0,0.30000000000000004,0.5,50.0,2,2825.0,11,18,21,28,63
248949,4.0,15.0,1.0,3.0,1.0,3.0,0.30000000000000004,0.5,50.0,3,2466.25,12,22,24,31,70
248949,4.0,15.0,1.0,3.0,1.0,3.0,0.30000000000000004,0.5,50.0,4,2182.8125,12,22,21,27,65
248949,4.0,15.0,1.0,3.0,1.0,3.0,0.30000000000000004,0.5,50.0,5,2158.515625,14,22,20,26,62
248949,4.0,15.0,1.0,3.0,1.0,3.0,0.30000000000000004,0.5,50.0,6,2173.14453125,12,21,23,25,62
248949,4.0,15.0,1.0,3.0,1.0,3.0,0.30000000000000004,0.5,50.0,7,1951.4306640625,13,15,24,25,58
248949,4.0,15.0,1.0,3.0,1.0,3.0,0.30000000000000004,0.5,50.0,8,1869.288330078125,12,12,21,25,50
248949,4.0,15.0,1.0,3.0,1.0,3.0,0.30000000000000004,0.5,50.0,9,1586.6104125976562,11,11,20,25,48
248949,4.0,15.0,1.0,3.0,1.0,3.0,0.30000000000000004,0.5,50.0,10,1293.2630157470703,9,11,18,24,45
248949,4.0,15.0,1.0,3.0,1.0,3.0,0.30000000000000004,0.5,50.0,11,821.5787696838379,9,9,16,24,41
248949,4.0,15.0,1.0,3.0,1.0,3.0,0.30000000000000004,0.5,50.0,12,201.97346210479736,8,8,16,24,39
248949,4.0,15.0,1.0,3.0,1.0,3.0,0.30000000000000004,0.5,50.0,13,0,7,3,10,15,27
248949,4.0,15.0,1.0,3.0,1.0,3.0,0.30000000000000004,0.5,50.0,14,0,7,3,3,8,16
248949,4.0,15.0,1.0,3.0,1.0,3.0,0.30000000000000004,0.5,50.0,15,0,6,2,2,5,10
248949,4.0,15.0,1.0,3.0,1.0,3.0,0.30000000000000004,0.5,50.0,16,0,4,2,0,2,6
248949,4.0,15.0,1.0,3.0,1.0,3.0,0.30000000000000004,0.5,50.0,17,0,4,1,0,0,5
248949,4.0,15.0,1.0,3.0,1.0,3.0,0.30000000000000004,0.5,50.0,18,0,3,0,0,0,3
248949,4.0,15.0,1.0,3.0,1.0,3.0,0.30000000000000004,0.5,50.0,19,0,2,0,0,0,2
248949,4.0,15.0,1.0,3.0,1.0,3.0,0.30000000000000004,0.5,50.0,20,0,1,0,0,0,1