Exp Num,agent:svo_convergence_factor,agent:params:metabolism,agent:params:consumption_factor,agent:params:procreate_cost_factor,agent:params:procreate_req_factor,agent:params:start_energy_factor,agent:params:caught_chance,agent:params:caught_cooldown_factor,agent:params:maximum_age,Epoch,Resource,A,B,C,D,E
248245,4.0,15.0,1.0,1.0,2.0,3.0,0.5,0.5,10.0,0,3500.0,29,46,25,29,121
248245,4.0,15.0,1.0,1.0,2.0,3.0,0.5,0.5,10.0,1,3745.0,35,57,27,30,141
248245,4.0,15.0,1.0,1.0,2.0,3.0,0.5,0.5,10.0,2,3436.25,24,45,23,24,112
248245,4.0,15.0,1.0,1.0,2.0,3.0,0.5,0.5,10.0,3,2795.3125,19,36,22,24,96
248245,4.0,15.0,1.0,1.0,2.0,3.0,0.5,0.5,10.0,4,1754.140625,18,35,22,24,94
248245,4.0,15.0,1.0,1.0,2.0,3.0,0.5,0.5,10.0,5,452.67578125,18,34,22,24,93
248245,4.0,15.0,1.0,1.0,2.0,3.0,0.5,0.5,10.0,6,0,11,27,14,17,60
248245,4.0,15.0,1.0,1.0,2.0,3.0,0.5,0.5,10.0,7,0,7,14,4,8,30
248245,4.0,15.0,1.0,1.0,2.0,3.0,0.5,0.5,10.0,8,0,3,7,3,3,16
248245,4.0,15.0,1.0,1.0,2.0,3.0,0.5,0.5,10.0,9,0,2,2,1,2,7
248245,4.0,15.0,1.0,1.0,2.0,3.0,0.5,0.5,10.0,10,0,0,2,0,1,3
248245,4.0,15.0,1.0,1.0,2.0,3.0,0.5,0.5,10.0,11,0,0,1,0,0,2
248245,4.0,15.0,1.0,1.0,2.0,3.0,0.5,0.5,10.0,12,0,0,1,0,0,1