Exp Num,agent:svo_convergence_factor,agent:params:metabolism,agent:params:consumption_factor,agent:params:procreate_cost_factor,agent:params:procreate_req_factor,agent:params:start_energy_factor,agent:params:caught_chance,agent:params:caught_cooldown_factor,agent:params:maximum_age,Epoch,Resource,A,B,C,D,E
250164,4.0,15.0,1.0,5.0,2.0,1.0,0.2,0.30000000000000004,50.0,0,3500.0,20,25,19,27,73
250164,4.0,15.0,1.0,5.0,2.0,1.0,0.2,0.30000000000000004,50.0,1,2875.0,20,25,19,27,73
250164,4.0,15.0,1.0,5.0,2.0,1.0,0.2,0.30000000000000004,50.0,2,2093.75,20,25,19,27,73
250164,4.0,15.0,1.0,5.0,2.0,1.0,0.2,0.30000000000000004,50.0,3,1117.1875,20,25,19,27,73
250164,4.0,15.0,1.0,5.0,2.0,1.0,0.2,0.30000000000000004,50.0,4,0,19,24,18,26,70
250164,4.0,15.0,1.0,5.0,2.0,1.0,0.2,0.30000000000000004,50.0,5,0,7,8,10,18,30
250164,4.0,15.0,1.0,5.0,2.0,1.0,0.2,0.30000000000000004,50.0,6,0,3,2,6,10,14
250164,4.0,15.0,1.0,5.0,2.0,1.0,0.2,0.30000000000000004,50.0,7,0,1,1,5,4,8
250164,4.0,15.0,1.0,5.0,2.0,1.0,0.2,0.30000000000000004,50.0,8,0,1,0,2,3,3
250164,4.0,15.0,1.0,5.0,2.0,1.0,0.2,0.30000000000000004,50.0,9,0,0,0,1,2,1
250164,4.0,15.0,1.0,5.0,2.0,1.0,0.2,0.30000000000000004,50.0,10,0,0,0,0,1,0