Exp Num,agent:svo_convergence_factor,agent:params:metabolism,agent:params:consumption_factor,agent:params:procreate_cost_factor,agent:params:procreate_req_factor,agent:params:start_energy_factor,agent:params:caught_chance,agent:params:caught_cooldown_factor,agent:params:maximum_age,Epoch,Resource,A,B,C,D,E
233049,4.0,10.0,2.0,5.0,1.0,2.0,0.2,0.5,50.0,0,3520.0,20,31,10,24,76
233049,4.0,10.0,2.0,5.0,1.0,2.0,0.2,0.5,50.0,1,3240.0,18,29,9,23,71
233049,4.0,10.0,2.0,5.0,1.0,2.0,0.2,0.5,50.0,2,3290.0,20,35,11,23,81
233049,4.0,10.0,2.0,5.0,1.0,2.0,0.2,0.5,50.0,3,2932.5,17,35,10,24,76
233049,4.0,10.0,2.0,5.0,1.0,2.0,0.2,0.5,50.0,4,2645.625,18,39,11,24,83
233049,4.0,10.0,2.0,5.0,1.0,2.0,0.2,0.5,50.0,5,2187.03125,15,41,11,24,82
233049,4.0,10.0,2.0,5.0,1.0,2.0,0.2,0.5,50.0,6,2013.7890625,17,41,10,23,83
233049,4.0,10.0,2.0,5.0,1.0,2.0,0.2,0.5,50.0,7,1417.236328125,17,40,9,22,81
233049,4.0,10.0,2.0,5.0,1.0,2.0,0.2,0.5,50.0,8,971.54541015625,22,36,8,21,81
233049,4.0,10.0,2.0,5.0,1.0,2.0,0.2,0.5,50.0,9,34.4317626953125,22,39,6,20,82
233049,4.0,10.0,2.0,5.0,1.0,2.0,0.2,0.5,50.0,10,0,20,30,6,19,70
233049,4.0,10.0,2.0,5.0,1.0,2.0,0.2,0.5,50.0,11,0,18,22,4,9,52
233049,4.0,10.0,2.0,5.0,1.0,2.0,0.2,0.5,50.0,12,0,14,20,1,5,38
233049,4.0,10.0,2.0,5.0,1.0,2.0,0.2,0.5,50.0,13,0,10,17,1,2,30
233049,4.0,10.0,2.0,5.0,1.0,2.0,0.2,0.5,50.0,14,0,9,17,0,0,26
233049,4.0,10.0,2.0,5.0,1.0,2.0,0.2,0.5,50.0,15,0,6,12,0,0,18
233049,4.0,10.0,2.0,5.0,1.0,2.0,0.2,0.5,50.0,16,0,4,9,0,0,13
233049,4.0,10.0,2.0,5.0,1.0,2.0,0.2,0.5,50.0,17,0,2,7,0,0,9
233049,4.0,10.0,2.0,5.0,1.0,2.0,0.2,0.5,50.0,18,0,2,4,0,0,6
233049,4.0,10.0,2.0,5.0,1.0,2.0,0.2,0.5,50.0,19,0,0,3,0,0,3
233049,4.0,10.0,2.0,5.0,1.0,2.0,0.2,0.5,50.0,20,0,0,2,0,0,2
233049,4.0,10.0,2.0,5.0,1.0,2.0,0.2,0.5,50.0,21,60.0,0,2,0,0,2
233049,4.0,10.0,2.0,5.0,1.0,2.0,0.2,0.5,50.0,22,55.0,0,2,0,0,2
233049,4.0,10.0,2.0,5.0,1.0,2.0,0.2,0.5,50.0,23,28.75,0,2,0,0,2
233049,4.0,10.0,2.0,5.0,1.0,2.0,0.2,0.5,50.0,24,15.9375,0,2,0,0,2
233049,4.0,10.0,2.0,5.0,1.0,2.0,0.2,0.5,50.0,25,0,0,2,0,0,2
233049,4.0,10.0,2.0,5.0,1.0,2.0,0.2,0.5,50.0,26,0,0,2,0,0,2
233049,4.0,10.0,2.0,5.0,1.0,2.0,0.2,0.5,50.0,27,0,0,1,0,0,1