Exp Num,agent:svo_convergence_factor,agent:params:metabolism,agent:params:consumption_factor,agent:params:procreate_cost_factor,agent:params:procreate_req_factor,agent:params:start_energy_factor,agent:params:caught_chance,agent:params:caught_cooldown_factor,agent:params:maximum_age,Epoch,Resource,A,B,C,D,E
248183,4.0,15.0,1.0,1.0,2.0,3.0,0.30000000000000004,0.2,40.0,0,3500.0,28,46,19,35,115
248183,4.0,15.0,1.0,1.0,2.0,3.0,0.30000000000000004,0.2,40.0,1,3475.0,35,59,24,39,141
248183,4.0,15.0,1.0,1.0,2.0,3.0,0.30000000000000004,0.2,40.0,2,2558.75,30,51,21,37,125
248183,4.0,15.0,1.0,1.0,2.0,3.0,0.30000000000000004,0.2,40.0,3,1143.4375,27,47,20,37,117
248183,4.0,15.0,1.0,1.0,2.0,3.0,0.30000000000000004,0.2,40.0,4,0,21,35,16,33,91
248183,4.0,15.0,1.0,1.0,2.0,3.0,0.30000000000000004,0.2,40.0,5,0,13,18,9,14,48
248183,4.0,15.0,1.0,1.0,2.0,3.0,0.30000000000000004,0.2,40.0,6,0,8,8,5,7,24
248183,4.0,15.0,1.0,1.0,2.0,3.0,0.30000000000000004,0.2,40.0,7,0,1,5,3,4,11
248183,4.0,15.0,1.0,1.0,2.0,3.0,0.30000000000000004,0.2,40.0,8,0,1,2,2,3,5
248183,4.0,15.0,1.0,1.0,2.0,3.0,0.30000000000000004,0.2,40.0,9,0,0,1,0,3,1
248183,4.0,15.0,1.0,1.0,2.0,3.0,0.30000000000000004,0.2,40.0,10,0,0,0,0,2,0
248183,4.0,15.0,1.0,1.0,2.0,3.0,0.30000000000000004,0.2,40.0,11,0,0,0,0,1,0