Exp Num,agent:svo_convergence_factor,agent:params:metabolism,agent:params:consumption_factor,agent:params:procreate_cost_factor,agent:params:procreate_req_factor,agent:params:start_energy_factor,agent:params:caught_chance,agent:params:caught_cooldown_factor,agent:params:maximum_age,Epoch,Resource,A,B,C,D,E
263679,4.0,15.0,3.0,9.0,2.0,1.0,0.30000000000000004,0.1,50.0,0,500.0,24,30,10,25,75
263679,4.0,15.0,3.0,9.0,2.0,1.0,0.30000000000000004,0.1,50.0,1,0,24,30,10,25,75
263679,4.0,15.0,3.0,9.0,2.0,1.0,0.30000000000000004,0.1,50.0,2,0,24,30,10,25,75
263679,4.0,15.0,3.0,9.0,2.0,1.0,0.30000000000000004,0.1,50.0,3,0,12,20,5,10,44
263679,4.0,15.0,3.0,9.0,2.0,1.0,0.30000000000000004,0.1,50.0,4,0,9,7,3,8,21
263679,4.0,15.0,3.0,9.0,2.0,1.0,0.30000000000000004,0.1,50.0,5,0,6,6,1,5,15
263679,4.0,15.0,3.0,9.0,2.0,1.0,0.30000000000000004,0.1,50.0,6,0,5,4,1,3,10
263679,4.0,15.0,3.0,9.0,2.0,1.0,0.30000000000000004,0.1,50.0,7,0,5,1,1,2,7
263679,4.0,15.0,3.0,9.0,2.0,1.0,0.30000000000000004,0.1,50.0,8,0,3,1,0,1,4
263679,4.0,15.0,3.0,9.0,2.0,1.0,0.30000000000000004,0.1,50.0,9,0,2,1,0,0,3
263679,4.0,15.0,3.0,9.0,2.0,1.0,0.30000000000000004,0.1,50.0,10,0,2,0,0,0,2
263679,4.0,15.0,3.0,9.0,2.0,1.0,0.30000000000000004,0.1,50.0,11,0,1,0,0,0,1