Exp Num,agent:svo_convergence_factor,agent:params:metabolism,agent:params:consumption_factor,agent:params:procreate_cost_factor,agent:params:procreate_req_factor,agent:params:start_energy_factor,agent:params:caught_chance,agent:params:caught_cooldown_factor,agent:params:maximum_age,Epoch,Resource,A,B,C,D,E
248378,4.0,15.0,1.0,1.0,3.0,2.0,0.1,0.1,40.0,0,3500.0,20,37,8,20,80
248378,4.0,15.0,1.0,1.0,3.0,2.0,0.1,0.1,40.0,1,2950.0,20,37,8,20,80
248378,4.0,15.0,1.0,1.0,3.0,2.0,0.1,0.1,40.0,2,2607.5,20,37,8,20,80
248378,4.0,15.0,1.0,1.0,3.0,2.0,0.1,0.1,40.0,3,2194.375,18,36,8,20,77
248378,4.0,15.0,1.0,1.0,3.0,2.0,0.1,0.1,40.0,4,1602.96875,18,35,8,20,76
248378,4.0,15.0,1.0,1.0,3.0,2.0,0.1,0.1,40.0,5,728.7109375,17,33,8,19,73
248378,4.0,15.0,1.0,1.0,3.0,2.0,0.1,0.1,40.0,6,0,15,28,6,15,63
248378,4.0,15.0,1.0,1.0,3.0,2.0,0.1,0.1,40.0,7,0,9,20,2,6,37
248378,4.0,15.0,1.0,1.0,3.0,2.0,0.1,0.1,40.0,8,0,6,12,0,3,22
248378,4.0,15.0,1.0,1.0,3.0,2.0,0.1,0.1,40.0,9,0,5,4,0,1,12
248378,4.0,15.0,1.0,1.0,3.0,2.0,0.1,0.1,40.0,10,0,4,2,0,0,6
248378,4.0,15.0,1.0,1.0,3.0,2.0,0.1,0.1,40.0,11,0,3,0,0,0,3
248378,4.0,15.0,1.0,1.0,3.0,2.0,0.1,0.1,40.0,12,0,1,0,0,0,1