Exp Num,agent:svo_convergence_factor,agent:params:metabolism,agent:params:consumption_factor,agent:params:procreate_cost_factor,agent:params:procreate_req_factor,agent:params:start_energy_factor,agent:params:caught_chance,agent:params:caught_cooldown_factor,agent:params:maximum_age,Epoch,Resource,A,B,C,D,E
262828,4.0,15.0,3.0,7.0,2.0,3.0,0.4,0.1,40.0,0,3650.0,12,31,9,25,75
262828,4.0,15.0,3.0,7.0,2.0,3.0,0.4,0.1,40.0,1,3212.5,12,31,9,25,75
262828,4.0,15.0,3.0,7.0,2.0,3.0,0.4,0.1,40.0,2,2350.625,8,24,7,22,59
262828,4.0,15.0,3.0,7.0,2.0,3.0,0.4,0.1,40.0,3,2083.28125,7,24,7,20,57
262828,4.0,15.0,3.0,7.0,2.0,3.0,0.4,0.1,40.0,4,2154.1015625,7,24,7,20,57
262828,4.0,15.0,3.0,7.0,2.0,3.0,0.4,0.1,40.0,5,1612.626953125,6,19,7,16,49
262828,4.0,15.0,3.0,7.0,2.0,3.0,0.4,0.1,40.0,6,1250.78369140625,5,18,7,16,46
262828,4.0,15.0,3.0,7.0,2.0,3.0,0.4,0.1,40.0,7,1158.4796142578125,5,17,7,15,45
262828,4.0,15.0,3.0,7.0,2.0,3.0,0.4,0.1,40.0,8,683.0995178222656,5,17,6,14,43
262828,4.0,15.0,3.0,7.0,2.0,3.0,0.4,0.1,40.0,9,133.87439727783203,4,15,5,13,37
262828,4.0,15.0,3.0,7.0,2.0,3.0,0.4,0.1,40.0,10,0,4,14,5,13,34
262828,4.0,15.0,3.0,7.0,2.0,3.0,0.4,0.1,40.0,11,0,4,11,4,9,28
262828,4.0,15.0,3.0,7.0,2.0,3.0,0.4,0.1,40.0,12,0,4,7,4,6,20
262828,4.0,15.0,3.0,7.0,2.0,3.0,0.4,0.1,40.0,13,0,3,6,3,6,15
262828,4.0,15.0,3.0,7.0,2.0,3.0,0.4,0.1,40.0,14,0,3,6,3,2,14
262828,4.0,15.0,3.0,7.0,2.0,3.0,0.4,0.1,40.0,15,0,3,5,2,1,11
262828,4.0,15.0,3.0,7.0,2.0,3.0,0.4,0.1,40.0,16,0,3,4,1,1,8
262828,4.0,15.0,3.0,7.0,2.0,3.0,0.4,0.1,40.0,17,0,3,4,0,1,7
262828,4.0,15.0,3.0,7.0,2.0,3.0,0.4,0.1,40.0,18,0,2,4,0,0,6
262828,4.0,15.0,3.0,7.0,2.0,3.0,0.4,0.1,40.0,19,0,2,3,0,0,5
262828,4.0,15.0,3.0,7.0,2.0,3.0,0.4,0.1,40.0,20,0,2,3,0,0,5
262828,4.0,15.0,3.0,7.0,2.0,3.0,0.4,0.1,40.0,21,55.0,1,2,0,0,3
262828,4.0,15.0,3.0,7.0,2.0,3.0,0.4,0.1,40.0,22,0,1,2,0,0,3
262828,4.0,15.0,3.0,7.0,2.0,3.0,0.4,0.1,40.0,23,0,1,2,0,0,3
262828,4.0,15.0,3.0,7.0,2.0,3.0,0.4,0.1,40.0,24,0,1,1,0,0,2
262828,4.0,15.0,3.0,7.0,2.0,3.0,0.4,0.1,40.0,25,0,1,0,0,0,1