Exp Num,agent:svo_convergence_factor,agent:params:metabolism,agent:params:consumption_factor,agent:params:procreate_cost_factor,agent:params:procreate_req_factor,agent:params:start_energy_factor,agent:params:caught_chance,agent:params:caught_cooldown_factor,agent:params:maximum_age,Epoch,Resource,A,B,C,D,E
220322,4.0,5.0,4.0,1.0,3.0,2.0,0.30000000000000004,0.5,30.0,0,3640.0,24,40,18,29,105
220322,4.0,5.0,4.0,1.0,3.0,2.0,0.30000000000000004,0.5,30.0,1,3410.0,23,55,28,34,137
220322,4.0,5.0,4.0,1.0,3.0,2.0,0.30000000000000004,0.5,30.0,2,3002.5,28,64,35,40,164
220322,4.0,5.0,4.0,1.0,3.0,2.0,0.30000000000000004,0.5,30.0,3,2093.125,34,72,45,45,196
220322,4.0,5.0,4.0,1.0,3.0,2.0,0.30000000000000004,0.5,30.0,4,716.40625,46,92,47,54,236
220322,4.0,5.0,4.0,1.0,3.0,2.0,0.30000000000000004,0.5,30.0,5,0,52,108,48,59,256
220322,4.0,5.0,4.0,1.0,3.0,2.0,0.30000000000000004,0.5,30.0,6,0,48,96,44,41,225
220322,4.0,5.0,4.0,1.0,3.0,2.0,0.30000000000000004,0.5,30.0,7,0,39,67,29,25,164
220322,4.0,5.0,4.0,1.0,3.0,2.0,0.30000000000000004,0.5,30.0,8,0,32,48,16,11,115
220322,4.0,5.0,4.0,1.0,3.0,2.0,0.30000000000000004,0.5,30.0,9,0,18,35,11,8,75
220322,4.0,5.0,4.0,1.0,3.0,2.0,0.30000000000000004,0.5,30.0,10,0,15,26,6,7,54
220322,4.0,5.0,4.0,1.0,3.0,2.0,0.30000000000000004,0.5,30.0,11,0,12,19,3,0,38
220322,4.0,5.0,4.0,1.0,3.0,2.0,0.30000000000000004,0.5,30.0,12,0,10,11,2,0,25
220322,4.0,5.0,4.0,1.0,3.0,2.0,0.30000000000000004,0.5,30.0,13,0,8,5,0,0,14
220322,4.0,5.0,4.0,1.0,3.0,2.0,0.30000000000000004,0.5,30.0,14,0,6,4,0,0,11
220322,4.0,5.0,4.0,1.0,3.0,2.0,0.30000000000000004,0.5,30.0,15,0,4,2,0,0,6
220322,4.0,5.0,4.0,1.0,3.0,2.0,0.30000000000000004,0.5,30.0,16,60.0,3,2,0,0,5
220322,4.0,5.0,4.0,1.0,3.0,2.0,0.30000000000000004,0.5,30.0,17,55.0,3,3,0,0,6
220322,4.0,5.0,4.0,1.0,3.0,2.0,0.30000000000000004,0.5,30.0,18,48.75,2,2,0,0,4
220322,4.0,5.0,4.0,1.0,3.0,2.0,0.30000000000000004,0.5,30.0,19,60.9375,1,2,0,0,3
220322,4.0,5.0,4.0,1.0,3.0,2.0,0.30000000000000004,0.5,30.0,20,76.171875,1,0,0,0,1