Exp Num,agent:svo_convergence_factor,agent:params:metabolism,agent:params:consumption_factor,agent:params:procreate_cost_factor,agent:params:procreate_req_factor,agent:params:start_energy_factor,agent:params:caught_chance,agent:params:caught_cooldown_factor,agent:params:maximum_age,Epoch,Resource,A,B,C,D,E
221932,4.0,5.0,4.0,5.0,1.0,3.0,0.30000000000000004,0.2,30.0,0,3640.0,24,41,22,27,107
221932,4.0,5.0,4.0,5.0,1.0,3.0,0.30000000000000004,0.2,30.0,1,2770.0,28,48,29,29,126
221932,4.0,5.0,4.0,5.0,1.0,3.0,0.30000000000000004,0.2,30.0,2,2182.5,35,55,35,28,145
221932,4.0,5.0,4.0,5.0,1.0,3.0,0.30000000000000004,0.2,30.0,3,1548.125,44,72,43,34,180
221932,4.0,5.0,4.0,5.0,1.0,3.0,0.30000000000000004,0.2,30.0,4,235.15625,49,84,49,37,204
221932,4.0,5.0,4.0,5.0,1.0,3.0,0.30000000000000004,0.2,30.0,5,0,51,84,44,29,198
221932,4.0,5.0,4.0,5.0,1.0,3.0,0.30000000000000004,0.2,30.0,6,0,51,80,42,25,187
221932,4.0,5.0,4.0,5.0,1.0,3.0,0.30000000000000004,0.2,30.0,7,0,40,72,38,23,163
221932,4.0,5.0,4.0,5.0,1.0,3.0,0.30000000000000004,0.2,30.0,8,0,37,57,26,15,131
221932,4.0,5.0,4.0,5.0,1.0,3.0,0.30000000000000004,0.2,30.0,9,0,30,47,20,12,102
221932,4.0,5.0,4.0,5.0,1.0,3.0,0.30000000000000004,0.2,30.0,10,0,25,34,10,8,73
221932,4.0,5.0,4.0,5.0,1.0,3.0,0.30000000000000004,0.2,30.0,11,0,18,26,9,5,55
221932,4.0,5.0,4.0,5.0,1.0,3.0,0.30000000000000004,0.2,30.0,12,0,11,19,7,4,37
221932,4.0,5.0,4.0,5.0,1.0,3.0,0.30000000000000004,0.2,30.0,13,0,8,10,6,2,24
221932,4.0,5.0,4.0,5.0,1.0,3.0,0.30000000000000004,0.2,30.0,14,0,6,6,5,2,17
221932,4.0,5.0,4.0,5.0,1.0,3.0,0.30000000000000004,0.2,30.0,15,0,4,3,3,2,10
221932,4.0,5.0,4.0,5.0,1.0,3.0,0.30000000000000004,0.2,30.0,16,40.0,4,0,2,2,6
221932,4.0,5.0,4.0,5.0,1.0,3.0,0.30000000000000004,0.2,30.0,17,30.0,4,0,2,2,6
221932,4.0,5.0,4.0,5.0,1.0,3.0,0.30000000000000004,0.2,30.0,18,0,2,0,1,2,3
221932,4.0,5.0,4.0,5.0,1.0,3.0,0.30000000000000004,0.2,30.0,19,0,3,0,1,2,4
221932,4.0,5.0,4.0,5.0,1.0,3.0,0.30000000000000004,0.2,30.0,20,0,3,0,0,2,3
221932,4.0,5.0,4.0,5.0,1.0,3.0,0.30000000000000004,0.2,30.0,21,0,3,0,0,1,3
221932,4.0,5.0,4.0,5.0,1.0,3.0,0.30000000000000004,0.2,30.0,22,0,3,0,0,0,3
221932,4.0,5.0,4.0,5.0,1.0,3.0,0.30000000000000004,0.2,30.0,23,0,2,0,0,0,2
221932,4.0,5.0,4.0,5.0,1.0,3.0,0.30000000000000004,0.2,30.0,24,0,2,0,0,0,2
221932,4.0,5.0,4.0,5.0,1.0,3.0,0.30000000000000004,0.2,30.0,25,0,2,0,0,0,2
221932,4.0,5.0,4.0,5.0,1.0,3.0,0.30000000000000004,0.2,30.0,26,0,1,0,0,0,1