Exp Num,agent:svo_convergence_factor,agent:params:metabolism,agent:params:consumption_factor,agent:params:procreate_cost_factor,agent:params:procreate_req_factor,agent:params:start_energy_factor,agent:params:caught_chance,agent:params:caught_cooldown_factor,agent:params:maximum_age,Epoch,Resource,A,B,C,D,E
245764,4.0,10.0,4.0,7.0,2.0,2.0,0.1,0.30000000000000004,50.0,0,2440.0,29,30,11,15,85
245764,4.0,10.0,4.0,7.0,2.0,2.0,0.1,0.30000000000000004,50.0,1,0,28,29,11,15,82
245764,4.0,10.0,4.0,7.0,2.0,2.0,0.1,0.30000000000000004,50.0,2,0,28,29,11,14,81
245764,4.0,10.0,4.0,7.0,2.0,2.0,0.1,0.30000000000000004,50.0,3,0,28,29,11,14,81
245764,4.0,10.0,4.0,7.0,2.0,2.0,0.1,0.30000000000000004,50.0,4,0,28,29,11,14,81
245764,4.0,10.0,4.0,7.0,2.0,2.0,0.1,0.30000000000000004,50.0,5,0,25,24,5,5,61
245764,4.0,10.0,4.0,7.0,2.0,2.0,0.1,0.30000000000000004,50.0,6,0,24,20,4,2,48
245764,4.0,10.0,4.0,7.0,2.0,2.0,0.1,0.30000000000000004,50.0,7,0,24,18,2,1,44
245764,4.0,10.0,4.0,7.0,2.0,2.0,0.1,0.30000000000000004,50.0,8,0,24,18,2,1,44
245764,4.0,10.0,4.0,7.0,2.0,2.0,0.1,0.30000000000000004,50.0,9,0,15,13,1,0,29
245764,4.0,10.0,4.0,7.0,2.0,2.0,0.1,0.30000000000000004,50.0,10,0,8,9,1,0,18
245764,4.0,10.0,4.0,7.0,2.0,2.0,0.1,0.30000000000000004,50.0,11,0,4,6,1,0,11
245764,4.0,10.0,4.0,7.0,2.0,2.0,0.1,0.30000000000000004,50.0,12,20.0,2,4,1,0,7
245764,4.0,10.0,4.0,7.0,2.0,2.0,0.1,0.30000000000000004,50.0,13,25.0,1,2,1,0,4
245764,4.0,10.0,4.0,7.0,2.0,2.0,0.1,0.30000000000000004,50.0,14,0,0,2,1,0,3
245764,4.0,10.0,4.0,7.0,2.0,2.0,0.1,0.30000000000000004,50.0,15,0,0,1,1,0,2
245764,4.0,10.0,4.0,7.0,2.0,2.0,0.1,0.30000000000000004,50.0,16,0,0,1,1,0,2
245764,4.0,10.0,4.0,7.0,2.0,2.0,0.1,0.30000000000000004,50.0,17,0,0,0,1,0,1