Exp Num,agent:svo_convergence_factor,agent:params:metabolism,agent:params:consumption_factor,agent:params:procreate_cost_factor,agent:params:procreate_req_factor,agent:params:start_energy_factor,agent:params:caught_chance,agent:params:caught_cooldown_factor,agent:params:maximum_age,Epoch,Resource,A,B,C,D,E
29555,1.0,10.0,2.0,3.0,1.0,3.0,0.30000000000000004,0.2,10.0,0,3660.0,17,27,35,39,94
29555,1.0,10.0,2.0,3.0,1.0,3.0,0.30000000000000004,0.2,10.0,1,2915.0,17,30,46,44,109
29555,1.0,10.0,2.0,3.0,1.0,3.0,0.30000000000000004,0.2,10.0,2,2523.75,15,27,63,46,121
29555,1.0,10.0,2.0,3.0,1.0,3.0,0.30000000000000004,0.2,10.0,3,1174.6875,11,27,75,45,129
29555,1.0,10.0,2.0,3.0,1.0,3.0,0.30000000000000004,0.2,10.0,4,0,9,25,91,45,138
29555,1.0,10.0,2.0,3.0,1.0,3.0,0.30000000000000004,0.2,10.0,5,0,7,20,77,26,110
29555,1.0,10.0,2.0,3.0,1.0,3.0,0.30000000000000004,0.2,10.0,6,0,4,14,56,13,78
29555,1.0,10.0,2.0,3.0,1.0,3.0,0.30000000000000004,0.2,10.0,7,0,3,9,48,6,61
29555,1.0,10.0,2.0,3.0,1.0,3.0,0.30000000000000004,0.2,10.0,8,0,2,6,35,4,43
29555,1.0,10.0,2.0,3.0,1.0,3.0,0.30000000000000004,0.2,10.0,9,0,1,2,26,4,29
29555,1.0,10.0,2.0,3.0,1.0,3.0,0.30000000000000004,0.2,10.0,10,0,1,2,17,0,20
29555,1.0,10.0,2.0,3.0,1.0,3.0,0.30000000000000004,0.2,10.0,11,0,1,2,10,0,13
29555,1.0,10.0,2.0,3.0,1.0,3.0,0.30000000000000004,0.2,10.0,12,0,0,2,5,0,7
29555,1.0,10.0,2.0,3.0,1.0,3.0,0.30000000000000004,0.2,10.0,13,0,0,1,3,0,4
29555,1.0,10.0,2.0,3.0,1.0,3.0,0.30000000000000004,0.2,10.0,14,0,0,1,4,0,5
29555,1.0,10.0,2.0,3.0,1.0,3.0,0.30000000000000004,0.2,10.0,15,20.0,0,1,4,0,5
29555,1.0,10.0,2.0,3.0,1.0,3.0,0.30000000000000004,0.2,10.0,16,0,0,0,4,0,4
29555,1.0,10.0,2.0,3.0,1.0,3.0,0.30000000000000004,0.2,10.0,17,0,0,0,3,0,3
29555,1.0,10.0,2.0,3.0,1.0,3.0,0.30000000000000004,0.2,10.0,18,0,0,0,2,0,2
29555,1.0,10.0,2.0,3.0,1.0,3.0,0.30000000000000004,0.2,10.0,19,0,0,0,1,0,1