Exp Num,agent:svo_convergence_factor,agent:params:metabolism,agent:params:consumption_factor,agent:params:procreate_cost_factor,agent:params:procreate_req_factor,agent:params:start_energy_factor,agent:params:caught_chance,agent:params:caught_cooldown_factor,agent:params:maximum_age,Epoch,Resource,A,B,C,D,E
208135,4.0,5.0,2.0,1.0,1.0,1.0,0.1,0.30000000000000004,10.0,0,4000.0,35,50,16,31,119
208135,4.0,5.0,2.0,1.0,1.0,1.0,0.1,0.30000000000000004,10.0,1,3500.0,48,77,30,45,180
208135,4.0,5.0,2.0,1.0,1.0,1.0,0.1,0.30000000000000004,10.0,2,2695.0,75,112,52,64,273
208135,4.0,5.0,2.0,1.0,1.0,1.0,0.1,0.30000000000000004,10.0,3,938.75,107,166,85,91,398
208135,4.0,5.0,2.0,1.0,1.0,1.0,0.1,0.30000000000000004,10.0,4,0,129,187,100,83,445
208135,4.0,5.0,2.0,1.0,1.0,1.0,0.1,0.30000000000000004,10.0,5,0,107,161,84,50,372
208135,4.0,5.0,2.0,1.0,1.0,1.0,0.1,0.30000000000000004,10.0,6,0,79,122,62,29,276
208135,4.0,5.0,2.0,1.0,1.0,1.0,0.1,0.30000000000000004,10.0,7,0,48,85,54,15,202
208135,4.0,5.0,2.0,1.0,1.0,1.0,0.1,0.30000000000000004,10.0,8,0,37,59,36,10,146
208135,4.0,5.0,2.0,1.0,1.0,1.0,0.1,0.30000000000000004,10.0,9,0,25,43,24,5,103
208135,4.0,5.0,2.0,1.0,1.0,1.0,0.1,0.30000000000000004,10.0,10,0,17,34,18,4,76
208135,4.0,5.0,2.0,1.0,1.0,1.0,0.1,0.30000000000000004,10.0,11,0,9,25,13,1,51
208135,4.0,5.0,2.0,1.0,1.0,1.0,0.1,0.30000000000000004,10.0,12,0,9,17,6,1,33
208135,4.0,5.0,2.0,1.0,1.0,1.0,0.1,0.30000000000000004,10.0,13,0,7,10,7,1,24
208135,4.0,5.0,2.0,1.0,1.0,1.0,0.1,0.30000000000000004,10.0,14,0,3,7,5,2,15
208135,4.0,5.0,2.0,1.0,1.0,1.0,0.1,0.30000000000000004,10.0,15,0,4,7,8,2,19
208135,4.0,5.0,2.0,1.0,1.0,1.0,0.1,0.30000000000000004,10.0,16,0,2,4,6,1,12
208135,4.0,5.0,2.0,1.0,1.0,1.0,0.1,0.30000000000000004,10.0,17,0,1,2,5,1,8
208135,4.0,5.0,2.0,1.0,1.0,1.0,0.1,0.30000000000000004,10.0,18,0,1,3,3,0,7
208135,4.0,5.0,2.0,1.0,1.0,1.0,0.1,0.30000000000000004,10.0,19,0,0,2,2,0,4
208135,4.0,5.0,2.0,1.0,1.0,1.0,0.1,0.30000000000000004,10.0,20,0,0,1,1,0,2
208135,4.0,5.0,2.0,1.0,1.0,1.0,0.1,0.30000000000000004,10.0,21,0,0,0,1,0,1