Exp Num,agent:svo_convergence_factor,agent:params:metabolism,agent:params:consumption_factor,agent:params:procreate_cost_factor,agent:params:procreate_req_factor,agent:params:start_energy_factor,agent:params:caught_chance,agent:params:caught_cooldown_factor,agent:params:maximum_age,Epoch,Resource,A,B,C,D,E
252162,4.0,15.0,1.0,9.0,1.0,2.0,0.2,0.30000000000000004,30.0,0,3500.0,23,26,10,26,74
252162,4.0,15.0,1.0,9.0,1.0,2.0,0.2,0.30000000000000004,30.0,1,2920.0,23,26,10,26,74
252162,4.0,15.0,1.0,9.0,1.0,2.0,0.2,0.30000000000000004,30.0,2,2525.0,23,26,10,26,74
252162,4.0,15.0,1.0,9.0,1.0,2.0,0.2,0.30000000000000004,30.0,3,2361.25,22,23,9,26,69
252162,4.0,15.0,1.0,9.0,1.0,2.0,0.2,0.30000000000000004,30.0,4,1871.5625,19,20,9,26,63
252162,4.0,15.0,1.0,9.0,1.0,2.0,0.2,0.30000000000000004,30.0,5,1214.453125,18,18,9,26,60
252162,4.0,15.0,1.0,9.0,1.0,2.0,0.2,0.30000000000000004,30.0,6,468.06640625,14,17,9,26,55
252162,4.0,15.0,1.0,9.0,1.0,2.0,0.2,0.30000000000000004,30.0,7,0,13,13,6,18,43
252162,4.0,15.0,1.0,9.0,1.0,2.0,0.2,0.30000000000000004,30.0,8,0,10,8,2,7,25
252162,4.0,15.0,1.0,9.0,1.0,2.0,0.2,0.30000000000000004,30.0,9,0,5,6,0,2,15
252162,4.0,15.0,1.0,9.0,1.0,2.0,0.2,0.30000000000000004,30.0,10,0,4,4,0,0,9
252162,4.0,15.0,1.0,9.0,1.0,2.0,0.2,0.30000000000000004,30.0,11,0,1,2,0,0,4
252162,4.0,15.0,1.0,9.0,1.0,2.0,0.2,0.30000000000000004,30.0,12,0,1,1,0,0,2
252162,4.0,15.0,1.0,9.0,1.0,2.0,0.2,0.30000000000000004,30.0,13,0,1,0,0,0,1