Exp Num,agent:svo_convergence_factor,agent:params:metabolism,agent:params:consumption_factor,agent:params:procreate_cost_factor,agent:params:procreate_req_factor,agent:params:start_energy_factor,agent:params:caught_chance,agent:params:caught_cooldown_factor,agent:params:maximum_age,Epoch,Resource,A,B,C,D,E
238406,4.0,10.0,3.0,3.0,3.0,3.0,0.2,0.2,20.0,0,3860.0,12,31,16,33,67
238406,4.0,10.0,3.0,3.0,3.0,3.0,0.2,0.2,20.0,1,3505.0,12,31,16,33,67
238406,4.0,10.0,3.0,3.0,3.0,3.0,0.2,0.2,20.0,2,2851.25,15,27,15,33,65
238406,4.0,10.0,3.0,3.0,3.0,3.0,0.2,0.2,20.0,3,2454.0625,15,27,15,33,64
238406,4.0,10.0,3.0,3.0,3.0,3.0,0.2,0.2,20.0,4,2347.578125,19,27,15,33,68
238406,4.0,10.0,3.0,3.0,3.0,3.0,0.2,0.2,20.0,5,1674.47265625,18,24,16,29,66
238406,4.0,10.0,3.0,3.0,3.0,3.0,0.2,0.2,20.0,6,1223.0908203125,19,24,14,29,64
238406,4.0,10.0,3.0,3.0,3.0,3.0,0.2,0.2,20.0,7,688.863525390625,23,25,14,29,69
238406,4.0,10.0,3.0,3.0,3.0,3.0,0.2,0.2,20.0,8,0,23,23,12,25,63
238406,4.0,10.0,3.0,3.0,3.0,3.0,0.2,0.2,20.0,9,0,22,21,11,24,58
238406,4.0,10.0,3.0,3.0,3.0,3.0,0.2,0.2,20.0,10,0,21,21,11,24,57
238406,4.0,10.0,3.0,3.0,3.0,3.0,0.2,0.2,20.0,11,0,17,18,9,17,47
238406,4.0,10.0,3.0,3.0,3.0,3.0,0.2,0.2,20.0,12,0,16,16,8,10,42
238406,4.0,10.0,3.0,3.0,3.0,3.0,0.2,0.2,20.0,13,0,15,12,8,9,36
238406,4.0,10.0,3.0,3.0,3.0,3.0,0.2,0.2,20.0,14,0,12,9,7,5,29
238406,4.0,10.0,3.0,3.0,3.0,3.0,0.2,0.2,20.0,15,0,10,5,6,3,21
238406,4.0,10.0,3.0,3.0,3.0,3.0,0.2,0.2,20.0,16,0,7,3,4,2,14
238406,4.0,10.0,3.0,3.0,3.0,3.0,0.2,0.2,20.0,17,0,2,1,3,2,6
238406,4.0,10.0,3.0,3.0,3.0,3.0,0.2,0.2,20.0,18,0,2,1,1,1,4
238406,4.0,10.0,3.0,3.0,3.0,3.0,0.2,0.2,20.0,19,40.0,2,0,1,1,3
238406,4.0,10.0,3.0,3.0,3.0,3.0,0.2,0.2,20.0,20,20.0,1,0,1,1,2
238406,4.0,10.0,3.0,3.0,3.0,3.0,0.2,0.2,20.0,21,25.0,1,0,1,1,2
238406,4.0,10.0,3.0,3.0,3.0,3.0,0.2,0.2,20.0,22,31.25,0,0,1,1,1
238406,4.0,10.0,3.0,3.0,3.0,3.0,0.2,0.2,20.0,23,9.0625,0,0,1,1,1
238406,4.0,10.0,3.0,3.0,3.0,3.0,0.2,0.2,20.0,24,11.328125,0,0,0,1,0