Exp Num,agent:svo_convergence_factor,agent:params:metabolism,agent:params:consumption_factor,agent:params:procreate_cost_factor,agent:params:procreate_req_factor,agent:params:start_energy_factor,agent:params:caught_chance,agent:params:caught_cooldown_factor,agent:params:maximum_age,Epoch,Resource,A,B,C,D,E
263439,4.0,15.0,3.0,9.0,1.0,2.0,0.30000000000000004,0.30000000000000004,50.0,0,3470.0,16,30,13,27,73
263439,4.0,15.0,3.0,9.0,1.0,2.0,0.30000000000000004,0.30000000000000004,50.0,1,1727.5,10,23,13,27,60
263439,4.0,15.0,3.0,9.0,1.0,2.0,0.30000000000000004,0.30000000000000004,50.0,2,539.375,9,22,13,26,58
263439,4.0,15.0,3.0,9.0,1.0,2.0,0.30000000000000004,0.30000000000000004,50.0,3,0,9,22,13,26,58
263439,4.0,15.0,3.0,9.0,1.0,2.0,0.30000000000000004,0.30000000000000004,50.0,4,0,9,19,9,17,44
263439,4.0,15.0,3.0,9.0,1.0,2.0,0.30000000000000004,0.30000000000000004,50.0,5,0,8,17,9,10,37
263439,4.0,15.0,3.0,9.0,1.0,2.0,0.30000000000000004,0.30000000000000004,50.0,6,0,8,16,7,9,34
263439,4.0,15.0,3.0,9.0,1.0,2.0,0.30000000000000004,0.30000000000000004,50.0,7,0,6,14,5,6,27
263439,4.0,15.0,3.0,9.0,1.0,2.0,0.30000000000000004,0.30000000000000004,50.0,8,0,4,12,3,2,21
263439,4.0,15.0,3.0,9.0,1.0,2.0,0.30000000000000004,0.30000000000000004,50.0,9,0,3,10,3,2,17
263439,4.0,15.0,3.0,9.0,1.0,2.0,0.30000000000000004,0.30000000000000004,50.0,10,0,2,8,3,1,14
263439,4.0,15.0,3.0,9.0,1.0,2.0,0.30000000000000004,0.30000000000000004,50.0,11,0,0,7,3,0,10
263439,4.0,15.0,3.0,9.0,1.0,2.0,0.30000000000000004,0.30000000000000004,50.0,12,0,0,4,3,0,7
263439,4.0,15.0,3.0,9.0,1.0,2.0,0.30000000000000004,0.30000000000000004,50.0,13,0,0,2,3,0,5
263439,4.0,15.0,3.0,9.0,1.0,2.0,0.30000000000000004,0.30000000000000004,50.0,14,100,0,2,1,0,3
263439,4.0,15.0,3.0,9.0,1.0,2.0,0.30000000000000004,0.30000000000000004,50.0,15,125.0,0,1,0,0,1