Exp Num,agent:svo_convergence_factor,agent:params:metabolism,agent:params:consumption_factor,agent:params:procreate_cost_factor,agent:params:procreate_req_factor,agent:params:start_energy_factor,agent:params:caught_chance,agent:params:caught_cooldown_factor,agent:params:maximum_age,Epoch,Resource,A,B,C,D,E
250136,4.0,15.0,1.0,5.0,2.0,1.0,0.1,0.30000000000000004,20.0,0,3500.0,25,24,7,22,78
250136,4.0,15.0,1.0,5.0,2.0,1.0,0.1,0.30000000000000004,20.0,1,2875.0,25,24,7,22,78
250136,4.0,15.0,1.0,5.0,2.0,1.0,0.1,0.30000000000000004,20.0,2,2093.75,25,24,7,22,78
250136,4.0,15.0,1.0,5.0,2.0,1.0,0.1,0.30000000000000004,20.0,3,1117.1875,25,24,7,22,78
250136,4.0,15.0,1.0,5.0,2.0,1.0,0.1,0.30000000000000004,20.0,4,0,24,23,7,21,75
250136,4.0,15.0,1.0,5.0,2.0,1.0,0.1,0.30000000000000004,20.0,5,0,11,11,4,12,36
250136,4.0,15.0,1.0,5.0,2.0,1.0,0.1,0.30000000000000004,20.0,6,0,7,7,1,4,20
250136,4.0,15.0,1.0,5.0,2.0,1.0,0.1,0.30000000000000004,20.0,7,0,4,5,0,0,12
250136,4.0,15.0,1.0,5.0,2.0,1.0,0.1,0.30000000000000004,20.0,8,0,2,2,0,0,6
250136,4.0,15.0,1.0,5.0,2.0,1.0,0.1,0.30000000000000004,20.0,9,0,1,1,0,0,3
250136,4.0,15.0,1.0,5.0,2.0,1.0,0.1,0.30000000000000004,20.0,10,0,0,0,0,0,1