Exp Num,agent:svo_convergence_factor,agent:params:metabolism,agent:params:consumption_factor,agent:params:procreate_cost_factor,agent:params:procreate_req_factor,agent:params:start_energy_factor,agent:params:caught_chance,agent:params:caught_cooldown_factor,agent:params:maximum_age,Epoch,Resource,A,B,C,D,E
242682,4.0,10.0,4.0,1.0,3.0,1.0,0.30000000000000004,0.2,30.0,0,1000.0,40,48,11,33,117
242682,4.0,10.0,4.0,1.0,3.0,1.0,0.30000000000000004,0.2,30.0,1,0,47,53,12,34,131
242682,4.0,10.0,4.0,1.0,3.0,1.0,0.30000000000000004,0.2,30.0,2,0,50,45,8,28,120
242682,4.0,10.0,4.0,1.0,3.0,1.0,0.30000000000000004,0.2,30.0,3,0,35,30,4,14,78
242682,4.0,10.0,4.0,1.0,3.0,1.0,0.30000000000000004,0.2,30.0,4,0,23,21,2,9,52
242682,4.0,10.0,4.0,1.0,3.0,1.0,0.30000000000000004,0.2,30.0,5,0,12,16,1,6,33
242682,4.0,10.0,4.0,1.0,3.0,1.0,0.30000000000000004,0.2,30.0,6,0,5,11,0,4,17
242682,4.0,10.0,4.0,1.0,3.0,1.0,0.30000000000000004,0.2,30.0,7,0,3,7,0,2,11
242682,4.0,10.0,4.0,1.0,3.0,1.0,0.30000000000000004,0.2,30.0,8,0,2,3,0,0,6
242682,4.0,10.0,4.0,1.0,3.0,1.0,0.30000000000000004,0.2,30.0,9,0,2,1,0,0,3
242682,4.0,10.0,4.0,1.0,3.0,1.0,0.30000000000000004,0.2,30.0,10,0,1,1,0,0,2
242682,4.0,10.0,4.0,1.0,3.0,1.0,0.30000000000000004,0.2,30.0,11,0,1,0,0,0,1