Exp Num,agent:svo_convergence_factor,agent:params:metabolism,agent:params:consumption_factor,agent:params:procreate_cost_factor,agent:params:procreate_req_factor,agent:params:start_energy_factor,agent:params:caught_chance,agent:params:caught_cooldown_factor,agent:params:maximum_age,Epoch,Resource,A,B,C,D,E
251844,4.0,15.0,1.0,7.0,3.0,2.0,0.4,0.4,50.0,0,3500.0,19,24,14,25,75
251844,4.0,15.0,1.0,7.0,3.0,2.0,0.4,0.4,50.0,1,2950.0,19,24,14,25,75
251844,4.0,15.0,1.0,7.0,3.0,2.0,0.4,0.4,50.0,2,2757.5,19,24,14,25,75
251844,4.0,15.0,1.0,7.0,3.0,2.0,0.4,0.4,50.0,3,2471.875,16,20,14,25,67
251844,4.0,15.0,1.0,7.0,3.0,2.0,0.4,0.4,50.0,4,2129.84375,12,18,12,25,59
251844,4.0,15.0,1.0,7.0,3.0,2.0,0.4,0.4,50.0,5,1732.3046875,10,15,12,25,54
251844,4.0,15.0,1.0,7.0,3.0,2.0,0.4,0.4,50.0,6,1190.380859375,9,14,12,24,52
251844,4.0,15.0,1.0,7.0,3.0,2.0,0.4,0.4,50.0,7,452.97607421875,8,12,12,24,49
251844,4.0,15.0,1.0,7.0,3.0,2.0,0.4,0.4,50.0,8,0,6,8,10,19,37
251844,4.0,15.0,1.0,7.0,3.0,2.0,0.4,0.4,50.0,9,0,5,4,4,9,19
251844,4.0,15.0,1.0,7.0,3.0,2.0,0.4,0.4,50.0,10,0,5,3,1,3,12
251844,4.0,15.0,1.0,7.0,3.0,2.0,0.4,0.4,50.0,11,0,3,2,1,2,6
251844,4.0,15.0,1.0,7.0,3.0,2.0,0.4,0.4,50.0,12,0,2,1,0,1,3
251844,4.0,15.0,1.0,7.0,3.0,2.0,0.4,0.4,50.0,13,0,1,1,0,0,2
251844,4.0,15.0,1.0,7.0,3.0,2.0,0.4,0.4,50.0,14,0,0,1,0,0,1