Exp Num,agent:svo_convergence_factor,agent:params:metabolism,agent:params:consumption_factor,agent:params:procreate_cost_factor,agent:params:procreate_req_factor,agent:params:start_energy_factor,agent:params:caught_chance,agent:params:caught_cooldown_factor,agent:params:maximum_age,Epoch,Resource,A,B,C,D,E
249129,4.0,15.0,1.0,3.0,2.0,2.0,0.1,0.1,50.0,0,3500.0,12,30,9,31,69
249129,4.0,15.0,1.0,3.0,2.0,2.0,0.1,0.1,50.0,1,2935.0,12,30,9,31,69
249129,4.0,15.0,1.0,3.0,2.0,2.0,0.1,0.1,50.0,2,2678.75,12,30,9,31,69
249129,4.0,15.0,1.0,3.0,2.0,2.0,0.1,0.1,50.0,3,2268.4375,12,29,8,31,67
249129,4.0,15.0,1.0,3.0,2.0,2.0,0.1,0.1,50.0,4,1755.546875,10,27,7,31,62
249129,4.0,15.0,1.0,3.0,2.0,2.0,0.1,0.1,50.0,5,904.43359375,10,25,7,31,60
249129,4.0,15.0,1.0,3.0,2.0,2.0,0.1,0.1,50.0,6,0,10,24,7,30,57
249129,4.0,15.0,1.0,3.0,2.0,2.0,0.1,0.1,50.0,7,0,9,12,4,16,31
249129,4.0,15.0,1.0,3.0,2.0,2.0,0.1,0.1,50.0,8,0,2,7,4,7,17
249129,4.0,15.0,1.0,3.0,2.0,2.0,0.1,0.1,50.0,9,0,2,3,2,4,8
249129,4.0,15.0,1.0,3.0,2.0,2.0,0.1,0.1,50.0,10,0,1,1,0,3,3
249129,4.0,15.0,1.0,3.0,2.0,2.0,0.1,0.1,50.0,11,0,1,1,0,1,2
249129,4.0,15.0,1.0,3.0,2.0,2.0,0.1,0.1,50.0,12,0,1,0,0,0,1