Exp Num,agent:svo_convergence_factor,agent:params:metabolism,agent:params:consumption_factor,agent:params:procreate_cost_factor,agent:params:procreate_req_factor,agent:params:start_energy_factor,agent:params:caught_chance,agent:params:caught_cooldown_factor,agent:params:maximum_age,Epoch,Resource,A,B,C,D,E
249620,4.0,15.0,1.0,3.0,3.0,2.0,0.5,0.5,10.0,0,3500.0,15,30,10,29,71
249620,4.0,15.0,1.0,3.0,3.0,2.0,0.5,0.5,10.0,1,2965.0,15,30,10,29,71
249620,4.0,15.0,1.0,3.0,3.0,2.0,0.5,0.5,10.0,2,2686.25,15,30,10,29,71
249620,4.0,15.0,1.0,3.0,3.0,2.0,0.5,0.5,10.0,3,2502.8125,12,25,9,27,62
249620,4.0,15.0,1.0,3.0,3.0,2.0,0.5,0.5,10.0,4,2288.515625,10,22,9,24,57
249620,4.0,15.0,1.0,3.0,3.0,2.0,0.5,0.5,10.0,5,2005.64453125,8,20,7,23,51
249620,4.0,15.0,1.0,3.0,3.0,2.0,0.5,0.5,10.0,6,1622.0556640625,7,17,7,23,47
249620,4.0,15.0,1.0,3.0,3.0,2.0,0.5,0.5,10.0,7,1247.569580078125,5,14,7,23,41
249620,4.0,15.0,1.0,3.0,3.0,2.0,0.5,0.5,10.0,8,674.4619750976562,5,14,6,23,39
249620,4.0,15.0,1.0,3.0,3.0,2.0,0.5,0.5,10.0,9,0,5,12,6,22,37
249620,4.0,15.0,1.0,3.0,3.0,2.0,0.5,0.5,10.0,10,0,3,3,3,11,18
249620,4.0,15.0,1.0,3.0,3.0,2.0,0.5,0.5,10.0,11,0,2,2,0,6,8
249620,4.0,15.0,1.0,3.0,3.0,2.0,0.5,0.5,10.0,12,0,1,0,0,3,4
249620,4.0,15.0,1.0,3.0,3.0,2.0,0.5,0.5,10.0,13,0,1,0,0,0,3
249620,4.0,15.0,1.0,3.0,3.0,2.0,0.5,0.5,10.0,14,0,0,0,0,0,1