Exp Num,agent:svo_convergence_factor,agent:params:metabolism,agent:params:consumption_factor,agent:params:procreate_cost_factor,agent:params:procreate_req_factor,agent:params:start_energy_factor,agent:params:caught_chance,agent:params:caught_cooldown_factor,agent:params:maximum_age,Epoch,Resource,A,B,C,D,E
244338,4.0,10.0,4.0,5.0,1.0,2.0,0.4,0.30000000000000004,40.0,0,3800.0,22,42,12,27,88
244338,4.0,10.0,4.0,5.0,1.0,2.0,0.4,0.30000000000000004,40.0,1,2150.0,19,33,11,24,76
244338,4.0,10.0,4.0,5.0,1.0,2.0,0.4,0.30000000000000004,40.0,2,927.5,22,36,13,28,85
244338,4.0,10.0,4.0,5.0,1.0,2.0,0.4,0.30000000000000004,40.0,3,0,30,41,15,32,101
244338,4.0,10.0,4.0,5.0,1.0,2.0,0.4,0.30000000000000004,40.0,4,0,25,31,15,26,85
244338,4.0,10.0,4.0,5.0,1.0,2.0,0.4,0.30000000000000004,40.0,5,0,22,23,12,21,69
244338,4.0,10.0,4.0,5.0,1.0,2.0,0.4,0.30000000000000004,40.0,6,0,23,21,9,16,59
244338,4.0,10.0,4.0,5.0,1.0,2.0,0.4,0.30000000000000004,40.0,7,0,20,16,9,16,48
244338,4.0,10.0,4.0,5.0,1.0,2.0,0.4,0.30000000000000004,40.0,8,0,16,12,7,10,37
244338,4.0,10.0,4.0,5.0,1.0,2.0,0.4,0.30000000000000004,40.0,9,0,9,10,6,6,27
244338,4.0,10.0,4.0,5.0,1.0,2.0,0.4,0.30000000000000004,40.0,10,0,8,7,6,0,23
244338,4.0,10.0,4.0,5.0,1.0,2.0,0.4,0.30000000000000004,40.0,11,0,5,5,6,0,18
244338,4.0,10.0,4.0,5.0,1.0,2.0,0.4,0.30000000000000004,40.0,12,0,3,3,5,0,12
244338,4.0,10.0,4.0,5.0,1.0,2.0,0.4,0.30000000000000004,40.0,13,0,1,2,4,0,7
244338,4.0,10.0,4.0,5.0,1.0,2.0,0.4,0.30000000000000004,40.0,14,60.0,1,2,3,0,6
244338,4.0,10.0,4.0,5.0,1.0,2.0,0.4,0.30000000000000004,40.0,15,35.0,0,1,3,1,4
244338,4.0,10.0,4.0,5.0,1.0,2.0,0.4,0.30000000000000004,40.0,16,3.75,0,1,3,1,4
244338,4.0,10.0,4.0,5.0,1.0,2.0,0.4,0.30000000000000004,40.0,17,0,0,0,3,1,3
244338,4.0,10.0,4.0,5.0,1.0,2.0,0.4,0.30000000000000004,40.0,18,0,0,0,1,1,1
244338,4.0,10.0,4.0,5.0,1.0,2.0,0.4,0.30000000000000004,40.0,19,0,0,0,1,1,1
244338,4.0,10.0,4.0,5.0,1.0,2.0,0.4,0.30000000000000004,40.0,20,0,0,0,1,0,1