Exp Num,agent:svo_convergence_factor,agent:params:metabolism,agent:params:consumption_factor,agent:params:procreate_cost_factor,agent:params:procreate_req_factor,agent:params:start_energy_factor,agent:params:caught_chance,agent:params:caught_cooldown_factor,agent:params:maximum_age,Epoch,Resource,A,B,C,D,E
251199,4.0,15.0,1.0,7.0,1.0,3.0,0.30000000000000004,0.5,50.0,0,3500.0,9,31,15,32,68
251199,4.0,15.0,1.0,7.0,1.0,3.0,0.30000000000000004,0.5,50.0,1,2950.0,9,31,15,32,68
251199,4.0,15.0,1.0,7.0,1.0,3.0,0.30000000000000004,0.5,50.0,2,2742.5,9,31,15,32,68
251199,4.0,15.0,1.0,7.0,1.0,3.0,0.30000000000000004,0.5,50.0,3,2723.125,9,30,15,32,67
251199,4.0,15.0,1.0,7.0,1.0,3.0,0.30000000000000004,0.5,50.0,4,2803.90625,8,26,12,28,59
251199,4.0,15.0,1.0,7.0,1.0,3.0,0.30000000000000004,0.5,50.0,5,2724.8828125,6,20,11,28,50
251199,4.0,15.0,1.0,7.0,1.0,3.0,0.30000000000000004,0.5,50.0,6,2491.103515625,4,19,9,28,45
251199,4.0,15.0,1.0,7.0,1.0,3.0,0.30000000000000004,0.5,50.0,7,2123.87939453125,4,17,9,28,43
251199,4.0,15.0,1.0,7.0,1.0,3.0,0.30000000000000004,0.5,50.0,8,1784.8492431640625,4,15,8,28,40
251199,4.0,15.0,1.0,7.0,1.0,3.0,0.30000000000000004,0.5,50.0,9,1436.0615539550781,4,15,8,28,40
251199,4.0,15.0,1.0,7.0,1.0,3.0,0.30000000000000004,0.5,50.0,10,1000.0769424438477,2,14,8,27,37
251199,4.0,15.0,1.0,7.0,1.0,3.0,0.30000000000000004,0.5,50.0,11,380.09617805480957,2,13,8,27,36
251199,4.0,15.0,1.0,7.0,1.0,3.0,0.30000000000000004,0.5,50.0,12,0,2,12,7,18,31
251199,4.0,15.0,1.0,7.0,1.0,3.0,0.30000000000000004,0.5,50.0,13,0,2,8,5,7,18
251199,4.0,15.0,1.0,7.0,1.0,3.0,0.30000000000000004,0.5,50.0,14,0,1,4,2,4,9
251199,4.0,15.0,1.0,7.0,1.0,3.0,0.30000000000000004,0.5,50.0,15,0,1,2,0,2,5
251199,4.0,15.0,1.0,7.0,1.0,3.0,0.30000000000000004,0.5,50.0,16,0,1,2,0,1,3
251199,4.0,15.0,1.0,7.0,1.0,3.0,0.30000000000000004,0.5,50.0,17,0,1,2,0,0,3
251199,4.0,15.0,1.0,7.0,1.0,3.0,0.30000000000000004,0.5,50.0,18,0,0,1,0,0,1