Exp Num,agent:svo_convergence_factor,agent:params:metabolism,agent:params:consumption_factor,agent:params:procreate_cost_factor,agent:params:procreate_req_factor,agent:params:start_energy_factor,agent:params:caught_chance,agent:params:caught_cooldown_factor,agent:params:maximum_age,Epoch,Resource,A,B,C,D,E
22802,1.0,10.0,1.0,1.0,1.0,3.0,0.30000000000000004,0.1,30.0,0,4000.0,22,44,28,38,112
22802,1.0,10.0,1.0,1.0,1.0,3.0,0.30000000000000004,0.1,30.0,1,3500.0,26,70,56,53,172
22802,1.0,10.0,1.0,1.0,1.0,3.0,0.30000000000000004,0.1,30.0,2,2545.0,32,105,99,78,259
22802,1.0,10.0,1.0,1.0,1.0,3.0,0.30000000000000004,0.1,30.0,3,1471.25,14,87,94,55,208
22802,1.0,10.0,1.0,1.0,1.0,3.0,0.30000000000000004,0.1,30.0,4,539.0625,13,76,86,36,184
22802,1.0,10.0,1.0,1.0,1.0,3.0,0.30000000000000004,0.1,30.0,5,0,9,63,74,26,148
22802,1.0,10.0,1.0,1.0,1.0,3.0,0.30000000000000004,0.1,30.0,6,0,6,38,56,16,101
22802,1.0,10.0,1.0,1.0,1.0,3.0,0.30000000000000004,0.1,30.0,7,0,3,24,45,7,72
22802,1.0,10.0,1.0,1.0,1.0,3.0,0.30000000000000004,0.1,30.0,8,0,2,18,34,0,54
22802,1.0,10.0,1.0,1.0,1.0,3.0,0.30000000000000004,0.1,30.0,9,0,2,14,29,0,45
22802,1.0,10.0,1.0,1.0,1.0,3.0,0.30000000000000004,0.1,30.0,10,0,1,9,19,0,29
22802,1.0,10.0,1.0,1.0,1.0,3.0,0.30000000000000004,0.1,30.0,11,0,0,8,15,0,23
22802,1.0,10.0,1.0,1.0,1.0,3.0,0.30000000000000004,0.1,30.0,12,0,0,4,11,0,15
22802,1.0,10.0,1.0,1.0,1.0,3.0,0.30000000000000004,0.1,30.0,13,0,0,3,7,0,10
22802,1.0,10.0,1.0,1.0,1.0,3.0,0.30000000000000004,0.1,30.0,14,0,0,2,5,0,7
22802,1.0,10.0,1.0,1.0,1.0,3.0,0.30000000000000004,0.1,30.0,15,0,0,1,3,0,4
22802,1.0,10.0,1.0,1.0,1.0,3.0,0.30000000000000004,0.1,30.0,16,70.0,0,1,3,0,4
22802,1.0,10.0,1.0,1.0,1.0,3.0,0.30000000000000004,0.1,30.0,17,57.5,0,0,2,0,2
22802,1.0,10.0,1.0,1.0,1.0,3.0,0.30000000000000004,0.1,30.0,18,51.875,0,0,3,0,3
22802,1.0,10.0,1.0,1.0,1.0,3.0,0.30000000000000004,0.1,30.0,19,44.84375,0,0,2,0,2
22802,1.0,10.0,1.0,1.0,1.0,3.0,0.30000000000000004,0.1,30.0,20,36.0546875,0,0,3,0,3
22802,1.0,10.0,1.0,1.0,1.0,3.0,0.30000000000000004,0.1,30.0,21,15.068359375,0,0,3,0,3
22802,1.0,10.0,1.0,1.0,1.0,3.0,0.30000000000000004,0.1,30.0,22,0,0,0,3,0,3
22802,1.0,10.0,1.0,1.0,1.0,3.0,0.30000000000000004,0.1,30.0,23,0,0,0,1,0,1