Exp Num,agent:svo_convergence_factor,agent:params:metabolism,agent:params:consumption_factor,agent:params:procreate_cost_factor,agent:params:procreate_req_factor,agent:params:start_energy_factor,agent:params:caught_chance,agent:params:caught_cooldown_factor,agent:params:maximum_age,Epoch,Resource,A,B,C,D,E
239173,4.0,10.0,3.0,5.0,2.0,3.0,0.2,0.5,40.0,0,4010.0,19,29,15,21,79
239173,4.0,10.0,3.0,5.0,2.0,3.0,0.2,0.5,40.0,1,3962.5,19,29,15,21,79
239173,4.0,10.0,3.0,5.0,2.0,3.0,0.2,0.5,40.0,2,3213.125,17,21,13,21,66
239173,4.0,10.0,3.0,5.0,2.0,3.0,0.2,0.5,40.0,3,2996.40625,19,20,13,21,67
239173,4.0,10.0,3.0,5.0,2.0,3.0,0.2,0.5,40.0,4,3055.5078125,22,20,13,21,70
239173,4.0,10.0,3.0,5.0,2.0,3.0,0.2,0.5,40.0,5,2619.384765625,21,20,12,19,68
239173,4.0,10.0,3.0,5.0,2.0,3.0,0.2,0.5,40.0,6,2284.23095703125,22,22,12,19,70
239173,4.0,10.0,3.0,5.0,2.0,3.0,0.2,0.5,40.0,7,2165.2886962890625,24,22,13,20,73
239173,4.0,10.0,3.0,5.0,2.0,3.0,0.2,0.5,40.0,8,1716.6108703613281,24,20,13,19,71
239173,4.0,10.0,3.0,5.0,2.0,3.0,0.2,0.5,40.0,9,1485.7635879516602,23,22,13,17,70
239173,4.0,10.0,3.0,5.0,2.0,3.0,0.2,0.5,40.0,10,1077.2044849395752,24,23,13,17,72
239173,4.0,10.0,3.0,5.0,2.0,3.0,0.2,0.5,40.0,11,446.505606174469,24,22,14,17,72
239173,4.0,10.0,3.0,5.0,2.0,3.0,0.2,0.5,40.0,12,138.13200771808624,19,20,14,16,65
239173,4.0,10.0,3.0,5.0,2.0,3.0,0.2,0.5,40.0,13,0,18,19,14,15,61
239173,4.0,10.0,3.0,5.0,2.0,3.0,0.2,0.5,40.0,14,0,17,18,13,11,55
239173,4.0,10.0,3.0,5.0,2.0,3.0,0.2,0.5,40.0,15,0,17,17,11,9,47
239173,4.0,10.0,3.0,5.0,2.0,3.0,0.2,0.5,40.0,16,0,13,16,10,6,39
239173,4.0,10.0,3.0,5.0,2.0,3.0,0.2,0.5,40.0,17,0,11,13,9,5,33
239173,4.0,10.0,3.0,5.0,2.0,3.0,0.2,0.5,40.0,18,0,7,11,8,3,26
239173,4.0,10.0,3.0,5.0,2.0,3.0,0.2,0.5,40.0,19,0,5,11,6,0,22
239173,4.0,10.0,3.0,5.0,2.0,3.0,0.2,0.5,40.0,20,0,4,9,4,0,17
239173,4.0,10.0,3.0,5.0,2.0,3.0,0.2,0.5,40.0,21,0,3,7,3,0,13
239173,4.0,10.0,3.0,5.0,2.0,3.0,0.2,0.5,40.0,22,0,1,6,2,0,9
239173,4.0,10.0,3.0,5.0,2.0,3.0,0.2,0.5,40.0,23,0,1,2,2,0,5
239173,4.0,10.0,3.0,5.0,2.0,3.0,0.2,0.5,40.0,24,70.0,1,0,2,0,3
239173,4.0,10.0,3.0,5.0,2.0,3.0,0.2,0.5,40.0,25,87.5,0,0,2,0,2
239173,4.0,10.0,3.0,5.0,2.0,3.0,0.2,0.5,40.0,26,109.375,0,0,2,0,2
239173,4.0,10.0,3.0,5.0,2.0,3.0,0.2,0.5,40.0,27,106.71875,0,0,1,0,1