Exp Num,agent:svo_convergence_factor,agent:params:metabolism,agent:params:consumption_factor,agent:params:procreate_cost_factor,agent:params:procreate_req_factor,agent:params:start_energy_factor,agent:params:caught_chance,agent:params:caught_cooldown_factor,agent:params:maximum_age,Epoch,Resource,A,B,C,D,E
242062,4.0,10.0,4.0,1.0,1.0,2.0,0.30000000000000004,0.30000000000000004,30.0,0,3760.0,24,38,19,38,112
242062,4.0,10.0,4.0,1.0,1.0,2.0,0.30000000000000004,0.30000000000000004,30.0,1,1660.0,26,39,29,57,138
242062,4.0,10.0,4.0,1.0,1.0,2.0,0.30000000000000004,0.30000000000000004,30.0,2,0,38,51,46,76,190
242062,4.0,10.0,4.0,1.0,1.0,2.0,0.30000000000000004,0.30000000000000004,30.0,3,0,47,54,47,68,183
242062,4.0,10.0,4.0,1.0,1.0,2.0,0.30000000000000004,0.30000000000000004,30.0,4,0,40,48,45,52,162
242062,4.0,10.0,4.0,1.0,1.0,2.0,0.30000000000000004,0.30000000000000004,30.0,5,0,34,38,38,41,134
242062,4.0,10.0,4.0,1.0,1.0,2.0,0.30000000000000004,0.30000000000000004,30.0,6,0,23,31,28,35,97
242062,4.0,10.0,4.0,1.0,1.0,2.0,0.30000000000000004,0.30000000000000004,30.0,7,0,20,23,26,21,77
242062,4.0,10.0,4.0,1.0,1.0,2.0,0.30000000000000004,0.30000000000000004,30.0,8,0,14,20,21,16,63
242062,4.0,10.0,4.0,1.0,1.0,2.0,0.30000000000000004,0.30000000000000004,30.0,9,0,9,14,17,9,46
242062,4.0,10.0,4.0,1.0,1.0,2.0,0.30000000000000004,0.30000000000000004,30.0,10,0,7,7,11,5,31
242062,4.0,10.0,4.0,1.0,1.0,2.0,0.30000000000000004,0.30000000000000004,30.0,11,0,5,9,5,3,25
242062,4.0,10.0,4.0,1.0,1.0,2.0,0.30000000000000004,0.30000000000000004,30.0,12,0,1,7,4,2,18
242062,4.0,10.0,4.0,1.0,1.0,2.0,0.30000000000000004,0.30000000000000004,30.0,13,0,1,6,0,1,13
242062,4.0,10.0,4.0,1.0,1.0,2.0,0.30000000000000004,0.30000000000000004,30.0,14,0,1,4,1,1,10
242062,4.0,10.0,4.0,1.0,1.0,2.0,0.30000000000000004,0.30000000000000004,30.0,15,0,1,2,1,1,5
242062,4.0,10.0,4.0,1.0,1.0,2.0,0.30000000000000004,0.30000000000000004,30.0,16,0,0,1,1,0,3
242062,4.0,10.0,4.0,1.0,1.0,2.0,0.30000000000000004,0.30000000000000004,30.0,17,0,0,1,0,0,2
242062,4.0,10.0,4.0,1.0,1.0,2.0,0.30000000000000004,0.30000000000000004,30.0,18,0,0,1,0,0,1