Exp Num,agent:svo_convergence_factor,agent:params:metabolism,agent:params:consumption_factor,agent:params:procreate_cost_factor,agent:params:procreate_req_factor,agent:params:start_energy_factor,agent:params:caught_chance,agent:params:caught_cooldown_factor,agent:params:maximum_age,Epoch,Resource,A,B,C,D,E
260865,4.0,15.0,3.0,3.0,3.0,2.0,0.5,0.4,10.0,0,4235.0,18,27,9,25,75
260865,4.0,15.0,3.0,3.0,3.0,2.0,0.5,0.4,10.0,1,2953.75,14,18,6,22,59
260865,4.0,15.0,3.0,3.0,3.0,2.0,0.5,0.4,10.0,2,2522.1875,11,17,6,22,55
260865,4.0,15.0,3.0,3.0,3.0,2.0,0.5,0.4,10.0,3,2477.734375,11,17,6,22,55
260865,4.0,15.0,3.0,3.0,3.0,2.0,0.5,0.4,10.0,4,1792.16796875,9,12,6,19,48
260865,4.0,15.0,3.0,3.0,3.0,2.0,0.5,0.4,10.0,5,1565.2099609375,6,11,5,19,43
260865,4.0,15.0,3.0,3.0,3.0,2.0,0.5,0.4,10.0,6,1551.512451171875,6,9,5,19,41
260865,4.0,15.0,3.0,3.0,3.0,2.0,0.5,0.4,10.0,7,1219.3905639648438,6,9,4,13,38
260865,4.0,15.0,3.0,3.0,3.0,2.0,0.5,0.4,10.0,8,1074.2382049560547,6,5,3,12,33
260865,4.0,15.0,3.0,3.0,3.0,2.0,0.5,0.4,10.0,9,1117.7977561950684,6,5,3,11,33
260865,4.0,15.0,3.0,3.0,3.0,2.0,0.5,0.4,10.0,10,1082.2471952438354,6,5,2,6,27
260865,4.0,15.0,3.0,3.0,3.0,2.0,0.5,0.4,10.0,11,902.8089940547943,3,5,2,3,17
260865,4.0,15.0,3.0,3.0,3.0,2.0,0.5,0.4,10.0,12,858.5112425684929,2,2,2,2,11
260865,4.0,15.0,3.0,3.0,3.0,2.0,0.5,0.4,10.0,13,893.1390532106161,1,2,2,2,5
260865,4.0,15.0,3.0,3.0,3.0,2.0,0.5,0.4,10.0,14,1116.4238165132701,0,1,2,1,3
260865,4.0,15.0,3.0,3.0,3.0,2.0,0.5,0.4,10.0,15,1260.5297706415877,0,1,1,1,2
260865,4.0,15.0,3.0,3.0,3.0,2.0,0.5,0.4,10.0,16,1440.6622133019846,0,1,1,1,2
260865,4.0,15.0,3.0,3.0,3.0,2.0,0.5,0.4,10.0,17,1710.8277666274807,0,1,0,1,1
260865,4.0,15.0,3.0,3.0,3.0,2.0,0.5,0.4,10.0,18,2093.534708284351,0,1,0,0,1