Exp Num,agent:svo_convergence_factor,agent:params:metabolism,agent:params:consumption_factor,agent:params:procreate_cost_factor,agent:params:procreate_req_factor,agent:params:start_energy_factor,agent:params:caught_chance,agent:params:caught_cooldown_factor,agent:params:maximum_age,Epoch,Resource,A,B,C,D,E
254427,4.0,15.0,2.0,3.0,1.0,2.0,0.30000000000000004,0.1,30.0,0,4130.0,23,29,15,25,89
254427,4.0,15.0,2.0,3.0,1.0,2.0,0.30000000000000004,0.1,30.0,1,2612.5,20,27,16,24,84
254427,4.0,15.0,2.0,3.0,1.0,2.0,0.30000000000000004,0.1,30.0,2,1825.625,22,31,17,25,90
254427,4.0,15.0,2.0,3.0,1.0,2.0,0.30000000000000004,0.1,30.0,3,302.03125,23,39,17,23,99
254427,4.0,15.0,2.0,3.0,1.0,2.0,0.30000000000000004,0.1,30.0,4,0,16,31,14,19,80
254427,4.0,15.0,2.0,3.0,1.0,2.0,0.30000000000000004,0.1,30.0,5,0,13,24,7,11,54
254427,4.0,15.0,2.0,3.0,1.0,2.0,0.30000000000000004,0.1,30.0,6,0,10,18,6,3,38
254427,4.0,15.0,2.0,3.0,1.0,2.0,0.30000000000000004,0.1,30.0,7,0,8,12,5,2,27
254427,4.0,15.0,2.0,3.0,1.0,2.0,0.30000000000000004,0.1,30.0,8,0,8,7,4,1,20
254427,4.0,15.0,2.0,3.0,1.0,2.0,0.30000000000000004,0.1,30.0,9,0,9,4,2,0,15
254427,4.0,15.0,2.0,3.0,1.0,2.0,0.30000000000000004,0.1,30.0,10,0,8,3,1,0,12
254427,4.0,15.0,2.0,3.0,1.0,2.0,0.30000000000000004,0.1,30.0,11,0,6,2,1,0,9
254427,4.0,15.0,2.0,3.0,1.0,2.0,0.30000000000000004,0.1,30.0,12,0,4,1,0,0,5
254427,4.0,15.0,2.0,3.0,1.0,2.0,0.30000000000000004,0.1,30.0,13,0,2,0,0,0,2
254427,4.0,15.0,2.0,3.0,1.0,2.0,0.30000000000000004,0.1,30.0,14,0,2,0,0,0,2
254427,4.0,15.0,2.0,3.0,1.0,2.0,0.30000000000000004,0.1,30.0,15,40.0,2,0,0,0,2
254427,4.0,15.0,2.0,3.0,1.0,2.0,0.30000000000000004,0.1,30.0,16,0,2,0,0,0,2
254427,4.0,15.0,2.0,3.0,1.0,2.0,0.30000000000000004,0.1,30.0,17,0,1,0,0,0,1