Exp Num,agent:svo_convergence_factor,agent:params:metabolism,agent:params:consumption_factor,agent:params:procreate_cost_factor,agent:params:procreate_req_factor,agent:params:start_energy_factor,agent:params:caught_chance,agent:params:caught_cooldown_factor,agent:params:maximum_age,Epoch,Resource,A,B,C,D,E
222889,4.0,5.0,4.0,7.0,1.0,2.0,0.1,0.30000000000000004,50.0,0,3620.0,20,15,14,34,66
222889,4.0,5.0,4.0,7.0,1.0,2.0,0.1,0.30000000000000004,50.0,1,3165.0,26,20,18,36,81
222889,4.0,5.0,4.0,7.0,1.0,2.0,0.1,0.30000000000000004,50.0,2,2456.25,34,22,22,38,97
222889,4.0,5.0,4.0,7.0,1.0,2.0,0.1,0.30000000000000004,50.0,3,1610.3125,44,31,29,40,125
222889,4.0,5.0,4.0,7.0,1.0,2.0,0.1,0.30000000000000004,50.0,4,232.890625,54,38,36,42,150
222889,4.0,5.0,4.0,7.0,1.0,2.0,0.1,0.30000000000000004,50.0,5,0,62,42,37,38,159
222889,4.0,5.0,4.0,7.0,1.0,2.0,0.1,0.30000000000000004,50.0,6,0,63,41,34,31,150
222889,4.0,5.0,4.0,7.0,1.0,2.0,0.1,0.30000000000000004,50.0,7,0,48,36,33,26,130
222889,4.0,5.0,4.0,7.0,1.0,2.0,0.1,0.30000000000000004,50.0,8,0,41,33,29,23,116
222889,4.0,5.0,4.0,7.0,1.0,2.0,0.1,0.30000000000000004,50.0,9,0,41,28,25,21,103
222889,4.0,5.0,4.0,7.0,1.0,2.0,0.1,0.30000000000000004,50.0,10,0,39,25,19,15,90
222889,4.0,5.0,4.0,7.0,1.0,2.0,0.1,0.30000000000000004,50.0,11,0,32,18,16,12,71
222889,4.0,5.0,4.0,7.0,1.0,2.0,0.1,0.30000000000000004,50.0,12,0,22,13,13,9,51
222889,4.0,5.0,4.0,7.0,1.0,2.0,0.1,0.30000000000000004,50.0,13,0,18,10,10,7,40
222889,4.0,5.0,4.0,7.0,1.0,2.0,0.1,0.30000000000000004,50.0,14,0,14,6,4,4,26
222889,4.0,5.0,4.0,7.0,1.0,2.0,0.1,0.30000000000000004,50.0,15,0,8,6,4,2,19
222889,4.0,5.0,4.0,7.0,1.0,2.0,0.1,0.30000000000000004,50.0,16,0,6,3,4,2,14
222889,4.0,5.0,4.0,7.0,1.0,2.0,0.1,0.30000000000000004,50.0,17,0,5,0,3,2,8
222889,4.0,5.0,4.0,7.0,1.0,2.0,0.1,0.30000000000000004,50.0,18,0,4,0,2,1,6
222889,4.0,5.0,4.0,7.0,1.0,2.0,0.1,0.30000000000000004,50.0,19,0,4,0,1,1,5
222889,4.0,5.0,4.0,7.0,1.0,2.0,0.1,0.30000000000000004,50.0,20,0,3,0,1,1,4
222889,4.0,5.0,4.0,7.0,1.0,2.0,0.1,0.30000000000000004,50.0,21,0,3,0,1,0,4
222889,4.0,5.0,4.0,7.0,1.0,2.0,0.1,0.30000000000000004,50.0,22,0,3,0,0,0,3
222889,4.0,5.0,4.0,7.0,1.0,2.0,0.1,0.30000000000000004,50.0,23,0,2,0,0,0,2
222889,4.0,5.0,4.0,7.0,1.0,2.0,0.1,0.30000000000000004,50.0,24,0,1,0,0,0,1