Exp Num,agent:svo_convergence_factor,agent:params:metabolism,agent:params:consumption_factor,agent:params:procreate_cost_factor,agent:params:procreate_req_factor,agent:params:start_energy_factor,agent:params:caught_chance,agent:params:caught_cooldown_factor,agent:params:maximum_age,Epoch,Resource,A,B,C,D,E
23610,1.0,10.0,1.0,1.0,3.0,3.0,0.5,0.30000000000000004,10.0,0,4000.0,27,30,34,41,109
23610,1.0,10.0,1.0,1.0,3.0,3.0,0.5,0.30000000000000004,10.0,1,3500.0,27,30,34,41,109
23610,1.0,10.0,1.0,1.0,3.0,3.0,0.5,0.30000000000000004,10.0,2,2985.0,27,30,34,41,109
23610,1.0,10.0,1.0,1.0,3.0,3.0,0.5,0.30000000000000004,10.0,3,2751.25,25,29,33,41,105
23610,1.0,10.0,1.0,1.0,3.0,3.0,0.5,0.30000000000000004,10.0,4,2509.0625,23,24,30,38,94
23610,1.0,10.0,1.0,1.0,3.0,3.0,0.5,0.30000000000000004,10.0,5,2266.328125,19,23,29,35,87
23610,1.0,10.0,1.0,1.0,3.0,3.0,0.5,0.30000000000000004,10.0,6,2012.91015625,15,17,29,33,77
23610,1.0,10.0,1.0,1.0,3.0,3.0,0.5,0.30000000000000004,10.0,7,1706.1376953125,11,16,28,32,71
23610,1.0,10.0,1.0,1.0,3.0,3.0,0.5,0.30000000000000004,10.0,8,1342.672119140625,11,13,26,30,66
23610,1.0,10.0,1.0,1.0,3.0,3.0,0.5,0.30000000000000004,10.0,9,818.3401489257812,9,13,25,30,63
23610,1.0,10.0,1.0,1.0,3.0,3.0,0.5,0.30000000000000004,10.0,10,392.92518615722656,5,8,22,21,44
23610,1.0,10.0,1.0,1.0,3.0,3.0,0.5,0.30000000000000004,10.0,11,51.1564826965332,3,4,15,16,28
23610,1.0,10.0,1.0,1.0,3.0,3.0,0.5,0.30000000000000004,10.0,12,0,2,2,10,7,16
23610,1.0,10.0,1.0,1.0,3.0,3.0,0.5,0.30000000000000004,10.0,13,0,0,2,3,5,6
23610,1.0,10.0,1.0,1.0,3.0,3.0,0.5,0.30000000000000004,10.0,14,0,0,1,2,2,3
23610,1.0,10.0,1.0,1.0,3.0,3.0,0.5,0.30000000000000004,10.0,15,0,0,0,2,0,2
23610,1.0,10.0,1.0,1.0,3.0,3.0,0.5,0.30000000000000004,10.0,16,0,0,0,1,0,1