Exp Num,agent:svo_convergence_factor,agent:params:metabolism,agent:params:consumption_factor,agent:params:procreate_cost_factor,agent:params:procreate_req_factor,agent:params:start_energy_factor,agent:params:caught_chance,agent:params:caught_cooldown_factor,agent:params:maximum_age,Epoch,Resource,A,B,C,D,E
266539,4.0,15.0,4.0,3.0,3.0,3.0,0.2,0.30000000000000004,50.0,0,2480.0,13,34,11,27,73
266539,4.0,15.0,4.0,3.0,3.0,3.0,0.2,0.30000000000000004,50.0,1,1240.0,18,38,12,27,83
266539,4.0,15.0,4.0,3.0,3.0,3.0,0.2,0.30000000000000004,50.0,2,0,17,36,7,20,68
266539,4.0,15.0,4.0,3.0,3.0,3.0,0.2,0.30000000000000004,50.0,3,0,17,32,7,18,61
266539,4.0,15.0,4.0,3.0,3.0,3.0,0.2,0.30000000000000004,50.0,4,0,17,32,7,18,61
266539,4.0,15.0,4.0,3.0,3.0,3.0,0.2,0.30000000000000004,50.0,5,0,17,32,7,18,61
266539,4.0,15.0,4.0,3.0,3.0,3.0,0.2,0.30000000000000004,50.0,6,0,16,25,4,11,47
266539,4.0,15.0,4.0,3.0,3.0,3.0,0.2,0.30000000000000004,50.0,7,0,12,15,4,6,32
266539,4.0,15.0,4.0,3.0,3.0,3.0,0.2,0.30000000000000004,50.0,8,0,7,9,3,4,20
266539,4.0,15.0,4.0,3.0,3.0,3.0,0.2,0.30000000000000004,50.0,9,0,5,7,0,2,13
266539,4.0,15.0,4.0,3.0,3.0,3.0,0.2,0.30000000000000004,50.0,10,0,2,7,0,1,9
266539,4.0,15.0,4.0,3.0,3.0,3.0,0.2,0.30000000000000004,50.0,11,0,2,4,0,1,6
266539,4.0,15.0,4.0,3.0,3.0,3.0,0.2,0.30000000000000004,50.0,12,0,1,3,0,1,4
266539,4.0,15.0,4.0,3.0,3.0,3.0,0.2,0.30000000000000004,50.0,13,40.0,1,2,0,1,3
266539,4.0,15.0,4.0,3.0,3.0,3.0,0.2,0.30000000000000004,50.0,14,50.0,1,1,0,1,2
266539,4.0,15.0,4.0,3.0,3.0,3.0,0.2,0.30000000000000004,50.0,15,62.5,1,0,0,1,1
266539,4.0,15.0,4.0,3.0,3.0,3.0,0.2,0.30000000000000004,50.0,16,78.125,0,0,0,1,0