Exp Num,agent:svo_convergence_factor,agent:params:metabolism,agent:params:consumption_factor,agent:params:procreate_cost_factor,agent:params:procreate_req_factor,agent:params:start_energy_factor,agent:params:caught_chance,agent:params:caught_cooldown_factor,agent:params:maximum_age,Epoch,Resource,A,B,C,D,E
250022,4.0,15.0,1.0,5.0,1.0,3.0,0.1,0.5,30.0,0,3500.0,15,30,13,23,77
250022,4.0,15.0,1.0,5.0,1.0,3.0,0.1,0.5,30.0,1,2935.0,15,30,13,23,77
250022,4.0,15.0,1.0,5.0,1.0,3.0,0.1,0.5,30.0,2,2738.75,15,30,13,23,77
250022,4.0,15.0,1.0,5.0,1.0,3.0,0.1,0.5,30.0,3,2538.4375,15,29,13,23,76
250022,4.0,15.0,1.0,5.0,1.0,3.0,0.1,0.5,30.0,4,2333.046875,15,25,11,23,70
250022,4.0,15.0,1.0,5.0,1.0,3.0,0.1,0.5,30.0,5,2016.30859375,13,24,11,23,67
250022,4.0,15.0,1.0,5.0,1.0,3.0,0.1,0.5,30.0,6,1485.3857421875,11,23,11,23,64
250022,4.0,15.0,1.0,5.0,1.0,3.0,0.1,0.5,30.0,7,881.732177734375,11,21,11,22,62
250022,4.0,15.0,1.0,5.0,1.0,3.0,0.1,0.5,30.0,8,22.16522216796875,10,20,11,21,60
250022,4.0,15.0,1.0,5.0,1.0,3.0,0.1,0.5,30.0,9,0,9,12,6,9,36
250022,4.0,15.0,1.0,5.0,1.0,3.0,0.1,0.5,30.0,10,0,4,9,5,3,23
250022,4.0,15.0,1.0,5.0,1.0,3.0,0.1,0.5,30.0,11,0,3,5,4,0,14
250022,4.0,15.0,1.0,5.0,1.0,3.0,0.1,0.5,30.0,12,0,2,3,1,0,7
250022,4.0,15.0,1.0,5.0,1.0,3.0,0.1,0.5,30.0,13,0,2,2,0,0,4
250022,4.0,15.0,1.0,5.0,1.0,3.0,0.1,0.5,30.0,14,0,1,1,0,0,2
250022,4.0,15.0,1.0,5.0,1.0,3.0,0.1,0.5,30.0,15,0,1,1,0,0,2
250022,4.0,15.0,1.0,5.0,1.0,3.0,0.1,0.5,30.0,16,0,0,1,0,0,1