Exp Num,agent:svo_convergence_factor,agent:params:metabolism,agent:params:consumption_factor,agent:params:procreate_cost_factor,agent:params:procreate_req_factor,agent:params:start_energy_factor,agent:params:caught_chance,agent:params:caught_cooldown_factor,agent:params:maximum_age,Epoch,Resource,A,B,C,D,E
237262,4.0,10.0,3.0,1.0,3.0,3.0,0.1,0.30000000000000004,30.0,0,3350.0,25,38,27,25,102
237262,4.0,10.0,3.0,1.0,3.0,3.0,0.1,0.30000000000000004,30.0,1,2297.5,34,54,37,30,139
237262,4.0,10.0,3.0,1.0,3.0,3.0,0.1,0.30000000000000004,30.0,2,0,45,66,50,33,181
237262,4.0,10.0,3.0,1.0,3.0,3.0,0.1,0.30000000000000004,30.0,3,0,47,64,43,25,174
237262,4.0,10.0,3.0,1.0,3.0,3.0,0.1,0.30000000000000004,30.0,4,0,44,49,29,14,133
237262,4.0,10.0,3.0,1.0,3.0,3.0,0.1,0.30000000000000004,30.0,5,0,30,31,19,9,87
237262,4.0,10.0,3.0,1.0,3.0,3.0,0.1,0.30000000000000004,30.0,6,0,19,21,10,7,51
237262,4.0,10.0,3.0,1.0,3.0,3.0,0.1,0.30000000000000004,30.0,7,0,13,11,3,6,27
237262,4.0,10.0,3.0,1.0,3.0,3.0,0.1,0.30000000000000004,30.0,8,0,7,7,3,2,17
237262,4.0,10.0,3.0,1.0,3.0,3.0,0.1,0.30000000000000004,30.0,9,0,5,3,2,1,10
237262,4.0,10.0,3.0,1.0,3.0,3.0,0.1,0.30000000000000004,30.0,10,0,3,1,1,0,5
237262,4.0,10.0,3.0,1.0,3.0,3.0,0.1,0.30000000000000004,30.0,11,0,2,0,1,0,3
237262,4.0,10.0,3.0,1.0,3.0,3.0,0.1,0.30000000000000004,30.0,12,0,0,0,1,0,1