Exp Num,agent:svo_convergence_factor,agent:params:metabolism,agent:params:consumption_factor,agent:params:procreate_cost_factor,agent:params:procreate_req_factor,agent:params:start_energy_factor,agent:params:caught_chance,agent:params:caught_cooldown_factor,agent:params:maximum_age,Epoch,Resource,A,B,C,D,E
29673,1.0,10.0,2.0,3.0,2.0,1.0,0.2,0.5,40.0,0,3000.0,16,31,9,26,74
29673,1.0,10.0,2.0,3.0,2.0,1.0,0.2,0.5,40.0,1,3130.0,16,31,9,26,74
29673,1.0,10.0,2.0,3.0,2.0,1.0,0.2,0.5,40.0,2,2512.5,12,28,9,23,67
29673,1.0,10.0,2.0,3.0,2.0,1.0,0.2,0.5,40.0,3,2440.625,12,28,9,23,67
29673,1.0,10.0,2.0,3.0,2.0,1.0,0.2,0.5,40.0,4,2050.78125,11,26,9,21,64
29673,1.0,10.0,2.0,3.0,2.0,1.0,0.2,0.5,40.0,5,1923.4765625,11,25,9,21,63
29673,1.0,10.0,2.0,3.0,2.0,1.0,0.2,0.5,40.0,6,1644.345703125,10,21,8,19,57
29673,1.0,10.0,2.0,3.0,2.0,1.0,0.2,0.5,40.0,7,1475.43212890625,10,21,8,19,57
29673,1.0,10.0,2.0,3.0,2.0,1.0,0.2,0.5,40.0,8,1044.2901611328125,9,18,6,19,50
29673,1.0,10.0,2.0,3.0,2.0,1.0,0.2,0.5,40.0,9,865.3627014160156,8,18,6,19,49
29673,1.0,10.0,2.0,3.0,2.0,1.0,0.2,0.5,40.0,10,381.70337677001953,7,18,6,19,46
29673,1.0,10.0,2.0,3.0,2.0,1.0,0.2,0.5,40.0,11,117.12922096252441,7,17,6,18,45
29673,1.0,10.0,2.0,3.0,2.0,1.0,0.2,0.5,40.0,12,0,7,15,5,12,32
29673,1.0,10.0,2.0,3.0,2.0,1.0,0.2,0.5,40.0,13,0,5,15,5,8,26
29673,1.0,10.0,2.0,3.0,2.0,1.0,0.2,0.5,40.0,14,0,4,13,4,4,22
29673,1.0,10.0,2.0,3.0,2.0,1.0,0.2,0.5,40.0,15,0,2,8,3,3,13
29673,1.0,10.0,2.0,3.0,2.0,1.0,0.2,0.5,40.0,16,0,1,7,3,2,11
29673,1.0,10.0,2.0,3.0,2.0,1.0,0.2,0.5,40.0,17,0,0,5,2,0,7
29673,1.0,10.0,2.0,3.0,2.0,1.0,0.2,0.5,40.0,18,0,0,4,1,0,5
29673,1.0,10.0,2.0,3.0,2.0,1.0,0.2,0.5,40.0,19,0,0,3,0,0,3
29673,1.0,10.0,2.0,3.0,2.0,1.0,0.2,0.5,40.0,20,0,0,2,0,0,2
29673,1.0,10.0,2.0,3.0,2.0,1.0,0.2,0.5,40.0,21,0,0,1,0,0,1