Exp Num,agent:svo_convergence_factor,agent:params:metabolism,agent:params:consumption_factor,agent:params:procreate_cost_factor,agent:params:procreate_req_factor,agent:params:start_energy_factor,agent:params:caught_chance,agent:params:caught_cooldown_factor,agent:params:maximum_age,Epoch,Resource,A,B,C,D,E
230760,4.0,10.0,2.0,1.0,1.0,2.0,0.1,0.30000000000000004,10.0,0,3500.0,21,45,15,43,107
230760,4.0,10.0,2.0,1.0,1.0,2.0,0.1,0.30000000000000004,10.0,1,2915.0,32,60,33,57,162
230760,4.0,10.0,2.0,1.0,1.0,2.0,0.1,0.30000000000000004,10.0,2,703.75,44,93,52,77,237
230760,4.0,10.0,2.0,1.0,1.0,2.0,0.1,0.30000000000000004,10.0,3,0,55,105,55,59,246
230760,4.0,10.0,2.0,1.0,1.0,2.0,0.1,0.30000000000000004,10.0,4,0,49,82,43,41,194
230760,4.0,10.0,2.0,1.0,1.0,2.0,0.1,0.30000000000000004,10.0,5,0,40,57,36,27,147
230760,4.0,10.0,2.0,1.0,1.0,2.0,0.1,0.30000000000000004,10.0,6,0,29,45,28,19,110
230760,4.0,10.0,2.0,1.0,1.0,2.0,0.1,0.30000000000000004,10.0,7,0,21,34,20,13,83
230760,4.0,10.0,2.0,1.0,1.0,2.0,0.1,0.30000000000000004,10.0,8,0,16,29,9,9,59
230760,4.0,10.0,2.0,1.0,1.0,2.0,0.1,0.30000000000000004,10.0,9,0,9,20,7,5,41
230760,4.0,10.0,2.0,1.0,1.0,2.0,0.1,0.30000000000000004,10.0,10,0,5,11,7,4,27
230760,4.0,10.0,2.0,1.0,1.0,2.0,0.1,0.30000000000000004,10.0,11,0,4,8,4,3,19
230760,4.0,10.0,2.0,1.0,1.0,2.0,0.1,0.30000000000000004,10.0,12,0,2,3,2,1,10
230760,4.0,10.0,2.0,1.0,1.0,2.0,0.1,0.30000000000000004,10.0,13,0,2,2,2,1,7
230760,4.0,10.0,2.0,1.0,1.0,2.0,0.1,0.30000000000000004,10.0,14,0,2,2,3,2,8
230760,4.0,10.0,2.0,1.0,1.0,2.0,0.1,0.30000000000000004,10.0,15,0,1,2,3,1,6
230760,4.0,10.0,2.0,1.0,1.0,2.0,0.1,0.30000000000000004,10.0,16,0,1,1,1,1,3
230760,4.0,10.0,2.0,1.0,1.0,2.0,0.1,0.30000000000000004,10.0,17,0,0,1,1,2,2
230760,4.0,10.0,2.0,1.0,1.0,2.0,0.1,0.30000000000000004,10.0,18,0,0,1,0,1,1
230760,4.0,10.0,2.0,1.0,1.0,2.0,0.1,0.30000000000000004,10.0,19,0,0,0,0,1,0