Exp Num,agent:svo_convergence_factor,agent:params:metabolism,agent:params:consumption_factor,agent:params:procreate_cost_factor,agent:params:procreate_req_factor,agent:params:start_energy_factor,agent:params:caught_chance,agent:params:caught_cooldown_factor,agent:params:maximum_age,Epoch,Resource,A,B,C,D,E
213788,4.0,5.0,3.0,1.0,1.0,1.0,0.2,0.30000000000000004,40.0,0,3500.0,27,26,24,44,106
213788,4.0,5.0,3.0,1.0,1.0,1.0,0.2,0.30000000000000004,40.0,1,3625.0,37,44,40,61,164
213788,4.0,5.0,3.0,1.0,1.0,1.0,0.2,0.30000000000000004,40.0,2,2806.25,42,45,53,87,207
213788,4.0,5.0,3.0,1.0,1.0,1.0,0.2,0.30000000000000004,40.0,3,897.8125,48,63,86,119,286
213788,4.0,5.0,3.0,1.0,1.0,1.0,0.2,0.30000000000000004,40.0,4,0,59,82,105,138,337
213788,4.0,5.0,3.0,1.0,1.0,1.0,0.2,0.30000000000000004,40.0,5,0,70,72,95,109,302
213788,4.0,5.0,3.0,1.0,1.0,1.0,0.2,0.30000000000000004,40.0,6,0,57,52,82,87,236
213788,4.0,5.0,3.0,1.0,1.0,1.0,0.2,0.30000000000000004,40.0,7,0,51,43,59,66,181
213788,4.0,5.0,3.0,1.0,1.0,1.0,0.2,0.30000000000000004,40.0,8,0,39,29,44,43,130
213788,4.0,5.0,3.0,1.0,1.0,1.0,0.2,0.30000000000000004,40.0,9,0,22,25,36,25,99
213788,4.0,5.0,3.0,1.0,1.0,1.0,0.2,0.30000000000000004,40.0,10,0,14,23,24,10,80
213788,4.0,5.0,3.0,1.0,1.0,1.0,0.2,0.30000000000000004,40.0,11,0,8,12,17,6,49
213788,4.0,5.0,3.0,1.0,1.0,1.0,0.2,0.30000000000000004,40.0,12,0,5,7,10,6,34
213788,4.0,5.0,3.0,1.0,1.0,1.0,0.2,0.30000000000000004,40.0,13,0,6,3,7,3,23
213788,4.0,5.0,3.0,1.0,1.0,1.0,0.2,0.30000000000000004,40.0,14,0,3,1,3,3,12
213788,4.0,5.0,3.0,1.0,1.0,1.0,0.2,0.30000000000000004,40.0,15,0,3,1,5,3,14
213788,4.0,5.0,3.0,1.0,1.0,1.0,0.2,0.30000000000000004,40.0,16,0,3,0,4,2,9
213788,4.0,5.0,3.0,1.0,1.0,1.0,0.2,0.30000000000000004,40.0,17,0,3,0,4,2,8
213788,4.0,5.0,3.0,1.0,1.0,1.0,0.2,0.30000000000000004,40.0,18,0,3,0,4,1,8
213788,4.0,5.0,3.0,1.0,1.0,1.0,0.2,0.30000000000000004,40.0,19,0,2,0,4,0,6
213788,4.0,5.0,3.0,1.0,1.0,1.0,0.2,0.30000000000000004,40.0,20,0,0,0,3,0,3
213788,4.0,5.0,3.0,1.0,1.0,1.0,0.2,0.30000000000000004,40.0,21,0,0,0,2,0,2
213788,4.0,5.0,3.0,1.0,1.0,1.0,0.2,0.30000000000000004,40.0,22,0,0,0,1,0,1