Exp Num,agent:svo_convergence_factor,agent:params:metabolism,agent:params:consumption_factor,agent:params:procreate_cost_factor,agent:params:procreate_req_factor,agent:params:start_energy_factor,agent:params:caught_chance,agent:params:caught_cooldown_factor,agent:params:maximum_age,Epoch,Resource,A,B,C,D,E
220686,4.0,5.0,4.0,3.0,1.0,2.0,0.30000000000000004,0.30000000000000004,20.0,0,3600.0,33,32,16,35,100
220686,4.0,5.0,4.0,3.0,1.0,2.0,0.30000000000000004,0.30000000000000004,20.0,1,2980.0,43,43,21,43,130
220686,4.0,5.0,4.0,3.0,1.0,2.0,0.30000000000000004,0.30000000000000004,20.0,2,1685.0,52,63,37,51,183
220686,4.0,5.0,4.0,3.0,1.0,2.0,0.30000000000000004,0.30000000000000004,20.0,3,0,63,74,55,62,234
220686,4.0,5.0,4.0,3.0,1.0,2.0,0.30000000000000004,0.30000000000000004,20.0,4,0,63,75,60,35,229
220686,4.0,5.0,4.0,3.0,1.0,2.0,0.30000000000000004,0.30000000000000004,20.0,5,0,61,67,57,25,215
220686,4.0,5.0,4.0,3.0,1.0,2.0,0.30000000000000004,0.30000000000000004,20.0,6,0,45,47,49,14,168
220686,4.0,5.0,4.0,3.0,1.0,2.0,0.30000000000000004,0.30000000000000004,20.0,7,0,31,30,39,12,121
220686,4.0,5.0,4.0,3.0,1.0,2.0,0.30000000000000004,0.30000000000000004,20.0,8,0,21,18,32,10,85
220686,4.0,5.0,4.0,3.0,1.0,2.0,0.30000000000000004,0.30000000000000004,20.0,9,0,13,12,22,8,56
220686,4.0,5.0,4.0,3.0,1.0,2.0,0.30000000000000004,0.30000000000000004,20.0,10,0,8,10,18,4,41
220686,4.0,5.0,4.0,3.0,1.0,2.0,0.30000000000000004,0.30000000000000004,20.0,11,0,5,9,15,2,33
220686,4.0,5.0,4.0,3.0,1.0,2.0,0.30000000000000004,0.30000000000000004,20.0,12,0,4,5,10,2,21
220686,4.0,5.0,4.0,3.0,1.0,2.0,0.30000000000000004,0.30000000000000004,20.0,13,0,2,4,7,2,13
220686,4.0,5.0,4.0,3.0,1.0,2.0,0.30000000000000004,0.30000000000000004,20.0,14,0,2,6,4,3,12
220686,4.0,5.0,4.0,3.0,1.0,2.0,0.30000000000000004,0.30000000000000004,20.0,15,0,1,6,2,2,9
220686,4.0,5.0,4.0,3.0,1.0,2.0,0.30000000000000004,0.30000000000000004,20.0,16,0,1,3,0,2,4
220686,4.0,5.0,4.0,3.0,1.0,2.0,0.30000000000000004,0.30000000000000004,20.0,17,0,2,3,0,1,5
220686,4.0,5.0,4.0,3.0,1.0,2.0,0.30000000000000004,0.30000000000000004,20.0,18,0,1,2,0,1,4
220686,4.0,5.0,4.0,3.0,1.0,2.0,0.30000000000000004,0.30000000000000004,20.0,19,0,1,1,0,0,3
220686,4.0,5.0,4.0,3.0,1.0,2.0,0.30000000000000004,0.30000000000000004,20.0,20,0,0,1,0,0,2
220686,4.0,5.0,4.0,3.0,1.0,2.0,0.30000000000000004,0.30000000000000004,20.0,21,0,0,0,0,0,1