Exp Num,agent:svo_convergence_factor,agent:params:metabolism,agent:params:consumption_factor,agent:params:procreate_cost_factor,agent:params:procreate_req_factor,agent:params:start_energy_factor,agent:params:caught_chance,agent:params:caught_cooldown_factor,agent:params:maximum_age,Epoch,Resource,A,B,C,D,E
215915,4.0,5.0,3.0,3.0,3.0,3.0,0.2,0.4,10.0,0,3500.0,16,35,7,25,75
215915,4.0,5.0,3.0,3.0,3.0,3.0,0.2,0.4,10.0,1,2935.0,16,35,7,25,75
215915,4.0,5.0,3.0,3.0,3.0,3.0,0.2,0.4,10.0,2,2648.75,21,47,11,32,101
215915,4.0,5.0,3.0,3.0,3.0,3.0,0.2,0.4,10.0,3,2410.9375,21,47,11,32,101
215915,4.0,5.0,3.0,3.0,3.0,3.0,0.2,0.4,10.0,4,2248.671875,27,55,12,32,118
215915,4.0,5.0,3.0,3.0,3.0,3.0,0.2,0.4,10.0,5,2090.83984375,29,63,16,32,133
215915,4.0,5.0,3.0,3.0,3.0,3.0,0.2,0.4,10.0,6,1878.5498046875,30,64,16,32,135
215915,4.0,5.0,3.0,3.0,3.0,3.0,0.2,0.4,10.0,7,1583.187255859375,34,71,16,33,146
215915,4.0,5.0,3.0,3.0,3.0,3.0,0.2,0.4,10.0,8,823.9840698242188,39,76,16,32,153
215915,4.0,5.0,3.0,3.0,3.0,3.0,0.2,0.4,10.0,9,9.980087280273438,42,77,16,32,157
215915,4.0,5.0,3.0,3.0,3.0,3.0,0.2,0.4,10.0,10,0,30,53,12,18,106
215915,4.0,5.0,3.0,3.0,3.0,3.0,0.2,0.4,10.0,11,0,28,43,8,10,85
215915,4.0,5.0,3.0,3.0,3.0,3.0,0.2,0.4,10.0,12,0,25,36,7,7,70
215915,4.0,5.0,3.0,3.0,3.0,3.0,0.2,0.4,10.0,13,0,23,30,6,5,61
215915,4.0,5.0,3.0,3.0,3.0,3.0,0.2,0.4,10.0,14,0,21,22,5,4,49
215915,4.0,5.0,3.0,3.0,3.0,3.0,0.2,0.4,10.0,15,0,16,19,3,1,38
215915,4.0,5.0,3.0,3.0,3.0,3.0,0.2,0.4,10.0,16,0,10,16,2,1,28
215915,4.0,5.0,3.0,3.0,3.0,3.0,0.2,0.4,10.0,17,0,6,12,1,0,19
215915,4.0,5.0,3.0,3.0,3.0,3.0,0.2,0.4,10.0,18,0,5,10,1,0,16
215915,4.0,5.0,3.0,3.0,3.0,3.0,0.2,0.4,10.0,19,0,4,5,1,0,10
215915,4.0,5.0,3.0,3.0,3.0,3.0,0.2,0.4,10.0,20,0,2,3,1,0,6
215915,4.0,5.0,3.0,3.0,3.0,3.0,0.2,0.4,10.0,21,70.0,2,2,1,0,5
215915,4.0,5.0,3.0,3.0,3.0,3.0,0.2,0.4,10.0,22,72.5,2,2,0,0,4
215915,4.0,5.0,3.0,3.0,3.0,3.0,0.2,0.4,10.0,23,60.625,2,2,0,0,4
215915,4.0,5.0,3.0,3.0,3.0,3.0,0.2,0.4,10.0,24,60.78125,1,1,0,0,2
215915,4.0,5.0,3.0,3.0,3.0,3.0,0.2,0.4,10.0,25,75.9765625,1,0,0,0,1