Exp Num,agent:svo_convergence_factor,agent:params:metabolism,agent:params:consumption_factor,agent:params:procreate_cost_factor,agent:params:procreate_req_factor,agent:params:start_energy_factor,agent:params:caught_chance,agent:params:caught_cooldown_factor,agent:params:maximum_age,Epoch,Resource,A,B,C,D,E
23054,1.0,10.0,1.0,1.0,2.0,2.0,0.30000000000000004,0.1,50.0,0,4000.0,14,29,25,56,94
23054,1.0,10.0,1.0,1.0,2.0,2.0,0.30000000000000004,0.1,50.0,1,3500.0,14,33,33,67,108
23054,1.0,10.0,1.0,1.0,2.0,2.0,0.30000000000000004,0.1,50.0,2,2715.0,14,35,35,71,112
23054,1.0,10.0,1.0,1.0,2.0,2.0,0.30000000000000004,0.1,50.0,3,1643.75,14,35,36,70,113
23054,1.0,10.0,1.0,1.0,2.0,2.0,0.30000000000000004,0.1,50.0,4,244.6875,14,35,36,70,113
23054,1.0,10.0,1.0,1.0,2.0,2.0,0.30000000000000004,0.1,50.0,5,0,12,22,19,37,69
23054,1.0,10.0,1.0,1.0,2.0,2.0,0.30000000000000004,0.1,50.0,6,0,3,14,8,20,33
23054,1.0,10.0,1.0,1.0,2.0,2.0,0.30000000000000004,0.1,50.0,7,0,3,7,6,7,19
23054,1.0,10.0,1.0,1.0,2.0,2.0,0.30000000000000004,0.1,50.0,8,0,2,3,4,4,9
23054,1.0,10.0,1.0,1.0,2.0,2.0,0.30000000000000004,0.1,50.0,9,0,2,1,0,3,3
23054,1.0,10.0,1.0,1.0,2.0,2.0,0.30000000000000004,0.1,50.0,10,0,0,1,0,2,1
23054,1.0,10.0,1.0,1.0,2.0,2.0,0.30000000000000004,0.1,50.0,11,0,0,0,0,1,0