Exp Num,agent:svo_convergence_factor,agent:params:metabolism,agent:params:consumption_factor,agent:params:procreate_cost_factor,agent:params:procreate_req_factor,agent:params:start_energy_factor,agent:params:caught_chance,agent:params:caught_cooldown_factor,agent:params:maximum_age,Epoch,Resource,A,B,C,D,E
258137,4.0,15.0,2.0,9.0,2.0,2.0,0.1,0.30000000000000004,30.0,0,3560.0,14,16,16,35,65
258137,4.0,15.0,2.0,9.0,2.0,2.0,0.1,0.30000000000000004,30.0,1,2140.0,13,16,16,34,64
258137,4.0,15.0,2.0,9.0,2.0,2.0,0.1,0.30000000000000004,30.0,2,1475.0,12,16,16,34,63
258137,4.0,15.0,2.0,9.0,2.0,2.0,0.1,0.30000000000000004,30.0,3,0,10,14,15,33,57
258137,4.0,15.0,2.0,9.0,2.0,2.0,0.1,0.30000000000000004,30.0,4,0,10,14,14,33,54
258137,4.0,15.0,2.0,9.0,2.0,2.0,0.1,0.30000000000000004,30.0,5,0,10,12,10,16,37
258137,4.0,15.0,2.0,9.0,2.0,2.0,0.1,0.30000000000000004,30.0,6,0,10,12,8,5,33
258137,4.0,15.0,2.0,9.0,2.0,2.0,0.1,0.30000000000000004,30.0,7,0,8,10,6,3,25
258137,4.0,15.0,2.0,9.0,2.0,2.0,0.1,0.30000000000000004,30.0,8,0,7,8,3,1,19
258137,4.0,15.0,2.0,9.0,2.0,2.0,0.1,0.30000000000000004,30.0,9,0,6,6,1,1,13
258137,4.0,15.0,2.0,9.0,2.0,2.0,0.1,0.30000000000000004,30.0,10,0,4,5,0,1,9
258137,4.0,15.0,2.0,9.0,2.0,2.0,0.1,0.30000000000000004,30.0,11,0,2,3,0,1,5
258137,4.0,15.0,2.0,9.0,2.0,2.0,0.1,0.30000000000000004,30.0,12,0,1,2,0,0,3
258137,4.0,15.0,2.0,9.0,2.0,2.0,0.1,0.30000000000000004,30.0,13,0,1,1,0,0,2
258137,4.0,15.0,2.0,9.0,2.0,2.0,0.1,0.30000000000000004,30.0,14,40.0,1,1,0,0,2
258137,4.0,15.0,2.0,9.0,2.0,2.0,0.1,0.30000000000000004,30.0,15,0,1,1,0,0,2
258137,4.0,15.0,2.0,9.0,2.0,2.0,0.1,0.30000000000000004,30.0,16,0,1,0,0,0,1