Exp Num,agent:svo_convergence_factor,agent:params:metabolism,agent:params:consumption_factor,agent:params:procreate_cost_factor,agent:params:procreate_req_factor,agent:params:start_energy_factor,agent:params:caught_chance,agent:params:caught_cooldown_factor,agent:params:maximum_age,Epoch,Resource,A,B,C,D,E
249974,4.0,15.0,1.0,5.0,1.0,2.0,0.4,0.5,50.0,0,3500.0,27,29,11,24,76
249974,4.0,15.0,1.0,5.0,1.0,2.0,0.4,0.5,50.0,1,2890.0,27,29,11,24,76
249974,4.0,15.0,1.0,5.0,1.0,2.0,0.4,0.5,50.0,2,2712.5,27,29,11,24,76
249974,4.0,15.0,1.0,5.0,1.0,2.0,0.4,0.5,50.0,3,2490.625,20,21,11,23,61
249974,4.0,15.0,1.0,5.0,1.0,2.0,0.4,0.5,50.0,4,2258.28125,17,17,11,23,54
249974,4.0,15.0,1.0,5.0,1.0,2.0,0.4,0.5,50.0,5,1967.8515625,15,17,11,21,51
249974,4.0,15.0,1.0,5.0,1.0,2.0,0.4,0.5,50.0,6,1619.814453125,15,16,11,21,50
249974,4.0,15.0,1.0,5.0,1.0,2.0,0.4,0.5,50.0,7,1169.76806640625,14,15,11,20,48
249974,4.0,15.0,1.0,5.0,1.0,2.0,0.4,0.5,50.0,8,622.2100830078125,11,13,11,20,43
249974,4.0,15.0,1.0,5.0,1.0,2.0,0.4,0.5,50.0,9,0,9,12,11,18,40
249974,4.0,15.0,1.0,5.0,1.0,2.0,0.4,0.5,50.0,10,0,6,3,7,8,21
249974,4.0,15.0,1.0,5.0,1.0,2.0,0.4,0.5,50.0,11,0,6,1,1,4,10
249974,4.0,15.0,1.0,5.0,1.0,2.0,0.4,0.5,50.0,12,0,4,0,0,3,4
249974,4.0,15.0,1.0,5.0,1.0,2.0,0.4,0.5,50.0,13,0,2,0,0,2,2
249974,4.0,15.0,1.0,5.0,1.0,2.0,0.4,0.5,50.0,14,0,2,0,0,0,2
249974,4.0,15.0,1.0,5.0,1.0,2.0,0.4,0.5,50.0,15,0,1,0,0,0,1