Exp Num,agent:svo_convergence_factor,agent:params:metabolism,agent:params:consumption_factor,agent:params:procreate_cost_factor,agent:params:procreate_req_factor,agent:params:start_energy_factor,agent:params:caught_chance,agent:params:caught_cooldown_factor,agent:params:maximum_age,Epoch,Resource,A,B,C,D,E
220211,4.0,5.0,4.0,1.0,3.0,1.0,0.4,0.30000000000000004,20.0,0,3000.0,31,49,16,31,119
220211,4.0,5.0,4.0,1.0,3.0,1.0,0.4,0.30000000000000004,20.0,1,2930.0,39,59,17,32,138
220211,4.0,5.0,4.0,1.0,3.0,1.0,0.4,0.30000000000000004,20.0,2,2642.5,43,68,19,32,158
220211,4.0,5.0,4.0,1.0,3.0,1.0,0.4,0.30000000000000004,20.0,3,1803.125,45,70,26,37,172
220211,4.0,5.0,4.0,1.0,3.0,1.0,0.4,0.30000000000000004,20.0,4,1153.90625,57,78,28,37,196
220211,4.0,5.0,4.0,1.0,3.0,1.0,0.4,0.30000000000000004,20.0,5,0,66,93,30,36,221
220211,4.0,5.0,4.0,1.0,3.0,1.0,0.4,0.30000000000000004,20.0,6,0,64,88,30,26,204
220211,4.0,5.0,4.0,1.0,3.0,1.0,0.4,0.30000000000000004,20.0,7,0,54,53,24,21,143
220211,4.0,5.0,4.0,1.0,3.0,1.0,0.4,0.30000000000000004,20.0,8,0,41,44,13,10,107
220211,4.0,5.0,4.0,1.0,3.0,1.0,0.4,0.30000000000000004,20.0,9,0,31,35,6,5,76
220211,4.0,5.0,4.0,1.0,3.0,1.0,0.4,0.30000000000000004,20.0,10,0,28,24,3,4,56
220211,4.0,5.0,4.0,1.0,3.0,1.0,0.4,0.30000000000000004,20.0,11,0,18,14,2,2,35
220211,4.0,5.0,4.0,1.0,3.0,1.0,0.4,0.30000000000000004,20.0,12,0,13,6,1,2,21
220211,4.0,5.0,4.0,1.0,3.0,1.0,0.4,0.30000000000000004,20.0,13,0,8,4,1,1,13
220211,4.0,5.0,4.0,1.0,3.0,1.0,0.4,0.30000000000000004,20.0,14,0,7,2,0,0,9
220211,4.0,5.0,4.0,1.0,3.0,1.0,0.4,0.30000000000000004,20.0,15,0,4,1,0,0,5
220211,4.0,5.0,4.0,1.0,3.0,1.0,0.4,0.30000000000000004,20.0,16,60.0,4,1,0,0,5
220211,4.0,5.0,4.0,1.0,3.0,1.0,0.4,0.30000000000000004,20.0,17,35.0,4,1,0,0,5
220211,4.0,5.0,4.0,1.0,3.0,1.0,0.4,0.30000000000000004,20.0,18,0,6,1,0,0,7
220211,4.0,5.0,4.0,1.0,3.0,1.0,0.4,0.30000000000000004,20.0,19,0,7,0,0,0,7
220211,4.0,5.0,4.0,1.0,3.0,1.0,0.4,0.30000000000000004,20.0,20,0,4,0,0,0,4
220211,4.0,5.0,4.0,1.0,3.0,1.0,0.4,0.30000000000000004,20.0,21,0,4,0,0,0,4
220211,4.0,5.0,4.0,1.0,3.0,1.0,0.4,0.30000000000000004,20.0,22,0,4,0,0,0,4
220211,4.0,5.0,4.0,1.0,3.0,1.0,0.4,0.30000000000000004,20.0,23,0,2,0,0,0,2
220211,4.0,5.0,4.0,1.0,3.0,1.0,0.4,0.30000000000000004,20.0,24,0,1,0,0,0,1