Exp Num,agent:svo_convergence_factor,agent:params:metabolism,agent:params:consumption_factor,agent:params:procreate_cost_factor,agent:params:procreate_req_factor,agent:params:start_energy_factor,agent:params:caught_chance,agent:params:caught_cooldown_factor,agent:params:maximum_age,Epoch,Resource,A,B,C,D,E
250023,4.0,15.0,1.0,5.0,1.0,3.0,0.1,0.5,40.0,0,3500.0,15,29,5,31,69
250023,4.0,15.0,1.0,5.0,1.0,3.0,0.1,0.5,40.0,1,2965.0,15,29,5,31,69
250023,4.0,15.0,1.0,5.0,1.0,3.0,0.1,0.5,40.0,2,2731.25,15,29,5,31,69
250023,4.0,15.0,1.0,5.0,1.0,3.0,0.1,0.5,40.0,3,2649.0625,15,29,5,30,69
250023,4.0,15.0,1.0,5.0,1.0,3.0,0.1,0.5,40.0,4,2561.328125,14,27,5,30,66
250023,4.0,15.0,1.0,5.0,1.0,3.0,0.1,0.5,40.0,5,2241.66015625,13,22,5,30,60
250023,4.0,15.0,1.0,5.0,1.0,3.0,0.1,0.5,40.0,6,1752.0751953125,13,20,4,30,57
250023,4.0,15.0,1.0,5.0,1.0,3.0,0.1,0.5,40.0,7,1140.093994140625,11,19,4,30,54
250023,4.0,15.0,1.0,5.0,1.0,3.0,0.1,0.5,40.0,8,405.11749267578125,10,16,4,30,49
250023,4.0,15.0,1.0,5.0,1.0,3.0,0.1,0.5,40.0,9,0,10,13,2,23,35
250023,4.0,15.0,1.0,5.0,1.0,3.0,0.1,0.5,40.0,10,0,9,9,0,9,23
250023,4.0,15.0,1.0,5.0,1.0,3.0,0.1,0.5,40.0,11,0,6,5,0,6,12
250023,4.0,15.0,1.0,5.0,1.0,3.0,0.1,0.5,40.0,12,0,4,2,0,4,6
250023,4.0,15.0,1.0,5.0,1.0,3.0,0.1,0.5,40.0,13,0,2,2,0,1,4
250023,4.0,15.0,1.0,5.0,1.0,3.0,0.1,0.5,40.0,14,0,1,1,0,0,2
250023,4.0,15.0,1.0,5.0,1.0,3.0,0.1,0.5,40.0,15,0,1,0,0,0,1