Exp Num,agent:svo_convergence_factor,agent:params:metabolism,agent:params:consumption_factor,agent:params:procreate_cost_factor,agent:params:procreate_req_factor,agent:params:start_energy_factor,agent:params:caught_chance,agent:params:caught_cooldown_factor,agent:params:maximum_age,Epoch,Resource,A,B,C,D,E
246277,4.0,10.0,4.0,7.0,3.0,3.0,0.2,0.1,30.0,0,3520.0,15,27,17,25,75
246277,4.0,10.0,4.0,7.0,3.0,3.0,0.2,0.1,30.0,1,3240.0,15,27,17,25,75
246277,4.0,10.0,4.0,7.0,3.0,3.0,0.2,0.1,30.0,2,2330.0,12,21,14,24,61
246277,4.0,10.0,4.0,7.0,3.0,3.0,0.2,0.1,30.0,3,1872.5,10,20,13,24,57
246277,4.0,10.0,4.0,7.0,3.0,3.0,0.2,0.1,30.0,4,1540.625,10,20,13,24,57
246277,4.0,10.0,4.0,7.0,3.0,3.0,0.2,0.1,30.0,5,1045.78125,10,21,13,24,58
246277,4.0,10.0,4.0,7.0,3.0,3.0,0.2,0.1,30.0,6,147.2265625,10,19,11,23,53
246277,4.0,10.0,4.0,7.0,3.0,3.0,0.2,0.1,30.0,7,0,10,19,10,21,49
246277,4.0,10.0,4.0,7.0,3.0,3.0,0.2,0.1,30.0,8,0,10,19,9,21,48
246277,4.0,10.0,4.0,7.0,3.0,3.0,0.2,0.1,30.0,9,0,10,19,9,21,48
246277,4.0,10.0,4.0,7.0,3.0,3.0,0.2,0.1,30.0,10,0,8,14,9,14,36
246277,4.0,10.0,4.0,7.0,3.0,3.0,0.2,0.1,30.0,11,0,8,12,8,7,32
246277,4.0,10.0,4.0,7.0,3.0,3.0,0.2,0.1,30.0,12,0,7,12,8,5,30
246277,4.0,10.0,4.0,7.0,3.0,3.0,0.2,0.1,30.0,13,0,7,12,8,4,30
246277,4.0,10.0,4.0,7.0,3.0,3.0,0.2,0.1,30.0,14,0,6,11,8,4,27
246277,4.0,10.0,4.0,7.0,3.0,3.0,0.2,0.1,30.0,15,0,5,9,4,4,20
246277,4.0,10.0,4.0,7.0,3.0,3.0,0.2,0.1,30.0,16,0,5,9,4,3,19
246277,4.0,10.0,4.0,7.0,3.0,3.0,0.2,0.1,30.0,17,0,4,9,2,3,16
246277,4.0,10.0,4.0,7.0,3.0,3.0,0.2,0.1,30.0,18,0,4,9,0,2,14
246277,4.0,10.0,4.0,7.0,3.0,3.0,0.2,0.1,30.0,19,0,3,8,0,2,12
246277,4.0,10.0,4.0,7.0,3.0,3.0,0.2,0.1,30.0,20,0,2,5,0,1,8
246277,4.0,10.0,4.0,7.0,3.0,3.0,0.2,0.1,30.0,21,0,2,4,0,1,7
246277,4.0,10.0,4.0,7.0,3.0,3.0,0.2,0.1,30.0,22,0,2,4,0,1,7
246277,4.0,10.0,4.0,7.0,3.0,3.0,0.2,0.1,30.0,23,0,2,4,0,1,7
246277,4.0,10.0,4.0,7.0,3.0,3.0,0.2,0.1,30.0,24,0,2,3,0,1,6
246277,4.0,10.0,4.0,7.0,3.0,3.0,0.2,0.1,30.0,25,0,1,1,0,1,3
246277,4.0,10.0,4.0,7.0,3.0,3.0,0.2,0.1,30.0,26,0,1,1,0,0,2
246277,4.0,10.0,4.0,7.0,3.0,3.0,0.2,0.1,30.0,27,0,0,1,0,0,1