Exp Num,agent:svo_convergence_factor,agent:params:metabolism,agent:params:consumption_factor,agent:params:procreate_cost_factor,agent:params:procreate_req_factor,agent:params:start_energy_factor,agent:params:caught_chance,agent:params:caught_cooldown_factor,agent:params:maximum_age,Epoch,Resource,A,B,C,D,E
262193,4.0,15.0,3.0,7.0,1.0,1.0,0.30000000000000004,0.4,40.0,0,500.0,18,19,14,28,72
262193,4.0,15.0,3.0,7.0,1.0,1.0,0.30000000000000004,0.4,40.0,1,0,18,19,14,28,72
262193,4.0,15.0,3.0,7.0,1.0,1.0,0.30000000000000004,0.4,40.0,2,0,18,19,14,28,72
262193,4.0,15.0,3.0,7.0,1.0,1.0,0.30000000000000004,0.4,40.0,3,0,9,11,7,15,38
262193,4.0,15.0,3.0,7.0,1.0,1.0,0.30000000000000004,0.4,40.0,4,0,6,8,4,6,25
262193,4.0,15.0,3.0,7.0,1.0,1.0,0.30000000000000004,0.4,40.0,5,0,5,6,3,2,18
262193,4.0,15.0,3.0,7.0,1.0,1.0,0.30000000000000004,0.4,40.0,6,0,3,3,2,1,10
262193,4.0,15.0,3.0,7.0,1.0,1.0,0.30000000000000004,0.4,40.0,7,0,1,3,1,1,7
262193,4.0,15.0,3.0,7.0,1.0,1.0,0.30000000000000004,0.4,40.0,8,0,1,2,0,1,4
262193,4.0,15.0,3.0,7.0,1.0,1.0,0.30000000000000004,0.4,40.0,9,0,1,0,0,1,2
262193,4.0,15.0,3.0,7.0,1.0,1.0,0.30000000000000004,0.4,40.0,10,0,1,0,0,0,2
262193,4.0,15.0,3.0,7.0,1.0,1.0,0.30000000000000004,0.4,40.0,11,0,1,0,0,0,1