Exp Num,agent:svo_convergence_factor,agent:params:metabolism,agent:params:consumption_factor,agent:params:procreate_cost_factor,agent:params:procreate_req_factor,agent:params:start_energy_factor,agent:params:caught_chance,agent:params:caught_cooldown_factor,agent:params:maximum_age,Epoch,Resource,A,B,C,D,E
259941,4.0,15.0,3.0,3.0,1.0,1.0,0.30000000000000004,0.4,20.0,0,500.0,19,44,27,37,113
259941,4.0,15.0,3.0,3.0,1.0,1.0,0.30000000000000004,0.4,20.0,1,0,14,29,21,25,88
259941,4.0,15.0,3.0,3.0,1.0,1.0,0.30000000000000004,0.4,20.0,2,0,13,28,16,23,78
259941,4.0,15.0,3.0,3.0,1.0,1.0,0.30000000000000004,0.4,20.0,3,0,11,24,13,12,67
259941,4.0,15.0,3.0,3.0,1.0,1.0,0.30000000000000004,0.4,20.0,4,0,7,14,11,10,43
259941,4.0,15.0,3.0,3.0,1.0,1.0,0.30000000000000004,0.4,20.0,5,0,8,9,11,8,34
259941,4.0,15.0,3.0,3.0,1.0,1.0,0.30000000000000004,0.4,20.0,6,0,6,6,6,5,23
259941,4.0,15.0,3.0,3.0,1.0,1.0,0.30000000000000004,0.4,20.0,7,0,5,3,6,4,15
259941,4.0,15.0,3.0,3.0,1.0,1.0,0.30000000000000004,0.4,20.0,8,0,3,4,2,3,9
259941,4.0,15.0,3.0,3.0,1.0,1.0,0.30000000000000004,0.4,20.0,9,0,1,3,2,3,6
259941,4.0,15.0,3.0,3.0,1.0,1.0,0.30000000000000004,0.4,20.0,10,0,1,1,3,3,5
259941,4.0,15.0,3.0,3.0,1.0,1.0,0.30000000000000004,0.4,20.0,11,0,0,1,1,2,2
259941,4.0,15.0,3.0,3.0,1.0,1.0,0.30000000000000004,0.4,20.0,12,55.0,0,1,2,2,3
259941,4.0,15.0,3.0,3.0,1.0,1.0,0.30000000000000004,0.4,20.0,13,0,0,1,1,1,2
259941,4.0,15.0,3.0,3.0,1.0,1.0,0.30000000000000004,0.4,20.0,14,0,0,0,1,1,1
259941,4.0,15.0,3.0,3.0,1.0,1.0,0.30000000000000004,0.4,20.0,15,0,0,0,1,1,1
259941,4.0,15.0,3.0,3.0,1.0,1.0,0.30000000000000004,0.4,20.0,16,0,0,0,1,0,1