Exp Num,agent:svo_convergence_factor,agent:params:metabolism,agent:params:consumption_factor,agent:params:procreate_cost_factor,agent:params:procreate_req_factor,agent:params:start_energy_factor,agent:params:caught_chance,agent:params:caught_cooldown_factor,agent:params:maximum_age,Epoch,Resource,A,B,C,D,E
243194,4.0,10.0,4.0,3.0,1.0,2.0,0.30000000000000004,0.4,50.0,0,3760.0,17,38,11,36,79
243194,4.0,10.0,4.0,3.0,1.0,2.0,0.30000000000000004,0.4,50.0,1,2660.0,14,38,14,42,84
243194,4.0,10.0,4.0,3.0,1.0,2.0,0.30000000000000004,0.4,50.0,2,645.0,16,41,26,55,108
243194,4.0,10.0,4.0,3.0,1.0,2.0,0.30000000000000004,0.4,50.0,3,0,15,40,29,42,109
243194,4.0,10.0,4.0,3.0,1.0,2.0,0.30000000000000004,0.4,50.0,4,0,13,34,33,31,100
243194,4.0,10.0,4.0,3.0,1.0,2.0,0.30000000000000004,0.4,50.0,5,0,8,23,33,28,83
243194,4.0,10.0,4.0,3.0,1.0,2.0,0.30000000000000004,0.4,50.0,6,0,5,19,23,18,61
243194,4.0,10.0,4.0,3.0,1.0,2.0,0.30000000000000004,0.4,50.0,7,0,2,12,15,11,40
243194,4.0,10.0,4.0,3.0,1.0,2.0,0.30000000000000004,0.4,50.0,8,0,2,6,11,7,28
243194,4.0,10.0,4.0,3.0,1.0,2.0,0.30000000000000004,0.4,50.0,9,0,3,4,10,4,23
243194,4.0,10.0,4.0,3.0,1.0,2.0,0.30000000000000004,0.4,50.0,10,0,3,1,6,3,14
243194,4.0,10.0,4.0,3.0,1.0,2.0,0.30000000000000004,0.4,50.0,11,0,3,1,5,1,10
243194,4.0,10.0,4.0,3.0,1.0,2.0,0.30000000000000004,0.4,50.0,12,0,3,1,2,0,7
243194,4.0,10.0,4.0,3.0,1.0,2.0,0.30000000000000004,0.4,50.0,13,0,2,1,1,0,5
243194,4.0,10.0,4.0,3.0,1.0,2.0,0.30000000000000004,0.4,50.0,14,20.0,1,1,2,0,5
243194,4.0,10.0,4.0,3.0,1.0,2.0,0.30000000000000004,0.4,50.0,15,0,0,1,1,0,3
243194,4.0,10.0,4.0,3.0,1.0,2.0,0.30000000000000004,0.4,50.0,16,0,0,1,1,0,4
243194,4.0,10.0,4.0,3.0,1.0,2.0,0.30000000000000004,0.4,50.0,17,0,0,1,0,0,3
243194,4.0,10.0,4.0,3.0,1.0,2.0,0.30000000000000004,0.4,50.0,18,0,0,0,0,0,2
243194,4.0,10.0,4.0,3.0,1.0,2.0,0.30000000000000004,0.4,50.0,19,0,0,0,0,0,1