Exp Num,agent:svo_convergence_factor,agent:params:metabolism,agent:params:consumption_factor,agent:params:procreate_cost_factor,agent:params:procreate_req_factor,agent:params:start_energy_factor,agent:params:caught_chance,agent:params:caught_cooldown_factor,agent:params:maximum_age,Epoch,Resource,A,B,C,D,E
220465,4.0,5.0,4.0,1.0,3.0,3.0,0.4,0.4,10.0,0,3720.0,18,50,19,25,107
220465,4.0,5.0,4.0,1.0,3.0,3.0,0.4,0.4,10.0,1,3970.0,25,65,23,30,141
220465,4.0,5.0,4.0,1.0,3.0,3.0,0.4,0.4,10.0,2,3902.5,26,70,22,32,151
220465,4.0,5.0,4.0,1.0,3.0,3.0,0.4,0.4,10.0,3,3658.125,27,82,28,38,177
220465,4.0,5.0,4.0,1.0,3.0,3.0,0.4,0.4,10.0,4,3452.65625,28,80,30,41,177
220465,4.0,5.0,4.0,1.0,3.0,3.0,0.4,0.4,10.0,5,2775.8203125,34,90,39,46,204
220465,4.0,5.0,4.0,1.0,3.0,3.0,0.4,0.4,10.0,6,1729.775390625,42,100,55,48,237
220465,4.0,5.0,4.0,1.0,3.0,3.0,0.4,0.4,10.0,7,562.21923828125,48,109,58,59,258
220465,4.0,5.0,4.0,1.0,3.0,3.0,0.4,0.4,10.0,8,0,57,102,58,54,254
220465,4.0,5.0,4.0,1.0,3.0,3.0,0.4,0.4,10.0,9,0,54,88,50,39,219
220465,4.0,5.0,4.0,1.0,3.0,3.0,0.4,0.4,10.0,10,0,36,79,30,27,162
220465,4.0,5.0,4.0,1.0,3.0,3.0,0.4,0.4,10.0,11,0,19,64,20,16,115
220465,4.0,5.0,4.0,1.0,3.0,3.0,0.4,0.4,10.0,12,0,11,43,13,8,71
220465,4.0,5.0,4.0,1.0,3.0,3.0,0.4,0.4,10.0,13,0,8,29,7,2,47
220465,4.0,5.0,4.0,1.0,3.0,3.0,0.4,0.4,10.0,14,0,7,15,6,1,29
220465,4.0,5.0,4.0,1.0,3.0,3.0,0.4,0.4,10.0,15,0,3,8,5,1,17
220465,4.0,5.0,4.0,1.0,3.0,3.0,0.4,0.4,10.0,16,0,2,5,2,1,9
220465,4.0,5.0,4.0,1.0,3.0,3.0,0.4,0.4,10.0,17,0,1,4,0,1,5
220465,4.0,5.0,4.0,1.0,3.0,3.0,0.4,0.4,10.0,18,0,0,3,0,1,3
220465,4.0,5.0,4.0,1.0,3.0,3.0,0.4,0.4,10.0,19,80.0,0,2,0,1,2
220465,4.0,5.0,4.0,1.0,3.0,3.0,0.4,0.4,10.0,20,100.0,0,1,0,1,1
220465,4.0,5.0,4.0,1.0,3.0,3.0,0.4,0.4,10.0,21,85.0,0,1,0,2,1
220465,4.0,5.0,4.0,1.0,3.0,3.0,0.4,0.4,10.0,22,106.25,0,1,0,2,1
220465,4.0,5.0,4.0,1.0,3.0,3.0,0.4,0.4,10.0,23,132.8125,0,1,0,1,1
220465,4.0,5.0,4.0,1.0,3.0,3.0,0.4,0.4,10.0,24,166.015625,0,1,0,0,1