Exp Num,agent:svo_convergence_factor,agent:params:metabolism,agent:params:consumption_factor,agent:params:procreate_cost_factor,agent:params:procreate_req_factor,agent:params:start_energy_factor,agent:params:caught_chance,agent:params:caught_cooldown_factor,agent:params:maximum_age,Epoch,Resource,A,B,C,D,E
262074,4.0,15.0,3.0,5.0,3.0,3.0,0.30000000000000004,0.5,50.0,0,3515.0,11,24,14,30,70
262074,4.0,15.0,3.0,5.0,3.0,3.0,0.30000000000000004,0.5,50.0,1,3133.75,11,24,14,30,70
262074,4.0,15.0,3.0,5.0,3.0,3.0,0.30000000000000004,0.5,50.0,2,2207.1875,8,21,11,24,57
262074,4.0,15.0,3.0,5.0,3.0,3.0,0.30000000000000004,0.5,50.0,3,1768.984375,7,17,11,23,52
262074,4.0,15.0,3.0,5.0,3.0,3.0,0.30000000000000004,0.5,50.0,4,1491.23046875,7,17,11,23,52
262074,4.0,15.0,3.0,5.0,3.0,3.0,0.30000000000000004,0.5,50.0,5,649.0380859375,6,15,10,21,48
262074,4.0,15.0,3.0,5.0,3.0,3.0,0.30000000000000004,0.5,50.0,6,181.297607421875,5,12,9,19,41
262074,4.0,15.0,3.0,5.0,3.0,3.0,0.30000000000000004,0.5,50.0,7,0,5,12,9,19,40
262074,4.0,15.0,3.0,5.0,3.0,3.0,0.30000000000000004,0.5,50.0,8,0,5,10,9,14,30
262074,4.0,15.0,3.0,5.0,3.0,3.0,0.30000000000000004,0.5,50.0,9,0,5,10,7,10,25
262074,4.0,15.0,3.0,5.0,3.0,3.0,0.30000000000000004,0.5,50.0,10,0,4,10,6,7,22
262074,4.0,15.0,3.0,5.0,3.0,3.0,0.30000000000000004,0.5,50.0,11,0,4,10,4,6,18
262074,4.0,15.0,3.0,5.0,3.0,3.0,0.30000000000000004,0.5,50.0,12,0,3,10,4,3,17
262074,4.0,15.0,3.0,5.0,3.0,3.0,0.30000000000000004,0.5,50.0,13,0,3,8,3,2,14
262074,4.0,15.0,3.0,5.0,3.0,3.0,0.30000000000000004,0.5,50.0,14,0,3,8,2,1,13
262074,4.0,15.0,3.0,5.0,3.0,3.0,0.30000000000000004,0.5,50.0,15,0,3,8,1,1,12
262074,4.0,15.0,3.0,5.0,3.0,3.0,0.30000000000000004,0.5,50.0,16,0,3,6,0,1,9
262074,4.0,15.0,3.0,5.0,3.0,3.0,0.30000000000000004,0.5,50.0,17,0,3,4,0,1,7
262074,4.0,15.0,3.0,5.0,3.0,3.0,0.30000000000000004,0.5,50.0,18,55.0,1,3,0,1,4
262074,4.0,15.0,3.0,5.0,3.0,3.0,0.30000000000000004,0.5,50.0,19,68.75,1,3,0,1,4
262074,4.0,15.0,3.0,5.0,3.0,3.0,0.30000000000000004,0.5,50.0,20,85.9375,1,2,0,1,3
262074,4.0,15.0,3.0,5.0,3.0,3.0,0.30000000000000004,0.5,50.0,21,62.421875,1,1,0,1,2
262074,4.0,15.0,3.0,5.0,3.0,3.0,0.30000000000000004,0.5,50.0,22,78.02734375,1,0,0,1,1
262074,4.0,15.0,3.0,5.0,3.0,3.0,0.30000000000000004,0.5,50.0,23,97.5341796875,0,0,0,1,0