Exp Num,agent:svo_convergence_factor,agent:params:metabolism,agent:params:consumption_factor,agent:params:procreate_cost_factor,agent:params:procreate_req_factor,agent:params:start_energy_factor,agent:params:caught_chance,agent:params:caught_cooldown_factor,agent:params:maximum_age,Epoch,Resource,A,B,C,D,E
243237,4.0,10.0,4.0,3.0,1.0,2.0,0.5,0.30000000000000004,30.0,0,4240.0,23,24,9,24,85
243237,4.0,10.0,4.0,3.0,1.0,2.0,0.5,0.30000000000000004,30.0,1,3340.0,19,21,14,25,84
243237,4.0,10.0,4.0,3.0,1.0,2.0,0.5,0.30000000000000004,30.0,2,1215.0,24,31,18,36,118
243237,4.0,10.0,4.0,3.0,1.0,2.0,0.5,0.30000000000000004,30.0,3,0,29,28,25,39,125
243237,4.0,10.0,4.0,3.0,1.0,2.0,0.5,0.30000000000000004,30.0,4,0,31,21,29,32,110
243237,4.0,10.0,4.0,3.0,1.0,2.0,0.5,0.30000000000000004,30.0,5,0,30,17,23,27,91
243237,4.0,10.0,4.0,3.0,1.0,2.0,0.5,0.30000000000000004,30.0,6,0,19,10,21,23,66
243237,4.0,10.0,4.0,3.0,1.0,2.0,0.5,0.30000000000000004,30.0,7,0,10,7,15,14,45
243237,4.0,10.0,4.0,3.0,1.0,2.0,0.5,0.30000000000000004,30.0,8,0,9,7,8,8,33
243237,4.0,10.0,4.0,3.0,1.0,2.0,0.5,0.30000000000000004,30.0,9,0,10,5,6,4,26
243237,4.0,10.0,4.0,3.0,1.0,2.0,0.5,0.30000000000000004,30.0,10,0,9,5,6,1,22
243237,4.0,10.0,4.0,3.0,1.0,2.0,0.5,0.30000000000000004,30.0,11,0,7,5,5,1,17
243237,4.0,10.0,4.0,3.0,1.0,2.0,0.5,0.30000000000000004,30.0,12,0,5,2,2,1,9
243237,4.0,10.0,4.0,3.0,1.0,2.0,0.5,0.30000000000000004,30.0,13,0,5,2,1,0,8
243237,4.0,10.0,4.0,3.0,1.0,2.0,0.5,0.30000000000000004,30.0,14,20.0,4,1,1,0,6
243237,4.0,10.0,4.0,3.0,1.0,2.0,0.5,0.30000000000000004,30.0,15,0,3,0,1,0,4
243237,4.0,10.0,4.0,3.0,1.0,2.0,0.5,0.30000000000000004,30.0,16,0,2,0,0,0,2
243237,4.0,10.0,4.0,3.0,1.0,2.0,0.5,0.30000000000000004,30.0,17,0,3,0,0,0,3
243237,4.0,10.0,4.0,3.0,1.0,2.0,0.5,0.30000000000000004,30.0,18,0,2,0,0,0,2
243237,4.0,10.0,4.0,3.0,1.0,2.0,0.5,0.30000000000000004,30.0,19,0,1,0,0,0,1