Exp Num,agent:svo_convergence_factor,agent:params:metabolism,agent:params:consumption_factor,agent:params:procreate_cost_factor,agent:params:procreate_req_factor,agent:params:start_energy_factor,agent:params:caught_chance,agent:params:caught_cooldown_factor,agent:params:maximum_age,Epoch,Resource,A,B,C,D,E
246163,4.0,10.0,4.0,7.0,3.0,2.0,0.2,0.30000000000000004,40.0,0,3240.0,17,25,14,24,76
246163,4.0,10.0,4.0,7.0,3.0,2.0,0.2,0.30000000000000004,40.0,1,1370.0,16,21,14,23,70
246163,4.0,10.0,4.0,7.0,3.0,2.0,0.2,0.30000000000000004,40.0,2,152.5,16,21,14,23,70
246163,4.0,10.0,4.0,7.0,3.0,2.0,0.2,0.30000000000000004,40.0,3,0,16,21,14,23,70
246163,4.0,10.0,4.0,7.0,3.0,2.0,0.2,0.30000000000000004,40.0,4,0,16,21,14,23,70
246163,4.0,10.0,4.0,7.0,3.0,2.0,0.2,0.30000000000000004,40.0,5,0,14,17,12,10,52
246163,4.0,10.0,4.0,7.0,3.0,2.0,0.2,0.30000000000000004,40.0,6,0,13,15,10,9,40
246163,4.0,10.0,4.0,7.0,3.0,2.0,0.2,0.30000000000000004,40.0,7,0,13,13,9,8,36
246163,4.0,10.0,4.0,7.0,3.0,2.0,0.2,0.30000000000000004,40.0,8,0,12,13,9,7,35
246163,4.0,10.0,4.0,7.0,3.0,2.0,0.2,0.30000000000000004,40.0,9,0,11,10,5,6,27
246163,4.0,10.0,4.0,7.0,3.0,2.0,0.2,0.30000000000000004,40.0,10,0,11,5,4,3,21
246163,4.0,10.0,4.0,7.0,3.0,2.0,0.2,0.30000000000000004,40.0,11,0,11,4,3,2,19
246163,4.0,10.0,4.0,7.0,3.0,2.0,0.2,0.30000000000000004,40.0,12,0,11,4,2,2,17
246163,4.0,10.0,4.0,7.0,3.0,2.0,0.2,0.30000000000000004,40.0,13,0,9,4,2,1,15
246163,4.0,10.0,4.0,7.0,3.0,2.0,0.2,0.30000000000000004,40.0,14,0,8,2,1,0,11
246163,4.0,10.0,4.0,7.0,3.0,2.0,0.2,0.30000000000000004,40.0,15,0,4,2,0,0,6
246163,4.0,10.0,4.0,7.0,3.0,2.0,0.2,0.30000000000000004,40.0,16,0,3,2,0,0,5
246163,4.0,10.0,4.0,7.0,3.0,2.0,0.2,0.30000000000000004,40.0,17,0,3,1,0,0,4
246163,4.0,10.0,4.0,7.0,3.0,2.0,0.2,0.30000000000000004,40.0,18,0,3,1,0,0,4
246163,4.0,10.0,4.0,7.0,3.0,2.0,0.2,0.30000000000000004,40.0,19,0,3,0,0,0,3
246163,4.0,10.0,4.0,7.0,3.0,2.0,0.2,0.30000000000000004,40.0,20,0,2,0,0,0,2
246163,4.0,10.0,4.0,7.0,3.0,2.0,0.2,0.30000000000000004,40.0,21,0,1,0,0,0,1