Exp Num,agent:svo_convergence_factor,agent:params:metabolism,agent:params:consumption_factor,agent:params:procreate_cost_factor,agent:params:procreate_req_factor,agent:params:start_energy_factor,agent:params:caught_chance,agent:params:caught_cooldown_factor,agent:params:maximum_age,Epoch,Resource,A,B,C,D,E
233378,4.0,10.0,2.0,5.0,2.0,2.0,0.1,0.1,40.0,0,3420.0,21,28,7,28,72
233378,4.0,10.0,2.0,5.0,2.0,2.0,0.1,0.1,40.0,1,2975.0,19,26,7,28,68
233378,4.0,10.0,2.0,5.0,2.0,2.0,0.1,0.1,40.0,2,2938.75,19,26,7,28,68
233378,4.0,10.0,2.0,5.0,2.0,2.0,0.1,0.1,40.0,3,2573.4375,16,25,7,28,64
233378,4.0,10.0,2.0,5.0,2.0,2.0,0.1,0.1,40.0,4,2596.796875,16,25,7,28,64
233378,4.0,10.0,2.0,5.0,2.0,2.0,0.1,0.1,40.0,5,2265.99609375,13,24,5,27,58
233378,4.0,10.0,2.0,5.0,2.0,2.0,0.1,0.1,40.0,6,2112.4951171875,13,23,5,27,57
233378,4.0,10.0,2.0,5.0,2.0,2.0,0.1,0.1,40.0,7,1720.618896484375,11,21,6,27,54
233378,4.0,10.0,2.0,5.0,2.0,2.0,0.1,0.1,40.0,8,1670.7736206054688,10,21,6,26,53
233378,4.0,10.0,2.0,5.0,2.0,2.0,0.1,0.1,40.0,9,1248.467025756836,9,18,6,25,49
233378,4.0,10.0,2.0,5.0,2.0,2.0,0.1,0.1,40.0,10,900.5837821960449,10,18,6,24,50
233378,4.0,10.0,2.0,5.0,2.0,2.0,0.1,0.1,40.0,11,305.72972774505615,10,19,6,23,50
233378,4.0,10.0,2.0,5.0,2.0,2.0,0.1,0.1,40.0,12,0,10,18,6,22,48
233378,4.0,10.0,2.0,5.0,2.0,2.0,0.1,0.1,40.0,13,0,10,15,5,13,37
233378,4.0,10.0,2.0,5.0,2.0,2.0,0.1,0.1,40.0,14,0,10,13,4,9,29
233378,4.0,10.0,2.0,5.0,2.0,2.0,0.1,0.1,40.0,15,0,9,13,4,7,27
233378,4.0,10.0,2.0,5.0,2.0,2.0,0.1,0.1,40.0,16,0,8,12,4,2,24
233378,4.0,10.0,2.0,5.0,2.0,2.0,0.1,0.1,40.0,17,0,5,11,4,1,20
233378,4.0,10.0,2.0,5.0,2.0,2.0,0.1,0.1,40.0,18,0,3,8,3,1,14
233378,4.0,10.0,2.0,5.0,2.0,2.0,0.1,0.1,40.0,19,0,2,6,2,1,10
233378,4.0,10.0,2.0,5.0,2.0,2.0,0.1,0.1,40.0,20,0,1,6,2,0,9
233378,4.0,10.0,2.0,5.0,2.0,2.0,0.1,0.1,40.0,21,0,1,4,1,0,6
233378,4.0,10.0,2.0,5.0,2.0,2.0,0.1,0.1,40.0,22,0,1,3,1,0,5
233378,4.0,10.0,2.0,5.0,2.0,2.0,0.1,0.1,40.0,23,40.0,1,3,1,0,5
233378,4.0,10.0,2.0,5.0,2.0,2.0,0.1,0.1,40.0,24,10.0,0,3,1,0,4
233378,4.0,10.0,2.0,5.0,2.0,2.0,0.1,0.1,40.0,25,0,0,2,1,0,3
233378,4.0,10.0,2.0,5.0,2.0,2.0,0.1,0.1,40.0,26,0,0,2,1,0,3
233378,4.0,10.0,2.0,5.0,2.0,2.0,0.1,0.1,40.0,27,0,0,1,0,0,1