Exp Num,agent:svo_convergence_factor,agent:params:metabolism,agent:params:consumption_factor,agent:params:procreate_cost_factor,agent:params:procreate_req_factor,agent:params:start_energy_factor,agent:params:caught_chance,agent:params:caught_cooldown_factor,agent:params:maximum_age,Epoch,Resource,A,B,C,D,E
241409,4.0,10.0,3.0,9.0,2.0,3.0,0.2,0.2,50.0,0,3830.0,17,29,14,25,75
241409,4.0,10.0,3.0,9.0,2.0,3.0,0.2,0.2,50.0,1,3587.5,17,29,14,25,75
241409,4.0,10.0,3.0,9.0,2.0,3.0,0.2,0.2,50.0,2,2984.375,14,25,11,22,65
241409,4.0,10.0,3.0,9.0,2.0,3.0,0.2,0.2,50.0,3,2710.46875,13,25,10,22,63
241409,4.0,10.0,3.0,9.0,2.0,3.0,0.2,0.2,50.0,4,2548.0859375,13,25,10,22,63
241409,4.0,10.0,3.0,9.0,2.0,3.0,0.2,0.2,50.0,5,2045.107421875,12,22,8,20,57
241409,4.0,10.0,3.0,9.0,2.0,3.0,0.2,0.2,50.0,6,1566.38427734375,12,20,8,19,55
241409,4.0,10.0,3.0,9.0,2.0,3.0,0.2,0.2,50.0,7,1507.9803466796875,12,20,8,19,55
241409,4.0,10.0,3.0,9.0,2.0,3.0,0.2,0.2,50.0,8,1134.9754333496094,11,21,8,18,55
241409,4.0,10.0,3.0,9.0,2.0,3.0,0.2,0.2,50.0,9,698.7192916870117,9,22,8,18,54
241409,4.0,10.0,3.0,9.0,2.0,3.0,0.2,0.2,50.0,10,333.39911460876465,9,23,8,18,55
241409,4.0,10.0,3.0,9.0,2.0,3.0,0.2,0.2,50.0,11,0,7,24,5,16,46
241409,4.0,10.0,3.0,9.0,2.0,3.0,0.2,0.2,50.0,12,0,7,23,5,15,42
241409,4.0,10.0,3.0,9.0,2.0,3.0,0.2,0.2,50.0,13,0,7,23,5,14,39
241409,4.0,10.0,3.0,9.0,2.0,3.0,0.2,0.2,50.0,14,0,7,20,5,7,34
241409,4.0,10.0,3.0,9.0,2.0,3.0,0.2,0.2,50.0,15,0,5,17,4,5,28
241409,4.0,10.0,3.0,9.0,2.0,3.0,0.2,0.2,50.0,16,0,4,16,3,4,25
241409,4.0,10.0,3.0,9.0,2.0,3.0,0.2,0.2,50.0,17,0,4,16,3,3,24
241409,4.0,10.0,3.0,9.0,2.0,3.0,0.2,0.2,50.0,18,0,4,16,2,3,22
241409,4.0,10.0,3.0,9.0,2.0,3.0,0.2,0.2,50.0,19,0,4,16,2,2,22
241409,4.0,10.0,3.0,9.0,2.0,3.0,0.2,0.2,50.0,20,0,4,15,2,2,21
241409,4.0,10.0,3.0,9.0,2.0,3.0,0.2,0.2,50.0,21,0,4,13,2,2,19
241409,4.0,10.0,3.0,9.0,2.0,3.0,0.2,0.2,50.0,22,0,4,13,1,1,18
241409,4.0,10.0,3.0,9.0,2.0,3.0,0.2,0.2,50.0,23,0,4,9,1,1,14
241409,4.0,10.0,3.0,9.0,2.0,3.0,0.2,0.2,50.0,24,0,3,7,1,0,11
241409,4.0,10.0,3.0,9.0,2.0,3.0,0.2,0.2,50.0,25,0,3,5,1,0,9
241409,4.0,10.0,3.0,9.0,2.0,3.0,0.2,0.2,50.0,26,0,3,4,1,0,8
241409,4.0,10.0,3.0,9.0,2.0,3.0,0.2,0.2,50.0,27,0,3,4,0,0,7
241409,4.0,10.0,3.0,9.0,2.0,3.0,0.2,0.2,50.0,28,0,3,2,0,0,5
241409,4.0,10.0,3.0,9.0,2.0,3.0,0.2,0.2,50.0,29,0,1,2,0,0,3
241409,4.0,10.0,3.0,9.0,2.0,3.0,0.2,0.2,50.0,30,0,1,1,0,0,2
241409,4.0,10.0,3.0,9.0,2.0,3.0,0.2,0.2,50.0,31,0,0,1,0,0,1