Exp Num,agent:svo_convergence_factor,agent:params:metabolism,agent:params:consumption_factor,agent:params:procreate_cost_factor,agent:params:procreate_req_factor,agent:params:start_energy_factor,agent:params:caught_chance,agent:params:caught_cooldown_factor,agent:params:maximum_age,Epoch,Resource,A,B,C,D,E
269611,4.0,15.0,4.0,9.0,2.0,3.0,0.5,0.30000000000000004,20.0,0,3200.0,16,33,12,26,74
269611,4.0,15.0,4.0,9.0,2.0,3.0,0.5,0.30000000000000004,20.0,1,2980.0,16,33,12,26,74
269611,4.0,15.0,4.0,9.0,2.0,3.0,0.5,0.30000000000000004,20.0,2,1985.0,8,26,7,20,53
269611,4.0,15.0,4.0,9.0,2.0,3.0,0.5,0.30000000000000004,20.0,3,1461.25,6,18,6,20,42
269611,4.0,15.0,4.0,9.0,2.0,3.0,0.5,0.30000000000000004,20.0,4,1166.5625,6,18,6,20,42
269611,4.0,15.0,4.0,9.0,2.0,3.0,0.5,0.30000000000000004,20.0,5,1038.203125,6,18,6,20,42
269611,4.0,15.0,4.0,9.0,2.0,3.0,0.5,0.30000000000000004,20.0,6,457.75390625,4,13,6,18,34
269611,4.0,15.0,4.0,9.0,2.0,3.0,0.5,0.30000000000000004,20.0,7,272.1923828125,4,9,6,16,30
269611,4.0,15.0,4.0,9.0,2.0,3.0,0.5,0.30000000000000004,20.0,8,0,4,9,5,15,29
269611,4.0,15.0,4.0,9.0,2.0,3.0,0.5,0.30000000000000004,20.0,9,0,4,9,5,14,29
269611,4.0,15.0,4.0,9.0,2.0,3.0,0.5,0.30000000000000004,20.0,10,0,3,8,4,11,21
269611,4.0,15.0,4.0,9.0,2.0,3.0,0.5,0.30000000000000004,20.0,11,0,3,8,4,8,18
269611,4.0,15.0,4.0,9.0,2.0,3.0,0.5,0.30000000000000004,20.0,12,0,3,6,4,5,16
269611,4.0,15.0,4.0,9.0,2.0,3.0,0.5,0.30000000000000004,20.0,13,0,3,6,4,5,15
269611,4.0,15.0,4.0,9.0,2.0,3.0,0.5,0.30000000000000004,20.0,14,0,3,6,3,3,13
269611,4.0,15.0,4.0,9.0,2.0,3.0,0.5,0.30000000000000004,20.0,15,0,3,6,0,2,10
269611,4.0,15.0,4.0,9.0,2.0,3.0,0.5,0.30000000000000004,20.0,16,0,3,6,0,1,9
269611,4.0,15.0,4.0,9.0,2.0,3.0,0.5,0.30000000000000004,20.0,17,0,2,6,0,0,8
269611,4.0,15.0,4.0,9.0,2.0,3.0,0.5,0.30000000000000004,20.0,18,0,2,5,0,0,7
269611,4.0,15.0,4.0,9.0,2.0,3.0,0.5,0.30000000000000004,20.0,19,0,2,5,0,0,7
269611,4.0,15.0,4.0,9.0,2.0,3.0,0.5,0.30000000000000004,20.0,20,0,1,5,0,0,6
269611,4.0,15.0,4.0,9.0,2.0,3.0,0.5,0.30000000000000004,20.0,21,0,1,3,0,0,4
269611,4.0,15.0,4.0,9.0,2.0,3.0,0.5,0.30000000000000004,20.0,22,0,1,2,0,0,3
269611,4.0,15.0,4.0,9.0,2.0,3.0,0.5,0.30000000000000004,20.0,23,0,0,2,0,0,2
269611,4.0,15.0,4.0,9.0,2.0,3.0,0.5,0.30000000000000004,20.0,24,0,0,1,0,0,1