Exp Num,agent:svo_convergence_factor,agent:params:metabolism,agent:params:consumption_factor,agent:params:procreate_cost_factor,agent:params:procreate_req_factor,agent:params:start_energy_factor,agent:params:caught_chance,agent:params:caught_cooldown_factor,agent:params:maximum_age,Epoch,Resource,A,B,C,D,E
208820,4.0,5.0,2.0,1.0,2.0,3.0,0.30000000000000004,0.5,10.0,0,4000.0,22,42,21,40,110
208820,4.0,5.0,2.0,1.0,2.0,3.0,0.30000000000000004,0.5,10.0,1,3500.0,33,59,38,56,169
208820,4.0,5.0,2.0,1.0,2.0,3.0,0.30000000000000004,0.5,10.0,2,3695.0,46,80,51,73,222
208820,4.0,5.0,2.0,1.0,2.0,3.0,0.30000000000000004,0.5,10.0,3,3048.75,48,85,60,89,253
208820,4.0,5.0,2.0,1.0,2.0,3.0,0.30000000000000004,0.5,10.0,4,1760.9375,58,106,76,110,317
208820,4.0,5.0,2.0,1.0,2.0,3.0,0.30000000000000004,0.5,10.0,5,0,56,116,90,132,357
208820,4.0,5.0,2.0,1.0,2.0,3.0,0.30000000000000004,0.5,10.0,6,0,42,71,58,77,222
208820,4.0,5.0,2.0,1.0,2.0,3.0,0.30000000000000004,0.5,10.0,7,0,23,41,33,43,128
208820,4.0,5.0,2.0,1.0,2.0,3.0,0.30000000000000004,0.5,10.0,8,0,12,21,15,26,66
208820,4.0,5.0,2.0,1.0,2.0,3.0,0.30000000000000004,0.5,10.0,9,0,6,14,8,14,37
208820,4.0,5.0,2.0,1.0,2.0,3.0,0.30000000000000004,0.5,10.0,10,0,2,7,6,7,19
208820,4.0,5.0,2.0,1.0,2.0,3.0,0.30000000000000004,0.5,10.0,11,0,2,3,4,3,11
208820,4.0,5.0,2.0,1.0,2.0,3.0,0.30000000000000004,0.5,10.0,12,0,1,2,1,2,5
208820,4.0,5.0,2.0,1.0,2.0,3.0,0.30000000000000004,0.5,10.0,13,0,1,1,0,1,2
208820,4.0,5.0,2.0,1.0,2.0,3.0,0.30000000000000004,0.5,10.0,14,0,1,0,0,0,1