Exp Num,agent:svo_convergence_factor,agent:params:metabolism,agent:params:consumption_factor,agent:params:procreate_cost_factor,agent:params:procreate_req_factor,agent:params:start_energy_factor,agent:params:caught_chance,agent:params:caught_cooldown_factor,agent:params:maximum_age,Epoch,Resource,A,B,C,D,E
235565,4.0,10.0,2.0,9.0,2.0,1.0,0.30000000000000004,0.4,10.0,0,3000.0,17,26,10,27,73
235565,4.0,10.0,2.0,9.0,2.0,1.0,0.30000000000000004,0.4,10.0,1,3050.0,17,26,10,27,73
235565,4.0,10.0,2.0,9.0,2.0,1.0,0.30000000000000004,0.4,10.0,2,2772.5,14,20,9,23,63
235565,4.0,10.0,2.0,9.0,2.0,1.0,0.30000000000000004,0.4,10.0,3,3005.625,13,19,8,22,60
235565,4.0,10.0,2.0,9.0,2.0,1.0,0.30000000000000004,0.4,10.0,4,2877.03125,10,15,7,21,52
235565,4.0,10.0,2.0,9.0,2.0,1.0,0.30000000000000004,0.4,10.0,5,3136.2890625,7,13,7,21,47
235565,4.0,10.0,2.0,9.0,2.0,1.0,0.30000000000000004,0.4,10.0,6,3200.361328125,6,10,6,21,40
235565,4.0,10.0,2.0,9.0,2.0,1.0,0.30000000000000004,0.4,10.0,7,3280.45166015625,6,10,4,21,38
235565,4.0,10.0,2.0,9.0,2.0,1.0,0.30000000000000004,0.4,10.0,8,3160.5645751953125,6,8,3,21,35
235565,4.0,10.0,2.0,9.0,2.0,1.0,0.30000000000000004,0.4,10.0,9,2990.7057189941406,6,8,3,20,35
235565,4.0,10.0,2.0,9.0,2.0,1.0,0.30000000000000004,0.4,10.0,10,3058.382148742676,4,3,1,14,22
235565,4.0,10.0,2.0,9.0,2.0,1.0,0.30000000000000004,0.4,10.0,11,3442.9776859283447,3,3,1,6,14
235565,4.0,10.0,2.0,9.0,2.0,1.0,0.30000000000000004,0.4,10.0,12,4063.722107410431,2,1,0,5,7
235565,4.0,10.0,2.0,9.0,2.0,1.0,0.30000000000000004,0.4,10.0,13,4939.652634263039,2,1,0,3,4
235565,4.0,10.0,2.0,9.0,2.0,1.0,0.30000000000000004,0.4,10.0,14,6094.565792828798,0,0,0,2,1
235565,4.0,10.0,2.0,9.0,2.0,1.0,0.30000000000000004,0.4,10.0,15,7578.207241035998,0,0,0,1,1
235565,4.0,10.0,2.0,9.0,2.0,1.0,0.30000000000000004,0.4,10.0,16,9452.759051294997,0,0,0,1,0