Exp Num,agent:svo_convergence_factor,agent:params:metabolism,agent:params:consumption_factor,agent:params:procreate_cost_factor,agent:params:procreate_req_factor,agent:params:start_energy_factor,agent:params:caught_chance,agent:params:caught_cooldown_factor,agent:params:maximum_age,Epoch,Resource,A,B,C,D,E
235506,4.0,10.0,2.0,9.0,2.0,1.0,0.1,0.2,20.0,0,3000.0,16,29,11,28,72
235506,4.0,10.0,2.0,9.0,2.0,1.0,0.1,0.2,20.0,1,2810.0,16,29,11,28,72
235506,4.0,10.0,2.0,9.0,2.0,1.0,0.1,0.2,20.0,2,2092.5,15,26,11,28,68
235506,4.0,10.0,2.0,9.0,2.0,1.0,0.1,0.2,20.0,3,1775.625,15,26,11,28,68
235506,4.0,10.0,2.0,9.0,2.0,1.0,0.1,0.2,20.0,4,919.53125,14,23,10,28,63
235506,4.0,10.0,2.0,9.0,2.0,1.0,0.1,0.2,20.0,5,489.4140625,14,21,10,27,61
235506,4.0,10.0,2.0,9.0,2.0,1.0,0.1,0.2,20.0,6,0,12,21,8,20,53
235506,4.0,10.0,2.0,9.0,2.0,1.0,0.1,0.2,20.0,7,0,12,21,7,18,50
235506,4.0,10.0,2.0,9.0,2.0,1.0,0.1,0.2,20.0,8,0,11,17,3,9,37
235506,4.0,10.0,2.0,9.0,2.0,1.0,0.1,0.2,20.0,9,0,11,16,2,3,29
235506,4.0,10.0,2.0,9.0,2.0,1.0,0.1,0.2,20.0,10,0,10,12,0,2,22
235506,4.0,10.0,2.0,9.0,2.0,1.0,0.1,0.2,20.0,11,0,9,9,0,1,18
235506,4.0,10.0,2.0,9.0,2.0,1.0,0.1,0.2,20.0,12,0,6,5,0,0,11
235506,4.0,10.0,2.0,9.0,2.0,1.0,0.1,0.2,20.0,13,0,5,3,0,0,8
235506,4.0,10.0,2.0,9.0,2.0,1.0,0.1,0.2,20.0,14,0,4,3,0,0,7
235506,4.0,10.0,2.0,9.0,2.0,1.0,0.1,0.2,20.0,15,0,3,1,0,0,4
235506,4.0,10.0,2.0,9.0,2.0,1.0,0.1,0.2,20.0,16,0,2,0,0,0,2
235506,4.0,10.0,2.0,9.0,2.0,1.0,0.1,0.2,20.0,17,80.0,2,0,0,0,2
235506,4.0,10.0,2.0,9.0,2.0,1.0,0.1,0.2,20.0,18,80.0,1,0,0,0,1