Exp Num,agent:svo_convergence_factor,agent:params:metabolism,agent:params:consumption_factor,agent:params:procreate_cost_factor,agent:params:procreate_req_factor,agent:params:start_energy_factor,agent:params:caught_chance,agent:params:caught_cooldown_factor,agent:params:maximum_age,Epoch,Resource,A,B,C,D,E
231012,4.0,10.0,2.0,1.0,2.0,1.0,0.1,0.30000000000000004,30.0,0,3000.0,25,41,28,36,114
231012,4.0,10.0,2.0,1.0,2.0,1.0,0.1,0.30000000000000004,30.0,1,1310.0,35,60,39,50,161
231012,4.0,10.0,2.0,1.0,2.0,1.0,0.1,0.30000000000000004,30.0,2,0,34,60,36,50,155
231012,4.0,10.0,2.0,1.0,2.0,1.0,0.1,0.30000000000000004,30.0,3,0,24,42,20,34,99
231012,4.0,10.0,2.0,1.0,2.0,1.0,0.1,0.30000000000000004,30.0,4,0,15,23,11,17,56
231012,4.0,10.0,2.0,1.0,2.0,1.0,0.1,0.30000000000000004,30.0,5,0,8,13,3,11,29
231012,4.0,10.0,2.0,1.0,2.0,1.0,0.1,0.30000000000000004,30.0,6,0,4,10,2,2,19
231012,4.0,10.0,2.0,1.0,2.0,1.0,0.1,0.30000000000000004,30.0,7,0,3,4,0,2,9
231012,4.0,10.0,2.0,1.0,2.0,1.0,0.1,0.30000000000000004,30.0,8,0,2,1,0,1,4
231012,4.0,10.0,2.0,1.0,2.0,1.0,0.1,0.30000000000000004,30.0,9,0,1,0,0,0,2
231012,4.0,10.0,2.0,1.0,2.0,1.0,0.1,0.30000000000000004,30.0,10,0,1,0,0,0,1