Exp Num,agent:svo_convergence_factor,agent:params:metabolism,agent:params:consumption_factor,agent:params:procreate_cost_factor,agent:params:procreate_req_factor,agent:params:start_energy_factor,agent:params:caught_chance,agent:params:caught_cooldown_factor,agent:params:maximum_age,Epoch,Resource,A,B,C,D,E
29611,1.0,10.0,2.0,3.0,1.0,3.0,0.5,0.30000000000000004,20.0,0,3800.0,20,42,22,32,98
29611,1.0,10.0,2.0,3.0,1.0,3.0,0.5,0.30000000000000004,20.0,1,3310.0,22,47,29,35,112
29611,1.0,10.0,2.0,3.0,1.0,3.0,0.5,0.30000000000000004,20.0,2,3257.5,20,47,34,34,113
29611,1.0,10.0,2.0,3.0,1.0,3.0,0.5,0.30000000000000004,20.0,3,3111.875,11,40,39,30,102
29611,1.0,10.0,2.0,3.0,1.0,3.0,0.5,0.30000000000000004,20.0,4,2829.84375,8,42,41,27,103
29611,1.0,10.0,2.0,3.0,1.0,3.0,0.5,0.30000000000000004,20.0,5,2357.3046875,6,48,37,25,103
29611,1.0,10.0,2.0,3.0,1.0,3.0,0.5,0.30000000000000004,20.0,6,1726.630859375,5,59,39,24,115
29611,1.0,10.0,2.0,3.0,1.0,3.0,0.5,0.30000000000000004,20.0,7,898.28857421875,3,62,37,22,114
29611,1.0,10.0,2.0,3.0,1.0,3.0,0.5,0.30000000000000004,20.0,8,2.8607177734375,3,61,40,21,116
29611,1.0,10.0,2.0,3.0,1.0,3.0,0.5,0.30000000000000004,20.0,9,0,1,57,28,10,95
29611,1.0,10.0,2.0,3.0,1.0,3.0,0.5,0.30000000000000004,20.0,10,0,1,38,20,2,65
29611,1.0,10.0,2.0,3.0,1.0,3.0,0.5,0.30000000000000004,20.0,11,0,0,27,14,1,41
29611,1.0,10.0,2.0,3.0,1.0,3.0,0.5,0.30000000000000004,20.0,12,0,0,19,11,1,30
29611,1.0,10.0,2.0,3.0,1.0,3.0,0.5,0.30000000000000004,20.0,13,0,0,16,6,0,22
29611,1.0,10.0,2.0,3.0,1.0,3.0,0.5,0.30000000000000004,20.0,14,0,0,6,6,0,12
29611,1.0,10.0,2.0,3.0,1.0,3.0,0.5,0.30000000000000004,20.0,15,0,0,4,3,0,7
29611,1.0,10.0,2.0,3.0,1.0,3.0,0.5,0.30000000000000004,20.0,16,0,0,4,2,0,6
29611,1.0,10.0,2.0,3.0,1.0,3.0,0.5,0.30000000000000004,20.0,17,0,0,4,0,0,4
29611,1.0,10.0,2.0,3.0,1.0,3.0,0.5,0.30000000000000004,20.0,18,0,0,3,0,0,3
29611,1.0,10.0,2.0,3.0,1.0,3.0,0.5,0.30000000000000004,20.0,19,0,0,2,0,0,2
29611,1.0,10.0,2.0,3.0,1.0,3.0,0.5,0.30000000000000004,20.0,20,80.0,0,2,0,0,2
29611,1.0,10.0,2.0,3.0,1.0,3.0,0.5,0.30000000000000004,20.0,21,80.0,0,2,0,0,2
29611,1.0,10.0,2.0,3.0,1.0,3.0,0.5,0.30000000000000004,20.0,22,100.0,0,1,0,0,1