Exp Num,agent:svo_convergence_factor,agent:params:metabolism,agent:params:consumption_factor,agent:params:procreate_cost_factor,agent:params:procreate_req_factor,agent:params:start_energy_factor,agent:params:caught_chance,agent:params:caught_cooldown_factor,agent:params:maximum_age,Epoch,Resource,A,B,C,D,E
263181,4.0,15.0,3.0,7.0,3.0,3.0,0.30000000000000004,0.2,20.0,0,3110.0,15,35,11,26,74
263181,4.0,15.0,3.0,7.0,3.0,3.0,0.30000000000000004,0.2,20.0,1,2357.5,15,35,11,26,74
263181,4.0,15.0,3.0,7.0,3.0,3.0,0.30000000000000004,0.2,20.0,2,1326.875,13,29,10,21,65
263181,4.0,15.0,3.0,7.0,3.0,3.0,0.30000000000000004,0.2,20.0,3,308.59375,11,28,10,21,62
263181,4.0,15.0,3.0,7.0,3.0,3.0,0.30000000000000004,0.2,20.0,4,0,11,28,10,21,62
263181,4.0,15.0,3.0,7.0,3.0,3.0,0.30000000000000004,0.2,20.0,5,0,10,21,10,13,47
263181,4.0,15.0,3.0,7.0,3.0,3.0,0.30000000000000004,0.2,20.0,6,0,9,20,8,6,42
263181,4.0,15.0,3.0,7.0,3.0,3.0,0.30000000000000004,0.2,20.0,7,0,9,19,5,6,35
263181,4.0,15.0,3.0,7.0,3.0,3.0,0.30000000000000004,0.2,20.0,8,0,8,16,2,4,27
263181,4.0,15.0,3.0,7.0,3.0,3.0,0.30000000000000004,0.2,20.0,9,0,6,14,1,2,22
263181,4.0,15.0,3.0,7.0,3.0,3.0,0.30000000000000004,0.2,20.0,10,0,6,12,1,1,20
263181,4.0,15.0,3.0,7.0,3.0,3.0,0.30000000000000004,0.2,20.0,11,0,6,10,1,1,18
263181,4.0,15.0,3.0,7.0,3.0,3.0,0.30000000000000004,0.2,20.0,12,0,6,7,1,1,15
263181,4.0,15.0,3.0,7.0,3.0,3.0,0.30000000000000004,0.2,20.0,13,0,6,5,0,0,11
263181,4.0,15.0,3.0,7.0,3.0,3.0,0.30000000000000004,0.2,20.0,14,0,6,4,0,0,10
263181,4.0,15.0,3.0,7.0,3.0,3.0,0.30000000000000004,0.2,20.0,15,0,4,3,0,0,7
263181,4.0,15.0,3.0,7.0,3.0,3.0,0.30000000000000004,0.2,20.0,16,0,4,0,0,0,4
263181,4.0,15.0,3.0,7.0,3.0,3.0,0.30000000000000004,0.2,20.0,17,0,4,0,0,0,4
263181,4.0,15.0,3.0,7.0,3.0,3.0,0.30000000000000004,0.2,20.0,18,0,3,0,0,0,3
263181,4.0,15.0,3.0,7.0,3.0,3.0,0.30000000000000004,0.2,20.0,19,0,1,0,0,0,1