Exp Num,agent:svo_convergence_factor,agent:params:metabolism,agent:params:consumption_factor,agent:params:procreate_cost_factor,agent:params:procreate_req_factor,agent:params:start_energy_factor,agent:params:caught_chance,agent:params:caught_cooldown_factor,agent:params:maximum_age,Epoch,Resource,A,B,C,D,E
242441,4.0,10.0,4.0,1.0,2.0,2.0,0.30000000000000004,0.4,20.0,0,3600.0,18,39,15,27,90
242441,4.0,10.0,4.0,1.0,2.0,2.0,0.30000000000000004,0.4,20.0,1,1620.0,21,43,26,36,112
242441,4.0,10.0,4.0,1.0,2.0,2.0,0.30000000000000004,0.4,20.0,2,0,27,53,42,46,147
242441,4.0,10.0,4.0,1.0,2.0,2.0,0.30000000000000004,0.4,20.0,3,0,25,52,37,36,130
242441,4.0,10.0,4.0,1.0,2.0,2.0,0.30000000000000004,0.4,20.0,4,0,19,47,29,20,106
242441,4.0,10.0,4.0,1.0,2.0,2.0,0.30000000000000004,0.4,20.0,5,0,17,32,15,8,71
242441,4.0,10.0,4.0,1.0,2.0,2.0,0.30000000000000004,0.4,20.0,6,0,12,25,12,5,54
242441,4.0,10.0,4.0,1.0,2.0,2.0,0.30000000000000004,0.4,20.0,7,0,10,14,10,2,36
242441,4.0,10.0,4.0,1.0,2.0,2.0,0.30000000000000004,0.4,20.0,8,0,5,10,5,0,21
242441,4.0,10.0,4.0,1.0,2.0,2.0,0.30000000000000004,0.4,20.0,9,0,4,5,4,0,14
242441,4.0,10.0,4.0,1.0,2.0,2.0,0.30000000000000004,0.4,20.0,10,0,2,3,2,0,8
242441,4.0,10.0,4.0,1.0,2.0,2.0,0.30000000000000004,0.4,20.0,11,0,1,2,1,0,4
242441,4.0,10.0,4.0,1.0,2.0,2.0,0.30000000000000004,0.4,20.0,12,0,0,2,0,0,2
242441,4.0,10.0,4.0,1.0,2.0,2.0,0.30000000000000004,0.4,20.0,13,100,0,1,0,0,1