Exp Num,agent:svo_convergence_factor,agent:params:metabolism,agent:params:consumption_factor,agent:params:procreate_cost_factor,agent:params:procreate_req_factor,agent:params:start_energy_factor,agent:params:caught_chance,agent:params:caught_cooldown_factor,agent:params:maximum_age,Epoch,Resource,A,B,C,D,E
250487,4.0,15.0,1.0,5.0,2.0,3.0,0.5,0.30000000000000004,30.0,0,3500.0,18,30,13,23,77
250487,4.0,15.0,1.0,5.0,2.0,3.0,0.5,0.30000000000000004,30.0,1,2920.0,18,30,13,23,77
250487,4.0,15.0,1.0,5.0,2.0,3.0,0.5,0.30000000000000004,30.0,2,2795.0,18,30,13,23,77
250487,4.0,15.0,1.0,5.0,2.0,3.0,0.5,0.30000000000000004,30.0,3,2908.75,18,29,11,23,74
250487,4.0,15.0,1.0,5.0,2.0,3.0,0.5,0.30000000000000004,30.0,4,2900.9375,14,21,6,23,57
250487,4.0,15.0,1.0,5.0,2.0,3.0,0.5,0.30000000000000004,30.0,5,2876.171875,11,17,5,20,48
250487,4.0,15.0,1.0,5.0,2.0,3.0,0.5,0.30000000000000004,30.0,6,2695.21484375,10,16,4,20,45
250487,4.0,15.0,1.0,5.0,2.0,3.0,0.5,0.30000000000000004,30.0,7,2439.0185546875,9,16,3,20,43
250487,4.0,15.0,1.0,5.0,2.0,3.0,0.5,0.30000000000000004,30.0,8,2103.773193359375,9,16,3,20,43
250487,4.0,15.0,1.0,5.0,2.0,3.0,0.5,0.30000000000000004,30.0,9,1729.7164916992188,9,16,3,20,43
250487,4.0,15.0,1.0,5.0,2.0,3.0,0.5,0.30000000000000004,30.0,10,1517.1456146240234,9,16,3,20,43
250487,4.0,15.0,1.0,5.0,2.0,3.0,0.5,0.30000000000000004,30.0,11,1371.4320182800293,9,16,3,19,43
250487,4.0,15.0,1.0,5.0,2.0,3.0,0.5,0.30000000000000004,30.0,12,1219.2900228500366,5,15,3,18,37
250487,4.0,15.0,1.0,5.0,2.0,3.0,0.5,0.30000000000000004,30.0,13,1074.1125285625458,2,11,3,16,29
250487,4.0,15.0,1.0,5.0,2.0,3.0,0.5,0.30000000000000004,30.0,14,802.6406607031822,1,10,3,16,27
250487,4.0,15.0,1.0,5.0,2.0,3.0,0.5,0.30000000000000004,30.0,15,448.3008258789778,1,10,1,15,25
250487,4.0,15.0,1.0,5.0,2.0,3.0,0.5,0.30000000000000004,30.0,16,0,1,10,1,14,25
250487,4.0,15.0,1.0,5.0,2.0,3.0,0.5,0.30000000000000004,30.0,17,0,0,3,1,8,12
250487,4.0,15.0,1.0,5.0,2.0,3.0,0.5,0.30000000000000004,30.0,18,0,0,2,1,3,7
250487,4.0,15.0,1.0,5.0,2.0,3.0,0.5,0.30000000000000004,30.0,19,0,0,1,0,2,3
250487,4.0,15.0,1.0,5.0,2.0,3.0,0.5,0.30000000000000004,30.0,20,0,0,1,0,0,2
250487,4.0,15.0,1.0,5.0,2.0,3.0,0.5,0.30000000000000004,30.0,21,0,0,0,0,0,1