Exp Num,agent:svo_convergence_factor,agent:params:metabolism,agent:params:consumption_factor,agent:params:procreate_cost_factor,agent:params:procreate_req_factor,agent:params:start_energy_factor,agent:params:caught_chance,agent:params:caught_cooldown_factor,agent:params:maximum_age,Epoch,Resource,A,B,C,D,E
251871,4.0,15.0,1.0,7.0,3.0,2.0,0.5,0.5,20.0,0,3500.0,19,25,13,20,80
251871,4.0,15.0,1.0,7.0,3.0,2.0,0.5,0.5,20.0,1,2980.0,19,25,13,20,80
251871,4.0,15.0,1.0,7.0,3.0,2.0,0.5,0.5,20.0,2,2750.0,19,23,13,20,78
251871,4.0,15.0,1.0,7.0,3.0,2.0,0.5,0.5,20.0,3,2492.5,16,20,13,19,72
251871,4.0,15.0,1.0,7.0,3.0,2.0,0.5,0.5,20.0,4,2290.625,14,16,12,19,65
251871,4.0,15.0,1.0,7.0,3.0,2.0,0.5,0.5,20.0,5,1993.28125,10,14,10,18,56
251871,4.0,15.0,1.0,7.0,3.0,2.0,0.5,0.5,20.0,6,1561.6015625,8,14,10,18,54
251871,4.0,15.0,1.0,7.0,3.0,2.0,0.5,0.5,20.0,7,1007.001953125,6,13,10,18,51
251871,4.0,15.0,1.0,7.0,3.0,2.0,0.5,0.5,20.0,8,268.75244140625,5,12,10,18,49
251871,4.0,15.0,1.0,7.0,3.0,2.0,0.5,0.5,20.0,9,0,4,11,6,9,36
251871,4.0,15.0,1.0,7.0,3.0,2.0,0.5,0.5,20.0,10,0,2,5,4,3,19
251871,4.0,15.0,1.0,7.0,3.0,2.0,0.5,0.5,20.0,11,0,1,3,1,1,10
251871,4.0,15.0,1.0,7.0,3.0,2.0,0.5,0.5,20.0,12,0,1,3,1,0,6
251871,4.0,15.0,1.0,7.0,3.0,2.0,0.5,0.5,20.0,13,0,0,1,1,0,3
251871,4.0,15.0,1.0,7.0,3.0,2.0,0.5,0.5,20.0,14,0,0,0,1,0,1