Exp Num,agent:svo_convergence_factor,agent:params:metabolism,agent:params:consumption_factor,agent:params:procreate_cost_factor,agent:params:procreate_req_factor,agent:params:start_energy_factor,agent:params:caught_chance,agent:params:caught_cooldown_factor,agent:params:maximum_age,Epoch,Resource,A,B,C,D,E
269554,4.0,15.0,4.0,9.0,2.0,3.0,0.30000000000000004,0.1,50.0,0,3320.0,14,28,15,29,71
269554,4.0,15.0,4.0,9.0,2.0,3.0,0.30000000000000004,0.1,50.0,1,2530.0,14,28,15,29,71
269554,4.0,15.0,4.0,9.0,2.0,3.0,0.30000000000000004,0.1,50.0,2,282.5,12,21,12,25,59
269554,4.0,15.0,4.0,9.0,2.0,3.0,0.30000000000000004,0.1,50.0,3,0,11,17,12,24,53
269554,4.0,15.0,4.0,9.0,2.0,3.0,0.30000000000000004,0.1,50.0,4,0,11,17,12,24,53
269554,4.0,15.0,4.0,9.0,2.0,3.0,0.30000000000000004,0.1,50.0,5,0,11,17,12,24,53
269554,4.0,15.0,4.0,9.0,2.0,3.0,0.30000000000000004,0.1,50.0,6,0,10,14,9,14,35
269554,4.0,15.0,4.0,9.0,2.0,3.0,0.30000000000000004,0.1,50.0,7,0,9,11,4,9,25
269554,4.0,15.0,4.0,9.0,2.0,3.0,0.30000000000000004,0.1,50.0,8,0,7,9,4,5,20
269554,4.0,15.0,4.0,9.0,2.0,3.0,0.30000000000000004,0.1,50.0,9,0,7,9,3,4,19
269554,4.0,15.0,4.0,9.0,2.0,3.0,0.30000000000000004,0.1,50.0,10,0,6,9,3,4,18
269554,4.0,15.0,4.0,9.0,2.0,3.0,0.30000000000000004,0.1,50.0,11,0,5,6,2,3,13
269554,4.0,15.0,4.0,9.0,2.0,3.0,0.30000000000000004,0.1,50.0,12,0,3,6,1,2,10
269554,4.0,15.0,4.0,9.0,2.0,3.0,0.30000000000000004,0.1,50.0,13,0,2,5,1,1,8
269554,4.0,15.0,4.0,9.0,2.0,3.0,0.30000000000000004,0.1,50.0,14,0,2,5,1,1,8
269554,4.0,15.0,4.0,9.0,2.0,3.0,0.30000000000000004,0.1,50.0,15,0,2,4,1,0,7
269554,4.0,15.0,4.0,9.0,2.0,3.0,0.30000000000000004,0.1,50.0,16,0,0,4,1,0,5
269554,4.0,15.0,4.0,9.0,2.0,3.0,0.30000000000000004,0.1,50.0,17,0,0,2,1,0,3
269554,4.0,15.0,4.0,9.0,2.0,3.0,0.30000000000000004,0.1,50.0,18,0,0,1,0,0,1