Exp Num,agent:svo_convergence_factor,agent:params:metabolism,agent:params:consumption_factor,agent:params:procreate_cost_factor,agent:params:procreate_req_factor,agent:params:start_energy_factor,agent:params:caught_chance,agent:params:caught_cooldown_factor,agent:params:maximum_age,Epoch,Resource,A,B,C,D,E
231558,4.0,10.0,2.0,1.0,3.0,2.0,0.30000000000000004,0.2,40.0,0,3640.0,23,29,23,34,100
231558,4.0,10.0,2.0,1.0,3.0,2.0,0.30000000000000004,0.2,40.0,1,3330.0,24,36,24,35,111
231558,4.0,10.0,2.0,1.0,3.0,2.0,0.30000000000000004,0.2,40.0,2,2962.5,18,37,24,32,106
231558,4.0,10.0,2.0,1.0,3.0,2.0,0.30000000000000004,0.2,40.0,3,2543.125,14,36,22,33,101
231558,4.0,10.0,2.0,1.0,3.0,2.0,0.30000000000000004,0.2,40.0,4,2138.90625,13,34,23,32,99
231558,4.0,10.0,2.0,1.0,3.0,2.0,0.30000000000000004,0.2,40.0,5,1573.6328125,11,33,23,30,95
231558,4.0,10.0,2.0,1.0,3.0,2.0,0.30000000000000004,0.2,40.0,6,667.041015625,12,34,24,28,99
231558,4.0,10.0,2.0,1.0,3.0,2.0,0.30000000000000004,0.2,40.0,7,0,15,29,26,22,97
231558,4.0,10.0,2.0,1.0,3.0,2.0,0.30000000000000004,0.2,40.0,8,0,9,20,20,11,69
231558,4.0,10.0,2.0,1.0,3.0,2.0,0.30000000000000004,0.2,40.0,9,0,6,12,11,6,41
231558,4.0,10.0,2.0,1.0,3.0,2.0,0.30000000000000004,0.2,40.0,10,0,2,8,6,3,22
231558,4.0,10.0,2.0,1.0,3.0,2.0,0.30000000000000004,0.2,40.0,11,0,1,3,5,1,11
231558,4.0,10.0,2.0,1.0,3.0,2.0,0.30000000000000004,0.2,40.0,12,0,0,2,2,1,5
231558,4.0,10.0,2.0,1.0,3.0,2.0,0.30000000000000004,0.2,40.0,13,0,0,0,1,1,2
231558,4.0,10.0,2.0,1.0,3.0,2.0,0.30000000000000004,0.2,40.0,14,0,0,0,0,0,1