Exp Num,agent:svo_convergence_factor,agent:params:metabolism,agent:params:consumption_factor,agent:params:procreate_cost_factor,agent:params:procreate_req_factor,agent:params:start_energy_factor,agent:params:caught_chance,agent:params:caught_cooldown_factor,agent:params:maximum_age,Epoch,Resource,A,B,C,D,E
237286,4.0,10.0,3.0,1.0,3.0,3.0,0.2,0.30000000000000004,20.0,0,3920.0,26,33,15,24,94
237286,4.0,10.0,3.0,1.0,3.0,3.0,0.2,0.30000000000000004,20.0,1,3760.0,34,48,17,27,119
237286,4.0,10.0,3.0,1.0,3.0,3.0,0.2,0.30000000000000004,20.0,2,2630.0,35,51,19,30,132
237286,4.0,10.0,3.0,1.0,3.0,3.0,0.2,0.30000000000000004,20.0,3,1127.5,47,57,24,39,155
237286,4.0,10.0,3.0,1.0,3.0,3.0,0.2,0.30000000000000004,20.0,4,0,53,63,26,33,160
237286,4.0,10.0,3.0,1.0,3.0,3.0,0.2,0.30000000000000004,20.0,5,0,54,53,24,25,140
237286,4.0,10.0,3.0,1.0,3.0,3.0,0.2,0.30000000000000004,20.0,6,0,35,37,18,13,94
237286,4.0,10.0,3.0,1.0,3.0,3.0,0.2,0.30000000000000004,20.0,7,0,27,22,10,8,61
237286,4.0,10.0,3.0,1.0,3.0,3.0,0.2,0.30000000000000004,20.0,8,0,16,16,4,3,38
237286,4.0,10.0,3.0,1.0,3.0,3.0,0.2,0.30000000000000004,20.0,9,0,10,10,1,2,21
237286,4.0,10.0,3.0,1.0,3.0,3.0,0.2,0.30000000000000004,20.0,10,0,5,6,1,2,12
237286,4.0,10.0,3.0,1.0,3.0,3.0,0.2,0.30000000000000004,20.0,11,0,3,4,0,0,7
237286,4.0,10.0,3.0,1.0,3.0,3.0,0.2,0.30000000000000004,20.0,12,0,1,2,0,0,3
237286,4.0,10.0,3.0,1.0,3.0,3.0,0.2,0.30000000000000004,20.0,13,0,1,1,0,0,2
237286,4.0,10.0,3.0,1.0,3.0,3.0,0.2,0.30000000000000004,20.0,14,0,1,0,0,0,1