Exp Num,agent:svo_convergence_factor,agent:params:metabolism,agent:params:consumption_factor,agent:params:procreate_cost_factor,agent:params:procreate_req_factor,agent:params:start_energy_factor,agent:params:caught_chance,agent:params:caught_cooldown_factor,agent:params:maximum_age,Epoch,Resource,A,B,C,D,E
225182,4.0,10.0,1.0,1.0,1.0,2.0,0.30000000000000004,0.2,30.0,0,4000.0,32,50,16,31,119
225182,4.0,10.0,1.0,1.0,1.0,2.0,0.30000000000000004,0.2,30.0,1,3500.0,42,75,29,46,179
225182,4.0,10.0,1.0,1.0,1.0,2.0,0.30000000000000004,0.2,30.0,2,3145.0,35,66,31,40,162
225182,4.0,10.0,1.0,1.0,1.0,2.0,0.30000000000000004,0.2,30.0,3,2701.25,34,52,29,27,136
225182,4.0,10.0,1.0,1.0,1.0,2.0,0.30000000000000004,0.2,30.0,4,2296.5625,31,56,34,20,135
225182,4.0,10.0,1.0,1.0,1.0,2.0,0.30000000000000004,0.2,30.0,5,1980.703125,32,51,36,16,131
225182,4.0,10.0,1.0,1.0,1.0,2.0,0.30000000000000004,0.2,30.0,6,1795.87890625,27,43,35,10,115
225182,4.0,10.0,1.0,1.0,1.0,2.0,0.30000000000000004,0.2,30.0,7,1634.8486328125,27,32,31,6,99
225182,4.0,10.0,1.0,1.0,1.0,2.0,0.30000000000000004,0.2,30.0,8,1463.560791015625,22,26,27,4,82
225182,4.0,10.0,1.0,1.0,1.0,2.0,0.30000000000000004,0.2,30.0,9,1239.4509887695312,22,25,26,3,78
225182,4.0,10.0,1.0,1.0,1.0,2.0,0.30000000000000004,0.2,30.0,10,1019.3137359619141,24,27,26,4,85
225182,4.0,10.0,1.0,1.0,1.0,2.0,0.30000000000000004,0.2,30.0,11,814.1421699523926,21,26,17,3,70
225182,4.0,10.0,1.0,1.0,1.0,2.0,0.30000000000000004,0.2,30.0,12,637.6777124404907,16,28,14,1,64
225182,4.0,10.0,1.0,1.0,1.0,2.0,0.30000000000000004,0.2,30.0,13,447.0971405506134,14,20,12,0,48
225182,4.0,10.0,1.0,1.0,1.0,2.0,0.30000000000000004,0.2,30.0,14,318.87142568826675,13,18,11,0,44
225182,4.0,10.0,1.0,1.0,1.0,2.0,0.30000000000000004,0.2,30.0,15,168.58928211033344,11,16,12,0,40
225182,4.0,10.0,1.0,1.0,1.0,2.0,0.30000000000000004,0.2,30.0,16,0,11,14,11,0,36
225182,4.0,10.0,1.0,1.0,1.0,2.0,0.30000000000000004,0.2,30.0,17,0,6,10,10,0,26
225182,4.0,10.0,1.0,1.0,1.0,2.0,0.30000000000000004,0.2,30.0,18,0,5,8,6,0,19
225182,4.0,10.0,1.0,1.0,1.0,2.0,0.30000000000000004,0.2,30.0,19,0,2,6,2,0,10
225182,4.0,10.0,1.0,1.0,1.0,2.0,0.30000000000000004,0.2,30.0,20,0,1,3,1,0,5
225182,4.0,10.0,1.0,1.0,1.0,2.0,0.30000000000000004,0.2,30.0,21,0,1,1,2,0,4
225182,4.0,10.0,1.0,1.0,1.0,2.0,0.30000000000000004,0.2,30.0,22,0,0,0,2,0,2
225182,4.0,10.0,1.0,1.0,1.0,2.0,0.30000000000000004,0.2,30.0,23,0,0,0,1,0,1