Exp Num,agent:svo_convergence_factor,agent:params:metabolism,agent:params:consumption_factor,agent:params:procreate_cost_factor,agent:params:procreate_req_factor,agent:params:start_energy_factor,agent:params:caught_chance,agent:params:caught_cooldown_factor,agent:params:maximum_age,Epoch,Resource,A,B,C,D,E
251399,4.0,15.0,1.0,7.0,2.0,2.0,0.1,0.5,50.0,0,3500.0,16,25,9,29,71
251399,4.0,15.0,1.0,7.0,2.0,2.0,0.1,0.5,50.0,1,2965.0,16,25,9,29,71
251399,4.0,15.0,1.0,7.0,2.0,2.0,0.1,0.5,50.0,2,2641.25,14,25,9,29,69
251399,4.0,15.0,1.0,7.0,2.0,2.0,0.1,0.5,50.0,3,2251.5625,13,24,9,29,66
251399,4.0,15.0,1.0,7.0,2.0,2.0,0.1,0.5,50.0,4,1824.453125,12,24,9,28,65
251399,4.0,15.0,1.0,7.0,2.0,2.0,0.1,0.5,50.0,5,1140.56640625,11,22,9,27,62
251399,4.0,15.0,1.0,7.0,2.0,2.0,0.1,0.5,50.0,6,210.7080078125,10,22,8,27,60
251399,4.0,15.0,1.0,7.0,2.0,2.0,0.1,0.5,50.0,7,0,7,14,3,20,34
251399,4.0,15.0,1.0,7.0,2.0,2.0,0.1,0.5,50.0,8,0,5,6,1,11,16
251399,4.0,15.0,1.0,7.0,2.0,2.0,0.1,0.5,50.0,9,0,3,3,0,5,9
251399,4.0,15.0,1.0,7.0,2.0,2.0,0.1,0.5,50.0,10,0,1,3,0,1,7
251399,4.0,15.0,1.0,7.0,2.0,2.0,0.1,0.5,50.0,11,0,0,2,0,1,3
251399,4.0,15.0,1.0,7.0,2.0,2.0,0.1,0.5,50.0,12,0,0,1,0,0,2
251399,4.0,15.0,1.0,7.0,2.0,2.0,0.1,0.5,50.0,13,0,0,1,0,0,1