Exp Num,agent:svo_convergence_factor,agent:params:metabolism,agent:params:consumption_factor,agent:params:procreate_cost_factor,agent:params:procreate_req_factor,agent:params:start_energy_factor,agent:params:caught_chance,agent:params:caught_cooldown_factor,agent:params:maximum_age,Epoch,Resource,A,B,C,D,E
231949,4.0,10.0,2.0,3.0,1.0,2.0,0.30000000000000004,0.5,50.0,0,3560.0,40,36,11,22,114
231949,4.0,10.0,2.0,3.0,1.0,2.0,0.30000000000000004,0.5,50.0,1,2410.0,42,35,12,22,120
231949,4.0,10.0,2.0,3.0,1.0,2.0,0.30000000000000004,0.5,50.0,2,1192.5,49,39,15,27,134
231949,4.0,10.0,2.0,3.0,1.0,2.0,0.30000000000000004,0.5,50.0,3,10.625,50,48,16,31,145
231949,4.0,10.0,2.0,3.0,1.0,2.0,0.30000000000000004,0.5,50.0,4,0,32,41,16,17,111
231949,4.0,10.0,2.0,3.0,1.0,2.0,0.30000000000000004,0.5,50.0,5,0,24,31,12,12,77
231949,4.0,10.0,2.0,3.0,1.0,2.0,0.30000000000000004,0.5,50.0,6,0,23,22,10,7,59
231949,4.0,10.0,2.0,3.0,1.0,2.0,0.30000000000000004,0.5,50.0,7,0,20,18,7,5,47
231949,4.0,10.0,2.0,3.0,1.0,2.0,0.30000000000000004,0.5,50.0,8,0,14,14,4,2,33
231949,4.0,10.0,2.0,3.0,1.0,2.0,0.30000000000000004,0.5,50.0,9,0,10,8,3,1,21
231949,4.0,10.0,2.0,3.0,1.0,2.0,0.30000000000000004,0.5,50.0,10,0,8,6,2,1,16
231949,4.0,10.0,2.0,3.0,1.0,2.0,0.30000000000000004,0.5,50.0,11,0,5,4,1,0,10
231949,4.0,10.0,2.0,3.0,1.0,2.0,0.30000000000000004,0.5,50.0,12,0,3,3,0,0,6
231949,4.0,10.0,2.0,3.0,1.0,2.0,0.30000000000000004,0.5,50.0,13,0,3,2,0,0,5
231949,4.0,10.0,2.0,3.0,1.0,2.0,0.30000000000000004,0.5,50.0,14,0,2,1,0,0,3
231949,4.0,10.0,2.0,3.0,1.0,2.0,0.30000000000000004,0.5,50.0,15,60.0,3,1,0,0,4
231949,4.0,10.0,2.0,3.0,1.0,2.0,0.30000000000000004,0.5,50.0,16,55.0,3,0,0,0,3
231949,4.0,10.0,2.0,3.0,1.0,2.0,0.30000000000000004,0.5,50.0,17,8.75,4,0,0,0,4
231949,4.0,10.0,2.0,3.0,1.0,2.0,0.30000000000000004,0.5,50.0,18,0,4,0,0,0,4
231949,4.0,10.0,2.0,3.0,1.0,2.0,0.30000000000000004,0.5,50.0,19,0,2,0,0,0,2
231949,4.0,10.0,2.0,3.0,1.0,2.0,0.30000000000000004,0.5,50.0,20,0,1,0,0,0,1