Exp Num,agent:svo_convergence_factor,agent:params:metabolism,agent:params:consumption_factor,agent:params:procreate_cost_factor,agent:params:procreate_req_factor,agent:params:start_energy_factor,agent:params:caught_chance,agent:params:caught_cooldown_factor,agent:params:maximum_age,Epoch,Resource,A,B,C,D,E
263912,4.0,15.0,3.0,9.0,2.0,3.0,0.2,0.30000000000000004,30.0,0,3245.0,21,24,7,33,67
263912,4.0,15.0,3.0,9.0,2.0,3.0,0.2,0.30000000000000004,30.0,1,2256.25,21,24,7,33,67
263912,4.0,15.0,3.0,9.0,2.0,3.0,0.2,0.30000000000000004,30.0,2,750.3125,20,19,7,30,60
263912,4.0,15.0,3.0,9.0,2.0,3.0,0.2,0.30000000000000004,30.0,3,0,20,19,7,30,59
263912,4.0,15.0,3.0,9.0,2.0,3.0,0.2,0.30000000000000004,30.0,4,0,20,19,7,30,59
263912,4.0,15.0,3.0,9.0,2.0,3.0,0.2,0.30000000000000004,30.0,5,0,18,14,6,14,42
263912,4.0,15.0,3.0,9.0,2.0,3.0,0.2,0.30000000000000004,30.0,6,0,16,12,6,10,36
263912,4.0,15.0,3.0,9.0,2.0,3.0,0.2,0.30000000000000004,30.0,7,0,15,11,5,8,31
263912,4.0,15.0,3.0,9.0,2.0,3.0,0.2,0.30000000000000004,30.0,8,0,13,9,4,4,26
263912,4.0,15.0,3.0,9.0,2.0,3.0,0.2,0.30000000000000004,30.0,9,0,11,7,4,3,22
263912,4.0,15.0,3.0,9.0,2.0,3.0,0.2,0.30000000000000004,30.0,10,0,10,5,4,2,19
263912,4.0,15.0,3.0,9.0,2.0,3.0,0.2,0.30000000000000004,30.0,11,0,8,3,3,1,14
263912,4.0,15.0,3.0,9.0,2.0,3.0,0.2,0.30000000000000004,30.0,12,0,6,2,2,1,10
263912,4.0,15.0,3.0,9.0,2.0,3.0,0.2,0.30000000000000004,30.0,13,0,4,2,1,1,7
263912,4.0,15.0,3.0,9.0,2.0,3.0,0.2,0.30000000000000004,30.0,14,10.0,2,2,1,0,5
263912,4.0,15.0,3.0,9.0,2.0,3.0,0.2,0.30000000000000004,30.0,15,0,2,1,1,0,4
263912,4.0,15.0,3.0,9.0,2.0,3.0,0.2,0.30000000000000004,30.0,16,0,2,1,0,0,3
263912,4.0,15.0,3.0,9.0,2.0,3.0,0.2,0.30000000000000004,30.0,17,0,1,1,0,0,2
263912,4.0,15.0,3.0,9.0,2.0,3.0,0.2,0.30000000000000004,30.0,18,0,1,0,0,0,1