Exp Num,agent:svo_convergence_factor,agent:params:metabolism,agent:params:consumption_factor,agent:params:procreate_cost_factor,agent:params:procreate_req_factor,agent:params:start_energy_factor,agent:params:caught_chance,agent:params:caught_cooldown_factor,agent:params:maximum_age,Epoch,Resource,A,B,C,D,E
252921,4.0,15.0,1.0,9.0,3.0,2.0,0.2,0.5,20.0,0,3500.0,20,30,10,27,73
252921,4.0,15.0,1.0,9.0,3.0,2.0,0.2,0.5,20.0,1,2905.0,20,30,10,27,73
252921,4.0,15.0,1.0,9.0,3.0,2.0,0.2,0.5,20.0,2,2686.25,20,30,10,27,73
252921,4.0,15.0,1.0,9.0,3.0,2.0,0.2,0.5,20.0,3,2292.8125,19,28,10,27,70
252921,4.0,15.0,1.0,9.0,3.0,2.0,0.2,0.5,20.0,4,1846.015625,15,26,10,27,64
252921,4.0,15.0,1.0,9.0,3.0,2.0,0.2,0.5,20.0,5,1227.51953125,12,22,9,27,56
252921,4.0,15.0,1.0,9.0,3.0,2.0,0.2,0.5,20.0,6,469.3994140625,11,22,9,27,55
252921,4.0,15.0,1.0,9.0,3.0,2.0,0.2,0.5,20.0,7,0,8,16,7,21,42
252921,4.0,15.0,1.0,9.0,3.0,2.0,0.2,0.5,20.0,8,0,4,9,1,13,19
252921,4.0,15.0,1.0,9.0,3.0,2.0,0.2,0.5,20.0,9,0,3,4,0,8,8
252921,4.0,15.0,1.0,9.0,3.0,2.0,0.2,0.5,20.0,10,0,1,4,0,3,5
252921,4.0,15.0,1.0,9.0,3.0,2.0,0.2,0.5,20.0,11,0,1,1,0,2,2
252921,4.0,15.0,1.0,9.0,3.0,2.0,0.2,0.5,20.0,12,0,1,0,0,1,1
252921,4.0,15.0,1.0,9.0,3.0,2.0,0.2,0.5,20.0,13,0,1,0,0,0,1