Exp Num,agent:svo_convergence_factor,agent:params:metabolism,agent:params:consumption_factor,agent:params:procreate_cost_factor,agent:params:procreate_req_factor,agent:params:start_energy_factor,agent:params:caught_chance,agent:params:caught_cooldown_factor,agent:params:maximum_age,Epoch,Resource,A,B,C,D,E
224010,4.0,5.0,4.0,9.0,1.0,2.0,0.1,0.30000000000000004,10.0,0,3580.0,16,23,16,23,77
224010,4.0,5.0,4.0,9.0,1.0,2.0,0.1,0.30000000000000004,10.0,1,3215.0,15,22,16,22,75
224010,4.0,5.0,4.0,9.0,1.0,2.0,0.1,0.30000000000000004,10.0,2,3138.75,20,26,16,23,85
224010,4.0,5.0,4.0,9.0,1.0,2.0,0.1,0.30000000000000004,10.0,3,3063.4375,23,31,18,24,96
224010,4.0,5.0,4.0,9.0,1.0,2.0,0.1,0.30000000000000004,10.0,4,2649.296875,25,37,22,27,109
224010,4.0,5.0,4.0,9.0,1.0,2.0,0.1,0.30000000000000004,10.0,5,1751.62109375,26,44,25,27,121
224010,4.0,5.0,4.0,9.0,1.0,2.0,0.1,0.30000000000000004,10.0,6,1029.5263671875,31,54,27,30,138
224010,4.0,5.0,4.0,9.0,1.0,2.0,0.1,0.30000000000000004,10.0,7,0,35,58,33,32,152
224010,4.0,5.0,4.0,9.0,1.0,2.0,0.1,0.30000000000000004,10.0,8,0,34,61,29,27,148
224010,4.0,5.0,4.0,9.0,1.0,2.0,0.1,0.30000000000000004,10.0,9,0,34,59,26,25,132
224010,4.0,5.0,4.0,9.0,1.0,2.0,0.1,0.30000000000000004,10.0,10,0,29,46,22,17,105
224010,4.0,5.0,4.0,9.0,1.0,2.0,0.1,0.30000000000000004,10.0,11,0,26,42,18,11,91
224010,4.0,5.0,4.0,9.0,1.0,2.0,0.1,0.30000000000000004,10.0,12,0,23,39,16,9,83
224010,4.0,5.0,4.0,9.0,1.0,2.0,0.1,0.30000000000000004,10.0,13,0,19,33,17,9,74
224010,4.0,5.0,4.0,9.0,1.0,2.0,0.1,0.30000000000000004,10.0,14,0,18,29,17,8,67
224010,4.0,5.0,4.0,9.0,1.0,2.0,0.1,0.30000000000000004,10.0,15,0,16,25,16,7,60
224010,4.0,5.0,4.0,9.0,1.0,2.0,0.1,0.30000000000000004,10.0,16,0,16,22,12,6,53
224010,4.0,5.0,4.0,9.0,1.0,2.0,0.1,0.30000000000000004,10.0,17,0,13,17,8,5,41
224010,4.0,5.0,4.0,9.0,1.0,2.0,0.1,0.30000000000000004,10.0,18,0,9,14,8,1,33
224010,4.0,5.0,4.0,9.0,1.0,2.0,0.1,0.30000000000000004,10.0,19,0,8,8,6,0,24
224010,4.0,5.0,4.0,9.0,1.0,2.0,0.1,0.30000000000000004,10.0,20,0,6,6,5,0,18
224010,4.0,5.0,4.0,9.0,1.0,2.0,0.1,0.30000000000000004,10.0,21,0,4,4,3,0,12
224010,4.0,5.0,4.0,9.0,1.0,2.0,0.1,0.30000000000000004,10.0,22,0,2,4,3,0,10
224010,4.0,5.0,4.0,9.0,1.0,2.0,0.1,0.30000000000000004,10.0,23,0,1,3,2,0,7
224010,4.0,5.0,4.0,9.0,1.0,2.0,0.1,0.30000000000000004,10.0,24,0,0,2,2,0,5
224010,4.0,5.0,4.0,9.0,1.0,2.0,0.1,0.30000000000000004,10.0,25,0,0,1,1,0,2
224010,4.0,5.0,4.0,9.0,1.0,2.0,0.1,0.30000000000000004,10.0,26,0,0,0,1,0,1