Exp Num,agent:svo_convergence_factor,agent:params:metabolism,agent:params:consumption_factor,agent:params:procreate_cost_factor,agent:params:procreate_req_factor,agent:params:start_energy_factor,agent:params:caught_chance,agent:params:caught_cooldown_factor,agent:params:maximum_age,Epoch,Resource,A,B,C,D,E
232768,4.0,10.0,2.0,3.0,3.0,3.0,0.1,0.4,40.0,0,3400.0,21,28,11,20,80
232768,4.0,10.0,2.0,3.0,3.0,3.0,0.1,0.4,40.0,1,3130.0,21,28,11,20,80
232768,4.0,10.0,2.0,3.0,3.0,3.0,0.1,0.4,40.0,2,2852.5,20,27,11,20,77
232768,4.0,10.0,2.0,3.0,3.0,3.0,0.1,0.4,40.0,3,2665.625,20,27,11,20,77
232768,4.0,10.0,2.0,3.0,3.0,3.0,0.1,0.4,40.0,4,2312.03125,20,24,11,18,74
232768,4.0,10.0,2.0,3.0,3.0,3.0,0.1,0.4,40.0,5,2010.0390625,24,25,11,18,79
232768,4.0,10.0,2.0,3.0,3.0,3.0,0.1,0.4,40.0,6,1532.548828125,21,25,11,17,76
232768,4.0,10.0,2.0,3.0,3.0,3.0,0.1,0.4,40.0,7,1115.68603515625,22,27,10,17,78
232768,4.0,10.0,2.0,3.0,3.0,3.0,0.1,0.4,40.0,8,234.6075439453125,22,28,10,17,79
232768,4.0,10.0,2.0,3.0,3.0,3.0,0.1,0.4,40.0,9,0,22,28,10,17,77
232768,4.0,10.0,2.0,3.0,3.0,3.0,0.1,0.4,40.0,10,0,22,26,9,9,60
232768,4.0,10.0,2.0,3.0,3.0,3.0,0.1,0.4,40.0,11,0,21,21,8,4,51
232768,4.0,10.0,2.0,3.0,3.0,3.0,0.1,0.4,40.0,12,0,21,21,5,2,47
232768,4.0,10.0,2.0,3.0,3.0,3.0,0.1,0.4,40.0,13,0,20,18,4,1,42
232768,4.0,10.0,2.0,3.0,3.0,3.0,0.1,0.4,40.0,14,0,19,17,2,0,38
232768,4.0,10.0,2.0,3.0,3.0,3.0,0.1,0.4,40.0,15,0,14,11,2,0,27
232768,4.0,10.0,2.0,3.0,3.0,3.0,0.1,0.4,40.0,16,0,9,9,1,0,19
232768,4.0,10.0,2.0,3.0,3.0,3.0,0.1,0.4,40.0,17,0,5,6,1,0,12
232768,4.0,10.0,2.0,3.0,3.0,3.0,0.1,0.4,40.0,18,0,2,4,1,0,7
232768,4.0,10.0,2.0,3.0,3.0,3.0,0.1,0.4,40.0,19,0,2,2,0,0,4
232768,4.0,10.0,2.0,3.0,3.0,3.0,0.1,0.4,40.0,20,80.0,2,1,0,0,3
232768,4.0,10.0,2.0,3.0,3.0,3.0,0.1,0.4,40.0,21,80.0,1,1,0,0,2
232768,4.0,10.0,2.0,3.0,3.0,3.0,0.1,0.4,40.0,22,100.0,1,0,0,0,1