Exp Num,agent:svo_convergence_factor,agent:params:metabolism,agent:params:consumption_factor,agent:params:procreate_cost_factor,agent:params:procreate_req_factor,agent:params:start_energy_factor,agent:params:caught_chance,agent:params:caught_cooldown_factor,agent:params:maximum_age,Epoch,Resource,A,B,C,D,E
234040,4.0,10.0,2.0,7.0,1.0,1.0,0.2,0.4,10.0,0,3000.0,17,19,7,35,65
234040,4.0,10.0,2.0,7.0,1.0,1.0,0.2,0.4,10.0,1,3030.0,17,19,7,35,65
234040,4.0,10.0,2.0,7.0,1.0,1.0,0.2,0.4,10.0,2,2427.5,16,19,5,34,61
234040,4.0,10.0,2.0,7.0,1.0,1.0,0.2,0.4,10.0,3,2314.375,16,19,5,34,61
234040,4.0,10.0,2.0,7.0,1.0,1.0,0.2,0.4,10.0,4,1532.96875,13,16,5,34,55
234040,4.0,10.0,2.0,7.0,1.0,1.0,0.2,0.4,10.0,5,1436.2109375,14,14,5,34,54
234040,4.0,10.0,2.0,7.0,1.0,1.0,0.2,0.4,10.0,6,815.263671875,12,11,5,34,49
234040,4.0,10.0,2.0,7.0,1.0,1.0,0.2,0.4,10.0,7,639.07958984375,12,11,5,32,49
234040,4.0,10.0,2.0,7.0,1.0,1.0,0.2,0.4,10.0,8,18.8494873046875,8,9,3,32,40
234040,4.0,10.0,2.0,7.0,1.0,1.0,0.2,0.4,10.0,9,0,9,7,3,27,36
234040,4.0,10.0,2.0,7.0,1.0,1.0,0.2,0.4,10.0,10,0,4,4,3,14,21
234040,4.0,10.0,2.0,7.0,1.0,1.0,0.2,0.4,10.0,11,0,2,4,1,10,9
234040,4.0,10.0,2.0,7.0,1.0,1.0,0.2,0.4,10.0,12,0,2,1,1,6,5
234040,4.0,10.0,2.0,7.0,1.0,1.0,0.2,0.4,10.0,13,0,2,1,1,3,4
234040,4.0,10.0,2.0,7.0,1.0,1.0,0.2,0.4,10.0,14,0,2,1,0,1,3
234040,4.0,10.0,2.0,7.0,1.0,1.0,0.2,0.4,10.0,15,0,2,1,0,0,3
234040,4.0,10.0,2.0,7.0,1.0,1.0,0.2,0.4,10.0,16,0,1,1,0,0,2
234040,4.0,10.0,2.0,7.0,1.0,1.0,0.2,0.4,10.0,17,0,1,0,0,0,1