Exp Num,agent:svo_convergence_factor,agent:params:metabolism,agent:params:consumption_factor,agent:params:procreate_cost_factor,agent:params:procreate_req_factor,agent:params:start_energy_factor,agent:params:caught_chance,agent:params:caught_cooldown_factor,agent:params:maximum_age,Epoch,Resource,A,B,C,D,E
28835,1.0,10.0,2.0,1.0,2.0,3.0,0.4,0.30000000000000004,10.0,0,3740.0,20,40,23,38,112
28835,1.0,10.0,2.0,1.0,2.0,3.0,0.4,0.30000000000000004,10.0,1,3675.0,15,47,38,52,131
28835,1.0,10.0,2.0,1.0,2.0,3.0,0.4,0.30000000000000004,10.0,2,2873.75,15,46,46,68,142
28835,1.0,10.0,2.0,1.0,2.0,3.0,0.4,0.30000000000000004,10.0,3,1312.1875,13,53,57,88,162
28835,1.0,10.0,2.0,1.0,2.0,3.0,0.4,0.30000000000000004,10.0,4,0,10,47,62,82,148
28835,1.0,10.0,2.0,1.0,2.0,3.0,0.4,0.30000000000000004,10.0,5,0,2,25,46,48,93
28835,1.0,10.0,2.0,1.0,2.0,3.0,0.4,0.30000000000000004,10.0,6,0,1,14,30,22,57
28835,1.0,10.0,2.0,1.0,2.0,3.0,0.4,0.30000000000000004,10.0,7,0,1,6,19,10,34
28835,1.0,10.0,2.0,1.0,2.0,3.0,0.4,0.30000000000000004,10.0,8,0,1,3,12,6,16
28835,1.0,10.0,2.0,1.0,2.0,3.0,0.4,0.30000000000000004,10.0,9,0,0,2,5,4,7
28835,1.0,10.0,2.0,1.0,2.0,3.0,0.4,0.30000000000000004,10.0,10,0,0,0,2,3,2
28835,1.0,10.0,2.0,1.0,2.0,3.0,0.4,0.30000000000000004,10.0,11,0,0,0,0,2,0
28835,1.0,10.0,2.0,1.0,2.0,3.0,0.4,0.30000000000000004,10.0,12,0,0,0,0,1,0