Exp Num,agent:svo_convergence_factor,agent:params:metabolism,agent:params:consumption_factor,agent:params:procreate_cost_factor,agent:params:procreate_req_factor,agent:params:start_energy_factor,agent:params:caught_chance,agent:params:caught_cooldown_factor,agent:params:maximum_age,Epoch,Resource,A,B,C,D,E
29879,1.0,10.0,2.0,3.0,2.0,3.0,0.1,0.1,50.0,0,3580.0,23,23,10,27,73
29879,1.0,10.0,2.0,3.0,2.0,3.0,0.1,0.1,50.0,1,3315.0,23,23,10,27,73
29879,1.0,10.0,2.0,3.0,2.0,3.0,0.1,0.1,50.0,2,3163.75,23,26,15,26,82
29879,1.0,10.0,2.0,3.0,2.0,3.0,0.1,0.1,50.0,3,2994.6875,25,26,16,26,85
29879,1.0,10.0,2.0,3.0,2.0,3.0,0.1,0.1,50.0,4,2603.359375,27,26,17,24,88
29879,1.0,10.0,2.0,3.0,2.0,3.0,0.1,0.1,50.0,5,2194.19921875,33,25,18,24,94
29879,1.0,10.0,2.0,3.0,2.0,3.0,0.1,0.1,50.0,6,1262.7490234375,36,24,19,24,96
29879,1.0,10.0,2.0,3.0,2.0,3.0,0.1,0.1,50.0,7,418.436279296875,39,25,19,23,100
29879,1.0,10.0,2.0,3.0,2.0,3.0,0.1,0.1,50.0,8,0,37,25,18,19,88
29879,1.0,10.0,2.0,3.0,2.0,3.0,0.1,0.1,50.0,9,0,36,25,17,15,83
29879,1.0,10.0,2.0,3.0,2.0,3.0,0.1,0.1,50.0,10,0,32,22,10,8,66
29879,1.0,10.0,2.0,3.0,2.0,3.0,0.1,0.1,50.0,11,0,28,16,6,4,51
29879,1.0,10.0,2.0,3.0,2.0,3.0,0.1,0.1,50.0,12,0,21,11,4,2,36
29879,1.0,10.0,2.0,3.0,2.0,3.0,0.1,0.1,50.0,13,0,14,8,4,0,26
29879,1.0,10.0,2.0,3.0,2.0,3.0,0.1,0.1,50.0,14,0,10,4,2,0,16
29879,1.0,10.0,2.0,3.0,2.0,3.0,0.1,0.1,50.0,15,0,8,3,1,0,12
29879,1.0,10.0,2.0,3.0,2.0,3.0,0.1,0.1,50.0,16,0,5,1,0,0,6
29879,1.0,10.0,2.0,3.0,2.0,3.0,0.1,0.1,50.0,17,0,2,1,0,0,3
29879,1.0,10.0,2.0,3.0,2.0,3.0,0.1,0.1,50.0,18,0,1,0,0,0,1