Exp Num,agent:svo_convergence_factor,agent:params:metabolism,agent:params:consumption_factor,agent:params:procreate_cost_factor,agent:params:procreate_req_factor,agent:params:start_energy_factor,agent:params:caught_chance,agent:params:caught_cooldown_factor,agent:params:maximum_age,Epoch,Resource,A,B,C,D,E
233720,4.0,10.0,2.0,5.0,3.0,1.0,0.4,0.5,10.0,0,3000.0,21,32,8,29,71
233720,4.0,10.0,2.0,5.0,3.0,1.0,0.4,0.5,10.0,1,3170.0,21,32,8,29,71
233720,4.0,10.0,2.0,5.0,3.0,1.0,0.4,0.5,10.0,2,2922.5,17,24,6,25,57
233720,4.0,10.0,2.0,5.0,3.0,1.0,0.4,0.5,10.0,3,3233.125,16,24,5,25,55
233720,4.0,10.0,2.0,5.0,3.0,1.0,0.4,0.5,10.0,4,3361.40625,14,19,3,21,46
233720,4.0,10.0,2.0,5.0,3.0,1.0,0.4,0.5,10.0,5,3501.7578125,12,15,3,21,40
233720,4.0,10.0,2.0,5.0,3.0,1.0,0.4,0.5,10.0,6,3517.197265625,8,13,3,20,34
233720,4.0,10.0,2.0,5.0,3.0,1.0,0.4,0.5,10.0,7,3416.49658203125,8,12,3,20,33
233720,4.0,10.0,2.0,5.0,3.0,1.0,0.4,0.5,10.0,8,3330.6207275390625,6,11,3,20,30
233720,4.0,10.0,2.0,5.0,3.0,1.0,0.4,0.5,10.0,9,3163.275909423828,6,11,3,20,30
233720,4.0,10.0,2.0,5.0,3.0,1.0,0.4,0.5,10.0,10,3294.094886779785,5,8,3,11,22
233720,4.0,10.0,2.0,5.0,3.0,1.0,0.4,0.5,10.0,11,3737.6186084747314,4,6,2,5,13
233720,4.0,10.0,2.0,5.0,3.0,1.0,0.4,0.5,10.0,12,4432.023260593414,4,2,2,3,9
233720,4.0,10.0,2.0,5.0,3.0,1.0,0.4,0.5,10.0,13,5380.029075741768,2,1,2,2,5
233720,4.0,10.0,2.0,5.0,3.0,1.0,0.4,0.5,10.0,14,6625.03634467721,1,0,1,2,2
233720,4.0,10.0,2.0,5.0,3.0,1.0,0.4,0.5,10.0,15,8241.295430846512,0,0,1,1,1
233720,4.0,10.0,2.0,5.0,3.0,1.0,0.4,0.5,10.0,16,9980.0,0,0,1,0,1