Exp Num,agent:svo_convergence_factor,agent:params:metabolism,agent:params:consumption_factor,agent:params:procreate_cost_factor,agent:params:procreate_req_factor,agent:params:start_energy_factor,agent:params:caught_chance,agent:params:caught_cooldown_factor,agent:params:maximum_age,Epoch,Resource,A,B,C,D,E
20287,1.0,5.0,4.0,7.0,1.0,1.0,0.2,0.30000000000000004,30.0,0,3000.0,15,30,14,21,79
20287,1.0,5.0,4.0,7.0,1.0,1.0,0.2,0.30000000000000004,30.0,1,3030.0,20,38,17,23,95
20287,1.0,5.0,4.0,7.0,1.0,1.0,0.2,0.30000000000000004,30.0,2,2647.5,20,45,18,24,103
20287,1.0,5.0,4.0,7.0,1.0,1.0,0.2,0.30000000000000004,30.0,3,2289.375,21,54,22,24,117
20287,1.0,5.0,4.0,7.0,1.0,1.0,0.2,0.30000000000000004,30.0,4,1601.71875,21,62,20,23,122
20287,1.0,5.0,4.0,7.0,1.0,1.0,0.2,0.30000000000000004,30.0,5,762.1484375,19,79,23,24,139
20287,1.0,5.0,4.0,7.0,1.0,1.0,0.2,0.30000000000000004,30.0,6,0,16,87,26,23,146
20287,1.0,5.0,4.0,7.0,1.0,1.0,0.2,0.30000000000000004,30.0,7,0,15,94,26,19,152
20287,1.0,5.0,4.0,7.0,1.0,1.0,0.2,0.30000000000000004,30.0,8,0,13,95,23,13,141
20287,1.0,5.0,4.0,7.0,1.0,1.0,0.2,0.30000000000000004,30.0,9,0,11,87,18,8,119
20287,1.0,5.0,4.0,7.0,1.0,1.0,0.2,0.30000000000000004,30.0,10,0,6,80,16,4,102
20287,1.0,5.0,4.0,7.0,1.0,1.0,0.2,0.30000000000000004,30.0,11,0,3,76,14,2,93
20287,1.0,5.0,4.0,7.0,1.0,1.0,0.2,0.30000000000000004,30.0,12,0,3,61,13,1,77
20287,1.0,5.0,4.0,7.0,1.0,1.0,0.2,0.30000000000000004,30.0,13,0,3,48,9,1,60
20287,1.0,5.0,4.0,7.0,1.0,1.0,0.2,0.30000000000000004,30.0,14,0,1,37,8,1,46
20287,1.0,5.0,4.0,7.0,1.0,1.0,0.2,0.30000000000000004,30.0,15,0,0,26,5,0,31
20287,1.0,5.0,4.0,7.0,1.0,1.0,0.2,0.30000000000000004,30.0,16,0,0,21,2,0,23
20287,1.0,5.0,4.0,7.0,1.0,1.0,0.2,0.30000000000000004,30.0,17,0,0,15,2,0,17
20287,1.0,5.0,4.0,7.0,1.0,1.0,0.2,0.30000000000000004,30.0,18,0,0,11,2,0,13
20287,1.0,5.0,4.0,7.0,1.0,1.0,0.2,0.30000000000000004,30.0,19,0,0,10,1,0,11
20287,1.0,5.0,4.0,7.0,1.0,1.0,0.2,0.30000000000000004,30.0,20,0,0,6,1,0,7
20287,1.0,5.0,4.0,7.0,1.0,1.0,0.2,0.30000000000000004,30.0,21,0,0,3,1,0,4
20287,1.0,5.0,4.0,7.0,1.0,1.0,0.2,0.30000000000000004,30.0,22,0,0,3,1,0,4
20287,1.0,5.0,4.0,7.0,1.0,1.0,0.2,0.30000000000000004,30.0,23,0,0,3,0,0,3
20287,1.0,5.0,4.0,7.0,1.0,1.0,0.2,0.30000000000000004,30.0,24,0,0,2,0,0,2
20287,1.0,5.0,4.0,7.0,1.0,1.0,0.2,0.30000000000000004,30.0,25,0,0,2,0,0,2
20287,1.0,5.0,4.0,7.0,1.0,1.0,0.2,0.30000000000000004,30.0,26,0,0,1,0,0,1