Exp Num,agent:svo_convergence_factor,agent:params:metabolism,agent:params:consumption_factor,agent:params:procreate_cost_factor,agent:params:procreate_req_factor,agent:params:start_energy_factor,agent:params:caught_chance,agent:params:caught_cooldown_factor,agent:params:maximum_age,Epoch,Resource,A,B,C,D,E
221702,4.0,5.0,4.0,5.0,1.0,1.0,0.4,0.1,30.0,0,3000.0,25,20,10,33,67
221702,4.0,5.0,4.0,5.0,1.0,1.0,0.4,0.1,30.0,1,3150.0,33,25,12,33,82
221702,4.0,5.0,4.0,5.0,1.0,1.0,0.4,0.1,30.0,2,3377.5,40,32,15,33,100
221702,4.0,5.0,4.0,5.0,1.0,1.0,0.4,0.1,30.0,3,3461.875,44,30,20,31,107
221702,4.0,5.0,4.0,5.0,1.0,1.0,0.4,0.1,30.0,4,3467.34375,44,29,20,25,105
221702,4.0,5.0,4.0,5.0,1.0,1.0,0.4,0.1,30.0,5,3434.1796875,47,33,23,24,115
221702,4.0,5.0,4.0,5.0,1.0,1.0,0.4,0.1,30.0,6,3452.724609375,47,44,25,24,128
221702,4.0,5.0,4.0,5.0,1.0,1.0,0.4,0.1,30.0,7,3175.90576171875,53,51,28,25,144
221702,4.0,5.0,4.0,5.0,1.0,1.0,0.4,0.1,30.0,8,2789.8822021484375,61,57,31,24,163
221702,4.0,5.0,4.0,5.0,1.0,1.0,0.4,0.1,30.0,9,2407.352752685547,68,63,34,26,180
221702,4.0,5.0,4.0,5.0,1.0,1.0,0.4,0.1,30.0,10,1829.1909408569336,74,67,35,26,192
221702,4.0,5.0,4.0,5.0,1.0,1.0,0.4,0.1,30.0,11,1146.488676071167,80,67,36,26,197
221702,4.0,5.0,4.0,5.0,1.0,1.0,0.4,0.1,30.0,12,0,82,76,38,26,210
221702,4.0,5.0,4.0,5.0,1.0,1.0,0.4,0.1,30.0,13,0,73,75,35,25,193
221702,4.0,5.0,4.0,5.0,1.0,1.0,0.4,0.1,30.0,14,0,61,75,31,21,172
221702,4.0,5.0,4.0,5.0,1.0,1.0,0.4,0.1,30.0,15,0,51,66,28,18,149
221702,4.0,5.0,4.0,5.0,1.0,1.0,0.4,0.1,30.0,16,0,38,57,22,13,118
221702,4.0,5.0,4.0,5.0,1.0,1.0,0.4,0.1,30.0,17,0,28,41,21,10,91
221702,4.0,5.0,4.0,5.0,1.0,1.0,0.4,0.1,30.0,18,0,19,31,18,8,69
221702,4.0,5.0,4.0,5.0,1.0,1.0,0.4,0.1,30.0,19,0,12,22,14,7,48
221702,4.0,5.0,4.0,5.0,1.0,1.0,0.4,0.1,30.0,20,0,10,15,10,3,35
221702,4.0,5.0,4.0,5.0,1.0,1.0,0.4,0.1,30.0,21,0,7,10,7,2,24
221702,4.0,5.0,4.0,5.0,1.0,1.0,0.4,0.1,30.0,22,0,4,8,4,1,16
221702,4.0,5.0,4.0,5.0,1.0,1.0,0.4,0.1,30.0,23,0.0,3,7,4,1,14
221702,4.0,5.0,4.0,5.0,1.0,1.0,0.4,0.1,30.0,24,0,2,5,3,0,10
221702,4.0,5.0,4.0,5.0,1.0,1.0,0.4,0.1,30.0,25,0,1,5,2,0,8
221702,4.0,5.0,4.0,5.0,1.0,1.0,0.4,0.1,30.0,26,0,0,4,2,0,6
221702,4.0,5.0,4.0,5.0,1.0,1.0,0.4,0.1,30.0,27,0,0,3,1,0,4
221702,4.0,5.0,4.0,5.0,1.0,1.0,0.4,0.1,30.0,28,0,0,3,1,0,4
221702,4.0,5.0,4.0,5.0,1.0,1.0,0.4,0.1,30.0,29,0,0,1,1,0,2
221702,4.0,5.0,4.0,5.0,1.0,1.0,0.4,0.1,30.0,30,0,0,1,0,0,1