Exp Num,agent:svo_convergence_factor,agent:params:metabolism,agent:params:consumption_factor,agent:params:procreate_cost_factor,agent:params:procreate_req_factor,agent:params:start_energy_factor,agent:params:caught_chance,agent:params:caught_cooldown_factor,agent:params:maximum_age,Epoch,Resource,A,B,C,D,E
250108,4.0,15.0,1.0,5.0,1.0,3.0,0.5,0.2,40.0,0,3500.0,17,25,10,32,68
250108,4.0,15.0,1.0,5.0,1.0,3.0,0.5,0.2,40.0,1,2980.0,17,25,10,32,68
250108,4.0,15.0,1.0,5.0,1.0,3.0,0.5,0.2,40.0,2,2840.0,17,25,10,32,68
250108,4.0,15.0,1.0,5.0,1.0,3.0,0.5,0.2,40.0,3,2815.0,16,25,10,32,67
250108,4.0,15.0,1.0,5.0,1.0,3.0,0.5,0.2,40.0,4,2828.75,9,21,9,29,55
250108,4.0,15.0,1.0,5.0,1.0,3.0,0.5,0.2,40.0,5,2695.9375,7,17,9,27,49
250108,4.0,15.0,1.0,5.0,1.0,3.0,0.5,0.2,40.0,6,2454.921875,6,13,8,27,43
250108,4.0,15.0,1.0,5.0,1.0,3.0,0.5,0.2,40.0,7,2078.65234375,5,12,8,27,41
250108,4.0,15.0,1.0,5.0,1.0,3.0,0.5,0.2,40.0,8,1773.3154296875,5,12,8,27,41
250108,4.0,15.0,1.0,5.0,1.0,3.0,0.5,0.2,40.0,9,1526.644287109375,5,12,8,27,41
250108,4.0,15.0,1.0,5.0,1.0,3.0,0.5,0.2,40.0,10,1308.3053588867188,4,10,8,26,37
250108,4.0,15.0,1.0,5.0,1.0,3.0,0.5,0.2,40.0,11,1005.3816986083984,1,8,8,25,32
250108,4.0,15.0,1.0,5.0,1.0,3.0,0.5,0.2,40.0,12,491.72712326049805,1,7,7,25,30
250108,4.0,15.0,1.0,5.0,1.0,3.0,0.5,0.2,40.0,13,0,1,6,6,20,27
250108,4.0,15.0,1.0,5.0,1.0,3.0,0.5,0.2,40.0,14,0,1,6,3,9,14
250108,4.0,15.0,1.0,5.0,1.0,3.0,0.5,0.2,40.0,15,0,0,2,3,3,8
250108,4.0,15.0,1.0,5.0,1.0,3.0,0.5,0.2,40.0,16,0,0,2,1,1,4
250108,4.0,15.0,1.0,5.0,1.0,3.0,0.5,0.2,40.0,17,0,0,0,1,0,2
250108,4.0,15.0,1.0,5.0,1.0,3.0,0.5,0.2,40.0,18,0,0,0,1,0,1