Exp Num,agent:svo_convergence_factor,agent:params:metabolism,agent:params:consumption_factor,agent:params:procreate_cost_factor,agent:params:procreate_req_factor,agent:params:start_energy_factor,agent:params:caught_chance,agent:params:caught_cooldown_factor,agent:params:maximum_age,Epoch,Resource,A,B,C,D,E
20406,1.0,5.0,4.0,7.0,1.0,2.0,0.2,0.2,20.0,0,3460.0,11,28,13,32,68
20406,1.0,5.0,4.0,7.0,1.0,2.0,0.2,0.2,20.0,1,3305.0,15,32,16,33,79
20406,1.0,5.0,4.0,7.0,1.0,2.0,0.2,0.2,20.0,2,2911.25,16,38,25,33,95
20406,1.0,5.0,4.0,7.0,1.0,2.0,0.2,0.2,20.0,3,2459.0625,19,51,33,33,119
20406,1.0,5.0,4.0,7.0,1.0,2.0,0.2,0.2,20.0,4,1753.828125,21,65,38,33,140
20406,1.0,5.0,4.0,7.0,1.0,2.0,0.2,0.2,20.0,5,652.28515625,18,81,41,30,153
20406,1.0,5.0,4.0,7.0,1.0,2.0,0.2,0.2,20.0,6,0,19,93,44,21,166
20406,1.0,5.0,4.0,7.0,1.0,2.0,0.2,0.2,20.0,7,0,17,102,36,19,165
20406,1.0,5.0,4.0,7.0,1.0,2.0,0.2,0.2,20.0,8,0,13,99,32,18,154
20406,1.0,5.0,4.0,7.0,1.0,2.0,0.2,0.2,20.0,9,0,12,89,26,13,134
20406,1.0,5.0,4.0,7.0,1.0,2.0,0.2,0.2,20.0,10,0,11,85,21,5,120
20406,1.0,5.0,4.0,7.0,1.0,2.0,0.2,0.2,20.0,11,0,7,79,17,2,103
20406,1.0,5.0,4.0,7.0,1.0,2.0,0.2,0.2,20.0,12,0,5,67,13,2,85
20406,1.0,5.0,4.0,7.0,1.0,2.0,0.2,0.2,20.0,13,0,2,54,10,2,66
20406,1.0,5.0,4.0,7.0,1.0,2.0,0.2,0.2,20.0,14,0,2,37,6,0,45
20406,1.0,5.0,4.0,7.0,1.0,2.0,0.2,0.2,20.0,15,0,0,29,3,0,32
20406,1.0,5.0,4.0,7.0,1.0,2.0,0.2,0.2,20.0,16,0,0,23,3,0,26
20406,1.0,5.0,4.0,7.0,1.0,2.0,0.2,0.2,20.0,17,0,0,21,2,0,23
20406,1.0,5.0,4.0,7.0,1.0,2.0,0.2,0.2,20.0,18,0,0,14,1,0,15
20406,1.0,5.0,4.0,7.0,1.0,2.0,0.2,0.2,20.0,19,0,0,11,1,0,12
20406,1.0,5.0,4.0,7.0,1.0,2.0,0.2,0.2,20.0,20,0,0,9,0,0,9
20406,1.0,5.0,4.0,7.0,1.0,2.0,0.2,0.2,20.0,21,0,0,7,0,0,7
20406,1.0,5.0,4.0,7.0,1.0,2.0,0.2,0.2,20.0,22,0,0,4,0,0,4
20406,1.0,5.0,4.0,7.0,1.0,2.0,0.2,0.2,20.0,23,0,0,2,0,0,2
20406,1.0,5.0,4.0,7.0,1.0,2.0,0.2,0.2,20.0,24,0,0,2,0,0,2
20406,1.0,5.0,4.0,7.0,1.0,2.0,0.2,0.2,20.0,25,0,0,2,0,0,2
20406,1.0,5.0,4.0,7.0,1.0,2.0,0.2,0.2,20.0,26,0,0,1,0,0,1