Exp Num,agent:svo_convergence_factor,agent:params:metabolism,agent:params:consumption_factor,agent:params:procreate_cost_factor,agent:params:procreate_req_factor,agent:params:start_energy_factor,agent:params:caught_chance,agent:params:caught_cooldown_factor,agent:params:maximum_age,Epoch,Resource,A,B,C,D,E
260337,4.0,15.0,3.0,3.0,2.0,1.0,0.4,0.30000000000000004,30.0,0,500.0,14,34,5,30,70
260337,4.0,15.0,3.0,3.0,2.0,1.0,0.4,0.30000000000000004,30.0,1,0,14,34,5,30,70
260337,4.0,15.0,3.0,3.0,2.0,1.0,0.4,0.30000000000000004,30.0,2,0,14,34,5,30,70
260337,4.0,15.0,3.0,3.0,2.0,1.0,0.4,0.30000000000000004,30.0,3,0,7,18,3,16,38
260337,4.0,15.0,3.0,3.0,2.0,1.0,0.4,0.30000000000000004,30.0,4,0,5,9,3,8,20
260337,4.0,15.0,3.0,3.0,2.0,1.0,0.4,0.30000000000000004,30.0,5,0,3,7,2,5,12
260337,4.0,15.0,3.0,3.0,2.0,1.0,0.4,0.30000000000000004,30.0,6,0,2,7,1,3,10
260337,4.0,15.0,3.0,3.0,2.0,1.0,0.4,0.30000000000000004,30.0,7,0,2,5,0,3,7
260337,4.0,15.0,3.0,3.0,2.0,1.0,0.4,0.30000000000000004,30.0,8,0,2,2,0,1,4
260337,4.0,15.0,3.0,3.0,2.0,1.0,0.4,0.30000000000000004,30.0,9,0,2,2,0,0,4
260337,4.0,15.0,3.0,3.0,2.0,1.0,0.4,0.30000000000000004,30.0,10,0,1,1,0,0,2
260337,4.0,15.0,3.0,3.0,2.0,1.0,0.4,0.30000000000000004,30.0,11,0,1,0,0,0,1