Exp Num,agent:svo_convergence_factor,agent:params:metabolism,agent:params:consumption_factor,agent:params:procreate_cost_factor,agent:params:procreate_req_factor,agent:params:start_energy_factor,agent:params:caught_chance,agent:params:caught_cooldown_factor,agent:params:maximum_age,Epoch,Resource,A,B,C,D,E
231942,4.0,10.0,2.0,3.0,1.0,2.0,0.30000000000000004,0.4,30.0,0,3660.0,29,31,20,33,100
231942,4.0,10.0,2.0,3.0,1.0,2.0,0.30000000000000004,0.4,30.0,1,2815.0,28,28,25,34,103
231942,4.0,10.0,2.0,3.0,1.0,2.0,0.30000000000000004,0.4,30.0,2,1778.75,33,34,28,38,117
231942,4.0,10.0,2.0,3.0,1.0,2.0,0.30000000000000004,0.4,30.0,3,743.4375,36,40,29,41,129
231942,4.0,10.0,2.0,3.0,1.0,2.0,0.30000000000000004,0.4,30.0,4,0,33,36,21,35,109
231942,4.0,10.0,2.0,3.0,1.0,2.0,0.30000000000000004,0.4,30.0,5,0,26,28,12,26,76
231942,4.0,10.0,2.0,3.0,1.0,2.0,0.30000000000000004,0.4,30.0,6,0,22,25,6,15,57
231942,4.0,10.0,2.0,3.0,1.0,2.0,0.30000000000000004,0.4,30.0,7,0,14,21,6,11,45
231942,4.0,10.0,2.0,3.0,1.0,2.0,0.30000000000000004,0.4,30.0,8,0,10,15,4,4,31
231942,4.0,10.0,2.0,3.0,1.0,2.0,0.30000000000000004,0.4,30.0,9,0,7,11,5,1,25
231942,4.0,10.0,2.0,3.0,1.0,2.0,0.30000000000000004,0.4,30.0,10,0,3,7,5,1,17
231942,4.0,10.0,2.0,3.0,1.0,2.0,0.30000000000000004,0.4,30.0,11,0,1,5,4,0,11
231942,4.0,10.0,2.0,3.0,1.0,2.0,0.30000000000000004,0.4,30.0,12,0,1,5,2,0,8
231942,4.0,10.0,2.0,3.0,1.0,2.0,0.30000000000000004,0.4,30.0,13,0,1,2,2,0,5
231942,4.0,10.0,2.0,3.0,1.0,2.0,0.30000000000000004,0.4,30.0,14,0,0,2,1,0,3
231942,4.0,10.0,2.0,3.0,1.0,2.0,0.30000000000000004,0.4,30.0,15,80.0,0,3,1,0,4
231942,4.0,10.0,2.0,3.0,1.0,2.0,0.30000000000000004,0.4,30.0,16,100.0,0,1,1,0,2
231942,4.0,10.0,2.0,3.0,1.0,2.0,0.30000000000000004,0.4,30.0,17,85.0,0,2,1,0,3
231942,4.0,10.0,2.0,3.0,1.0,2.0,0.30000000000000004,0.4,30.0,18,46.25,0,3,1,0,4
231942,4.0,10.0,2.0,3.0,1.0,2.0,0.30000000000000004,0.4,30.0,19,17.8125,0,4,1,0,5
231942,4.0,10.0,2.0,3.0,1.0,2.0,0.30000000000000004,0.4,30.0,20,0,0,4,1,0,5
231942,4.0,10.0,2.0,3.0,1.0,2.0,0.30000000000000004,0.4,30.0,21,0,0,3,1,0,4
231942,4.0,10.0,2.0,3.0,1.0,2.0,0.30000000000000004,0.4,30.0,22,0,0,2,0,0,2
231942,4.0,10.0,2.0,3.0,1.0,2.0,0.30000000000000004,0.4,30.0,23,0,0,1,0,0,1