Exp Num,agent:svo_convergence_factor,agent:params:metabolism,agent:params:consumption_factor,agent:params:procreate_cost_factor,agent:params:procreate_req_factor,agent:params:start_energy_factor,agent:params:caught_chance,agent:params:caught_cooldown_factor,agent:params:maximum_age,Epoch,Resource,A,B,C,D,E
263037,4.0,15.0,3.0,7.0,3.0,2.0,0.2,0.30000000000000004,30.0,0,3335.0,17,29,9,29,71
263037,4.0,15.0,3.0,7.0,3.0,2.0,0.2,0.30000000000000004,30.0,1,1198.75,14,24,8,29,62
263037,4.0,15.0,3.0,7.0,3.0,2.0,0.2,0.30000000000000004,30.0,2,373.4375,12,24,8,29,60
263037,4.0,15.0,3.0,7.0,3.0,2.0,0.2,0.30000000000000004,30.0,3,0,12,24,8,29,60
263037,4.0,15.0,3.0,7.0,3.0,2.0,0.2,0.30000000000000004,30.0,4,0,12,20,4,14,43
263037,4.0,15.0,3.0,7.0,3.0,2.0,0.2,0.30000000000000004,30.0,5,0,11,17,3,8,32
263037,4.0,15.0,3.0,7.0,3.0,2.0,0.2,0.30000000000000004,30.0,6,0,10,14,3,5,27
263037,4.0,15.0,3.0,7.0,3.0,2.0,0.2,0.30000000000000004,30.0,7,0,8,13,3,4,24
263037,4.0,15.0,3.0,7.0,3.0,2.0,0.2,0.30000000000000004,30.0,8,0,6,10,3,3,19
263037,4.0,15.0,3.0,7.0,3.0,2.0,0.2,0.30000000000000004,30.0,9,0,5,8,3,3,16
263037,4.0,15.0,3.0,7.0,3.0,2.0,0.2,0.30000000000000004,30.0,10,0,4,7,2,2,13
263037,4.0,15.0,3.0,7.0,3.0,2.0,0.2,0.30000000000000004,30.0,11,0,3,3,2,2,8
263037,4.0,15.0,3.0,7.0,3.0,2.0,0.2,0.30000000000000004,30.0,12,0,2,2,1,2,5
263037,4.0,15.0,3.0,7.0,3.0,2.0,0.2,0.30000000000000004,30.0,13,0,1,2,0,1,3
263037,4.0,15.0,3.0,7.0,3.0,2.0,0.2,0.30000000000000004,30.0,14,55.0,1,1,0,1,2
263037,4.0,15.0,3.0,7.0,3.0,2.0,0.2,0.30000000000000004,30.0,15,68.75,1,0,0,1,1
263037,4.0,15.0,3.0,7.0,3.0,2.0,0.2,0.30000000000000004,30.0,16,85.9375,0,0,0,1,0