Exp Num,agent:svo_convergence_factor,agent:params:metabolism,agent:params:consumption_factor,agent:params:procreate_cost_factor,agent:params:procreate_req_factor,agent:params:start_energy_factor,agent:params:caught_chance,agent:params:caught_cooldown_factor,agent:params:maximum_age,Epoch,Resource,A,B,C,D,E
220248,4.0,5.0,4.0,1.0,3.0,1.0,0.5,0.5,40.0,0,3000.0,37,35,14,45,105
220248,4.0,5.0,4.0,1.0,3.0,1.0,0.5,0.5,40.0,1,3010.0,46,39,14,48,120
220248,4.0,5.0,4.0,1.0,3.0,1.0,0.5,0.5,40.0,2,2982.5,52,45,19,50,138
220248,4.0,5.0,4.0,1.0,3.0,1.0,0.5,0.5,40.0,3,2708.125,45,35,21,56,129
220248,4.0,5.0,4.0,1.0,3.0,1.0,0.5,0.5,40.0,4,2425.15625,43,37,25,57,137
220248,4.0,5.0,4.0,1.0,3.0,1.0,0.5,0.5,40.0,5,1991.4453125,36,43,27,59,147
220248,4.0,5.0,4.0,1.0,3.0,1.0,0.5,0.5,40.0,6,1409.306640625,36,49,30,60,156
220248,4.0,5.0,4.0,1.0,3.0,1.0,0.5,0.5,40.0,7,701.63330078125,41,48,30,66,164
220248,4.0,5.0,4.0,1.0,3.0,1.0,0.5,0.5,40.0,8,0,40,49,32,65,165
220248,4.0,5.0,4.0,1.0,3.0,1.0,0.5,0.5,40.0,9,0,31,41,26,51,130
220248,4.0,5.0,4.0,1.0,3.0,1.0,0.5,0.5,40.0,10,0,24,36,17,40,96
220248,4.0,5.0,4.0,1.0,3.0,1.0,0.5,0.5,40.0,11,0,21,29,11,23,68
220248,4.0,5.0,4.0,1.0,3.0,1.0,0.5,0.5,40.0,12,0,16,22,10,13,51
220248,4.0,5.0,4.0,1.0,3.0,1.0,0.5,0.5,40.0,13,0,12,12,4,9,29
220248,4.0,5.0,4.0,1.0,3.0,1.0,0.5,0.5,40.0,14,0,8,7,3,3,18
220248,4.0,5.0,4.0,1.0,3.0,1.0,0.5,0.5,40.0,15,0,5,5,2,1,12
220248,4.0,5.0,4.0,1.0,3.0,1.0,0.5,0.5,40.0,16,0,3,3,2,0,8
220248,4.0,5.0,4.0,1.0,3.0,1.0,0.5,0.5,40.0,17,0,1,3,1,0,5
220248,4.0,5.0,4.0,1.0,3.0,1.0,0.5,0.5,40.0,18,0,1,2,1,0,4
220248,4.0,5.0,4.0,1.0,3.0,1.0,0.5,0.5,40.0,19,100,0,1,1,0,2
220248,4.0,5.0,4.0,1.0,3.0,1.0,0.5,0.5,40.0,20,125.0,0,1,0,0,1