Exp Num,agent:svo_convergence_factor,agent:params:metabolism,agent:params:consumption_factor,agent:params:procreate_cost_factor,agent:params:procreate_req_factor,agent:params:start_energy_factor,agent:params:caught_chance,agent:params:caught_cooldown_factor,agent:params:maximum_age,Epoch,Resource,A,B,C,D,E
248496,4.0,15.0,1.0,1.0,3.0,2.0,0.5,0.5,20.0,0,3500.0,8,32,12,31,69
248496,4.0,15.0,1.0,1.0,3.0,2.0,0.5,0.5,20.0,1,2980.0,8,32,12,31,69
248496,4.0,15.0,1.0,1.0,3.0,2.0,0.5,0.5,20.0,2,2705.0,8,32,11,31,68
248496,4.0,15.0,1.0,1.0,3.0,2.0,0.5,0.5,20.0,3,2586.25,7,27,11,29,62
248496,4.0,15.0,1.0,1.0,3.0,2.0,0.5,0.5,20.0,4,2257.8125,3,24,9,28,53
248496,4.0,15.0,1.0,1.0,3.0,2.0,0.5,0.5,20.0,5,1907.265625,2,23,9,27,51
248496,4.0,15.0,1.0,1.0,3.0,2.0,0.5,0.5,20.0,6,1439.08203125,2,19,9,26,47
248496,4.0,15.0,1.0,1.0,3.0,2.0,0.5,0.5,20.0,7,868.8525390625,2,18,8,26,45
248496,4.0,15.0,1.0,1.0,3.0,2.0,0.5,0.5,20.0,8,96.065673828125,1,16,8,26,42
248496,4.0,15.0,1.0,1.0,3.0,2.0,0.5,0.5,20.0,9,0,1,11,2,15,23
248496,4.0,15.0,1.0,1.0,3.0,2.0,0.5,0.5,20.0,10,0,0,8,1,6,13
248496,4.0,15.0,1.0,1.0,3.0,2.0,0.5,0.5,20.0,11,0,0,4,0,3,6
248496,4.0,15.0,1.0,1.0,3.0,2.0,0.5,0.5,20.0,12,0,0,3,0,1,3
248496,4.0,15.0,1.0,1.0,3.0,2.0,0.5,0.5,20.0,13,0,0,2,0,0,2
248496,4.0,15.0,1.0,1.0,3.0,2.0,0.5,0.5,20.0,14,0,0,1,0,0,1