Exp Num,agent:svo_convergence_factor,agent:params:metabolism,agent:params:consumption_factor,agent:params:procreate_cost_factor,agent:params:procreate_req_factor,agent:params:start_energy_factor,agent:params:caught_chance,agent:params:caught_cooldown_factor,agent:params:maximum_age,Epoch,Resource,A,B,C,D,E
201564,3.0,15.0,4.0,9.0,1.0,2.0,0.30000000000000004,0.30000000000000004,50.0,0,2660.0,19,31,15,22,78
201564,3.0,15.0,4.0,9.0,1.0,2.0,0.30000000000000004,0.30000000000000004,50.0,1,325.0,14,23,14,19,63
201564,3.0,15.0,4.0,9.0,1.0,2.0,0.30000000000000004,0.30000000000000004,50.0,2,0,15,22,13,16,60
201564,3.0,15.0,4.0,9.0,1.0,2.0,0.30000000000000004,0.30000000000000004,50.0,3,0,16,22,13,16,61
201564,3.0,15.0,4.0,9.0,1.0,2.0,0.30000000000000004,0.30000000000000004,50.0,4,0,15,20,13,16,58
201564,3.0,15.0,4.0,9.0,1.0,2.0,0.30000000000000004,0.30000000000000004,50.0,5,0,12,13,10,7,38
201564,3.0,15.0,4.0,9.0,1.0,2.0,0.30000000000000004,0.30000000000000004,50.0,6,0,10,11,5,4,27
201564,3.0,15.0,4.0,9.0,1.0,2.0,0.30000000000000004,0.30000000000000004,50.0,7,0,10,8,3,1,22
201564,3.0,15.0,4.0,9.0,1.0,2.0,0.30000000000000004,0.30000000000000004,50.0,8,0,8,7,3,0,19
201564,3.0,15.0,4.0,9.0,1.0,2.0,0.30000000000000004,0.30000000000000004,50.0,9,0,7,4,3,0,15
201564,3.0,15.0,4.0,9.0,1.0,2.0,0.30000000000000004,0.30000000000000004,50.0,10,0,7,2,2,0,12
201564,3.0,15.0,4.0,9.0,1.0,2.0,0.30000000000000004,0.30000000000000004,50.0,11,0,6,1,0,0,7
201564,3.0,15.0,4.0,9.0,1.0,2.0,0.30000000000000004,0.30000000000000004,50.0,12,0,5,0,0,0,5
201564,3.0,15.0,4.0,9.0,1.0,2.0,0.30000000000000004,0.30000000000000004,50.0,13,100,3,0,0,0,3
201564,3.0,15.0,4.0,9.0,1.0,2.0,0.30000000000000004,0.30000000000000004,50.0,14,0,2,0,0,0,2
201564,3.0,15.0,4.0,9.0,1.0,2.0,0.30000000000000004,0.30000000000000004,50.0,15,0,2,0,0,0,2
201564,3.0,15.0,4.0,9.0,1.0,2.0,0.30000000000000004,0.30000000000000004,50.0,16,0,2,0,0,0,2
201564,3.0,15.0,4.0,9.0,1.0,2.0,0.30000000000000004,0.30000000000000004,50.0,17,0,2,0,0,0,2
201564,3.0,15.0,4.0,9.0,1.0,2.0,0.30000000000000004,0.30000000000000004,50.0,18,0,1,0,0,0,1