Exp Num,agent:svo_convergence_factor,agent:params:metabolism,agent:params:consumption_factor,agent:params:procreate_cost_factor,agent:params:procreate_req_factor,agent:params:start_energy_factor,agent:params:caught_chance,agent:params:caught_cooldown_factor,agent:params:maximum_age,Epoch,Resource,A,B,C,D,E
200946,3.0,15.0,4.0,7.0,2.0,3.0,0.30000000000000004,0.5,20.0,0,2420.0,20,33,10,23,77
200946,3.0,15.0,4.0,7.0,2.0,3.0,0.30000000000000004,0.5,20.0,1,1045.0,20,33,10,23,77
200946,3.0,15.0,4.0,7.0,2.0,3.0,0.30000000000000004,0.5,20.0,2,0,17,26,7,12,61
200946,3.0,15.0,4.0,7.0,2.0,3.0,0.30000000000000004,0.5,20.0,3,0,17,22,7,9,54
200946,3.0,15.0,4.0,7.0,2.0,3.0,0.30000000000000004,0.5,20.0,4,0,17,21,7,9,53
200946,3.0,15.0,4.0,7.0,2.0,3.0,0.30000000000000004,0.5,20.0,5,0,17,21,7,9,53
200946,3.0,15.0,4.0,7.0,2.0,3.0,0.30000000000000004,0.5,20.0,6,0,17,20,5,5,45
200946,3.0,15.0,4.0,7.0,2.0,3.0,0.30000000000000004,0.5,20.0,7,0,15,14,4,3,34
200946,3.0,15.0,4.0,7.0,2.0,3.0,0.30000000000000004,0.5,20.0,8,0,14,13,2,1,30
200946,3.0,15.0,4.0,7.0,2.0,3.0,0.30000000000000004,0.5,20.0,9,0,13,12,2,0,28
200946,3.0,15.0,4.0,7.0,2.0,3.0,0.30000000000000004,0.5,20.0,10,0,12,11,1,0,25
200946,3.0,15.0,4.0,7.0,2.0,3.0,0.30000000000000004,0.5,20.0,11,0,9,6,1,0,16
200946,3.0,15.0,4.0,7.0,2.0,3.0,0.30000000000000004,0.5,20.0,12,0,5,4,1,0,10
200946,3.0,15.0,4.0,7.0,2.0,3.0,0.30000000000000004,0.5,20.0,13,40.0,3,4,1,0,8
200946,3.0,15.0,4.0,7.0,2.0,3.0,0.30000000000000004,0.5,20.0,14,0,3,3,1,0,7
200946,3.0,15.0,4.0,7.0,2.0,3.0,0.30000000000000004,0.5,20.0,15,0,3,1,1,0,5
200946,3.0,15.0,4.0,7.0,2.0,3.0,0.30000000000000004,0.5,20.0,16,0,2,1,1,0,4
200946,3.0,15.0,4.0,7.0,2.0,3.0,0.30000000000000004,0.5,20.0,17,0,2,0,1,0,3
200946,3.0,15.0,4.0,7.0,2.0,3.0,0.30000000000000004,0.5,20.0,18,0,1,0,1,0,2
200946,3.0,15.0,4.0,7.0,2.0,3.0,0.30000000000000004,0.5,20.0,19,0,1,0,0,0,1