Exp Num,agent:svo_convergence_factor,agent:params:metabolism,agent:params:consumption_factor,agent:params:procreate_cost_factor,agent:params:procreate_req_factor,agent:params:start_energy_factor,agent:params:caught_chance,agent:params:caught_cooldown_factor,agent:params:maximum_age,Epoch,Resource,A,B,C,D,E
222883,4.0,5.0,4.0,7.0,1.0,2.0,0.1,0.2,40.0,0,3620.0,13,28,8,31,69
222883,4.0,5.0,4.0,7.0,1.0,2.0,0.1,0.2,40.0,1,3325.0,14,35,8,33,80
222883,4.0,5.0,4.0,7.0,1.0,2.0,0.1,0.2,40.0,2,2936.25,14,47,10,34,95
222883,4.0,5.0,4.0,7.0,1.0,2.0,0.1,0.2,40.0,3,2470.3125,20,60,14,34,119
222883,4.0,5.0,4.0,7.0,1.0,2.0,0.1,0.2,40.0,4,1607.890625,26,70,17,35,138
222883,4.0,5.0,4.0,7.0,1.0,2.0,0.1,0.2,40.0,5,169.86328125,32,85,22,37,162
222883,4.0,5.0,4.0,7.0,1.0,2.0,0.1,0.2,40.0,6,0,34,88,24,32,164
222883,4.0,5.0,4.0,7.0,1.0,2.0,0.1,0.2,40.0,7,0,34,77,23,27,152
222883,4.0,5.0,4.0,7.0,1.0,2.0,0.1,0.2,40.0,8,0,33,73,22,28,145
222883,4.0,5.0,4.0,7.0,1.0,2.0,0.1,0.2,40.0,9,0,31,66,22,18,128
222883,4.0,5.0,4.0,7.0,1.0,2.0,0.1,0.2,40.0,10,0,29,58,22,10,111
222883,4.0,5.0,4.0,7.0,1.0,2.0,0.1,0.2,40.0,11,0,26,48,20,8,94
222883,4.0,5.0,4.0,7.0,1.0,2.0,0.1,0.2,40.0,12,0,21,35,16,4,72
222883,4.0,5.0,4.0,7.0,1.0,2.0,0.1,0.2,40.0,13,0,15,28,12,3,55
222883,4.0,5.0,4.0,7.0,1.0,2.0,0.1,0.2,40.0,14,0,12,18,10,3,40
222883,4.0,5.0,4.0,7.0,1.0,2.0,0.1,0.2,40.0,15,0,10,11,9,2,30
222883,4.0,5.0,4.0,7.0,1.0,2.0,0.1,0.2,40.0,16,0,6,4,8,1,18
222883,4.0,5.0,4.0,7.0,1.0,2.0,0.1,0.2,40.0,17,0,5,1,8,1,14
222883,4.0,5.0,4.0,7.0,1.0,2.0,0.1,0.2,40.0,18,0,3,0,8,1,11
222883,4.0,5.0,4.0,7.0,1.0,2.0,0.1,0.2,40.0,19,0,3,0,6,0,9
222883,4.0,5.0,4.0,7.0,1.0,2.0,0.1,0.2,40.0,20,0,3,0,5,0,8
222883,4.0,5.0,4.0,7.0,1.0,2.0,0.1,0.2,40.0,21,0,2,0,3,0,5
222883,4.0,5.0,4.0,7.0,1.0,2.0,0.1,0.2,40.0,22,0,1,0,3,0,4
222883,4.0,5.0,4.0,7.0,1.0,2.0,0.1,0.2,40.0,23,0,1,0,2,0,3
222883,4.0,5.0,4.0,7.0,1.0,2.0,0.1,0.2,40.0,24,0,0,0,2,0,2
222883,4.0,5.0,4.0,7.0,1.0,2.0,0.1,0.2,40.0,25,0,0,0,1,0,1