Exp Num,agent:svo_convergence_factor,agent:params:metabolism,agent:params:consumption_factor,agent:params:procreate_cost_factor,agent:params:procreate_req_factor,agent:params:start_energy_factor,agent:params:caught_chance,agent:params:caught_cooldown_factor,agent:params:maximum_age,Epoch,Resource,A,B,C,D,E
214211,4.0,5.0,3.0,1.0,2.0,1.0,0.4,0.30000000000000004,20.0,0,3500.0,29,38,16,41,109
214211,4.0,5.0,3.0,1.0,2.0,1.0,0.4,0.30000000000000004,20.0,1,3730.0,33,46,20,43,128
214211,4.0,5.0,3.0,1.0,2.0,1.0,0.4,0.30000000000000004,20.0,2,3462.5,33,49,22,47,144
214211,4.0,5.0,3.0,1.0,2.0,1.0,0.4,0.30000000000000004,20.0,3,3323.125,34,57,30,53,168
214211,4.0,5.0,3.0,1.0,2.0,1.0,0.4,0.30000000000000004,20.0,4,2728.90625,30,58,40,66,188
214211,4.0,5.0,3.0,1.0,2.0,1.0,0.4,0.30000000000000004,20.0,5,2076.1328125,31,57,47,84,203
214211,4.0,5.0,3.0,1.0,2.0,1.0,0.4,0.30000000000000004,20.0,6,915.166015625,31,69,58,94,233
214211,4.0,5.0,3.0,1.0,2.0,1.0,0.4,0.30000000000000004,20.0,7,0,28,68,60,98,231
214211,4.0,5.0,3.0,1.0,2.0,1.0,0.4,0.30000000000000004,20.0,8,0,27,49,39,70,166
214211,4.0,5.0,3.0,1.0,2.0,1.0,0.4,0.30000000000000004,20.0,9,0,16,32,26,44,101
214211,4.0,5.0,3.0,1.0,2.0,1.0,0.4,0.30000000000000004,20.0,10,0,11,16,16,27,55
214211,4.0,5.0,3.0,1.0,2.0,1.0,0.4,0.30000000000000004,20.0,11,0,10,8,11,11,36
214211,4.0,5.0,3.0,1.0,2.0,1.0,0.4,0.30000000000000004,20.0,12,0,5,6,10,3,24
214211,4.0,5.0,3.0,1.0,2.0,1.0,0.4,0.30000000000000004,20.0,13,0,3,3,6,1,14
214211,4.0,5.0,3.0,1.0,2.0,1.0,0.4,0.30000000000000004,20.0,14,0,3,2,2,0,8
214211,4.0,5.0,3.0,1.0,2.0,1.0,0.4,0.30000000000000004,20.0,15,0,1,0,2,0,4
214211,4.0,5.0,3.0,1.0,2.0,1.0,0.4,0.30000000000000004,20.0,16,0,0,0,1,0,2
214211,4.0,5.0,3.0,1.0,2.0,1.0,0.4,0.30000000000000004,20.0,17,0,0,0,1,0,1