Exp Num,agent:svo_convergence_factor,agent:params:metabolism,agent:params:consumption_factor,agent:params:procreate_cost_factor,agent:params:procreate_req_factor,agent:params:start_energy_factor,agent:params:caught_chance,agent:params:caught_cooldown_factor,agent:params:maximum_age,Epoch,Resource,A,B,C,D,E
208301,4.0,5.0,2.0,1.0,1.0,2.0,0.30000000000000004,0.1,20.0,0,4000.0,21,41,24,34,116
208301,4.0,5.0,2.0,1.0,1.0,2.0,0.30000000000000004,0.1,20.0,1,3500.0,33,56,42,49,176
208301,4.0,5.0,2.0,1.0,1.0,2.0,0.30000000000000004,0.1,20.0,2,3645.0,49,85,69,71,266
208301,4.0,5.0,2.0,1.0,1.0,2.0,0.30000000000000004,0.1,20.0,3,2606.25,73,111,95,96,361
208301,4.0,5.0,2.0,1.0,1.0,2.0,0.30000000000000004,0.1,20.0,4,667.8125,93,143,134,140,476
208301,4.0,5.0,2.0,1.0,1.0,2.0,0.30000000000000004,0.1,20.0,5,0,98,139,149,118,468
208301,4.0,5.0,2.0,1.0,1.0,2.0,0.30000000000000004,0.1,20.0,6,0,82,115,124,69,382
208301,4.0,5.0,2.0,1.0,1.0,2.0,0.30000000000000004,0.1,20.0,7,0,62,80,94,44,280
208301,4.0,5.0,2.0,1.0,1.0,2.0,0.30000000000000004,0.1,20.0,8,0,44,66,67,32,212
208301,4.0,5.0,2.0,1.0,1.0,2.0,0.30000000000000004,0.1,20.0,9,0,32,44,51,21,149
208301,4.0,5.0,2.0,1.0,1.0,2.0,0.30000000000000004,0.1,20.0,10,0,15,36,34,14,103
208301,4.0,5.0,2.0,1.0,1.0,2.0,0.30000000000000004,0.1,20.0,11,0,11,25,16,8,65
208301,4.0,5.0,2.0,1.0,1.0,2.0,0.30000000000000004,0.1,20.0,12,0,9,13,15,3,45
208301,4.0,5.0,2.0,1.0,1.0,2.0,0.30000000000000004,0.1,20.0,13,0,3,7,12,2,30
208301,4.0,5.0,2.0,1.0,1.0,2.0,0.30000000000000004,0.1,20.0,14,0,4,3,10,1,25
208301,4.0,5.0,2.0,1.0,1.0,2.0,0.30000000000000004,0.1,20.0,15,0,3,3,9,1,20
208301,4.0,5.0,2.0,1.0,1.0,2.0,0.30000000000000004,0.1,20.0,16,0.0,0,3,10,3,18
208301,4.0,5.0,2.0,1.0,1.0,2.0,0.30000000000000004,0.1,20.0,17,0,0,2,6,2,11
208301,4.0,5.0,2.0,1.0,1.0,2.0,0.30000000000000004,0.1,20.0,18,0,0,3,4,2,8
208301,4.0,5.0,2.0,1.0,1.0,2.0,0.30000000000000004,0.1,20.0,19,0,0,3,2,2,5
208301,4.0,5.0,2.0,1.0,1.0,2.0,0.30000000000000004,0.1,20.0,20,0,0,2,2,1,4
208301,4.0,5.0,2.0,1.0,1.0,2.0,0.30000000000000004,0.1,20.0,21,0,0,1,2,0,3
208301,4.0,5.0,2.0,1.0,1.0,2.0,0.30000000000000004,0.1,20.0,22,0,0,1,1,0,2
208301,4.0,5.0,2.0,1.0,1.0,2.0,0.30000000000000004,0.1,20.0,23,0,0,0,1,0,1