Exp Num,agent:svo_convergence_factor,agent:params:metabolism,agent:params:consumption_factor,agent:params:procreate_cost_factor,agent:params:procreate_req_factor,agent:params:start_energy_factor,agent:params:caught_chance,agent:params:caught_cooldown_factor,agent:params:maximum_age,Epoch,Resource,A,B,C,D,E
249187,4.0,15.0,1.0,3.0,2.0,2.0,0.30000000000000004,0.30000000000000004,30.0,0,3500.0,20,26,7,35,65
249187,4.0,15.0,1.0,3.0,2.0,2.0,0.30000000000000004,0.30000000000000004,30.0,1,2980.0,20,26,7,35,65
249187,4.0,15.0,1.0,3.0,2.0,2.0,0.30000000000000004,0.30000000000000004,30.0,2,2735.0,20,26,7,34,65
249187,4.0,15.0,1.0,3.0,2.0,2.0,0.30000000000000004,0.30000000000000004,30.0,3,2518.75,14,24,7,33,55
249187,4.0,15.0,1.0,3.0,2.0,2.0,0.30000000000000004,0.30000000000000004,30.0,4,2248.4375,11,20,7,33,48
249187,4.0,15.0,1.0,3.0,2.0,2.0,0.30000000000000004,0.30000000000000004,30.0,5,1880.546875,8,17,7,33,42
249187,4.0,15.0,1.0,3.0,2.0,2.0,0.30000000000000004,0.30000000000000004,30.0,6,1540.68359375,6,17,7,32,40
249187,4.0,15.0,1.0,3.0,2.0,2.0,0.30000000000000004,0.30000000000000004,30.0,7,1025.8544921875,5,14,6,32,35
249187,4.0,15.0,1.0,3.0,2.0,2.0,0.30000000000000004,0.30000000000000004,30.0,8,397.318115234375,5,11,6,32,32
249187,4.0,15.0,1.0,3.0,2.0,2.0,0.30000000000000004,0.30000000000000004,30.0,9,0,4,8,4,26,24
249187,4.0,15.0,1.0,3.0,2.0,2.0,0.30000000000000004,0.30000000000000004,30.0,10,0,3,3,3,13,12
249187,4.0,15.0,1.0,3.0,2.0,2.0,0.30000000000000004,0.30000000000000004,30.0,11,0,3,2,1,5,8
249187,4.0,15.0,1.0,3.0,2.0,2.0,0.30000000000000004,0.30000000000000004,30.0,12,0,1,1,0,3,3
249187,4.0,15.0,1.0,3.0,2.0,2.0,0.30000000000000004,0.30000000000000004,30.0,13,0,1,1,0,1,2
249187,4.0,15.0,1.0,3.0,2.0,2.0,0.30000000000000004,0.30000000000000004,30.0,14,0,0,0,0,1,0