Exp Num,agent:svo_convergence_factor,agent:params:metabolism,agent:params:consumption_factor,agent:params:procreate_cost_factor,agent:params:procreate_req_factor,agent:params:start_energy_factor,agent:params:caught_chance,agent:params:caught_cooldown_factor,agent:params:maximum_age,Epoch,Resource,A,B,C,D,E
208588,4.0,5.0,2.0,1.0,2.0,1.0,0.4,0.30000000000000004,40.0,0,4000.0,36,37,17,41,109
208588,4.0,5.0,2.0,1.0,2.0,1.0,0.4,0.30000000000000004,40.0,1,3500.0,52,52,34,59,166
208588,4.0,5.0,2.0,1.0,2.0,1.0,0.4,0.30000000000000004,40.0,2,2965.0,72,69,47,70,225
208588,4.0,5.0,2.0,1.0,2.0,1.0,0.4,0.30000000000000004,40.0,3,1866.25,78,88,58,86,277
208588,4.0,5.0,2.0,1.0,2.0,1.0,0.4,0.30000000000000004,40.0,4,12.8125,95,111,68,117,342
208588,4.0,5.0,2.0,1.0,2.0,1.0,0.4,0.30000000000000004,40.0,5,0,64,66,39,70,208
208588,4.0,5.0,2.0,1.0,2.0,1.0,0.4,0.30000000000000004,40.0,6,0,44,40,17,42,119
208588,4.0,5.0,2.0,1.0,2.0,1.0,0.4,0.30000000000000004,40.0,7,0,28,22,7,18,70
208588,4.0,5.0,2.0,1.0,2.0,1.0,0.4,0.30000000000000004,40.0,8,0,19,9,4,8,39
208588,4.0,5.0,2.0,1.0,2.0,1.0,0.4,0.30000000000000004,40.0,9,0,9,5,3,2,23
208588,4.0,5.0,2.0,1.0,2.0,1.0,0.4,0.30000000000000004,40.0,10,0,1,5,1,1,11
208588,4.0,5.0,2.0,1.0,2.0,1.0,0.4,0.30000000000000004,40.0,11,0,0,2,1,1,5
208588,4.0,5.0,2.0,1.0,2.0,1.0,0.4,0.30000000000000004,40.0,12,0,0,0,1,0,3
208588,4.0,5.0,2.0,1.0,2.0,1.0,0.4,0.30000000000000004,40.0,13,0,0,0,1,0,1