Exp Num,agent:svo_convergence_factor,agent:params:metabolism,agent:params:consumption_factor,agent:params:procreate_cost_factor,agent:params:procreate_req_factor,agent:params:start_energy_factor,agent:params:caught_chance,agent:params:caught_cooldown_factor,agent:params:maximum_age,Epoch,Resource,A,B,C,D,E
220711,4.0,5.0,4.0,3.0,1.0,2.0,0.4,0.30000000000000004,20.0,0,3640.0,26,35,18,36,98
220711,4.0,5.0,4.0,3.0,1.0,2.0,0.4,0.30000000000000004,20.0,1,3490.0,28,44,25,44,122
220711,4.0,5.0,4.0,3.0,1.0,2.0,0.4,0.30000000000000004,20.0,2,3042.5,24,54,35,52,143
220711,4.0,5.0,4.0,3.0,1.0,2.0,0.4,0.30000000000000004,20.0,3,2043.125,25,55,57,73,174
220711,4.0,5.0,4.0,3.0,1.0,2.0,0.4,0.30000000000000004,20.0,4,473.90625,29,56,80,91,215
220711,4.0,5.0,4.0,3.0,1.0,2.0,0.4,0.30000000000000004,20.0,5,0,28,52,85,77,204
220711,4.0,5.0,4.0,3.0,1.0,2.0,0.4,0.30000000000000004,20.0,6,0,28,53,71,56,180
220711,4.0,5.0,4.0,3.0,1.0,2.0,0.4,0.30000000000000004,20.0,7,0,24,48,67,36,155
220711,4.0,5.0,4.0,3.0,1.0,2.0,0.4,0.30000000000000004,20.0,8,0,15,40,53,23,115
220711,4.0,5.0,4.0,3.0,1.0,2.0,0.4,0.30000000000000004,20.0,9,0,12,34,36,18,84
220711,4.0,5.0,4.0,3.0,1.0,2.0,0.4,0.30000000000000004,20.0,10,0,8,28,22,14,60
220711,4.0,5.0,4.0,3.0,1.0,2.0,0.4,0.30000000000000004,20.0,11,0,4,22,16,9,44
220711,4.0,5.0,4.0,3.0,1.0,2.0,0.4,0.30000000000000004,20.0,12,0,2,12,11,7,27
220711,4.0,5.0,4.0,3.0,1.0,2.0,0.4,0.30000000000000004,20.0,13,0,1,7,7,4,17
220711,4.0,5.0,4.0,3.0,1.0,2.0,0.4,0.30000000000000004,20.0,14,0,0,7,6,3,15
220711,4.0,5.0,4.0,3.0,1.0,2.0,0.4,0.30000000000000004,20.0,15,0,0,5,6,1,14
220711,4.0,5.0,4.0,3.0,1.0,2.0,0.4,0.30000000000000004,20.0,16,0,0,6,3,0,12
220711,4.0,5.0,4.0,3.0,1.0,2.0,0.4,0.30000000000000004,20.0,17,0,0,4,3,0,9
220711,4.0,5.0,4.0,3.0,1.0,2.0,0.4,0.30000000000000004,20.0,18,0,0,4,1,0,7
220711,4.0,5.0,4.0,3.0,1.0,2.0,0.4,0.30000000000000004,20.0,19,0,1,3,1,0,7
220711,4.0,5.0,4.0,3.0,1.0,2.0,0.4,0.30000000000000004,20.0,20,0,1,1,1,0,4
220711,4.0,5.0,4.0,3.0,1.0,2.0,0.4,0.30000000000000004,20.0,21,0,1,0,1,0,3
220711,4.0,5.0,4.0,3.0,1.0,2.0,0.4,0.30000000000000004,20.0,22,0,1,0,0,0,2
220711,4.0,5.0,4.0,3.0,1.0,2.0,0.4,0.30000000000000004,20.0,23,0,1,0,0,0,2
220711,4.0,5.0,4.0,3.0,1.0,2.0,0.4,0.30000000000000004,20.0,24,0,1,0,0,0,2
220711,4.0,5.0,4.0,3.0,1.0,2.0,0.4,0.30000000000000004,20.0,25,0,1,0,0,0,1