Exp Num,agent:svo_convergence_factor,agent:params:metabolism,agent:params:consumption_factor,agent:params:procreate_cost_factor,agent:params:procreate_req_factor,agent:params:start_energy_factor,agent:params:caught_chance,agent:params:caught_cooldown_factor,agent:params:maximum_age,Epoch,Resource,A,B,C,D,E
249279,4.0,15.0,1.0,3.0,2.0,3.0,0.2,0.1,50.0,0,3500.0,16,31,7,25,75
249279,4.0,15.0,1.0,3.0,2.0,3.0,0.2,0.1,50.0,1,2920.0,16,31,7,25,75
249279,4.0,15.0,1.0,3.0,2.0,3.0,0.2,0.1,50.0,2,2630.0,16,31,7,25,75
249279,4.0,15.0,1.0,3.0,2.0,3.0,0.2,0.1,50.0,3,2552.5,16,31,7,25,75
249279,4.0,15.0,1.0,3.0,2.0,3.0,0.2,0.1,50.0,4,2455.625,15,29,6,25,71
249279,4.0,15.0,1.0,3.0,2.0,3.0,0.2,0.1,50.0,5,2229.53125,12,27,5,23,65
249279,4.0,15.0,1.0,3.0,2.0,3.0,0.2,0.1,50.0,6,1946.9140625,11,25,4,21,61
249279,4.0,15.0,1.0,3.0,2.0,3.0,0.2,0.1,50.0,7,1518.642578125,8,22,2,20,53
249279,4.0,15.0,1.0,3.0,2.0,3.0,0.2,0.1,50.0,8,908.30322265625,7,22,2,20,52
249279,4.0,15.0,1.0,3.0,2.0,3.0,0.2,0.1,50.0,9,175.3790283203125,6,22,2,20,51
249279,4.0,15.0,1.0,3.0,2.0,3.0,0.2,0.1,50.0,10,0,5,13,1,14,32
249279,4.0,15.0,1.0,3.0,2.0,3.0,0.2,0.1,50.0,11,0,3,6,1,7,17
249279,4.0,15.0,1.0,3.0,2.0,3.0,0.2,0.1,50.0,12,0,1,3,0,4,9
249279,4.0,15.0,1.0,3.0,2.0,3.0,0.2,0.1,50.0,13,0,0,1,0,2,4
249279,4.0,15.0,1.0,3.0,2.0,3.0,0.2,0.1,50.0,14,0,0,1,0,1,2
249279,4.0,15.0,1.0,3.0,2.0,3.0,0.2,0.1,50.0,15,0,0,0,0,0,1