Exp Num,agent:svo_convergence_factor,agent:params:metabolism,agent:params:consumption_factor,agent:params:procreate_cost_factor,agent:params:procreate_req_factor,agent:params:start_energy_factor,agent:params:caught_chance,agent:params:caught_cooldown_factor,agent:params:maximum_age,Epoch,Resource,A,B,C,D,E
237068,4.0,10.0,3.0,1.0,3.0,1.0,0.30000000000000004,0.4,40.0,0,2000.0,29,39,21,33,117
237068,4.0,10.0,3.0,1.0,3.0,1.0,0.30000000000000004,0.4,40.0,1,1030.0,40,46,25,35,139
237068,4.0,10.0,3.0,1.0,3.0,1.0,0.30000000000000004,0.4,40.0,2,0,40,39,19,33,116
237068,4.0,10.0,3.0,1.0,3.0,1.0,0.30000000000000004,0.4,40.0,3,0,33,33,13,29,94
237068,4.0,10.0,3.0,1.0,3.0,1.0,0.30000000000000004,0.4,40.0,4,0,24,20,6,13,59
237068,4.0,10.0,3.0,1.0,3.0,1.0,0.30000000000000004,0.4,40.0,5,0,15,13,5,6,38
237068,4.0,10.0,3.0,1.0,3.0,1.0,0.30000000000000004,0.4,40.0,6,0,9,9,4,2,24
237068,4.0,10.0,3.0,1.0,3.0,1.0,0.30000000000000004,0.4,40.0,7,0,4,6,2,0,13
237068,4.0,10.0,3.0,1.0,3.0,1.0,0.30000000000000004,0.4,40.0,8,0,1,3,2,0,7
237068,4.0,10.0,3.0,1.0,3.0,1.0,0.30000000000000004,0.4,40.0,9,0,0,2,2,0,4
237068,4.0,10.0,3.0,1.0,3.0,1.0,0.30000000000000004,0.4,40.0,10,0,0,1,1,0,2
237068,4.0,10.0,3.0,1.0,3.0,1.0,0.30000000000000004,0.4,40.0,11,0,0,0,1,0,1