Exp Num,agent:svo_convergence_factor,agent:params:metabolism,agent:params:consumption_factor,agent:params:procreate_cost_factor,agent:params:procreate_req_factor,agent:params:start_energy_factor,agent:params:caught_chance,agent:params:caught_cooldown_factor,agent:params:maximum_age,Epoch,Resource,A,B,C,D,E
236833,4.0,10.0,3.0,1.0,2.0,2.0,0.4,0.2,40.0,0,4190.0,27,36,12,23,90
236833,4.0,10.0,3.0,1.0,2.0,2.0,0.4,0.2,40.0,1,3407.5,26,32,22,26,101
236833,4.0,10.0,3.0,1.0,2.0,2.0,0.4,0.2,40.0,2,3029.375,34,36,26,28,120
236833,4.0,10.0,3.0,1.0,2.0,2.0,0.4,0.2,40.0,3,1806.71875,40,42,26,32,137
236833,4.0,10.0,3.0,1.0,2.0,2.0,0.4,0.2,40.0,4,578.3984375,43,43,35,38,151
236833,4.0,10.0,3.0,1.0,2.0,2.0,0.4,0.2,40.0,5,0,45,36,31,35,133
236833,4.0,10.0,3.0,1.0,2.0,2.0,0.4,0.2,40.0,6,0,30,28,24,25,94
236833,4.0,10.0,3.0,1.0,2.0,2.0,0.4,0.2,40.0,7,0,22,18,14,12,60
236833,4.0,10.0,3.0,1.0,2.0,2.0,0.4,0.2,40.0,8,0,18,9,8,4,39
236833,4.0,10.0,3.0,1.0,2.0,2.0,0.4,0.2,40.0,9,0,10,8,5,1,25
236833,4.0,10.0,3.0,1.0,2.0,2.0,0.4,0.2,40.0,10,0,5,8,2,1,15
236833,4.0,10.0,3.0,1.0,2.0,2.0,0.4,0.2,40.0,11,0,3,5,1,0,9
236833,4.0,10.0,3.0,1.0,2.0,2.0,0.4,0.2,40.0,12,0,1,4,0,0,5
236833,4.0,10.0,3.0,1.0,2.0,2.0,0.4,0.2,40.0,13,0,0,3,0,0,3
236833,4.0,10.0,3.0,1.0,2.0,2.0,0.4,0.2,40.0,14,0,0,2,0,0,2
236833,4.0,10.0,3.0,1.0,2.0,2.0,0.4,0.2,40.0,15,0,0,1,0,0,1