Exp Num,agent:svo_convergence_factor,agent:params:metabolism,agent:params:consumption_factor,agent:params:procreate_cost_factor,agent:params:procreate_req_factor,agent:params:start_energy_factor,agent:params:caught_chance,agent:params:caught_cooldown_factor,agent:params:maximum_age,Epoch,Resource,A,B,C,D,E
214245,4.0,5.0,3.0,1.0,2.0,1.0,0.5,0.5,10.0,0,3500.0,21,41,28,39,111
214245,4.0,5.0,3.0,1.0,2.0,1.0,0.5,0.5,10.0,1,3850.0,23,47,35,41,126
214245,4.0,5.0,3.0,1.0,2.0,1.0,0.5,0.5,10.0,2,3732.5,19,41,44,46,132
214245,4.0,5.0,3.0,1.0,2.0,1.0,0.5,0.5,10.0,3,3780.625,20,46,52,50,148
214245,4.0,5.0,3.0,1.0,2.0,1.0,0.5,0.5,10.0,4,3585.78125,23,48,62,59,168
214245,4.0,5.0,3.0,1.0,2.0,1.0,0.5,0.5,10.0,5,3372.2265625,28,47,67,67,181
214245,4.0,5.0,3.0,1.0,2.0,1.0,0.5,0.5,10.0,6,2670.283203125,24,52,83,71,204
214245,4.0,5.0,3.0,1.0,2.0,1.0,0.5,0.5,10.0,7,1942.85400390625,28,61,89,82,226
214245,4.0,5.0,3.0,1.0,2.0,1.0,0.5,0.5,10.0,8,583.5675048828125,25,66,108,92,258
214245,4.0,5.0,3.0,1.0,2.0,1.0,0.5,0.5,10.0,9,0,28,60,97,85,238
214245,4.0,5.0,3.0,1.0,2.0,1.0,0.5,0.5,10.0,10,0,23,43,61,48,162
214245,4.0,5.0,3.0,1.0,2.0,1.0,0.5,0.5,10.0,11,0,18,22,41,27,100
214245,4.0,5.0,3.0,1.0,2.0,1.0,0.5,0.5,10.0,12,0,12,14,28,12,63
214245,4.0,5.0,3.0,1.0,2.0,1.0,0.5,0.5,10.0,13,0,7,10,12,8,32
214245,4.0,5.0,3.0,1.0,2.0,1.0,0.5,0.5,10.0,14,0,3,7,7,3,19
214245,4.0,5.0,3.0,1.0,2.0,1.0,0.5,0.5,10.0,15,0,2,4,5,0,12
214245,4.0,5.0,3.0,1.0,2.0,1.0,0.5,0.5,10.0,16,0,1,3,2,0,6
214245,4.0,5.0,3.0,1.0,2.0,1.0,0.5,0.5,10.0,17,0,0,2,1,0,3
214245,4.0,5.0,3.0,1.0,2.0,1.0,0.5,0.5,10.0,18,0,0,1,0,0,1