Exp Num,agent:svo_convergence_factor,agent:params:metabolism,agent:params:consumption_factor,agent:params:procreate_cost_factor,agent:params:procreate_req_factor,agent:params:start_energy_factor,agent:params:caught_chance,agent:params:caught_cooldown_factor,agent:params:maximum_age,Epoch,Resource,A,B,C,D,E
20405,1.0,5.0,4.0,7.0,1.0,2.0,0.2,0.2,10.0,0,3700.0,17,22,15,27,73
20405,1.0,5.0,4.0,7.0,1.0,2.0,0.2,0.2,10.0,1,3225.0,18,30,17,32,84
20405,1.0,5.0,4.0,7.0,1.0,2.0,0.2,0.2,10.0,2,2651.25,20,37,25,34,101
20405,1.0,5.0,4.0,7.0,1.0,2.0,0.2,0.2,10.0,3,2234.0625,21,52,31,35,123
20405,1.0,5.0,4.0,7.0,1.0,2.0,0.2,0.2,10.0,4,1532.578125,21,65,36,36,141
20405,1.0,5.0,4.0,7.0,1.0,2.0,0.2,0.2,10.0,5,415.72265625,20,85,39,33,162
20405,1.0,5.0,4.0,7.0,1.0,2.0,0.2,0.2,10.0,6,0,17,94,41,26,168
20405,1.0,5.0,4.0,7.0,1.0,2.0,0.2,0.2,10.0,7,0,15,90,37,21,154
20405,1.0,5.0,4.0,7.0,1.0,2.0,0.2,0.2,10.0,8,0,14,87,34,19,147
20405,1.0,5.0,4.0,7.0,1.0,2.0,0.2,0.2,10.0,9,0,14,81,29,12,129
20405,1.0,5.0,4.0,7.0,1.0,2.0,0.2,0.2,10.0,10,0,9,72,22,6,105
20405,1.0,5.0,4.0,7.0,1.0,2.0,0.2,0.2,10.0,11,0,4,66,18,2,89
20405,1.0,5.0,4.0,7.0,1.0,2.0,0.2,0.2,10.0,12,0,1,56,15,1,73
20405,1.0,5.0,4.0,7.0,1.0,2.0,0.2,0.2,10.0,13,0,0,43,9,1,53
20405,1.0,5.0,4.0,7.0,1.0,2.0,0.2,0.2,10.0,14,0,0,33,7,0,41
20405,1.0,5.0,4.0,7.0,1.0,2.0,0.2,0.2,10.0,15,0,0,26,6,0,33
20405,1.0,5.0,4.0,7.0,1.0,2.0,0.2,0.2,10.0,16,0,0,16,4,0,20
20405,1.0,5.0,4.0,7.0,1.0,2.0,0.2,0.2,10.0,17,0,0,12,4,0,16
20405,1.0,5.0,4.0,7.0,1.0,2.0,0.2,0.2,10.0,18,0,0,11,3,0,14
20405,1.0,5.0,4.0,7.0,1.0,2.0,0.2,0.2,10.0,19,0,0,8,2,0,10
20405,1.0,5.0,4.0,7.0,1.0,2.0,0.2,0.2,10.0,20,0,0,7,1,0,8
20405,1.0,5.0,4.0,7.0,1.0,2.0,0.2,0.2,10.0,21,0,0,5,0,0,5
20405,1.0,5.0,4.0,7.0,1.0,2.0,0.2,0.2,10.0,22,0,0,5,0,0,5
20405,1.0,5.0,4.0,7.0,1.0,2.0,0.2,0.2,10.0,23,0,0,4,0,0,4
20405,1.0,5.0,4.0,7.0,1.0,2.0,0.2,0.2,10.0,24,0,0,3,0,0,3
20405,1.0,5.0,4.0,7.0,1.0,2.0,0.2,0.2,10.0,25,0,0,1,0,0,1