Exp Num,agent:svo_convergence_factor,agent:params:metabolism,agent:params:consumption_factor,agent:params:procreate_cost_factor,agent:params:procreate_req_factor,agent:params:start_energy_factor,agent:params:caught_chance,agent:params:caught_cooldown_factor,agent:params:maximum_age,Epoch,Resource,A,B,C,D,E
262307,4.0,15.0,3.0,7.0,1.0,2.0,0.30000000000000004,0.2,30.0,0,3560.0,13,27,13,32,68
262307,4.0,15.0,3.0,7.0,1.0,2.0,0.30000000000000004,0.2,30.0,1,1840.0,8,21,12,32,56
262307,4.0,15.0,3.0,7.0,1.0,2.0,0.30000000000000004,0.2,30.0,2,1130.0,9,21,11,31,56
262307,4.0,15.0,3.0,7.0,1.0,2.0,0.30000000000000004,0.2,30.0,3,377.5,11,24,11,31,61
262307,4.0,15.0,3.0,7.0,1.0,2.0,0.30000000000000004,0.2,30.0,4,0,7,20,11,22,49
262307,4.0,15.0,3.0,7.0,1.0,2.0,0.30000000000000004,0.2,30.0,5,0,6,19,9,13,41
262307,4.0,15.0,3.0,7.0,1.0,2.0,0.30000000000000004,0.2,30.0,6,0,4,17,9,12,34
262307,4.0,15.0,3.0,7.0,1.0,2.0,0.30000000000000004,0.2,30.0,7,0,4,15,5,7,25
262307,4.0,15.0,3.0,7.0,1.0,2.0,0.30000000000000004,0.2,30.0,8,0,3,11,4,4,19
262307,4.0,15.0,3.0,7.0,1.0,2.0,0.30000000000000004,0.2,30.0,9,0,2,9,1,3,13
262307,4.0,15.0,3.0,7.0,1.0,2.0,0.30000000000000004,0.2,30.0,10,0,2,9,1,1,12
262307,4.0,15.0,3.0,7.0,1.0,2.0,0.30000000000000004,0.2,30.0,11,0,2,8,0,0,10
262307,4.0,15.0,3.0,7.0,1.0,2.0,0.30000000000000004,0.2,30.0,12,0,1,7,0,0,8
262307,4.0,15.0,3.0,7.0,1.0,2.0,0.30000000000000004,0.2,30.0,13,0,1,5,0,0,6
262307,4.0,15.0,3.0,7.0,1.0,2.0,0.30000000000000004,0.2,30.0,14,0,1,3,0,0,4
262307,4.0,15.0,3.0,7.0,1.0,2.0,0.30000000000000004,0.2,30.0,15,55.0,0,2,0,0,2
262307,4.0,15.0,3.0,7.0,1.0,2.0,0.30000000000000004,0.2,30.0,16,23.75,0,2,0,0,2
262307,4.0,15.0,3.0,7.0,1.0,2.0,0.30000000000000004,0.2,30.0,17,0,0,2,0,0,2
262307,4.0,15.0,3.0,7.0,1.0,2.0,0.30000000000000004,0.2,30.0,18,0,0,2,0,0,2
262307,4.0,15.0,3.0,7.0,1.0,2.0,0.30000000000000004,0.2,30.0,19,0,0,2,0,0,2
262307,4.0,15.0,3.0,7.0,1.0,2.0,0.30000000000000004,0.2,30.0,20,0,0,2,0,0,2
262307,4.0,15.0,3.0,7.0,1.0,2.0,0.30000000000000004,0.2,30.0,21,0,0,2,0,0,2
262307,4.0,15.0,3.0,7.0,1.0,2.0,0.30000000000000004,0.2,30.0,22,0,0,1,0,0,1