Exp Num,agent:svo_convergence_factor,agent:params:metabolism,agent:params:consumption_factor,agent:params:procreate_cost_factor,agent:params:procreate_req_factor,agent:params:start_energy_factor,agent:params:caught_chance,agent:params:caught_cooldown_factor,agent:params:maximum_age,Epoch,Resource,A,B,C,D,E
238796,4.0,10.0,3.0,5.0,1.0,3.0,0.2,0.5,20.0,0,4100.0,14,38,13,29,86
238796,4.0,10.0,3.0,5.0,1.0,3.0,0.2,0.5,20.0,1,3745.0,17,40,14,29,93
238796,4.0,10.0,3.0,5.0,1.0,3.0,0.2,0.5,20.0,2,3271.25,19,30,13,27,84
238796,4.0,10.0,3.0,5.0,1.0,3.0,0.2,0.5,20.0,3,2559.0625,23,33,15,26,93
238796,4.0,10.0,3.0,5.0,1.0,3.0,0.2,0.5,20.0,4,1758.828125,31,36,18,27,107
238796,4.0,10.0,3.0,5.0,1.0,3.0,0.2,0.5,20.0,5,338.53515625,36,36,22,24,116
238796,4.0,10.0,3.0,5.0,1.0,3.0,0.2,0.5,20.0,6,0,32,32,18,21,101
238796,4.0,10.0,3.0,5.0,1.0,3.0,0.2,0.5,20.0,7,0,27,25,17,16,86
238796,4.0,10.0,3.0,5.0,1.0,3.0,0.2,0.5,20.0,8,0,24,25,20,10,77
238796,4.0,10.0,3.0,5.0,1.0,3.0,0.2,0.5,20.0,9,0,21,20,16,5,62
238796,4.0,10.0,3.0,5.0,1.0,3.0,0.2,0.5,20.0,10,0,18,15,13,2,49
238796,4.0,10.0,3.0,5.0,1.0,3.0,0.2,0.5,20.0,11,0,13,10,11,1,36
238796,4.0,10.0,3.0,5.0,1.0,3.0,0.2,0.5,20.0,12,0,10,7,7,0,26
238796,4.0,10.0,3.0,5.0,1.0,3.0,0.2,0.5,20.0,13,0,8,6,6,0,20
238796,4.0,10.0,3.0,5.0,1.0,3.0,0.2,0.5,20.0,14,0,5,5,4,0,14
238796,4.0,10.0,3.0,5.0,1.0,3.0,0.2,0.5,20.0,15,0,4,3,4,0,11
238796,4.0,10.0,3.0,5.0,1.0,3.0,0.2,0.5,20.0,16,0,2,2,2,0,6
238796,4.0,10.0,3.0,5.0,1.0,3.0,0.2,0.5,20.0,17,40.0,2,1,2,0,5
238796,4.0,10.0,3.0,5.0,1.0,3.0,0.2,0.5,20.0,18,20.0,3,1,1,0,5
238796,4.0,10.0,3.0,5.0,1.0,3.0,0.2,0.5,20.0,19,0,2,0,1,0,3
238796,4.0,10.0,3.0,5.0,1.0,3.0,0.2,0.5,20.0,20,0,2,0,0,0,2
238796,4.0,10.0,3.0,5.0,1.0,3.0,0.2,0.5,20.0,21,0,1,0,0,0,1