Exp Num,agent:svo_convergence_factor,agent:params:metabolism,agent:params:consumption_factor,agent:params:procreate_cost_factor,agent:params:procreate_req_factor,agent:params:start_energy_factor,agent:params:caught_chance,agent:params:caught_cooldown_factor,agent:params:maximum_age,Epoch,Resource,A,B,C,D,E
259561,4.0,15.0,3.0,1.0,3.0,1.0,0.30000000000000004,0.30000000000000004,20.0,0,500.0,23,39,14,39,111
259561,4.0,15.0,3.0,1.0,3.0,1.0,0.30000000000000004,0.30000000000000004,20.0,1,0,24,40,16,40,116
259561,4.0,15.0,3.0,1.0,3.0,1.0,0.30000000000000004,0.30000000000000004,20.0,2,0,12,21,9,18,63
259561,4.0,15.0,3.0,1.0,3.0,1.0,0.30000000000000004,0.30000000000000004,20.0,3,0,6,11,6,9,35
259561,4.0,15.0,3.0,1.0,3.0,1.0,0.30000000000000004,0.30000000000000004,20.0,4,0,5,7,3,5,21
259561,4.0,15.0,3.0,1.0,3.0,1.0,0.30000000000000004,0.30000000000000004,20.0,5,0,4,5,2,3,13
259561,4.0,15.0,3.0,1.0,3.0,1.0,0.30000000000000004,0.30000000000000004,20.0,6,0,3,4,0,1,8
259561,4.0,15.0,3.0,1.0,3.0,1.0,0.30000000000000004,0.30000000000000004,20.0,7,0,2,3,0,0,5
259561,4.0,15.0,3.0,1.0,3.0,1.0,0.30000000000000004,0.30000000000000004,20.0,8,0,1,2,0,0,3
259561,4.0,15.0,3.0,1.0,3.0,1.0,0.30000000000000004,0.30000000000000004,20.0,9,0,0,1,0,0,1