Exp Num,agent:svo_convergence_factor,agent:params:metabolism,agent:params:consumption_factor,agent:params:procreate_cost_factor,agent:params:procreate_req_factor,agent:params:start_energy_factor,agent:params:caught_chance,agent:params:caught_cooldown_factor,agent:params:maximum_age,Epoch,Resource,A,B,C,D,E
216193,4.0,5.0,3.0,5.0,1.0,2.0,0.30000000000000004,0.4,40.0,0,3500.0,13,18,20,28,72
216193,4.0,5.0,3.0,5.0,1.0,2.0,0.30000000000000004,0.4,40.0,1,2965.0,21,24,31,43,104
216193,4.0,5.0,3.0,5.0,1.0,2.0,0.30000000000000004,0.4,40.0,2,2041.25,26,27,37,50,121
216193,4.0,5.0,3.0,5.0,1.0,2.0,0.30000000000000004,0.4,40.0,3,1696.5625,34,34,45,61,148
216193,4.0,5.0,3.0,5.0,1.0,2.0,0.30000000000000004,0.4,40.0,4,875.703125,42,41,49,65,171
216193,4.0,5.0,3.0,5.0,1.0,2.0,0.30000000000000004,0.4,40.0,5,0,40,43,50,59,171
216193,4.0,5.0,3.0,5.0,1.0,2.0,0.30000000000000004,0.4,40.0,6,0,37,34,43,50,143
216193,4.0,5.0,3.0,5.0,1.0,2.0,0.30000000000000004,0.4,40.0,7,0,37,31,36,42,131
216193,4.0,5.0,3.0,5.0,1.0,2.0,0.30000000000000004,0.4,40.0,8,0,35,25,29,33,107
216193,4.0,5.0,3.0,5.0,1.0,2.0,0.30000000000000004,0.4,40.0,9,0,29,18,20,23,78
216193,4.0,5.0,3.0,5.0,1.0,2.0,0.30000000000000004,0.4,40.0,10,0,19,13,16,19,56
216193,4.0,5.0,3.0,5.0,1.0,2.0,0.30000000000000004,0.4,40.0,11,0,13,7,11,16,37
216193,4.0,5.0,3.0,5.0,1.0,2.0,0.30000000000000004,0.4,40.0,12,0,10,3,8,14,25
216193,4.0,5.0,3.0,5.0,1.0,2.0,0.30000000000000004,0.4,40.0,13,0,7,1,4,10,15
216193,4.0,5.0,3.0,5.0,1.0,2.0,0.30000000000000004,0.4,40.0,14,0,5,0,3,7,9
216193,4.0,5.0,3.0,5.0,1.0,2.0,0.30000000000000004,0.4,40.0,15,0,4,0,3,6,7
216193,4.0,5.0,3.0,5.0,1.0,2.0,0.30000000000000004,0.4,40.0,16,55.0,3,0,1,6,4
216193,4.0,5.0,3.0,5.0,1.0,2.0,0.30000000000000004,0.4,40.0,17,38.75,2,0,0,5,2
216193,4.0,5.0,3.0,5.0,1.0,2.0,0.30000000000000004,0.4,40.0,18,33.4375,1,0,0,4,1
216193,4.0,5.0,3.0,5.0,1.0,2.0,0.30000000000000004,0.4,40.0,19,11.796875,1,0,0,4,1
216193,4.0,5.0,3.0,5.0,1.0,2.0,0.30000000000000004,0.4,40.0,20,0,1,0,0,2,1
216193,4.0,5.0,3.0,5.0,1.0,2.0,0.30000000000000004,0.4,40.0,21,0,1,0,0,1,1
216193,4.0,5.0,3.0,5.0,1.0,2.0,0.30000000000000004,0.4,40.0,22,0,1,0,0,1,1
216193,4.0,5.0,3.0,5.0,1.0,2.0,0.30000000000000004,0.4,40.0,23,0,1,0,0,0,1