Exp Num,agent:svo_convergence_factor,agent:params:metabolism,agent:params:consumption_factor,agent:params:procreate_cost_factor,agent:params:procreate_req_factor,agent:params:start_energy_factor,agent:params:caught_chance,agent:params:caught_cooldown_factor,agent:params:maximum_age,Epoch,Resource,A,B,C,D,E
209550,4.0,5.0,2.0,3.0,1.0,3.0,0.30000000000000004,0.1,10.0,0,4000.0,36,35,27,35,115
209550,4.0,5.0,2.0,3.0,1.0,3.0,0.30000000000000004,0.1,10.0,1,3500.0,40,39,38,39,136
209550,4.0,5.0,2.0,3.0,1.0,3.0,0.30000000000000004,0.1,10.0,2,3185.0,51,57,62,48,199
209550,4.0,5.0,2.0,3.0,1.0,3.0,0.30000000000000004,0.1,10.0,3,2371.25,58,72,74,56,238
209550,4.0,5.0,2.0,3.0,1.0,3.0,0.30000000000000004,0.1,10.0,4,1274.0625,61,86,81,62,265
209550,4.0,5.0,2.0,3.0,1.0,3.0,0.30000000000000004,0.1,10.0,5,0,72,96,86,68,292
209550,4.0,5.0,2.0,3.0,1.0,3.0,0.30000000000000004,0.1,10.0,6,0,58,77,68,41,230
209550,4.0,5.0,2.0,3.0,1.0,3.0,0.30000000000000004,0.1,10.0,7,0,45,56,48,30,161
209550,4.0,5.0,2.0,3.0,1.0,3.0,0.30000000000000004,0.1,10.0,8,0,37,44,35,13,124
209550,4.0,5.0,2.0,3.0,1.0,3.0,0.30000000000000004,0.1,10.0,9,0,26,38,26,7,96
209550,4.0,5.0,2.0,3.0,1.0,3.0,0.30000000000000004,0.1,10.0,10,0,19,29,19,6,72
209550,4.0,5.0,2.0,3.0,1.0,3.0,0.30000000000000004,0.1,10.0,11,0,13,21,10,5,49
209550,4.0,5.0,2.0,3.0,1.0,3.0,0.30000000000000004,0.1,10.0,12,0,11,17,6,3,35
209550,4.0,5.0,2.0,3.0,1.0,3.0,0.30000000000000004,0.1,10.0,13,0,8,12,5,2,25
209550,4.0,5.0,2.0,3.0,1.0,3.0,0.30000000000000004,0.1,10.0,14,0,5,9,2,0,16
209550,4.0,5.0,2.0,3.0,1.0,3.0,0.30000000000000004,0.1,10.0,15,0,3,7,1,0,11
209550,4.0,5.0,2.0,3.0,1.0,3.0,0.30000000000000004,0.1,10.0,16,40.0,4,8,1,0,13
209550,4.0,5.0,2.0,3.0,1.0,3.0,0.30000000000000004,0.1,10.0,17,0,5,7,0,0,12
209550,4.0,5.0,2.0,3.0,1.0,3.0,0.30000000000000004,0.1,10.0,18,0,4,5,1,0,10
209550,4.0,5.0,2.0,3.0,1.0,3.0,0.30000000000000004,0.1,10.0,19,0,2,3,1,0,6
209550,4.0,5.0,2.0,3.0,1.0,3.0,0.30000000000000004,0.1,10.0,20,0,1,1,1,0,3
209550,4.0,5.0,2.0,3.0,1.0,3.0,0.30000000000000004,0.1,10.0,21,0,1,0,1,0,2
209550,4.0,5.0,2.0,3.0,1.0,3.0,0.30000000000000004,0.1,10.0,22,0,1,0,1,0,2
209550,4.0,5.0,2.0,3.0,1.0,3.0,0.30000000000000004,0.1,10.0,23,0,0,0,1,0,1