Exp Num,agent:svo_convergence_factor,agent:params:metabolism,agent:params:consumption_factor,agent:params:procreate_cost_factor,agent:params:procreate_req_factor,agent:params:start_energy_factor,agent:params:caught_chance,agent:params:caught_cooldown_factor,agent:params:maximum_age,Epoch,Resource,A,B,C,D,E
237348,4.0,10.0,3.0,1.0,3.0,3.0,0.4,0.5,40.0,0,4190.0,32,23,18,22,91
237348,4.0,10.0,3.0,1.0,3.0,3.0,0.4,0.5,40.0,1,4217.5,40,29,22,24,111
237348,4.0,10.0,3.0,1.0,3.0,3.0,0.4,0.5,40.0,2,3951.875,23,33,24,25,104
237348,4.0,10.0,3.0,1.0,3.0,3.0,0.4,0.5,40.0,3,3499.84375,25,38,25,29,113
237348,4.0,10.0,3.0,1.0,3.0,3.0,0.4,0.5,40.0,4,2574.8046875,30,47,29,38,136
237348,4.0,10.0,3.0,1.0,3.0,3.0,0.4,0.5,40.0,5,1748.505859375,26,58,35,41,151
237348,4.0,10.0,3.0,1.0,3.0,3.0,0.4,0.5,40.0,6,55.63232421875,23,53,40,48,152
237348,4.0,10.0,3.0,1.0,3.0,3.0,0.4,0.5,40.0,7,0,21,47,32,34,126
237348,4.0,10.0,3.0,1.0,3.0,3.0,0.4,0.5,40.0,8,0,16,37,23,17,91
237348,4.0,10.0,3.0,1.0,3.0,3.0,0.4,0.5,40.0,9,0,10,25,14,8,56
237348,4.0,10.0,3.0,1.0,3.0,3.0,0.4,0.5,40.0,10,0,6,18,6,3,32
237348,4.0,10.0,3.0,1.0,3.0,3.0,0.4,0.5,40.0,11,0,2,10,6,2,19
237348,4.0,10.0,3.0,1.0,3.0,3.0,0.4,0.5,40.0,12,0,2,6,2,1,11
237348,4.0,10.0,3.0,1.0,3.0,3.0,0.4,0.5,40.0,13,0,1,4,1,0,7
237348,4.0,10.0,3.0,1.0,3.0,3.0,0.4,0.5,40.0,14,0,1,2,0,0,4
237348,4.0,10.0,3.0,1.0,3.0,3.0,0.4,0.5,40.0,15,0,1,1,0,0,2
237348,4.0,10.0,3.0,1.0,3.0,3.0,0.4,0.5,40.0,16,0,0,1,0,0,1