Exp Num,agent:svo_convergence_factor,agent:params:metabolism,agent:params:consumption_factor,agent:params:procreate_cost_factor,agent:params:procreate_req_factor,agent:params:start_energy_factor,agent:params:caught_chance,agent:params:caught_cooldown_factor,agent:params:maximum_age,Epoch,Resource,A,B,C,D,E
253815,4.0,15.0,2.0,1.0,2.0,3.0,0.30000000000000004,0.4,10.0,0,3980.0,28,47,18,36,114
253815,4.0,15.0,2.0,1.0,2.0,3.0,0.30000000000000004,0.4,10.0,1,2875.0,32,50,24,42,134
253815,4.0,15.0,2.0,1.0,2.0,3.0,0.30000000000000004,0.4,10.0,2,443.75,38,54,39,53,165
253815,4.0,15.0,2.0,1.0,2.0,3.0,0.30000000000000004,0.4,10.0,3,0,35,40,33,32,128
253815,4.0,15.0,2.0,1.0,2.0,3.0,0.30000000000000004,0.4,10.0,4,0,26,22,19,19,77
253815,4.0,15.0,2.0,1.0,2.0,3.0,0.30000000000000004,0.4,10.0,5,0,19,12,8,12,42
253815,4.0,15.0,2.0,1.0,2.0,3.0,0.30000000000000004,0.4,10.0,6,0,13,6,3,3,25
253815,4.0,15.0,2.0,1.0,2.0,3.0,0.30000000000000004,0.4,10.0,7,0,7,3,3,0,15
253815,4.0,15.0,2.0,1.0,2.0,3.0,0.30000000000000004,0.4,10.0,8,0,4,3,1,0,8
253815,4.0,15.0,2.0,1.0,2.0,3.0,0.30000000000000004,0.4,10.0,9,0,1,2,1,0,4
253815,4.0,15.0,2.0,1.0,2.0,3.0,0.30000000000000004,0.4,10.0,10,0,0,1,1,0,2
253815,4.0,15.0,2.0,1.0,2.0,3.0,0.30000000000000004,0.4,10.0,11,0,0,1,0,0,1