Exp Num,agent:svo_convergence_factor,agent:params:metabolism,agent:params:consumption_factor,agent:params:procreate_cost_factor,agent:params:procreate_req_factor,agent:params:start_energy_factor,agent:params:caught_chance,agent:params:caught_cooldown_factor,agent:params:maximum_age,Epoch,Resource,A,B,C,D,E
252725,4.0,15.0,1.0,9.0,2.0,3.0,0.5,0.1,10.0,0,3500.0,16,27,21,18,82
252725,4.0,15.0,1.0,9.0,2.0,3.0,0.5,0.1,10.0,1,2980.0,16,27,21,18,82
252725,4.0,15.0,1.0,9.0,2.0,3.0,0.5,0.1,10.0,2,2825.0,16,27,21,18,82
252725,4.0,15.0,1.0,9.0,2.0,3.0,0.5,0.1,10.0,3,2721.25,16,27,21,18,82
252725,4.0,15.0,1.0,9.0,2.0,3.0,0.5,0.1,10.0,4,2516.5625,16,25,21,17,80
252725,4.0,15.0,1.0,9.0,2.0,3.0,0.5,0.1,10.0,5,2305.703125,16,23,20,17,76
252725,4.0,15.0,1.0,9.0,2.0,3.0,0.5,0.1,10.0,6,1892.12890625,15,21,20,17,73
252725,4.0,15.0,1.0,9.0,2.0,3.0,0.5,0.1,10.0,7,1195.1611328125,15,21,20,17,73
252725,4.0,15.0,1.0,9.0,2.0,3.0,0.5,0.1,10.0,8,203.951416015625,15,21,20,17,73
252725,4.0,15.0,1.0,9.0,2.0,3.0,0.5,0.1,10.0,9,0,10,10,15,7,46
252725,4.0,15.0,1.0,9.0,2.0,3.0,0.5,0.1,10.0,10,0,5,8,7,1,26
252725,4.0,15.0,1.0,9.0,2.0,3.0,0.5,0.1,10.0,11,0,2,5,3,0,13
252725,4.0,15.0,1.0,9.0,2.0,3.0,0.5,0.1,10.0,12,0,2,3,1,0,6
252725,4.0,15.0,1.0,9.0,2.0,3.0,0.5,0.1,10.0,13,0,1,2,0,0,3
252725,4.0,15.0,1.0,9.0,2.0,3.0,0.5,0.1,10.0,14,0,1,0,0,0,1