Exp Num,agent:svo_convergence_factor,agent:params:metabolism,agent:params:consumption_factor,agent:params:procreate_cost_factor,agent:params:procreate_req_factor,agent:params:start_energy_factor,agent:params:caught_chance,agent:params:caught_cooldown_factor,agent:params:maximum_age,Epoch,Resource,A,B,C,D,E
236560,4.0,10.0,3.0,1.0,1.0,3.0,0.30000000000000004,0.30000000000000004,10.0,0,3980.0,18,34,33,42,108
236560,4.0,10.0,3.0,1.0,1.0,3.0,0.30000000000000004,0.30000000000000004,10.0,1,2635.0,26,41,44,55,148
236560,4.0,10.0,3.0,1.0,1.0,3.0,0.30000000000000004,0.30000000000000004,10.0,2,953.75,34,59,69,76,212
236560,4.0,10.0,3.0,1.0,1.0,3.0,0.30000000000000004,0.30000000000000004,10.0,3,0,36,65,78,67,215
236560,4.0,10.0,3.0,1.0,1.0,3.0,0.30000000000000004,0.30000000000000004,10.0,4,0,32,57,73,54,187
236560,4.0,10.0,3.0,1.0,1.0,3.0,0.30000000000000004,0.30000000000000004,10.0,5,0,29,52,57,43,154
236560,4.0,10.0,3.0,1.0,1.0,3.0,0.30000000000000004,0.30000000000000004,10.0,6,0,23,45,41,22,123
236560,4.0,10.0,3.0,1.0,1.0,3.0,0.30000000000000004,0.30000000000000004,10.0,7,0,18,32,35,17,93
236560,4.0,10.0,3.0,1.0,1.0,3.0,0.30000000000000004,0.30000000000000004,10.0,8,0,15,21,24,13,64
236560,4.0,10.0,3.0,1.0,1.0,3.0,0.30000000000000004,0.30000000000000004,10.0,9,0,10,12,14,10,39
236560,4.0,10.0,3.0,1.0,1.0,3.0,0.30000000000000004,0.30000000000000004,10.0,10,0,6,9,11,5,29
236560,4.0,10.0,3.0,1.0,1.0,3.0,0.30000000000000004,0.30000000000000004,10.0,11,0,1,8,8,4,21
236560,4.0,10.0,3.0,1.0,1.0,3.0,0.30000000000000004,0.30000000000000004,10.0,12,0,1,5,6,3,13
236560,4.0,10.0,3.0,1.0,1.0,3.0,0.30000000000000004,0.30000000000000004,10.0,13,0,0,4,4,1,9
236560,4.0,10.0,3.0,1.0,1.0,3.0,0.30000000000000004,0.30000000000000004,10.0,14,0,0,3,3,1,8
236560,4.0,10.0,3.0,1.0,1.0,3.0,0.30000000000000004,0.30000000000000004,10.0,15,0,0,2,1,0,4
236560,4.0,10.0,3.0,1.0,1.0,3.0,0.30000000000000004,0.30000000000000004,10.0,16,0,0,4,1,0,6
236560,4.0,10.0,3.0,1.0,1.0,3.0,0.30000000000000004,0.30000000000000004,10.0,17,0,0,2,0,0,3
236560,4.0,10.0,3.0,1.0,1.0,3.0,0.30000000000000004,0.30000000000000004,10.0,18,0,0,1,0,0,1