Exp Num,agent:svo_convergence_factor,agent:params:metabolism,agent:params:consumption_factor,agent:params:procreate_cost_factor,agent:params:procreate_req_factor,agent:params:start_energy_factor,agent:params:caught_chance,agent:params:caught_cooldown_factor,agent:params:maximum_age,Epoch,Resource,A,B,C,D,E
21638,1.0,5.0,4.0,9.0,1.0,3.0,0.1,0.30000000000000004,40.0,0,3460.0,16,24,16,25,75
21638,1.0,5.0,4.0,9.0,1.0,3.0,0.1,0.30000000000000004,40.0,1,3285.0,20,33,24,26,96
21638,1.0,5.0,4.0,9.0,1.0,3.0,0.1,0.30000000000000004,40.0,2,2446.25,20,38,27,27,104
21638,1.0,5.0,4.0,9.0,1.0,3.0,0.1,0.30000000000000004,40.0,3,2037.8125,21,46,34,27,120
21638,1.0,5.0,4.0,9.0,1.0,3.0,0.1,0.30000000000000004,40.0,4,1187.265625,25,60,41,27,145
21638,1.0,5.0,4.0,9.0,1.0,3.0,0.1,0.30000000000000004,40.0,5,0,23,67,45,26,154
21638,1.0,5.0,4.0,9.0,1.0,3.0,0.1,0.30000000000000004,40.0,6,0,21,76,44,18,154
21638,1.0,5.0,4.0,9.0,1.0,3.0,0.1,0.30000000000000004,40.0,7,0,21,80,44,17,155
21638,1.0,5.0,4.0,9.0,1.0,3.0,0.1,0.30000000000000004,40.0,8,0,15,75,39,16,139
21638,1.0,5.0,4.0,9.0,1.0,3.0,0.1,0.30000000000000004,40.0,9,0,9,65,34,11,118
21638,1.0,5.0,4.0,9.0,1.0,3.0,0.1,0.30000000000000004,40.0,10,0,9,60,29,6,102
21638,1.0,5.0,4.0,9.0,1.0,3.0,0.1,0.30000000000000004,40.0,11,0,7,56,23,3,89
21638,1.0,5.0,4.0,9.0,1.0,3.0,0.1,0.30000000000000004,40.0,12,0,7,54,20,0,82
21638,1.0,5.0,4.0,9.0,1.0,3.0,0.1,0.30000000000000004,40.0,13,0,6,50,17,0,73
21638,1.0,5.0,4.0,9.0,1.0,3.0,0.1,0.30000000000000004,40.0,14,0,3,42,14,0,59
21638,1.0,5.0,4.0,9.0,1.0,3.0,0.1,0.30000000000000004,40.0,15,0,1,31,9,0,41
21638,1.0,5.0,4.0,9.0,1.0,3.0,0.1,0.30000000000000004,40.0,16,0,1,24,5,0,30
21638,1.0,5.0,4.0,9.0,1.0,3.0,0.1,0.30000000000000004,40.0,17,0,1,21,4,0,26
21638,1.0,5.0,4.0,9.0,1.0,3.0,0.1,0.30000000000000004,40.0,18,0,1,16,3,0,20
21638,1.0,5.0,4.0,9.0,1.0,3.0,0.1,0.30000000000000004,40.0,19,0,1,12,2,0,15
21638,1.0,5.0,4.0,9.0,1.0,3.0,0.1,0.30000000000000004,40.0,20,0,1,6,2,0,9
21638,1.0,5.0,4.0,9.0,1.0,3.0,0.1,0.30000000000000004,40.0,21,0,0,5,1,0,6
21638,1.0,5.0,4.0,9.0,1.0,3.0,0.1,0.30000000000000004,40.0,22,0,0,4,0,0,4
21638,1.0,5.0,4.0,9.0,1.0,3.0,0.1,0.30000000000000004,40.0,23,0,0,3,0,0,3
21638,1.0,5.0,4.0,9.0,1.0,3.0,0.1,0.30000000000000004,40.0,24,0,0,2,0,0,2
21638,1.0,5.0,4.0,9.0,1.0,3.0,0.1,0.30000000000000004,40.0,25,0,0,2,0,0,2
21638,1.0,5.0,4.0,9.0,1.0,3.0,0.1,0.30000000000000004,40.0,26,0,0,1,0,0,1