Exp Num,agent:svo_convergence_factor,agent:params:metabolism,agent:params:consumption_factor,agent:params:procreate_cost_factor,agent:params:procreate_req_factor,agent:params:start_energy_factor,agent:params:caught_chance,agent:params:caught_cooldown_factor,agent:params:maximum_age,Epoch,Resource,A,B,C,D,E
21544,1.0,5.0,4.0,9.0,1.0,2.0,0.2,0.4,50.0,0,3740.0,15,26,15,29,71
21544,1.0,5.0,4.0,9.0,1.0,2.0,0.2,0.4,50.0,1,3215.0,14,25,15,29,68
21544,1.0,5.0,4.0,9.0,1.0,2.0,0.2,0.4,50.0,2,3278.75,17,28,19,28,78
21544,1.0,5.0,4.0,9.0,1.0,2.0,0.2,0.4,50.0,3,3438.4375,17,36,23,28,90
21544,1.0,5.0,4.0,9.0,1.0,2.0,0.2,0.4,50.0,4,3398.046875,15,43,30,28,102
21544,1.0,5.0,4.0,9.0,1.0,2.0,0.2,0.4,50.0,5,3287.55859375,13,45,35,23,105
21544,1.0,5.0,4.0,9.0,1.0,2.0,0.2,0.4,50.0,6,3249.4482421875,12,52,37,22,113
21544,1.0,5.0,4.0,9.0,1.0,2.0,0.2,0.4,50.0,7,3041.810302734375,12,64,41,22,129
21544,1.0,5.0,4.0,9.0,1.0,2.0,0.2,0.4,50.0,8,2662.2628784179688,10,71,47,21,140
21544,1.0,5.0,4.0,9.0,1.0,2.0,0.2,0.4,50.0,9,2027.828598022461,7,78,52,21,147
21544,1.0,5.0,4.0,9.0,1.0,2.0,0.2,0.4,50.0,10,954.7857475280762,7,96,59,21,172
21544,1.0,5.0,4.0,9.0,1.0,2.0,0.2,0.4,50.0,11,0,5,110,67,20,192
21544,1.0,5.0,4.0,9.0,1.0,2.0,0.2,0.4,50.0,12,0,4,112,58,15,183
21544,1.0,5.0,4.0,9.0,1.0,2.0,0.2,0.4,50.0,13,0,3,105,52,9,166
21544,1.0,5.0,4.0,9.0,1.0,2.0,0.2,0.4,50.0,14,0,1,99,47,6,150
21544,1.0,5.0,4.0,9.0,1.0,2.0,0.2,0.4,50.0,15,0,1,90,41,5,134
21544,1.0,5.0,4.0,9.0,1.0,2.0,0.2,0.4,50.0,16,0,1,78,36,3,117
21544,1.0,5.0,4.0,9.0,1.0,2.0,0.2,0.4,50.0,17,0,1,73,33,0,108
21544,1.0,5.0,4.0,9.0,1.0,2.0,0.2,0.4,50.0,18,0,1,65,30,0,97
21544,1.0,5.0,4.0,9.0,1.0,2.0,0.2,0.4,50.0,19,0,1,59,24,0,84
21544,1.0,5.0,4.0,9.0,1.0,2.0,0.2,0.4,50.0,20,0,0,50,18,0,68
21544,1.0,5.0,4.0,9.0,1.0,2.0,0.2,0.4,50.0,21,0,0,40,13,0,53
21544,1.0,5.0,4.0,9.0,1.0,2.0,0.2,0.4,50.0,22,0,0,32,8,0,40
21544,1.0,5.0,4.0,9.0,1.0,2.0,0.2,0.4,50.0,23,0,0,23,6,0,29
21544,1.0,5.0,4.0,9.0,1.0,2.0,0.2,0.4,50.0,24,0,0,16,5,0,21
21544,1.0,5.0,4.0,9.0,1.0,2.0,0.2,0.4,50.0,25,0,0,11,5,0,16
21544,1.0,5.0,4.0,9.0,1.0,2.0,0.2,0.4,50.0,26,0,0,9,2,0,11
21544,1.0,5.0,4.0,9.0,1.0,2.0,0.2,0.4,50.0,27,0,0,5,2,0,7
21544,1.0,5.0,4.0,9.0,1.0,2.0,0.2,0.4,50.0,28,0,0,3,1,0,4
21544,1.0,5.0,4.0,9.0,1.0,2.0,0.2,0.4,50.0,29,0,0,3,0,0,3
21544,1.0,5.0,4.0,9.0,1.0,2.0,0.2,0.4,50.0,30,0,0,3,0,0,3
21544,1.0,5.0,4.0,9.0,1.0,2.0,0.2,0.4,50.0,31,0,0,2,0,0,2
21544,1.0,5.0,4.0,9.0,1.0,2.0,0.2,0.4,50.0,32,0,0,1,0,0,1