Exp Num,agent:svo_convergence_factor,agent:params:metabolism,agent:params:consumption_factor,agent:params:procreate_cost_factor,agent:params:procreate_req_factor,agent:params:start_energy_factor,agent:params:caught_chance,agent:params:caught_cooldown_factor,agent:params:maximum_age,Epoch,Resource,A,B,C,D,E
209179,4.0,5.0,2.0,1.0,3.0,3.0,0.30000000000000004,0.1,50.0,0,4000.0,19,36,17,44,106
209179,4.0,5.0,2.0,1.0,3.0,3.0,0.30000000000000004,0.1,50.0,1,3500.0,29,52,31,68,157
209179,4.0,5.0,2.0,1.0,3.0,3.0,0.30000000000000004,0.1,50.0,2,3695.0,35,67,34,74,185
209179,4.0,5.0,2.0,1.0,3.0,3.0,0.30000000000000004,0.1,50.0,3,3458.75,36,74,35,71,196
209179,4.0,5.0,2.0,1.0,3.0,3.0,0.30000000000000004,0.1,50.0,4,3183.4375,32,78,37,70,196
209179,4.0,5.0,2.0,1.0,3.0,3.0,0.30000000000000004,0.1,50.0,5,2789.296875,30,81,35,69,194
209179,4.0,5.0,2.0,1.0,3.0,3.0,0.30000000000000004,0.1,50.0,6,2256.62109375,30,89,34,71,200
209179,4.0,5.0,2.0,1.0,3.0,3.0,0.30000000000000004,0.1,50.0,7,1550.7763671875,33,87,38,71,206
209179,4.0,5.0,2.0,1.0,3.0,3.0,0.30000000000000004,0.1,50.0,8,618.470458984375,34,89,41,69,213
209179,4.0,5.0,2.0,1.0,3.0,3.0,0.30000000000000004,0.1,50.0,9,0,33,83,38,55,200
209179,4.0,5.0,2.0,1.0,3.0,3.0,0.30000000000000004,0.1,50.0,10,0,19,58,28,33,134
209179,4.0,5.0,2.0,1.0,3.0,3.0,0.30000000000000004,0.1,50.0,11,0,8,34,14,21,76
209179,4.0,5.0,2.0,1.0,3.0,3.0,0.30000000000000004,0.1,50.0,12,0,7,17,9,11,41
209179,4.0,5.0,2.0,1.0,3.0,3.0,0.30000000000000004,0.1,50.0,13,0,5,10,6,4,25
209179,4.0,5.0,2.0,1.0,3.0,3.0,0.30000000000000004,0.1,50.0,14,0,3,6,2,2,13
209179,4.0,5.0,2.0,1.0,3.0,3.0,0.30000000000000004,0.1,50.0,15,0,2,2,1,2,6
209179,4.0,5.0,2.0,1.0,3.0,3.0,0.30000000000000004,0.1,50.0,16,0,1,0,1,1,3
209179,4.0,5.0,2.0,1.0,3.0,3.0,0.30000000000000004,0.1,50.0,17,0,1,0,0,1,1
209179,4.0,5.0,2.0,1.0,3.0,3.0,0.30000000000000004,0.1,50.0,18,0,0,0,0,1,0