Exp Num,agent:svo_convergence_factor,agent:params:metabolism,agent:params:consumption_factor,agent:params:procreate_cost_factor,agent:params:procreate_req_factor,agent:params:start_energy_factor,agent:params:caught_chance,agent:params:caught_cooldown_factor,agent:params:maximum_age,Epoch,Resource,A,B,C,D,E
252985,4.0,15.0,1.0,9.0,3.0,2.0,0.5,0.30000000000000004,10.0,0,3500.0,14,30,15,25,75
252985,4.0,15.0,1.0,9.0,3.0,2.0,0.5,0.30000000000000004,10.0,1,2995.0,14,30,15,25,75
252985,4.0,15.0,1.0,9.0,3.0,2.0,0.5,0.30000000000000004,10.0,2,2723.75,13,29,13,25,71
252985,4.0,15.0,1.0,9.0,3.0,2.0,0.5,0.30000000000000004,10.0,3,2534.6875,11,26,12,24,65
252985,4.0,15.0,1.0,9.0,3.0,2.0,0.5,0.30000000000000004,10.0,4,2298.359375,8,23,9,23,56
252985,4.0,15.0,1.0,9.0,3.0,2.0,0.5,0.30000000000000004,10.0,5,1942.94921875,7,22,8,23,53
252985,4.0,15.0,1.0,9.0,3.0,2.0,0.5,0.30000000000000004,10.0,6,1528.6865234375,6,21,7,23,50
252985,4.0,15.0,1.0,9.0,3.0,2.0,0.5,0.30000000000000004,10.0,7,1055.858154296875,5,20,7,22,47
252985,4.0,15.0,1.0,9.0,3.0,2.0,0.5,0.30000000000000004,10.0,8,464.82269287109375,3,19,6,21,43
252985,4.0,15.0,1.0,9.0,3.0,2.0,0.5,0.30000000000000004,10.0,9,0,3,17,3,16,35
252985,4.0,15.0,1.0,9.0,3.0,2.0,0.5,0.30000000000000004,10.0,10,0,1,9,1,8,17
252985,4.0,15.0,1.0,9.0,3.0,2.0,0.5,0.30000000000000004,10.0,11,0,1,5,1,4,8
252985,4.0,15.0,1.0,9.0,3.0,2.0,0.5,0.30000000000000004,10.0,12,0,1,3,0,2,4
252985,4.0,15.0,1.0,9.0,3.0,2.0,0.5,0.30000000000000004,10.0,13,0,1,1,0,1,2
252985,4.0,15.0,1.0,9.0,3.0,2.0,0.5,0.30000000000000004,10.0,14,0,0,1,0,0,1