Exp Num,agent:svo_convergence_factor,agent:params:metabolism,agent:params:consumption_factor,agent:params:procreate_cost_factor,agent:params:procreate_req_factor,agent:params:start_energy_factor,agent:params:caught_chance,agent:params:caught_cooldown_factor,agent:params:maximum_age,Epoch,Resource,A,B,C,D,E
260811,4.0,15.0,3.0,3.0,3.0,2.0,0.30000000000000004,0.30000000000000004,20.0,0,3470.0,17,29,11,27,73
260811,4.0,15.0,3.0,3.0,3.0,2.0,0.30000000000000004,0.30000000000000004,20.0,1,1952.5,13,23,8,24,59
260811,4.0,15.0,3.0,3.0,3.0,2.0,0.30000000000000004,0.30000000000000004,20.0,2,685.625,13,22,8,24,58
260811,4.0,15.0,3.0,3.0,3.0,2.0,0.30000000000000004,0.30000000000000004,20.0,3,0,15,22,8,24,60
260811,4.0,15.0,3.0,3.0,3.0,2.0,0.30000000000000004,0.30000000000000004,20.0,4,0,12,20,6,17,46
260811,4.0,15.0,3.0,3.0,3.0,2.0,0.30000000000000004,0.30000000000000004,20.0,5,0,12,19,6,9,40
260811,4.0,15.0,3.0,3.0,3.0,2.0,0.30000000000000004,0.30000000000000004,20.0,6,0,12,17,5,6,37
260811,4.0,15.0,3.0,3.0,3.0,2.0,0.30000000000000004,0.30000000000000004,20.0,7,0,11,15,2,4,30
260811,4.0,15.0,3.0,3.0,3.0,2.0,0.30000000000000004,0.30000000000000004,20.0,8,0,10,10,2,3,23
260811,4.0,15.0,3.0,3.0,3.0,2.0,0.30000000000000004,0.30000000000000004,20.0,9,0,10,10,1,3,21
260811,4.0,15.0,3.0,3.0,3.0,2.0,0.30000000000000004,0.30000000000000004,20.0,10,0,6,8,1,2,15
260811,4.0,15.0,3.0,3.0,3.0,2.0,0.30000000000000004,0.30000000000000004,20.0,11,0,3,7,1,1,11
260811,4.0,15.0,3.0,3.0,3.0,2.0,0.30000000000000004,0.30000000000000004,20.0,12,0,2,4,1,1,7
260811,4.0,15.0,3.0,3.0,3.0,2.0,0.30000000000000004,0.30000000000000004,20.0,13,0,1,2,1,1,4
260811,4.0,15.0,3.0,3.0,3.0,2.0,0.30000000000000004,0.30000000000000004,20.0,14,55.0,1,1,0,1,2
260811,4.0,15.0,3.0,3.0,3.0,2.0,0.30000000000000004,0.30000000000000004,20.0,15,68.75,1,0,0,1,1
260811,4.0,15.0,3.0,3.0,3.0,2.0,0.30000000000000004,0.30000000000000004,20.0,16,85.9375,0,0,0,1,0