Exp Num,agent:svo_convergence_factor,agent:params:metabolism,agent:params:consumption_factor,agent:params:procreate_cost_factor,agent:params:procreate_req_factor,agent:params:start_energy_factor,agent:params:caught_chance,agent:params:caught_cooldown_factor,agent:params:maximum_age,Epoch,Resource,A,B,C,D,E
241671,4.0,10.0,3.0,9.0,3.0,2.0,0.2,0.5,20.0,0,3710.0,19,26,13,22,78
241671,4.0,10.0,3.0,9.0,3.0,2.0,0.2,0.5,20.0,1,2837.5,16,23,12,19,71
241671,4.0,10.0,3.0,9.0,3.0,2.0,0.2,0.5,20.0,2,2676.875,16,21,12,19,69
241671,4.0,10.0,3.0,9.0,3.0,2.0,0.2,0.5,20.0,3,2506.09375,16,21,12,19,69
241671,4.0,10.0,3.0,9.0,3.0,2.0,0.2,0.5,20.0,4,2082.6171875,13,16,11,17,57
241671,4.0,10.0,3.0,9.0,3.0,2.0,0.2,0.5,20.0,5,1673.271484375,11,15,9,16,51
241671,4.0,10.0,3.0,9.0,3.0,2.0,0.2,0.5,20.0,6,1521.58935546875,11,15,9,16,51
241671,4.0,10.0,3.0,9.0,3.0,2.0,0.2,0.5,20.0,7,1241.9866943359375,11,15,8,16,49
241671,4.0,10.0,3.0,9.0,3.0,2.0,0.2,0.5,20.0,8,892.4833679199219,10,14,8,16,47
241671,4.0,10.0,3.0,9.0,3.0,2.0,0.2,0.5,20.0,9,755.6042098999023,9,14,8,16,46
241671,4.0,10.0,3.0,9.0,3.0,2.0,0.2,0.5,20.0,10,464.50526237487793,9,12,8,15,44
241671,4.0,10.0,3.0,9.0,3.0,2.0,0.2,0.5,20.0,11,40.63157796859741,9,10,8,15,42
241671,4.0,10.0,3.0,9.0,3.0,2.0,0.2,0.5,20.0,12,0,9,9,8,15,41
241671,4.0,10.0,3.0,9.0,3.0,2.0,0.2,0.5,20.0,13,0,8,9,7,13,34
241671,4.0,10.0,3.0,9.0,3.0,2.0,0.2,0.5,20.0,14,0,7,7,6,11,25
241671,4.0,10.0,3.0,9.0,3.0,2.0,0.2,0.5,20.0,15,0,7,6,6,8,22
241671,4.0,10.0,3.0,9.0,3.0,2.0,0.2,0.5,20.0,16,0,6,4,5,7,16
241671,4.0,10.0,3.0,9.0,3.0,2.0,0.2,0.5,20.0,17,0,6,3,2,5,11
241671,4.0,10.0,3.0,9.0,3.0,2.0,0.2,0.5,20.0,18,0,6,3,1,1,10
241671,4.0,10.0,3.0,9.0,3.0,2.0,0.2,0.5,20.0,19,0,6,3,1,1,10
241671,4.0,10.0,3.0,9.0,3.0,2.0,0.2,0.5,20.0,20,0,5,3,1,1,9
241671,4.0,10.0,3.0,9.0,3.0,2.0,0.2,0.5,20.0,21,0,4,2,0,0,6
241671,4.0,10.0,3.0,9.0,3.0,2.0,0.2,0.5,20.0,22,0,3,1,0,0,4
241671,4.0,10.0,3.0,9.0,3.0,2.0,0.2,0.5,20.0,23,100,2,1,0,0,3
241671,4.0,10.0,3.0,9.0,3.0,2.0,0.2,0.5,20.0,24,125.0,1,0,0,0,1