Exp Num,agent:svo_convergence_factor,agent:params:metabolism,agent:params:consumption_factor,agent:params:procreate_cost_factor,agent:params:procreate_req_factor,agent:params:start_energy_factor,agent:params:caught_chance,agent:params:caught_cooldown_factor,agent:params:maximum_age,Epoch,Resource,A,B,C,D,E
261638,4.0,15.0,3.0,5.0,2.0,3.0,0.1,0.30000000000000004,40.0,0,3425.0,14,22,17,24,76
261638,4.0,15.0,3.0,5.0,2.0,3.0,0.1,0.30000000000000004,40.0,1,2571.25,14,22,17,24,76
261638,4.0,15.0,3.0,5.0,2.0,3.0,0.1,0.30000000000000004,40.0,2,784.0625,11,17,17,23,67
261638,4.0,15.0,3.0,5.0,2.0,3.0,0.1,0.30000000000000004,40.0,3,0,12,18,17,23,69
261638,4.0,15.0,3.0,5.0,2.0,3.0,0.1,0.30000000000000004,40.0,4,0,12,18,17,23,69
261638,4.0,15.0,3.0,5.0,2.0,3.0,0.1,0.30000000000000004,40.0,5,0,11,14,12,13,49
261638,4.0,15.0,3.0,5.0,2.0,3.0,0.1,0.30000000000000004,40.0,6,0,11,14,10,7,41
261638,4.0,15.0,3.0,5.0,2.0,3.0,0.1,0.30000000000000004,40.0,7,0,11,14,10,4,38
261638,4.0,15.0,3.0,5.0,2.0,3.0,0.1,0.30000000000000004,40.0,8,0,10,13,6,3,32
261638,4.0,15.0,3.0,5.0,2.0,3.0,0.1,0.30000000000000004,40.0,9,0,9,9,3,3,23
261638,4.0,15.0,3.0,5.0,2.0,3.0,0.1,0.30000000000000004,40.0,10,0,5,6,2,2,14
261638,4.0,15.0,3.0,5.0,2.0,3.0,0.1,0.30000000000000004,40.0,11,0,5,3,2,1,11
261638,4.0,15.0,3.0,5.0,2.0,3.0,0.1,0.30000000000000004,40.0,12,0,3,2,1,1,7
261638,4.0,15.0,3.0,5.0,2.0,3.0,0.1,0.30000000000000004,40.0,13,0,3,1,0,0,5
261638,4.0,15.0,3.0,5.0,2.0,3.0,0.1,0.30000000000000004,40.0,14,55.0,2,1,0,0,4
261638,4.0,15.0,3.0,5.0,2.0,3.0,0.1,0.30000000000000004,40.0,15,0,2,1,0,0,3
261638,4.0,15.0,3.0,5.0,2.0,3.0,0.1,0.30000000000000004,40.0,16,0,2,1,0,0,3
261638,4.0,15.0,3.0,5.0,2.0,3.0,0.1,0.30000000000000004,40.0,17,0,2,1,0,0,3
261638,4.0,15.0,3.0,5.0,2.0,3.0,0.1,0.30000000000000004,40.0,18,0,1,1,0,0,2
261638,4.0,15.0,3.0,5.0,2.0,3.0,0.1,0.30000000000000004,40.0,19,0,1,0,0,0,1