Exp Num,agent:svo_convergence_factor,agent:params:metabolism,agent:params:consumption_factor,agent:params:procreate_cost_factor,agent:params:procreate_req_factor,agent:params:start_energy_factor,agent:params:caught_chance,agent:params:caught_cooldown_factor,agent:params:maximum_age,Epoch,Resource,A,B,C,D,E
220089,4.0,5.0,4.0,1.0,2.0,3.0,0.4,0.30000000000000004,50.0,0,3740.0,35,31,22,42,108
220089,4.0,5.0,4.0,1.0,2.0,3.0,0.4,0.30000000000000004,50.0,1,3475.0,47,34,30,47,142
220089,4.0,5.0,4.0,1.0,2.0,3.0,0.4,0.30000000000000004,50.0,2,3063.75,56,47,43,64,183
220089,4.0,5.0,4.0,1.0,2.0,3.0,0.4,0.30000000000000004,50.0,3,1769.6875,65,56,51,78,217
220089,4.0,5.0,4.0,1.0,2.0,3.0,0.4,0.30000000000000004,50.0,4,172.109375,76,62,73,103,268
220089,4.0,5.0,4.0,1.0,2.0,3.0,0.4,0.30000000000000004,50.0,5,0,78,59,78,88,259
220089,4.0,5.0,4.0,1.0,2.0,3.0,0.4,0.30000000000000004,50.0,6,0,71,50,59,55,206
220089,4.0,5.0,4.0,1.0,2.0,3.0,0.4,0.30000000000000004,50.0,7,0,59,35,38,28,147
220089,4.0,5.0,4.0,1.0,2.0,3.0,0.4,0.30000000000000004,50.0,8,0,48,23,22,14,100
220089,4.0,5.0,4.0,1.0,2.0,3.0,0.4,0.30000000000000004,50.0,9,0,34,17,16,7,71
220089,4.0,5.0,4.0,1.0,2.0,3.0,0.4,0.30000000000000004,50.0,10,0,22,9,10,4,44
220089,4.0,5.0,4.0,1.0,2.0,3.0,0.4,0.30000000000000004,50.0,11,0,15,4,8,2,29
220089,4.0,5.0,4.0,1.0,2.0,3.0,0.4,0.30000000000000004,50.0,12,0,11,0,6,0,17
220089,4.0,5.0,4.0,1.0,2.0,3.0,0.4,0.30000000000000004,50.0,13,0,7,0,5,0,12
220089,4.0,5.0,4.0,1.0,2.0,3.0,0.4,0.30000000000000004,50.0,14,0,3,0,5,0,8
220089,4.0,5.0,4.0,1.0,2.0,3.0,0.4,0.30000000000000004,50.0,15,0,1,0,3,0,4
220089,4.0,5.0,4.0,1.0,2.0,3.0,0.4,0.30000000000000004,50.0,16,60.0,0,0,4,0,4
220089,4.0,5.0,4.0,1.0,2.0,3.0,0.4,0.30000000000000004,50.0,17,15.0,0,0,6,0,6
220089,4.0,5.0,4.0,1.0,2.0,3.0,0.4,0.30000000000000004,50.0,18,0,0,0,6,0,6
220089,4.0,5.0,4.0,1.0,2.0,3.0,0.4,0.30000000000000004,50.0,19,0,0,0,6,0,6
220089,4.0,5.0,4.0,1.0,2.0,3.0,0.4,0.30000000000000004,50.0,20,0,0,0,3,0,3
220089,4.0,5.0,4.0,1.0,2.0,3.0,0.4,0.30000000000000004,50.0,21,0,0,0,1,0,1