Exp Num,agent:svo_convergence_factor,agent:params:metabolism,agent:params:consumption_factor,agent:params:procreate_cost_factor,agent:params:procreate_req_factor,agent:params:start_energy_factor,agent:params:caught_chance,agent:params:caught_cooldown_factor,agent:params:maximum_age,Epoch,Resource,A,B,C,D,E
252226,4.0,15.0,1.0,9.0,1.0,2.0,0.5,0.1,20.0,0,3500.0,21,18,16,26,74
252226,4.0,15.0,1.0,9.0,1.0,2.0,0.5,0.1,20.0,1,2905.0,21,18,16,26,74
252226,4.0,15.0,1.0,9.0,1.0,2.0,0.5,0.1,20.0,2,2761.25,21,18,16,26,74
252226,4.0,15.0,1.0,9.0,1.0,2.0,0.5,0.1,20.0,3,2536.5625,15,11,13,26,58
252226,4.0,15.0,1.0,9.0,1.0,2.0,0.5,0.1,20.0,4,2225.703125,15,9,12,26,55
252226,4.0,15.0,1.0,9.0,1.0,2.0,0.5,0.1,20.0,5,1897.12890625,12,8,10,26,49
252226,4.0,15.0,1.0,9.0,1.0,2.0,0.5,0.1,20.0,6,1666.4111328125,9,8,8,26,43
252226,4.0,15.0,1.0,9.0,1.0,2.0,0.5,0.1,20.0,7,1243.013916015625,9,6,7,26,39
252226,4.0,15.0,1.0,9.0,1.0,2.0,0.5,0.1,20.0,8,683.7673950195312,8,6,7,24,38
252226,4.0,15.0,1.0,9.0,1.0,2.0,0.5,0.1,20.0,9,0,7,6,7,23,37
252226,4.0,15.0,1.0,9.0,1.0,2.0,0.5,0.1,20.0,10,0,3,3,5,11,19
252226,4.0,15.0,1.0,9.0,1.0,2.0,0.5,0.1,20.0,11,0,1,1,4,6,9
252226,4.0,15.0,1.0,9.0,1.0,2.0,0.5,0.1,20.0,12,0,0,1,1,4,3
252226,4.0,15.0,1.0,9.0,1.0,2.0,0.5,0.1,20.0,13,0,0,0,1,2,1
252226,4.0,15.0,1.0,9.0,1.0,2.0,0.5,0.1,20.0,14,0,0,0,1,0,1