Exp Num,agent:svo_convergence_factor,agent:params:metabolism,agent:params:consumption_factor,agent:params:procreate_cost_factor,agent:params:procreate_req_factor,agent:params:start_energy_factor,agent:params:caught_chance,agent:params:caught_cooldown_factor,agent:params:maximum_age,Epoch,Resource,A,B,C,D,E
212765,4.0,5.0,2.0,9.0,1.0,2.0,0.1,0.4,10.0,0,4000.0,10,32,8,28,72
212765,4.0,5.0,2.0,9.0,1.0,2.0,0.1,0.4,10.0,1,4000.0,10,32,8,28,72
212765,4.0,5.0,2.0,9.0,1.0,2.0,0.1,0.4,10.0,2,4000.0,10,32,8,28,72
212765,4.0,5.0,2.0,9.0,1.0,2.0,0.1,0.4,10.0,3,4000.0,10,32,8,28,72
212765,4.0,5.0,2.0,9.0,1.0,2.0,0.1,0.4,10.0,4,4000.0,10,32,8,28,72
212765,4.0,5.0,2.0,9.0,1.0,2.0,0.1,0.4,10.0,5,4000.0,10,32,8,28,72
212765,4.0,5.0,2.0,9.0,1.0,2.0,0.1,0.4,10.0,6,4000.0,23,40,13,37,113
212765,4.0,5.0,2.0,9.0,1.0,2.0,0.1,0.4,10.0,7,3500.0,32,41,18,42,133
212765,4.0,5.0,2.0,9.0,1.0,2.0,0.1,0.4,10.0,8,2795.0,42,45,25,50,162
212765,4.0,5.0,2.0,9.0,1.0,2.0,0.1,0.4,10.0,9,2463.75,49,49,29,57,183
212765,4.0,5.0,2.0,9.0,1.0,2.0,0.1,0.4,10.0,10,1989.6875,43,29,31,41,146
212765,4.0,5.0,2.0,9.0,1.0,2.0,0.1,0.4,10.0,11,1527.109375,44,27,35,36,143
212765,4.0,5.0,2.0,9.0,1.0,2.0,0.1,0.4,10.0,12,968.88671875,48,29,36,39,149
212765,4.0,5.0,2.0,9.0,1.0,2.0,0.1,0.4,10.0,13,281.1083984375,50,32,38,42,158
212765,4.0,5.0,2.0,9.0,1.0,2.0,0.1,0.4,10.0,14,0,53,30,33,36,148
212765,4.0,5.0,2.0,9.0,1.0,2.0,0.1,0.4,10.0,15,0,48,31,26,28,133
212765,4.0,5.0,2.0,9.0,1.0,2.0,0.1,0.4,10.0,16,0,39,23,25,21,111
212765,4.0,5.0,2.0,9.0,1.0,2.0,0.1,0.4,10.0,17,0,32,18,22,19,95
212765,4.0,5.0,2.0,9.0,1.0,2.0,0.1,0.4,10.0,18,0,28,17,21,17,88
212765,4.0,5.0,2.0,9.0,1.0,2.0,0.1,0.4,10.0,19,0,21,13,22,15,74
212765,4.0,5.0,2.0,9.0,1.0,2.0,0.1,0.4,10.0,20,0,20,12,17,14,64
212765,4.0,5.0,2.0,9.0,1.0,2.0,0.1,0.4,10.0,21,0,19,11,14,12,55
212765,4.0,5.0,2.0,9.0,1.0,2.0,0.1,0.4,10.0,22,0,17,9,11,11,47
212765,4.0,5.0,2.0,9.0,1.0,2.0,0.1,0.4,10.0,23,0,14,7,7,7,35
212765,4.0,5.0,2.0,9.0,1.0,2.0,0.1,0.4,10.0,24,0,7,5,6,5,24
212765,4.0,5.0,2.0,9.0,1.0,2.0,0.1,0.4,10.0,25,0,7,5,5,4,23
212765,4.0,5.0,2.0,9.0,1.0,2.0,0.1,0.4,10.0,26,0,6,3,5,1,18
212765,4.0,5.0,2.0,9.0,1.0,2.0,0.1,0.4,10.0,27,0,5,3,2,0,12
212765,4.0,5.0,2.0,9.0,1.0,2.0,0.1,0.4,10.0,28,0,4,3,2,0,10
212765,4.0,5.0,2.0,9.0,1.0,2.0,0.1,0.4,10.0,29,0,3,1,2,0,7
212765,4.0,5.0,2.0,9.0,1.0,2.0,0.1,0.4,10.0,30,0,2,1,0,0,4
212765,4.0,5.0,2.0,9.0,1.0,2.0,0.1,0.4,10.0,31,0,2,0,0,0,2
212765,4.0,5.0,2.0,9.0,1.0,2.0,0.1,0.4,10.0,32,0,1,0,0,0,1