Exp Num,agent:svo_convergence_factor,agent:params:metabolism,agent:params:consumption_factor,agent:params:procreate_cost_factor,agent:params:procreate_req_factor,agent:params:start_energy_factor,agent:params:caught_chance,agent:params:caught_cooldown_factor,agent:params:maximum_age,Epoch,Resource,A,B,C,D,E
210538,4.0,5.0,2.0,5.0,1.0,2.0,0.2,0.30000000000000004,40.0,0,4000.0,20,28,13,24,76
210538,4.0,5.0,2.0,5.0,1.0,2.0,0.2,0.30000000000000004,40.0,1,4000.0,20,28,13,24,76
210538,4.0,5.0,2.0,5.0,1.0,2.0,0.2,0.30000000000000004,40.0,2,4000.0,26,42,23,36,114
210538,4.0,5.0,2.0,5.0,1.0,2.0,0.2,0.30000000000000004,40.0,3,3500.0,28,50,30,40,135
210538,4.0,5.0,2.0,5.0,1.0,2.0,0.2,0.30000000000000004,40.0,4,2805.0,31,65,38,51,161
210538,4.0,5.0,2.0,5.0,1.0,2.0,0.2,0.30000000000000004,40.0,5,2536.25,34,72,47,59,182
210538,4.0,5.0,2.0,5.0,1.0,2.0,0.2,0.30000000000000004,40.0,6,1640.3125,34,71,57,60,193
210538,4.0,5.0,2.0,5.0,1.0,2.0,0.2,0.30000000000000004,40.0,7,780.390625,42,79,65,63,220
210538,4.0,5.0,2.0,5.0,1.0,2.0,0.2,0.30000000000000004,40.0,8,0,40,75,65,51,212
210538,4.0,5.0,2.0,5.0,1.0,2.0,0.2,0.30000000000000004,40.0,9,0,38,66,54,38,181
210538,4.0,5.0,2.0,5.0,1.0,2.0,0.2,0.30000000000000004,40.0,10,0,33,54,40,26,140
210538,4.0,5.0,2.0,5.0,1.0,2.0,0.2,0.30000000000000004,40.0,11,0,30,40,33,16,111
210538,4.0,5.0,2.0,5.0,1.0,2.0,0.2,0.30000000000000004,40.0,12,0,23,35,25,12,88
210538,4.0,5.0,2.0,5.0,1.0,2.0,0.2,0.30000000000000004,40.0,13,0,18,24,18,9,64
210538,4.0,5.0,2.0,5.0,1.0,2.0,0.2,0.30000000000000004,40.0,14,0,14,19,11,9,46
210538,4.0,5.0,2.0,5.0,1.0,2.0,0.2,0.30000000000000004,40.0,15,0,8,16,10,9,34
210538,4.0,5.0,2.0,5.0,1.0,2.0,0.2,0.30000000000000004,40.0,16,0,7,8,5,8,20
210538,4.0,5.0,2.0,5.0,1.0,2.0,0.2,0.30000000000000004,40.0,17,0,5,5,6,4,16
210538,4.0,5.0,2.0,5.0,1.0,2.0,0.2,0.30000000000000004,40.0,18,0,3,3,3,4,9
210538,4.0,5.0,2.0,5.0,1.0,2.0,0.2,0.30000000000000004,40.0,19,30.0,2,2,3,4,7
210538,4.0,5.0,2.0,5.0,1.0,2.0,0.2,0.30000000000000004,40.0,20,17.5,0,2,3,4,5
210538,4.0,5.0,2.0,5.0,1.0,2.0,0.2,0.30000000000000004,40.0,21,0,0,2,2,4,4
210538,4.0,5.0,2.0,5.0,1.0,2.0,0.2,0.30000000000000004,40.0,22,0,0,0,2,2,2
210538,4.0,5.0,2.0,5.0,1.0,2.0,0.2,0.30000000000000004,40.0,23,0,0,0,2,1,2
210538,4.0,5.0,2.0,5.0,1.0,2.0,0.2,0.30000000000000004,40.0,24,0,0,0,1,1,1
210538,4.0,5.0,2.0,5.0,1.0,2.0,0.2,0.30000000000000004,40.0,25,0,0,0,1,0,1