Exp Num,agent:svo_convergence_factor,agent:params:metabolism,agent:params:consumption_factor,agent:params:procreate_cost_factor,agent:params:procreate_req_factor,agent:params:start_energy_factor,agent:params:caught_chance,agent:params:caught_cooldown_factor,agent:params:maximum_age,Epoch,Resource,A,B,C,D,E
264860,4.0,15.0,4.0,1.0,2.0,1.0,0.5,0.30000000000000004,10.0,0,0,19,37,14,34,98
264860,4.0,15.0,4.0,1.0,2.0,1.0,0.5,0.30000000000000004,10.0,1,0,28,45,15,41,123
264860,4.0,15.0,4.0,1.0,2.0,1.0,0.5,0.30000000000000004,10.0,2,0,18,28,9,21,77
264860,4.0,15.0,4.0,1.0,2.0,1.0,0.5,0.30000000000000004,10.0,3,0,10,18,4,9,45
264860,4.0,15.0,4.0,1.0,2.0,1.0,0.5,0.30000000000000004,10.0,4,0,5,9,3,4,26
264860,4.0,15.0,4.0,1.0,2.0,1.0,0.5,0.30000000000000004,10.0,5,0,2,5,2,0,15
264860,4.0,15.0,4.0,1.0,2.0,1.0,0.5,0.30000000000000004,10.0,6,0,1,3,1,0,8
264860,4.0,15.0,4.0,1.0,2.0,1.0,0.5,0.30000000000000004,10.0,7,0,0,2,1,0,4
264860,4.0,15.0,4.0,1.0,2.0,1.0,0.5,0.30000000000000004,10.0,8,0,0,2,0,0,2
264860,4.0,15.0,4.0,1.0,2.0,1.0,0.5,0.30000000000000004,10.0,9,0,0,1,0,0,1