Exp Num,agent:svo_convergence_factor,agent:params:metabolism,agent:params:consumption_factor,agent:params:procreate_cost_factor,agent:params:procreate_req_factor,agent:params:start_energy_factor,agent:params:caught_chance,agent:params:caught_cooldown_factor,agent:params:maximum_age,Epoch,Resource,A,B,C,D,E
235919,4.0,10.0,2.0,9.0,3.0,1.0,0.2,0.4,50.0,0,3000.0,13,28,10,32,68
235919,4.0,10.0,2.0,9.0,3.0,1.0,0.2,0.4,50.0,1,2990.0,13,28,10,32,68
235919,4.0,10.0,2.0,9.0,3.0,1.0,0.2,0.4,50.0,2,2397.5,11,25,10,30,62
235919,4.0,10.0,2.0,9.0,3.0,1.0,0.2,0.4,50.0,3,2256.875,11,25,10,30,62
235919,4.0,10.0,2.0,9.0,3.0,1.0,0.2,0.4,50.0,4,1821.09375,9,20,8,29,53
235919,4.0,10.0,2.0,9.0,3.0,1.0,0.2,0.4,50.0,5,1736.3671875,9,20,6,29,51
235919,4.0,10.0,2.0,9.0,3.0,1.0,0.2,0.4,50.0,6,1350.458984375,6,17,6,27,45
235919,4.0,10.0,2.0,9.0,3.0,1.0,0.2,0.4,50.0,7,1188.07373046875,6,16,5,27,43
235919,4.0,10.0,2.0,9.0,3.0,1.0,0.2,0.4,50.0,8,745.0921630859375,6,14,5,26,40
235919,4.0,10.0,2.0,9.0,3.0,1.0,0.2,0.4,50.0,9,431.3652038574219,6,13,5,25,39
235919,4.0,10.0,2.0,9.0,3.0,1.0,0.2,0.4,50.0,10,0,5,13,5,20,37
235919,4.0,10.0,2.0,9.0,3.0,1.0,0.2,0.4,50.0,11,0,4,10,4,13,29
235919,4.0,10.0,2.0,9.0,3.0,1.0,0.2,0.4,50.0,12,0,4,10,4,8,24
235919,4.0,10.0,2.0,9.0,3.0,1.0,0.2,0.4,50.0,13,0,4,9,4,3,19
235919,4.0,10.0,2.0,9.0,3.0,1.0,0.2,0.4,50.0,14,0,4,6,1,2,13
235919,4.0,10.0,2.0,9.0,3.0,1.0,0.2,0.4,50.0,15,0,4,6,0,1,11
235919,4.0,10.0,2.0,9.0,3.0,1.0,0.2,0.4,50.0,16,0,4,5,0,0,9
235919,4.0,10.0,2.0,9.0,3.0,1.0,0.2,0.4,50.0,17,0,3,5,0,0,8
235919,4.0,10.0,2.0,9.0,3.0,1.0,0.2,0.4,50.0,18,0,3,5,0,0,8
235919,4.0,10.0,2.0,9.0,3.0,1.0,0.2,0.4,50.0,19,0,3,2,0,0,5
235919,4.0,10.0,2.0,9.0,3.0,1.0,0.2,0.4,50.0,20,0,2,2,0,0,4
235919,4.0,10.0,2.0,9.0,3.0,1.0,0.2,0.4,50.0,21,100,1,2,0,0,3
235919,4.0,10.0,2.0,9.0,3.0,1.0,0.2,0.4,50.0,22,125.0,1,2,0,0,3
235919,4.0,10.0,2.0,9.0,3.0,1.0,0.2,0.4,50.0,23,156.25,1,1,0,0,2
235919,4.0,10.0,2.0,9.0,3.0,1.0,0.2,0.4,50.0,24,195.3125,1,0,0,0,1