Exp Num,agent:svo_convergence_factor,agent:params:metabolism,agent:params:consumption_factor,agent:params:procreate_cost_factor,agent:params:procreate_req_factor,agent:params:start_energy_factor,agent:params:caught_chance,agent:params:caught_cooldown_factor,agent:params:maximum_age,Epoch,Resource,A,B,C,D,E
244612,4.0,10.0,4.0,5.0,2.0,1.0,0.5,0.30000000000000004,30.0,0,1000.0,17,26,18,28,72
244612,4.0,10.0,4.0,5.0,2.0,1.0,0.5,0.30000000000000004,30.0,1,210.0,17,26,18,28,72
244612,4.0,10.0,4.0,5.0,2.0,1.0,0.5,0.30000000000000004,30.0,2,0,18,26,19,28,74
244612,4.0,10.0,4.0,5.0,2.0,1.0,0.5,0.30000000000000004,30.0,3,0,18,26,19,28,74
244612,4.0,10.0,4.0,5.0,2.0,1.0,0.5,0.30000000000000004,30.0,4,0,12,16,11,16,43
244612,4.0,10.0,4.0,5.0,2.0,1.0,0.5,0.30000000000000004,30.0,5,0,10,10,8,8,28
244612,4.0,10.0,4.0,5.0,2.0,1.0,0.5,0.30000000000000004,30.0,6,0,8,9,8,5,25
244612,4.0,10.0,4.0,5.0,2.0,1.0,0.5,0.30000000000000004,30.0,7,0,7,7,8,5,22
244612,4.0,10.0,4.0,5.0,2.0,1.0,0.5,0.30000000000000004,30.0,8,0,6,7,8,4,21
244612,4.0,10.0,4.0,5.0,2.0,1.0,0.5,0.30000000000000004,30.0,9,0,4,5,5,2,14
244612,4.0,10.0,4.0,5.0,2.0,1.0,0.5,0.30000000000000004,30.0,10,0,2,2,5,1,9
244612,4.0,10.0,4.0,5.0,2.0,1.0,0.5,0.30000000000000004,30.0,11,0,1,0,4,0,5
244612,4.0,10.0,4.0,5.0,2.0,1.0,0.5,0.30000000000000004,30.0,12,0,1,0,3,0,4
244612,4.0,10.0,4.0,5.0,2.0,1.0,0.5,0.30000000000000004,30.0,13,100,1,0,2,0,3
244612,4.0,10.0,4.0,5.0,2.0,1.0,0.5,0.30000000000000004,30.0,14,125.0,1,0,1,0,2
244612,4.0,10.0,4.0,5.0,2.0,1.0,0.5,0.30000000000000004,30.0,15,156.25,1,0,0,0,1