Exp Num,agent:svo_convergence_factor,agent:params:metabolism,agent:params:consumption_factor,agent:params:procreate_cost_factor,agent:params:procreate_req_factor,agent:params:start_energy_factor,agent:params:caught_chance,agent:params:caught_cooldown_factor,agent:params:maximum_age,Epoch,Resource,A,B,C,D,E
221278,4.0,5.0,4.0,3.0,3.0,1.0,0.2,0.1,40.0,0,3000.0,18,20,10,31,69
221278,4.0,5.0,4.0,3.0,3.0,1.0,0.2,0.1,40.0,1,3050.0,18,20,10,31,69
221278,4.0,5.0,4.0,3.0,3.0,1.0,0.2,0.1,40.0,2,3152.5,21,24,12,32,78
221278,4.0,5.0,4.0,3.0,3.0,1.0,0.2,0.1,40.0,3,3060.625,26,32,14,33,93
221278,4.0,5.0,4.0,3.0,3.0,1.0,0.2,0.1,40.0,4,2745.78125,27,35,14,31,94
221278,4.0,5.0,4.0,3.0,3.0,1.0,0.2,0.1,40.0,5,2492.2265625,31,41,17,31,107
221278,4.0,5.0,4.0,3.0,3.0,1.0,0.2,0.1,40.0,6,2095.283203125,40,47,20,31,125
221278,4.0,5.0,4.0,3.0,3.0,1.0,0.2,0.1,40.0,7,1599.10400390625,47,56,21,32,144
221278,4.0,5.0,4.0,3.0,3.0,1.0,0.2,0.1,40.0,8,578.8800048828125,55,63,23,30,160
221278,4.0,5.0,4.0,3.0,3.0,1.0,0.2,0.1,40.0,9,0,57,66,24,25,166
221278,4.0,5.0,4.0,3.0,3.0,1.0,0.2,0.1,40.0,10,0,54,63,22,25,158
221278,4.0,5.0,4.0,3.0,3.0,1.0,0.2,0.1,40.0,11,0,50,58,22,25,149
221278,4.0,5.0,4.0,3.0,3.0,1.0,0.2,0.1,40.0,12,0,45,52,21,17,127
221278,4.0,5.0,4.0,3.0,3.0,1.0,0.2,0.1,40.0,13,0,43,49,19,9,114
221278,4.0,5.0,4.0,3.0,3.0,1.0,0.2,0.1,40.0,14,0,31,37,17,6,87
221278,4.0,5.0,4.0,3.0,3.0,1.0,0.2,0.1,40.0,15,0,20,27,11,4,59
221278,4.0,5.0,4.0,3.0,3.0,1.0,0.2,0.1,40.0,16,0,18,18,9,2,45
221278,4.0,5.0,4.0,3.0,3.0,1.0,0.2,0.1,40.0,17,0,14,11,4,1,29
221278,4.0,5.0,4.0,3.0,3.0,1.0,0.2,0.1,40.0,18,0,7,5,3,1,15
221278,4.0,5.0,4.0,3.0,3.0,1.0,0.2,0.1,40.0,19,0,3,3,2,1,8
221278,4.0,5.0,4.0,3.0,3.0,1.0,0.2,0.1,40.0,20,0,2,3,1,1,6
221278,4.0,5.0,4.0,3.0,3.0,1.0,0.2,0.1,40.0,21,0,2,2,1,0,5
221278,4.0,5.0,4.0,3.0,3.0,1.0,0.2,0.1,40.0,22,0,2,2,1,0,5
221278,4.0,5.0,4.0,3.0,3.0,1.0,0.2,0.1,40.0,23,0,2,2,1,0,5
221278,4.0,5.0,4.0,3.0,3.0,1.0,0.2,0.1,40.0,24,0,2,1,0,0,3
221278,4.0,5.0,4.0,3.0,3.0,1.0,0.2,0.1,40.0,25,0,1,1,0,0,2
221278,4.0,5.0,4.0,3.0,3.0,1.0,0.2,0.1,40.0,26,0,1,0,0,0,1