Exp Num,agent:svo_convergence_factor,agent:params:metabolism,agent:params:consumption_factor,agent:params:procreate_cost_factor,agent:params:procreate_req_factor,agent:params:start_energy_factor,agent:params:caught_chance,agent:params:caught_cooldown_factor,agent:params:maximum_age,Epoch,Resource,A,B,C,D,E
29181,1.0,10.0,2.0,1.0,3.0,3.0,0.30000000000000004,0.2,20.0,0,3680.0,12,49,24,31,102
29181,1.0,10.0,2.0,1.0,3.0,3.0,0.30000000000000004,0.2,20.0,1,3720.0,13,59,32,34,121
29181,1.0,10.0,2.0,1.0,3.0,3.0,0.30000000000000004,0.2,20.0,2,3510.0,15,57,34,31,123
29181,1.0,10.0,2.0,1.0,3.0,3.0,0.30000000000000004,0.2,20.0,3,3307.5,13,52,36,27,118
29181,1.0,10.0,2.0,1.0,3.0,3.0,0.30000000000000004,0.2,20.0,4,3054.375,9,50,36,24,111
29181,1.0,10.0,2.0,1.0,3.0,3.0,0.30000000000000004,0.2,20.0,5,2577.96875,6,51,40,24,113
29181,1.0,10.0,2.0,1.0,3.0,3.0,0.30000000000000004,0.2,20.0,6,1982.4609375,4,53,36,26,108
29181,1.0,10.0,2.0,1.0,3.0,3.0,0.30000000000000004,0.2,20.0,7,1398.076171875,4,56,33,29,108
29181,1.0,10.0,2.0,1.0,3.0,3.0,0.30000000000000004,0.2,20.0,8,607.59521484375,3,51,31,28,99
29181,1.0,10.0,2.0,1.0,3.0,3.0,0.30000000000000004,0.2,20.0,9,0,2,40,31,26,87
29181,1.0,10.0,2.0,1.0,3.0,3.0,0.30000000000000004,0.2,20.0,10,0,2,20,21,21,53
29181,1.0,10.0,2.0,1.0,3.0,3.0,0.30000000000000004,0.2,20.0,11,0,2,10,11,13,32
29181,1.0,10.0,2.0,1.0,3.0,3.0,0.30000000000000004,0.2,20.0,12,0,0,4,5,9,14
29181,1.0,10.0,2.0,1.0,3.0,3.0,0.30000000000000004,0.2,20.0,13,0,0,2,2,5,7
29181,1.0,10.0,2.0,1.0,3.0,3.0,0.30000000000000004,0.2,20.0,14,0,0,1,1,1,5
29181,1.0,10.0,2.0,1.0,3.0,3.0,0.30000000000000004,0.2,20.0,15,0,0,1,1,0,4
29181,1.0,10.0,2.0,1.0,3.0,3.0,0.30000000000000004,0.2,20.0,16,0,0,0,1,0,2
29181,1.0,10.0,2.0,1.0,3.0,3.0,0.30000000000000004,0.2,20.0,17,0,0,0,0,0,1