Exp Num,agent:svo_convergence_factor,agent:params:metabolism,agent:params:consumption_factor,agent:params:procreate_cost_factor,agent:params:procreate_req_factor,agent:params:start_energy_factor,agent:params:caught_chance,agent:params:caught_cooldown_factor,agent:params:maximum_age,Epoch,Resource,A,B,C,D,E
248055,4.0,15.0,1.0,1.0,2.0,2.0,0.30000000000000004,0.2,10.0,0,3500.0,30,38,19,44,106
248055,4.0,15.0,1.0,1.0,2.0,2.0,0.30000000000000004,0.2,10.0,1,2605.0,34,40,20,45,114
248055,4.0,15.0,1.0,1.0,2.0,2.0,0.30000000000000004,0.2,10.0,2,1306.25,32,34,19,44,104
248055,4.0,15.0,1.0,1.0,2.0,2.0,0.30000000000000004,0.2,10.0,3,0,30,30,16,35,94
248055,4.0,15.0,1.0,1.0,2.0,2.0,0.30000000000000004,0.2,10.0,4,0,16,17,10,17,48
248055,4.0,15.0,1.0,1.0,2.0,2.0,0.30000000000000004,0.2,10.0,5,0,6,7,5,11,21
248055,4.0,15.0,1.0,1.0,2.0,2.0,0.30000000000000004,0.2,10.0,6,0,2,4,3,6,10
248055,4.0,15.0,1.0,1.0,2.0,2.0,0.30000000000000004,0.2,10.0,7,0,1,3,1,3,5
248055,4.0,15.0,1.0,1.0,2.0,2.0,0.30000000000000004,0.2,10.0,8,0,0,1,1,2,2
248055,4.0,15.0,1.0,1.0,2.0,2.0,0.30000000000000004,0.2,10.0,9,0,0,0,0,2,0
248055,4.0,15.0,1.0,1.0,2.0,2.0,0.30000000000000004,0.2,10.0,10,0,0,0,0,1,0