Exp Num,agent:svo_convergence_factor,agent:params:metabolism,agent:params:consumption_factor,agent:params:procreate_cost_factor,agent:params:procreate_req_factor,agent:params:start_energy_factor,agent:params:caught_chance,agent:params:caught_cooldown_factor,agent:params:maximum_age,Epoch,Resource,A,B,C,D,E
260114,4.0,15.0,3.0,3.0,1.0,2.0,0.5,0.30000000000000004,50.0,0,3650.0,21,33,14,20,95
260114,4.0,15.0,3.0,3.0,1.0,2.0,0.5,0.30000000000000004,50.0,1,1727.5,27,28,19,24,106
260114,4.0,15.0,3.0,3.0,1.0,2.0,0.5,0.30000000000000004,50.0,2,0,27,28,22,22,102
260114,4.0,15.0,3.0,3.0,1.0,2.0,0.5,0.30000000000000004,50.0,3,0,26,25,20,25,87
260114,4.0,15.0,3.0,3.0,1.0,2.0,0.5,0.30000000000000004,50.0,4,0,21,21,16,20,65
260114,4.0,15.0,3.0,3.0,1.0,2.0,0.5,0.30000000000000004,50.0,5,0,16,19,10,11,49
260114,4.0,15.0,3.0,3.0,1.0,2.0,0.5,0.30000000000000004,50.0,6,0,11,14,7,5,36
260114,4.0,15.0,3.0,3.0,1.0,2.0,0.5,0.30000000000000004,50.0,7,0,8,10,7,3,28
260114,4.0,15.0,3.0,3.0,1.0,2.0,0.5,0.30000000000000004,50.0,8,0,3,5,4,3,15
260114,4.0,15.0,3.0,3.0,1.0,2.0,0.5,0.30000000000000004,50.0,9,0,1,2,4,2,11
260114,4.0,15.0,3.0,3.0,1.0,2.0,0.5,0.30000000000000004,50.0,10,0,1,2,2,0,8
260114,4.0,15.0,3.0,3.0,1.0,2.0,0.5,0.30000000000000004,50.0,11,0,1,3,1,0,6
260114,4.0,15.0,3.0,3.0,1.0,2.0,0.5,0.30000000000000004,50.0,12,0,0,3,0,0,5
260114,4.0,15.0,3.0,3.0,1.0,2.0,0.5,0.30000000000000004,50.0,13,55.0,0,2,0,0,5
260114,4.0,15.0,3.0,3.0,1.0,2.0,0.5,0.30000000000000004,50.0,14,0,0,1,0,0,3
260114,4.0,15.0,3.0,3.0,1.0,2.0,0.5,0.30000000000000004,50.0,15,0,0,1,0,0,3
260114,4.0,15.0,3.0,3.0,1.0,2.0,0.5,0.30000000000000004,50.0,16,0,0,0,0,0,2
260114,4.0,15.0,3.0,3.0,1.0,2.0,0.5,0.30000000000000004,50.0,17,0,0,0,0,0,1