Exp Num,agent:svo_convergence_factor,agent:params:metabolism,agent:params:consumption_factor,agent:params:procreate_cost_factor,agent:params:procreate_req_factor,agent:params:start_energy_factor,agent:params:caught_chance,agent:params:caught_cooldown_factor,agent:params:maximum_age,Epoch,Resource,A,B,C,D,E
201735,3.0,15.0,4.0,9.0,1.0,3.0,0.5,0.30000000000000004,10.0,0,3260.0,15,26,14,31,69
201735,3.0,15.0,4.0,9.0,1.0,3.0,0.5,0.30000000000000004,10.0,1,2995.0,16,29,16,31,75
201735,3.0,15.0,4.0,9.0,1.0,3.0,0.5,0.30000000000000004,10.0,2,1583.75,9,24,13,22,59
201735,3.0,15.0,4.0,9.0,1.0,3.0,0.5,0.30000000000000004,10.0,3,1019.6875,6,22,12,21,52
201735,3.0,15.0,4.0,9.0,1.0,3.0,0.5,0.30000000000000004,10.0,4,434.609375,6,25,13,21,56
201735,3.0,15.0,4.0,9.0,1.0,3.0,0.5,0.30000000000000004,10.0,5,0,4,26,12,20,54
201735,3.0,15.0,4.0,9.0,1.0,3.0,0.5,0.30000000000000004,10.0,6,0,3,26,10,10,49
201735,3.0,15.0,4.0,9.0,1.0,3.0,0.5,0.30000000000000004,10.0,7,0,2,22,10,7,41
201735,3.0,15.0,4.0,9.0,1.0,3.0,0.5,0.30000000000000004,10.0,8,0,2,21,8,5,32
201735,3.0,15.0,4.0,9.0,1.0,3.0,0.5,0.30000000000000004,10.0,9,0,1,17,8,4,26
201735,3.0,15.0,4.0,9.0,1.0,3.0,0.5,0.30000000000000004,10.0,10,0,1,17,6,2,24
201735,3.0,15.0,4.0,9.0,1.0,3.0,0.5,0.30000000000000004,10.0,11,0,0,16,4,1,20
201735,3.0,15.0,4.0,9.0,1.0,3.0,0.5,0.30000000000000004,10.0,12,0,0,14,2,1,16
201735,3.0,15.0,4.0,9.0,1.0,3.0,0.5,0.30000000000000004,10.0,13,0,0,12,1,0,13
201735,3.0,15.0,4.0,9.0,1.0,3.0,0.5,0.30000000000000004,10.0,14,0,0,10,1,0,11
201735,3.0,15.0,4.0,9.0,1.0,3.0,0.5,0.30000000000000004,10.0,15,0,0,7,1,0,8
201735,3.0,15.0,4.0,9.0,1.0,3.0,0.5,0.30000000000000004,10.0,16,0,0,5,1,0,6
201735,3.0,15.0,4.0,9.0,1.0,3.0,0.5,0.30000000000000004,10.0,17,0,0,5,1,0,6
201735,3.0,15.0,4.0,9.0,1.0,3.0,0.5,0.30000000000000004,10.0,18,0,0,4,1,0,5
201735,3.0,15.0,4.0,9.0,1.0,3.0,0.5,0.30000000000000004,10.0,19,0,0,2,1,0,3
201735,3.0,15.0,4.0,9.0,1.0,3.0,0.5,0.30000000000000004,10.0,20,0,0,1,0,0,1