Exp Num,agent:svo_convergence_factor,agent:params:metabolism,agent:params:consumption_factor,agent:params:procreate_cost_factor,agent:params:procreate_req_factor,agent:params:start_energy_factor,agent:params:caught_chance,agent:params:caught_cooldown_factor,agent:params:maximum_age,Epoch,Resource,A,B,C,D,E
220573,4.0,5.0,4.0,3.0,1.0,1.0,0.30000000000000004,0.5,40.0,0,3000.0,32,32,28,35,115
220573,4.0,5.0,4.0,3.0,1.0,1.0,0.30000000000000004,0.5,40.0,1,1270.0,55,50,43,45,180
220573,4.0,5.0,4.0,3.0,1.0,1.0,0.30000000000000004,0.5,40.0,2,0,63,66,51,44,215
220573,4.0,5.0,4.0,3.0,1.0,1.0,0.30000000000000004,0.5,40.0,3,0,64,68,49,33,206
220573,4.0,5.0,4.0,3.0,1.0,1.0,0.30000000000000004,0.5,40.0,4,0,54,67,38,33,181
220573,4.0,5.0,4.0,3.0,1.0,1.0,0.30000000000000004,0.5,40.0,5,0,41,46,27,29,132
220573,4.0,5.0,4.0,3.0,1.0,1.0,0.30000000000000004,0.5,40.0,6,0,27,34,22,20,95
220573,4.0,5.0,4.0,3.0,1.0,1.0,0.30000000000000004,0.5,40.0,7,0,16,20,20,16,66
220573,4.0,5.0,4.0,3.0,1.0,1.0,0.30000000000000004,0.5,40.0,8,0,11,11,15,11,45
220573,4.0,5.0,4.0,3.0,1.0,1.0,0.30000000000000004,0.5,40.0,9,0,10,4,12,4,33
220573,4.0,5.0,4.0,3.0,1.0,1.0,0.30000000000000004,0.5,40.0,10,0,4,3,9,2,21
220573,4.0,5.0,4.0,3.0,1.0,1.0,0.30000000000000004,0.5,40.0,11,0,3,2,5,1,13
220573,4.0,5.0,4.0,3.0,1.0,1.0,0.30000000000000004,0.5,40.0,12,0,2,2,5,1,10
220573,4.0,5.0,4.0,3.0,1.0,1.0,0.30000000000000004,0.5,40.0,13,0,3,3,5,1,12
220573,4.0,5.0,4.0,3.0,1.0,1.0,0.30000000000000004,0.5,40.0,14,0,1,3,3,1,8
220573,4.0,5.0,4.0,3.0,1.0,1.0,0.30000000000000004,0.5,40.0,15,0,1,2,3,1,6
220573,4.0,5.0,4.0,3.0,1.0,1.0,0.30000000000000004,0.5,40.0,16,0,1,1,2,1,4
220573,4.0,5.0,4.0,3.0,1.0,1.0,0.30000000000000004,0.5,40.0,17,0,0,0,2,1,2
220573,4.0,5.0,4.0,3.0,1.0,1.0,0.30000000000000004,0.5,40.0,18,0,0,0,3,0,3
220573,4.0,5.0,4.0,3.0,1.0,1.0,0.30000000000000004,0.5,40.0,19,0,0,0,1,0,1