Exp Num,agent:svo_convergence_factor,agent:params:metabolism,agent:params:consumption_factor,agent:params:procreate_cost_factor,agent:params:procreate_req_factor,agent:params:start_energy_factor,agent:params:caught_chance,agent:params:caught_cooldown_factor,agent:params:maximum_age,Epoch,Resource,A,B,C,D,E
269138,4.0,15.0,4.0,9.0,1.0,3.0,0.1,0.30000000000000004,40.0,0,2660.0,11,23,11,35,65
269138,4.0,15.0,4.0,9.0,1.0,3.0,0.1,0.30000000000000004,40.0,1,1405.0,13,30,12,35,75
269138,4.0,15.0,4.0,9.0,1.0,3.0,0.1,0.30000000000000004,40.0,2,0,13,23,11,25,60
269138,4.0,15.0,4.0,9.0,1.0,3.0,0.1,0.30000000000000004,40.0,3,0,11,26,10,17,56
269138,4.0,15.0,4.0,9.0,1.0,3.0,0.1,0.30000000000000004,40.0,4,0,12,27,10,15,58
269138,4.0,15.0,4.0,9.0,1.0,3.0,0.1,0.30000000000000004,40.0,5,0,11,21,9,15,50
269138,4.0,15.0,4.0,9.0,1.0,3.0,0.1,0.30000000000000004,40.0,6,0,7,18,8,8,40
269138,4.0,15.0,4.0,9.0,1.0,3.0,0.1,0.30000000000000004,40.0,7,0,6,17,3,7,30
269138,4.0,15.0,4.0,9.0,1.0,3.0,0.1,0.30000000000000004,40.0,8,0,5,16,2,1,26
269138,4.0,15.0,4.0,9.0,1.0,3.0,0.1,0.30000000000000004,40.0,9,0,5,16,2,0,23
269138,4.0,15.0,4.0,9.0,1.0,3.0,0.1,0.30000000000000004,40.0,10,0,5,15,2,0,22
269138,4.0,15.0,4.0,9.0,1.0,3.0,0.1,0.30000000000000004,40.0,11,0,5,12,1,0,18
269138,4.0,15.0,4.0,9.0,1.0,3.0,0.1,0.30000000000000004,40.0,12,0,3,8,0,0,11
269138,4.0,15.0,4.0,9.0,1.0,3.0,0.1,0.30000000000000004,40.0,13,0,1,7,0,0,8
269138,4.0,15.0,4.0,9.0,1.0,3.0,0.1,0.30000000000000004,40.0,14,0,1,4,0,0,5
269138,4.0,15.0,4.0,9.0,1.0,3.0,0.1,0.30000000000000004,40.0,15,0,1,3,0,0,4
269138,4.0,15.0,4.0,9.0,1.0,3.0,0.1,0.30000000000000004,40.0,16,0,1,2,0,0,3
269138,4.0,15.0,4.0,9.0,1.0,3.0,0.1,0.30000000000000004,40.0,17,0,0,2,0,0,2
269138,4.0,15.0,4.0,9.0,1.0,3.0,0.1,0.30000000000000004,40.0,18,0,0,2,0,0,2
269138,4.0,15.0,4.0,9.0,1.0,3.0,0.1,0.30000000000000004,40.0,19,0,0,1,0,0,1