Exp Num,agent:svo_convergence_factor,agent:params:metabolism,agent:params:consumption_factor,agent:params:procreate_cost_factor,agent:params:procreate_req_factor,agent:params:start_energy_factor,agent:params:caught_chance,agent:params:caught_cooldown_factor,agent:params:maximum_age,Epoch,Resource,A,B,C,D,E
243011,4.0,10.0,4.0,3.0,1.0,1.0,0.1,0.30000000000000004,20.0,0,1000.0,32,33,20,36,114
243011,4.0,10.0,4.0,3.0,1.0,1.0,0.1,0.30000000000000004,20.0,1,0,27,26,22,31,104
243011,4.0,10.0,4.0,3.0,1.0,1.0,0.1,0.30000000000000004,20.0,2,0,20,21,20,26,88
243011,4.0,10.0,4.0,3.0,1.0,1.0,0.1,0.30000000000000004,20.0,3,0,21,16,16,16,80
243011,4.0,10.0,4.0,3.0,1.0,1.0,0.1,0.30000000000000004,20.0,4,0,15,13,14,11,62
243011,4.0,10.0,4.0,3.0,1.0,1.0,0.1,0.30000000000000004,20.0,5,0,8,10,10,9,44
243011,4.0,10.0,4.0,3.0,1.0,1.0,0.1,0.30000000000000004,20.0,6,0,4,7,6,9,29
243011,4.0,10.0,4.0,3.0,1.0,1.0,0.1,0.30000000000000004,20.0,7,0,3,3,3,9,18
243011,4.0,10.0,4.0,3.0,1.0,1.0,0.1,0.30000000000000004,20.0,8,0,2,3,0,9,10
243011,4.0,10.0,4.0,3.0,1.0,1.0,0.1,0.30000000000000004,20.0,9,0,2,3,1,4,10
243011,4.0,10.0,4.0,3.0,1.0,1.0,0.1,0.30000000000000004,20.0,10,0,1,3,1,3,6
243011,4.0,10.0,4.0,3.0,1.0,1.0,0.1,0.30000000000000004,20.0,11,0,1,2,1,2,4
243011,4.0,10.0,4.0,3.0,1.0,1.0,0.1,0.30000000000000004,20.0,12,0,2,2,1,1,6
243011,4.0,10.0,4.0,3.0,1.0,1.0,0.1,0.30000000000000004,20.0,13,0,1,3,0,1,5
243011,4.0,10.0,4.0,3.0,1.0,1.0,0.1,0.30000000000000004,20.0,14,0,1,1,0,0,3
243011,4.0,10.0,4.0,3.0,1.0,1.0,0.1,0.30000000000000004,20.0,15,0,1,1,0,0,2
243011,4.0,10.0,4.0,3.0,1.0,1.0,0.1,0.30000000000000004,20.0,16,0,0,1,0,0,1