Exp Num,agent:svo_convergence_factor,agent:params:metabolism,agent:params:consumption_factor,agent:params:procreate_cost_factor,agent:params:procreate_req_factor,agent:params:start_energy_factor,agent:params:caught_chance,agent:params:caught_cooldown_factor,agent:params:maximum_age,Epoch,Resource,A,B,C,D,E
240660,4.0,10.0,3.0,7.0,3.0,3.0,0.2,0.30000000000000004,10.0,0,3860.0,14,30,7,32,68
240660,4.0,10.0,3.0,7.0,3.0,3.0,0.2,0.30000000000000004,10.0,1,3835.0,14,30,7,32,68
240660,4.0,10.0,3.0,7.0,3.0,3.0,0.2,0.30000000000000004,10.0,2,3593.75,12,26,5,30,58
240660,4.0,10.0,3.0,7.0,3.0,3.0,0.2,0.30000000000000004,10.0,3,3682.1875,12,26,5,30,58
240660,4.0,10.0,3.0,7.0,3.0,3.0,0.2,0.30000000000000004,10.0,4,3732.734375,12,26,5,30,58
240660,4.0,10.0,3.0,7.0,3.0,3.0,0.2,0.30000000000000004,10.0,5,3825.91796875,7,23,5,26,49
240660,4.0,10.0,3.0,7.0,3.0,3.0,0.2,0.30000000000000004,10.0,6,4272.3974609375,6,21,5,26,46
240660,4.0,10.0,3.0,7.0,3.0,3.0,0.2,0.30000000000000004,10.0,7,4770.496826171875,6,21,5,26,46
240660,4.0,10.0,3.0,7.0,3.0,3.0,0.2,0.30000000000000004,10.0,8,5183.121032714844,5,20,5,23,44
240660,4.0,10.0,3.0,7.0,3.0,3.0,0.2,0.30000000000000004,10.0,9,5308.901290893555,5,18,5,19,42
240660,4.0,10.0,3.0,7.0,3.0,3.0,0.2,0.30000000000000004,10.0,10,5676.126613616943,4,11,4,12,25
240660,4.0,10.0,3.0,7.0,3.0,3.0,0.2,0.30000000000000004,10.0,11,6405.158267021179,4,6,2,8,15
240660,4.0,10.0,3.0,7.0,3.0,3.0,0.2,0.30000000000000004,10.0,12,7646.447833776474,2,5,2,4,10
240660,4.0,10.0,3.0,7.0,3.0,3.0,0.2,0.30000000000000004,10.0,13,9348.059792220592,0,2,2,2,5
240660,4.0,10.0,3.0,7.0,3.0,3.0,0.2,0.30000000000000004,10.0,14,9850.0,0,1,0,2,2
240660,4.0,10.0,3.0,7.0,3.0,3.0,0.2,0.30000000000000004,10.0,15,9940.0,0,1,0,1,1
240660,4.0,10.0,3.0,7.0,3.0,3.0,0.2,0.30000000000000004,10.0,16,9970.0,0,0,0,1,0