Exp Num,agent:svo_convergence_factor,agent:params:metabolism,agent:params:consumption_factor,agent:params:procreate_cost_factor,agent:params:procreate_req_factor,agent:params:start_energy_factor,agent:params:caught_chance,agent:params:caught_cooldown_factor,agent:params:maximum_age,Epoch,Resource,A,B,C,D,E
251240,4.0,15.0,1.0,7.0,1.0,3.0,0.5,0.4,10.0,0,3500.0,12,30,16,30,70
251240,4.0,15.0,1.0,7.0,1.0,3.0,0.5,0.4,10.0,1,2965.0,12,30,16,30,70
251240,4.0,15.0,1.0,7.0,1.0,3.0,0.5,0.4,10.0,2,2791.25,12,30,16,30,70
251240,4.0,15.0,1.0,7.0,1.0,3.0,0.5,0.4,10.0,3,2754.0625,12,27,16,30,67
251240,4.0,15.0,1.0,7.0,1.0,3.0,0.5,0.4,10.0,4,2842.578125,11,16,13,27,51
251240,4.0,15.0,1.0,7.0,1.0,3.0,0.5,0.4,10.0,5,2818.22265625,9,16,11,25,47
251240,4.0,15.0,1.0,7.0,1.0,3.0,0.5,0.4,10.0,6,2697.7783203125,7,13,10,25,41
251240,4.0,15.0,1.0,7.0,1.0,3.0,0.5,0.4,10.0,7,2532.222900390625,7,10,10,24,38
251240,4.0,15.0,1.0,7.0,1.0,3.0,0.5,0.4,10.0,8,2265.2786254882812,6,10,10,24,37
251240,4.0,15.0,1.0,7.0,1.0,3.0,0.5,0.4,10.0,9,1916.5982818603516,6,10,10,24,37
251240,4.0,15.0,1.0,7.0,1.0,3.0,0.5,0.4,10.0,10,1840.7478523254395,4,6,6,10,27
251240,4.0,15.0,1.0,7.0,1.0,3.0,0.5,0.4,10.0,11,1940.9348154067993,2,4,3,6,17
251240,4.0,15.0,1.0,7.0,1.0,3.0,0.5,0.4,10.0,12,2216.168519258499,1,2,1,4,10
251240,4.0,15.0,1.0,7.0,1.0,3.0,0.5,0.4,10.0,13,2650.210649073124,1,2,0,1,6
251240,4.0,15.0,1.0,7.0,1.0,3.0,0.5,0.4,10.0,14,3252.763311341405,0,2,0,1,3
251240,4.0,15.0,1.0,7.0,1.0,3.0,0.5,0.4,10.0,15,4035.954139176756,0,1,0,0,2
251240,4.0,15.0,1.0,7.0,1.0,3.0,0.5,0.4,10.0,16,5014.942673970945,0,0,0,0,1