Exp Num,agent:svo_convergence_factor,agent:params:metabolism,agent:params:consumption_factor,agent:params:procreate_cost_factor,agent:params:procreate_req_factor,agent:params:start_energy_factor,agent:params:caught_chance,agent:params:caught_cooldown_factor,agent:params:maximum_age,Epoch,Resource,A,B,C,D,E
250572,4.0,15.0,1.0,5.0,3.0,1.0,0.30000000000000004,0.5,30.0,0,3500.0,15,27,6,39,61
250572,4.0,15.0,1.0,5.0,3.0,1.0,0.30000000000000004,0.5,30.0,1,2875.0,15,27,6,39,61
250572,4.0,15.0,1.0,5.0,3.0,1.0,0.30000000000000004,0.5,30.0,2,2093.75,15,27,6,39,61
250572,4.0,15.0,1.0,5.0,3.0,1.0,0.30000000000000004,0.5,30.0,3,1117.1875,15,27,6,39,61
250572,4.0,15.0,1.0,5.0,3.0,1.0,0.30000000000000004,0.5,30.0,4,0,15,27,6,35,61
250572,4.0,15.0,1.0,5.0,3.0,1.0,0.30000000000000004,0.5,30.0,5,0,5,13,1,21,27
250572,4.0,15.0,1.0,5.0,3.0,1.0,0.30000000000000004,0.5,30.0,6,0,3,6,1,10,14
250572,4.0,15.0,1.0,5.0,3.0,1.0,0.30000000000000004,0.5,30.0,7,0,0,3,0,6,6
250572,4.0,15.0,1.0,5.0,3.0,1.0,0.30000000000000004,0.5,30.0,8,0,0,1,0,4,2
250572,4.0,15.0,1.0,5.0,3.0,1.0,0.30000000000000004,0.5,30.0,9,0,0,0,0,2,1
250572,4.0,15.0,1.0,5.0,3.0,1.0,0.30000000000000004,0.5,30.0,10,0,0,0,0,1,0