Exp Num,agent:svo_convergence_factor,agent:params:metabolism,agent:params:consumption_factor,agent:params:procreate_cost_factor,agent:params:procreate_req_factor,agent:params:start_energy_factor,agent:params:caught_chance,agent:params:caught_cooldown_factor,agent:params:maximum_age,Epoch,Resource,A,B,C,D,E
260681,4.0,15.0,3.0,3.0,3.0,1.0,0.30000000000000004,0.2,20.0,0,500.0,12,19,16,31,69
260681,4.0,15.0,3.0,3.0,3.0,1.0,0.30000000000000004,0.2,20.0,1,0,12,19,16,31,69
260681,4.0,15.0,3.0,3.0,3.0,1.0,0.30000000000000004,0.2,20.0,2,0,12,19,16,31,69
260681,4.0,15.0,3.0,3.0,3.0,1.0,0.30000000000000004,0.2,20.0,3,0,6,14,6,16,38
260681,4.0,15.0,3.0,3.0,3.0,1.0,0.30000000000000004,0.2,20.0,4,0,4,9,3,8,23
260681,4.0,15.0,3.0,3.0,3.0,1.0,0.30000000000000004,0.2,20.0,5,0,3,7,1,7,14
260681,4.0,15.0,3.0,3.0,3.0,1.0,0.30000000000000004,0.2,20.0,6,0,2,5,1,3,10
260681,4.0,15.0,3.0,3.0,3.0,1.0,0.30000000000000004,0.2,20.0,7,0,1,4,1,1,7
260681,4.0,15.0,3.0,3.0,3.0,1.0,0.30000000000000004,0.2,20.0,8,0,1,2,1,0,5
260681,4.0,15.0,3.0,3.0,3.0,1.0,0.30000000000000004,0.2,20.0,9,0,1,1,0,0,2
260681,4.0,15.0,3.0,3.0,3.0,1.0,0.30000000000000004,0.2,20.0,10,0,0,1,0,0,1