Exp Num,agent:svo_convergence_factor,agent:params:metabolism,agent:params:consumption_factor,agent:params:procreate_cost_factor,agent:params:procreate_req_factor,agent:params:start_energy_factor,agent:params:caught_chance,agent:params:caught_cooldown_factor,agent:params:maximum_age,Epoch,Resource,A,B,C,D,E
266113,4.0,15.0,4.0,3.0,2.0,2.0,0.5,0.30000000000000004,40.0,0,3200.0,22,28,11,24,76
266113,4.0,15.0,4.0,3.0,2.0,2.0,0.5,0.30000000000000004,40.0,1,1660.0,16,23,10,20,61
266113,4.0,15.0,4.0,3.0,2.0,2.0,0.5,0.30000000000000004,40.0,2,335.0,16,25,13,19,66
266113,4.0,15.0,4.0,3.0,2.0,2.0,0.5,0.30000000000000004,40.0,3,0,16,25,14,19,67
266113,4.0,15.0,4.0,3.0,2.0,2.0,0.5,0.30000000000000004,40.0,4,0,16,25,14,19,67
266113,4.0,15.0,4.0,3.0,2.0,2.0,0.5,0.30000000000000004,40.0,5,0,12,23,13,11,54
266113,4.0,15.0,4.0,3.0,2.0,2.0,0.5,0.30000000000000004,40.0,6,0,11,17,8,4,41
266113,4.0,15.0,4.0,3.0,2.0,2.0,0.5,0.30000000000000004,40.0,7,0,6,11,8,2,28
266113,4.0,15.0,4.0,3.0,2.0,2.0,0.5,0.30000000000000004,40.0,8,0,4,8,6,1,20
266113,4.0,15.0,4.0,3.0,2.0,2.0,0.5,0.30000000000000004,40.0,9,0,1,4,5,1,10
266113,4.0,15.0,4.0,3.0,2.0,2.0,0.5,0.30000000000000004,40.0,10,0,0,4,4,0,8
266113,4.0,15.0,4.0,3.0,2.0,2.0,0.5,0.30000000000000004,40.0,11,0,0,4,1,0,5
266113,4.0,15.0,4.0,3.0,2.0,2.0,0.5,0.30000000000000004,40.0,12,0,0,3,0,0,3
266113,4.0,15.0,4.0,3.0,2.0,2.0,0.5,0.30000000000000004,40.0,13,0,0,2,0,0,2
266113,4.0,15.0,4.0,3.0,2.0,2.0,0.5,0.30000000000000004,40.0,14,100,0,1,0,0,1