Exp Num,agent:svo_convergence_factor,agent:params:metabolism,agent:params:consumption_factor,agent:params:procreate_cost_factor,agent:params:procreate_req_factor,agent:params:start_energy_factor,agent:params:caught_chance,agent:params:caught_cooldown_factor,agent:params:maximum_age,Epoch,Resource,A,B,C,D,E
252155,4.0,15.0,1.0,9.0,1.0,2.0,0.2,0.2,10.0,0,3500.0,19,26,7,23,77
252155,4.0,15.0,1.0,9.0,1.0,2.0,0.2,0.2,10.0,1,2965.0,19,26,7,23,77
252155,4.0,15.0,1.0,9.0,1.0,2.0,0.2,0.2,10.0,2,2716.25,19,25,7,23,76
252155,4.0,15.0,1.0,9.0,1.0,2.0,0.2,0.2,10.0,3,2405.3125,15,24,7,22,71
252155,4.0,15.0,1.0,9.0,1.0,2.0,0.2,0.2,10.0,4,1986.640625,13,22,7,22,66
252155,4.0,15.0,1.0,9.0,1.0,2.0,0.2,0.2,10.0,5,1373.30078125,12,21,7,22,64
252155,4.0,15.0,1.0,9.0,1.0,2.0,0.2,0.2,10.0,6,621.6259765625,11,21,7,21,63
252155,4.0,15.0,1.0,9.0,1.0,2.0,0.2,0.2,10.0,7,0,9,15,6,19,49
252155,4.0,15.0,1.0,9.0,1.0,2.0,0.2,0.2,10.0,8,0,5,10,2,10,25
252155,4.0,15.0,1.0,9.0,1.0,2.0,0.2,0.2,10.0,9,0,2,6,0,6,12
252155,4.0,15.0,1.0,9.0,1.0,2.0,0.2,0.2,10.0,10,0,1,2,0,3,6
252155,4.0,15.0,1.0,9.0,1.0,2.0,0.2,0.2,10.0,11,0,1,1,0,1,3
252155,4.0,15.0,1.0,9.0,1.0,2.0,0.2,0.2,10.0,12,0,1,0,0,0,2
252155,4.0,15.0,1.0,9.0,1.0,2.0,0.2,0.2,10.0,13,0,1,0,0,0,1