Exp Num,agent:svo_convergence_factor,agent:params:metabolism,agent:params:consumption_factor,agent:params:procreate_cost_factor,agent:params:procreate_req_factor,agent:params:start_energy_factor,agent:params:caught_chance,agent:params:caught_cooldown_factor,agent:params:maximum_age,Epoch,Resource,A,B,C,D,E
21507,1.0,5.0,4.0,9.0,1.0,2.0,0.1,0.2,30.0,0,3580.0,12,24,10,34,66
21507,1.0,5.0,4.0,9.0,1.0,2.0,0.1,0.2,30.0,1,3175.0,11,24,9,34,64
21507,1.0,5.0,4.0,9.0,1.0,2.0,0.1,0.2,30.0,2,3188.75,12,30,12,34,74
21507,1.0,5.0,4.0,9.0,1.0,2.0,0.1,0.2,30.0,3,3345.9375,12,36,16,34,84
21507,1.0,5.0,4.0,9.0,1.0,2.0,0.1,0.2,30.0,4,3122.421875,12,43,20,34,95
21507,1.0,5.0,4.0,9.0,1.0,2.0,0.1,0.2,30.0,5,2483.02734375,13,52,21,33,106
21507,1.0,5.0,4.0,9.0,1.0,2.0,0.1,0.2,30.0,6,1903.7841796875,12,67,25,33,124
21507,1.0,5.0,4.0,9.0,1.0,2.0,0.1,0.2,30.0,7,1099.730224609375,12,88,28,33,148
21507,1.0,5.0,4.0,9.0,1.0,2.0,0.1,0.2,30.0,8,0,12,104,30,32,166
21507,1.0,5.0,4.0,9.0,1.0,2.0,0.1,0.2,30.0,9,0,9,111,29,21,156
21507,1.0,5.0,4.0,9.0,1.0,2.0,0.1,0.2,30.0,10,0,6,110,28,18,147
21507,1.0,5.0,4.0,9.0,1.0,2.0,0.1,0.2,30.0,11,0,5,102,23,18,133
21507,1.0,5.0,4.0,9.0,1.0,2.0,0.1,0.2,30.0,12,0,4,89,21,15,117
21507,1.0,5.0,4.0,9.0,1.0,2.0,0.1,0.2,30.0,13,0,3,83,19,7,107
21507,1.0,5.0,4.0,9.0,1.0,2.0,0.1,0.2,30.0,14,0,2,77,15,4,95
21507,1.0,5.0,4.0,9.0,1.0,2.0,0.1,0.2,30.0,15,0,2,71,10,2,83
21507,1.0,5.0,4.0,9.0,1.0,2.0,0.1,0.2,30.0,16,0,1,66,8,1,75
21507,1.0,5.0,4.0,9.0,1.0,2.0,0.1,0.2,30.0,17,0,0,51,8,1,59
21507,1.0,5.0,4.0,9.0,1.0,2.0,0.1,0.2,30.0,18,0,0,41,6,1,47
21507,1.0,5.0,4.0,9.0,1.0,2.0,0.1,0.2,30.0,19,0,0,32,4,1,36
21507,1.0,5.0,4.0,9.0,1.0,2.0,0.1,0.2,30.0,20,0,0,21,4,1,25
21507,1.0,5.0,4.0,9.0,1.0,2.0,0.1,0.2,30.0,21,0,0,16,1,1,17
21507,1.0,5.0,4.0,9.0,1.0,2.0,0.1,0.2,30.0,22,0,0,10,1,1,11
21507,1.0,5.0,4.0,9.0,1.0,2.0,0.1,0.2,30.0,23,0,0,8,1,1,9
21507,1.0,5.0,4.0,9.0,1.0,2.0,0.1,0.2,30.0,24,0,0,6,0,1,6
21507,1.0,5.0,4.0,9.0,1.0,2.0,0.1,0.2,30.0,25,0,0,6,0,0,6
21507,1.0,5.0,4.0,9.0,1.0,2.0,0.1,0.2,30.0,26,0,0,3,0,0,3
21507,1.0,5.0,4.0,9.0,1.0,2.0,0.1,0.2,30.0,27,0,0,2,0,0,2
21507,1.0,5.0,4.0,9.0,1.0,2.0,0.1,0.2,30.0,28,0,0,2,0,0,2
21507,1.0,5.0,4.0,9.0,1.0,2.0,0.1,0.2,30.0,29,0,0,1,0,0,1