Exp Num,agent:svo_convergence_factor,agent:params:metabolism,agent:params:consumption_factor,agent:params:procreate_cost_factor,agent:params:procreate_req_factor,agent:params:start_energy_factor,agent:params:caught_chance,agent:params:caught_cooldown_factor,agent:params:maximum_age,Epoch,Resource,A,B,C,D,E
240055,4.0,10.0,3.0,7.0,2.0,1.0,0.30000000000000004,0.2,10.0,0,2000.0,17,33,8,26,74
240055,4.0,10.0,3.0,7.0,2.0,1.0,0.30000000000000004,0.2,10.0,1,1360.0,17,33,8,26,74
240055,4.0,10.0,3.0,7.0,2.0,1.0,0.30000000000000004,0.2,10.0,2,680.0,17,33,8,26,74
240055,4.0,10.0,3.0,7.0,2.0,1.0,0.30000000000000004,0.2,10.0,3,0,12,27,6,22,56
240055,4.0,10.0,3.0,7.0,2.0,1.0,0.30000000000000004,0.2,10.0,4,0,11,26,6,19,53
240055,4.0,10.0,3.0,7.0,2.0,1.0,0.30000000000000004,0.2,10.0,5,0,11,26,6,19,53
240055,4.0,10.0,3.0,7.0,2.0,1.0,0.30000000000000004,0.2,10.0,6,0,8,21,3,10,37
240055,4.0,10.0,3.0,7.0,2.0,1.0,0.30000000000000004,0.2,10.0,7,0,7,18,1,9,26
240055,4.0,10.0,3.0,7.0,2.0,1.0,0.30000000000000004,0.2,10.0,8,0,5,16,1,4,22
240055,4.0,10.0,3.0,7.0,2.0,1.0,0.30000000000000004,0.2,10.0,9,0,5,11,0,3,16
240055,4.0,10.0,3.0,7.0,2.0,1.0,0.30000000000000004,0.2,10.0,10,0,4,7,0,3,11
240055,4.0,10.0,3.0,7.0,2.0,1.0,0.30000000000000004,0.2,10.0,11,0,3,5,0,2,8
240055,4.0,10.0,3.0,7.0,2.0,1.0,0.30000000000000004,0.2,10.0,12,0,3,2,0,2,5
240055,4.0,10.0,3.0,7.0,2.0,1.0,0.30000000000000004,0.2,10.0,13,0,1,1,0,2,2
240055,4.0,10.0,3.0,7.0,2.0,1.0,0.30000000000000004,0.2,10.0,14,10.0,1,1,0,2,2
240055,4.0,10.0,3.0,7.0,2.0,1.0,0.30000000000000004,0.2,10.0,15,12.5,0,1,0,1,1
240055,4.0,10.0,3.0,7.0,2.0,1.0,0.30000000000000004,0.2,10.0,16,0,0,0,0,1,0