Exp Num,agent:svo_convergence_factor,agent:params:metabolism,agent:params:consumption_factor,agent:params:procreate_cost_factor,agent:params:procreate_req_factor,agent:params:start_energy_factor,agent:params:caught_chance,agent:params:caught_cooldown_factor,agent:params:maximum_age,Epoch,Resource,A,B,C,D,E
233625,4.0,10.0,2.0,5.0,3.0,1.0,0.1,0.1,10.0,0,3000.0,14,23,14,33,67
233625,4.0,10.0,2.0,5.0,3.0,1.0,0.1,0.1,10.0,1,2830.0,14,23,14,33,67
233625,4.0,10.0,2.0,5.0,3.0,1.0,0.1,0.1,10.0,2,2157.5,14,21,13,33,64
233625,4.0,10.0,2.0,5.0,3.0,1.0,0.1,0.1,10.0,3,1816.875,14,21,13,33,64
233625,4.0,10.0,2.0,5.0,3.0,1.0,0.1,0.1,10.0,4,891.09375,14,17,13,32,60
233625,4.0,10.0,2.0,5.0,3.0,1.0,0.1,0.1,10.0,5,293.8671875,14,17,13,31,59
233625,4.0,10.0,2.0,5.0,3.0,1.0,0.1,0.1,10.0,6,0,14,16,12,24,48
233625,4.0,10.0,2.0,5.0,3.0,1.0,0.1,0.1,10.0,7,0,13,15,10,20,42
233625,4.0,10.0,2.0,5.0,3.0,1.0,0.1,0.1,10.0,8,0,11,13,8,9,35
233625,4.0,10.0,2.0,5.0,3.0,1.0,0.1,0.1,10.0,9,0,11,9,5,4,26
233625,4.0,10.0,2.0,5.0,3.0,1.0,0.1,0.1,10.0,10,0,10,8,2,2,21
233625,4.0,10.0,2.0,5.0,3.0,1.0,0.1,0.1,10.0,11,0,7,6,0,0,14
233625,4.0,10.0,2.0,5.0,3.0,1.0,0.1,0.1,10.0,12,0,4,5,0,0,9
233625,4.0,10.0,2.0,5.0,3.0,1.0,0.1,0.1,10.0,13,0,2,4,0,0,6
233625,4.0,10.0,2.0,5.0,3.0,1.0,0.1,0.1,10.0,14,0,1,2,0,0,3
233625,4.0,10.0,2.0,5.0,3.0,1.0,0.1,0.1,10.0,15,0,0,1,0,0,1