Exp Num,agent:svo_convergence_factor,agent:params:metabolism,agent:params:consumption_factor,agent:params:procreate_cost_factor,agent:params:procreate_req_factor,agent:params:start_energy_factor,agent:params:caught_chance,agent:params:caught_cooldown_factor,agent:params:maximum_age,Epoch,Resource,A,B,C,D,E
255806,4.0,15.0,2.0,5.0,2.0,1.0,0.30000000000000004,0.2,20.0,0,2000.0,13,36,11,26,74
255806,4.0,15.0,2.0,5.0,2.0,1.0,0.30000000000000004,0.2,20.0,1,1240.0,13,36,11,26,74
255806,4.0,15.0,2.0,5.0,2.0,1.0,0.30000000000000004,0.2,20.0,2,0,12,32,6,20,64
255806,4.0,15.0,2.0,5.0,2.0,1.0,0.30000000000000004,0.2,20.0,3,0,12,31,6,16,59
255806,4.0,15.0,2.0,5.0,2.0,1.0,0.30000000000000004,0.2,20.0,4,0,10,21,5,9,40
255806,4.0,15.0,2.0,5.0,2.0,1.0,0.30000000000000004,0.2,20.0,5,0,10,12,3,3,27
255806,4.0,15.0,2.0,5.0,2.0,1.0,0.30000000000000004,0.2,20.0,6,0,7,9,2,0,19
255806,4.0,15.0,2.0,5.0,2.0,1.0,0.30000000000000004,0.2,20.0,7,0,5,6,1,0,13
255806,4.0,15.0,2.0,5.0,2.0,1.0,0.30000000000000004,0.2,20.0,8,0,3,2,1,0,7
255806,4.0,15.0,2.0,5.0,2.0,1.0,0.30000000000000004,0.2,20.0,9,0,2,1,0,0,4
255806,4.0,15.0,2.0,5.0,2.0,1.0,0.30000000000000004,0.2,20.0,10,0,1,0,0,0,2
255806,4.0,15.0,2.0,5.0,2.0,1.0,0.30000000000000004,0.2,20.0,11,0,0,0,0,0,1