Exp Num,agent:svo_convergence_factor,agent:params:metabolism,agent:params:consumption_factor,agent:params:procreate_cost_factor,agent:params:procreate_req_factor,agent:params:start_energy_factor,agent:params:caught_chance,agent:params:caught_cooldown_factor,agent:params:maximum_age,Epoch,Resource,A,B,C,D,E
262316,4.0,15.0,3.0,7.0,1.0,2.0,0.30000000000000004,0.4,20.0,0,3695.0,16,29,14,25,75
262316,4.0,15.0,3.0,7.0,1.0,2.0,0.30000000000000004,0.4,20.0,1,2233.75,11,23,12,23,62
262316,4.0,15.0,3.0,7.0,1.0,2.0,0.30000000000000004,0.4,20.0,2,1442.1875,12,22,12,24,62
262316,4.0,15.0,3.0,7.0,1.0,2.0,0.30000000000000004,0.4,20.0,3,902.734375,13,22,14,24,65
262316,4.0,15.0,3.0,7.0,1.0,2.0,0.30000000000000004,0.4,20.0,4,0,9,16,11,20,51
262316,4.0,15.0,3.0,7.0,1.0,2.0,0.30000000000000004,0.4,20.0,5,0,9,13,9,15,43
262316,4.0,15.0,3.0,7.0,1.0,2.0,0.30000000000000004,0.4,20.0,6,0,8,13,9,12,40
262316,4.0,15.0,3.0,7.0,1.0,2.0,0.30000000000000004,0.4,20.0,7,0,8,9,6,9,30
262316,4.0,15.0,3.0,7.0,1.0,2.0,0.30000000000000004,0.4,20.0,8,0,8,6,4,6,21
262316,4.0,15.0,3.0,7.0,1.0,2.0,0.30000000000000004,0.4,20.0,9,0,6,5,3,5,15
262316,4.0,15.0,3.0,7.0,1.0,2.0,0.30000000000000004,0.4,20.0,10,0,6,2,3,4,12
262316,4.0,15.0,3.0,7.0,1.0,2.0,0.30000000000000004,0.4,20.0,11,0,6,1,2,2,10
262316,4.0,15.0,3.0,7.0,1.0,2.0,0.30000000000000004,0.4,20.0,12,0,2,1,2,2,6
262316,4.0,15.0,3.0,7.0,1.0,2.0,0.30000000000000004,0.4,20.0,13,0,0,1,2,2,4
262316,4.0,15.0,3.0,7.0,1.0,2.0,0.30000000000000004,0.4,20.0,14,0,0,0,1,1,2
262316,4.0,15.0,3.0,7.0,1.0,2.0,0.30000000000000004,0.4,20.0,15,10.0,0,0,1,1,2
262316,4.0,15.0,3.0,7.0,1.0,2.0,0.30000000000000004,0.4,20.0,16,0,0,0,1,1,2
262316,4.0,15.0,3.0,7.0,1.0,2.0,0.30000000000000004,0.4,20.0,17,0,0,0,1,1,2
262316,4.0,15.0,3.0,7.0,1.0,2.0,0.30000000000000004,0.4,20.0,18,0,0,0,0,1,1
262316,4.0,15.0,3.0,7.0,1.0,2.0,0.30000000000000004,0.4,20.0,19,0,0,0,0,0,1