Exp Num,agent:svo_convergence_factor,agent:params:metabolism,agent:params:consumption_factor,agent:params:procreate_cost_factor,agent:params:procreate_req_factor,agent:params:start_energy_factor,agent:params:caught_chance,agent:params:caught_cooldown_factor,agent:params:maximum_age,Epoch,Resource,A,B,C,D,E
244412,4.0,10.0,4.0,5.0,1.0,3.0,0.2,0.30000000000000004,30.0,0,3360.0,29,43,7,28,92
244412,4.0,10.0,4.0,5.0,1.0,3.0,0.2,0.30000000000000004,30.0,1,1600.0,35,50,10,28,109
244412,4.0,10.0,4.0,5.0,1.0,3.0,0.2,0.30000000000000004,30.0,2,0,33,60,10,23,116
244412,4.0,10.0,4.0,5.0,1.0,3.0,0.2,0.30000000000000004,30.0,3,0,33,63,12,20,121
244412,4.0,10.0,4.0,5.0,1.0,3.0,0.2,0.30000000000000004,30.0,4,0,30,55,10,20,108
244412,4.0,10.0,4.0,5.0,1.0,3.0,0.2,0.30000000000000004,30.0,5,0,19,45,9,14,85
244412,4.0,10.0,4.0,5.0,1.0,3.0,0.2,0.30000000000000004,30.0,6,0,12,34,6,10,60
244412,4.0,10.0,4.0,5.0,1.0,3.0,0.2,0.30000000000000004,30.0,7,0,7,30,6,6,46
244412,4.0,10.0,4.0,5.0,1.0,3.0,0.2,0.30000000000000004,30.0,8,0,5,21,5,2,33
244412,4.0,10.0,4.0,5.0,1.0,3.0,0.2,0.30000000000000004,30.0,9,0,5,14,4,2,25
244412,4.0,10.0,4.0,5.0,1.0,3.0,0.2,0.30000000000000004,30.0,10,0,5,8,4,1,19
244412,4.0,10.0,4.0,5.0,1.0,3.0,0.2,0.30000000000000004,30.0,11,0,4,4,2,1,12
244412,4.0,10.0,4.0,5.0,1.0,3.0,0.2,0.30000000000000004,30.0,12,0,4,3,1,0,9
244412,4.0,10.0,4.0,5.0,1.0,3.0,0.2,0.30000000000000004,30.0,13,20.0,3,1,1,0,6
244412,4.0,10.0,4.0,5.0,1.0,3.0,0.2,0.30000000000000004,30.0,14,0,2,1,1,0,5
244412,4.0,10.0,4.0,5.0,1.0,3.0,0.2,0.30000000000000004,30.0,15,0,2,1,1,0,5
244412,4.0,10.0,4.0,5.0,1.0,3.0,0.2,0.30000000000000004,30.0,16,0,1,1,1,0,4
244412,4.0,10.0,4.0,5.0,1.0,3.0,0.2,0.30000000000000004,30.0,17,0,1,0,0,0,2
244412,4.0,10.0,4.0,5.0,1.0,3.0,0.2,0.30000000000000004,30.0,18,0,1,0,0,0,1