Exp Num,agent:svo_convergence_factor,agent:params:metabolism,agent:params:consumption_factor,agent:params:procreate_cost_factor,agent:params:procreate_req_factor,agent:params:start_energy_factor,agent:params:caught_chance,agent:params:caught_cooldown_factor,agent:params:maximum_age,Epoch,Resource,A,B,C,D,E
200942,3.0,15.0,4.0,7.0,2.0,3.0,0.30000000000000004,0.4,30.0,0,2840.0,11,29,9,32,68
200942,3.0,15.0,4.0,7.0,2.0,3.0,0.30000000000000004,0.4,30.0,1,1810.0,11,29,9,32,68
200942,3.0,15.0,4.0,7.0,2.0,3.0,0.30000000000000004,0.4,30.0,2,162.5,7,19,8,25,53
200942,3.0,15.0,4.0,7.0,2.0,3.0,0.30000000000000004,0.4,30.0,3,0,7,18,8,22,50
200942,3.0,15.0,4.0,7.0,2.0,3.0,0.30000000000000004,0.4,30.0,4,0,7,18,8,22,50
200942,3.0,15.0,4.0,7.0,2.0,3.0,0.30000000000000004,0.4,30.0,5,0,7,18,8,22,50
200942,3.0,15.0,4.0,7.0,2.0,3.0,0.30000000000000004,0.4,30.0,6,0,6,16,6,10,37
200942,3.0,15.0,4.0,7.0,2.0,3.0,0.30000000000000004,0.4,30.0,7,0,6,15,6,4,32
200942,3.0,15.0,4.0,7.0,2.0,3.0,0.30000000000000004,0.4,30.0,8,0,6,13,4,3,25
200942,3.0,15.0,4.0,7.0,2.0,3.0,0.30000000000000004,0.4,30.0,9,0,5,13,3,3,23
200942,3.0,15.0,4.0,7.0,2.0,3.0,0.30000000000000004,0.4,30.0,10,0,4,11,1,2,18
200942,3.0,15.0,4.0,7.0,2.0,3.0,0.30000000000000004,0.4,30.0,11,0,4,11,0,0,16
200942,3.0,15.0,4.0,7.0,2.0,3.0,0.30000000000000004,0.4,30.0,12,0,4,7,0,0,12
200942,3.0,15.0,4.0,7.0,2.0,3.0,0.30000000000000004,0.4,30.0,13,0,4,6,0,0,10
200942,3.0,15.0,4.0,7.0,2.0,3.0,0.30000000000000004,0.4,30.0,14,100,3,4,0,0,7
200942,3.0,15.0,4.0,7.0,2.0,3.0,0.30000000000000004,0.4,30.0,15,125.0,2,3,0,0,5
200942,3.0,15.0,4.0,7.0,2.0,3.0,0.30000000000000004,0.4,30.0,16,156.25,0,3,0,0,3
200942,3.0,15.0,4.0,7.0,2.0,3.0,0.30000000000000004,0.4,30.0,17,195.3125,0,2,0,0,2
200942,3.0,15.0,4.0,7.0,2.0,3.0,0.30000000000000004,0.4,30.0,18,244.140625,0,1,0,0,1