Exp Num,agent:svo_convergence_factor,agent:params:metabolism,agent:params:consumption_factor,agent:params:procreate_cost_factor,agent:params:procreate_req_factor,agent:params:start_energy_factor,agent:params:caught_chance,agent:params:caught_cooldown_factor,agent:params:maximum_age,Epoch,Resource,A,B,C,D,E
252553,4.0,15.0,1.0,9.0,2.0,2.0,0.30000000000000004,0.1,40.0,0,3500.0,14,22,16,29,71
252553,4.0,15.0,1.0,9.0,2.0,2.0,0.30000000000000004,0.1,40.0,1,2965.0,14,22,16,29,71
252553,4.0,15.0,1.0,9.0,2.0,2.0,0.30000000000000004,0.1,40.0,2,2716.25,14,21,16,29,70
252553,4.0,15.0,1.0,9.0,2.0,2.0,0.30000000000000004,0.1,40.0,3,2495.3125,12,21,15,27,67
252553,4.0,15.0,1.0,9.0,2.0,2.0,0.30000000000000004,0.1,40.0,4,2144.140625,10,18,14,25,60
252553,4.0,15.0,1.0,9.0,2.0,2.0,0.30000000000000004,0.1,40.0,5,1735.17578125,8,18,13,23,57
252553,4.0,15.0,1.0,9.0,2.0,2.0,0.30000000000000004,0.1,40.0,6,1193.9697265625,6,15,13,23,52
252553,4.0,15.0,1.0,9.0,2.0,2.0,0.30000000000000004,0.1,40.0,7,457.462158203125,5,14,13,23,50
252553,4.0,15.0,1.0,9.0,2.0,2.0,0.30000000000000004,0.1,40.0,8,0,5,11,11,17,39
252553,4.0,15.0,1.0,9.0,2.0,2.0,0.30000000000000004,0.1,40.0,9,0,4,2,7,9,19
252553,4.0,15.0,1.0,9.0,2.0,2.0,0.30000000000000004,0.1,40.0,10,0,3,0,3,4,10
252553,4.0,15.0,1.0,9.0,2.0,2.0,0.30000000000000004,0.1,40.0,11,0,3,0,1,0,7
252553,4.0,15.0,1.0,9.0,2.0,2.0,0.30000000000000004,0.1,40.0,12,0,1,0,0,0,3
252553,4.0,15.0,1.0,9.0,2.0,2.0,0.30000000000000004,0.1,40.0,13,0,1,0,0,0,1