Exp Num,agent:svo_convergence_factor,agent:params:metabolism,agent:params:consumption_factor,agent:params:procreate_cost_factor,agent:params:procreate_req_factor,agent:params:start_energy_factor,agent:params:caught_chance,agent:params:caught_cooldown_factor,agent:params:maximum_age,Epoch,Resource,A,B,C,D,E
225130,4.0,10.0,1.0,1.0,1.0,2.0,0.1,0.2,10.0,0,4000.0,18,42,19,40,110
225130,4.0,10.0,1.0,1.0,1.0,2.0,0.1,0.2,10.0,1,3500.0,30,58,36,59,166
225130,4.0,10.0,1.0,1.0,1.0,2.0,0.1,0.2,10.0,2,3075.0,35,51,35,54,153
225130,4.0,10.0,1.0,1.0,1.0,2.0,0.1,0.2,10.0,3,2723.75,34,47,33,38,138
225130,4.0,10.0,1.0,1.0,1.0,2.0,0.1,0.2,10.0,4,2394.6875,31,45,28,28,120
225130,4.0,10.0,1.0,1.0,1.0,2.0,0.1,0.2,10.0,5,2073.359375,24,43,23,23,101
225130,4.0,10.0,1.0,1.0,1.0,2.0,0.1,0.2,10.0,6,1731.69921875,19,43,27,17,99
225130,4.0,10.0,1.0,1.0,1.0,2.0,0.1,0.2,10.0,7,1404.6240234375,17,49,29,19,105
225130,4.0,10.0,1.0,1.0,1.0,2.0,0.1,0.2,10.0,8,1045.780029296875,15,39,30,14,92
225130,4.0,10.0,1.0,1.0,1.0,2.0,0.1,0.2,10.0,9,757.2250366210938,21,30,27,8,81
225130,4.0,10.0,1.0,1.0,1.0,2.0,0.1,0.2,10.0,10,406.5312957763672,23,30,22,5,78
225130,4.0,10.0,1.0,1.0,1.0,2.0,0.1,0.2,10.0,11,0,27,23,18,4,69
225130,4.0,10.0,1.0,1.0,1.0,2.0,0.1,0.2,10.0,12,0,16,18,11,1,45
225130,4.0,10.0,1.0,1.0,1.0,2.0,0.1,0.2,10.0,13,0,12,15,8,2,35
225130,4.0,10.0,1.0,1.0,1.0,2.0,0.1,0.2,10.0,14,0,7,13,5,1,25
225130,4.0,10.0,1.0,1.0,1.0,2.0,0.1,0.2,10.0,15,0,5,9,2,1,16
225130,4.0,10.0,1.0,1.0,1.0,2.0,0.1,0.2,10.0,16,0,3,5,1,2,9
225130,4.0,10.0,1.0,1.0,1.0,2.0,0.1,0.2,10.0,17,0,3,3,1,1,7
225130,4.0,10.0,1.0,1.0,1.0,2.0,0.1,0.2,10.0,18,0,1,3,1,1,5
225130,4.0,10.0,1.0,1.0,1.0,2.0,0.1,0.2,10.0,19,0,0,2,1,0,3
225130,4.0,10.0,1.0,1.0,1.0,2.0,0.1,0.2,10.0,20,0,0,0,1,0,1