Exp Num,agent:svo_convergence_factor,agent:params:metabolism,agent:params:consumption_factor,agent:params:procreate_cost_factor,agent:params:procreate_req_factor,agent:params:start_energy_factor,agent:params:caught_chance,agent:params:caught_cooldown_factor,agent:params:maximum_age,Epoch,Resource,A,B,C,D,E
237703,4.0,10.0,3.0,3.0,1.0,3.0,0.4,0.1,40.0,0,4190.0,21,33,14,31,82
237703,4.0,10.0,3.0,3.0,1.0,3.0,0.4,0.1,40.0,1,4367.5,27,40,18,31,101
237703,4.0,10.0,3.0,3.0,1.0,3.0,0.4,0.1,40.0,2,3809.375,22,36,24,31,102
237703,4.0,10.0,3.0,3.0,1.0,3.0,0.4,0.1,40.0,3,2631.71875,26,37,29,41,112
237703,4.0,10.0,3.0,3.0,1.0,3.0,0.4,0.1,40.0,4,1279.6484375,31,47,36,45,135
237703,4.0,10.0,3.0,3.0,1.0,3.0,0.4,0.1,40.0,5,0,27,58,40,45,148
237703,4.0,10.0,3.0,3.0,1.0,3.0,0.4,0.1,40.0,6,0,19,52,32,28,119
237703,4.0,10.0,3.0,3.0,1.0,3.0,0.4,0.1,40.0,7,0,17,42,25,24,95
237703,4.0,10.0,3.0,3.0,1.0,3.0,0.4,0.1,40.0,8,0,12,30,18,20,72
237703,4.0,10.0,3.0,3.0,1.0,3.0,0.4,0.1,40.0,9,0,11,17,12,18,49
237703,4.0,10.0,3.0,3.0,1.0,3.0,0.4,0.1,40.0,10,0,7,11,11,11,34
237703,4.0,10.0,3.0,3.0,1.0,3.0,0.4,0.1,40.0,11,0,4,7,9,7,22
237703,4.0,10.0,3.0,3.0,1.0,3.0,0.4,0.1,40.0,12,0,2,5,10,3,19
237703,4.0,10.0,3.0,3.0,1.0,3.0,0.4,0.1,40.0,13,0,1,2,7,2,13
237703,4.0,10.0,3.0,3.0,1.0,3.0,0.4,0.1,40.0,14,0,1,2,6,0,11
237703,4.0,10.0,3.0,3.0,1.0,3.0,0.4,0.1,40.0,15,0,1,2,2,0,6
237703,4.0,10.0,3.0,3.0,1.0,3.0,0.4,0.1,40.0,16,70.0,1,1,3,0,6
237703,4.0,10.0,3.0,3.0,1.0,3.0,0.4,0.1,40.0,17,0,1,1,2,0,5
237703,4.0,10.0,3.0,3.0,1.0,3.0,0.4,0.1,40.0,18,0,1,0,2,0,4
237703,4.0,10.0,3.0,3.0,1.0,3.0,0.4,0.1,40.0,19,0,0,0,2,0,2
237703,4.0,10.0,3.0,3.0,1.0,3.0,0.4,0.1,40.0,20,0,0,0,2,0,2
237703,4.0,10.0,3.0,3.0,1.0,3.0,0.4,0.1,40.0,21,0,0,0,1,0,1