Exp Num,agent:svo_convergence_factor,agent:params:metabolism,agent:params:consumption_factor,agent:params:procreate_cost_factor,agent:params:procreate_req_factor,agent:params:start_energy_factor,agent:params:caught_chance,agent:params:caught_cooldown_factor,agent:params:maximum_age,Epoch,Resource,A,B,C,D,E
28614,1.0,10.0,2.0,1.0,2.0,1.0,0.5,0.30000000000000004,50.0,0,3000.0,23,38,23,43,107
28614,1.0,10.0,2.0,1.0,2.0,1.0,0.5,0.30000000000000004,50.0,1,1430.0,26,55,39,63,145
28614,1.0,10.0,2.0,1.0,2.0,1.0,0.5,0.30000000000000004,50.0,2,0,24,64,44,62,152
28614,1.0,10.0,2.0,1.0,2.0,1.0,0.5,0.30000000000000004,50.0,3,0,14,43,30,36,95
28614,1.0,10.0,2.0,1.0,2.0,1.0,0.5,0.30000000000000004,50.0,4,0,8,24,17,19,53
28614,1.0,10.0,2.0,1.0,2.0,1.0,0.5,0.30000000000000004,50.0,5,0,3,13,12,9,31
28614,1.0,10.0,2.0,1.0,2.0,1.0,0.5,0.30000000000000004,50.0,6,0,2,6,6,5,16
28614,1.0,10.0,2.0,1.0,2.0,1.0,0.5,0.30000000000000004,50.0,7,0,2,3,2,3,8
28614,1.0,10.0,2.0,1.0,2.0,1.0,0.5,0.30000000000000004,50.0,8,0,0,1,2,2,3
28614,1.0,10.0,2.0,1.0,2.0,1.0,0.5,0.30000000000000004,50.0,9,0,0,0,2,0,2
28614,1.0,10.0,2.0,1.0,2.0,1.0,0.5,0.30000000000000004,50.0,10,0,0,0,1,0,1