Exp Num,agent:svo_convergence_factor,agent:params:metabolism,agent:params:consumption_factor,agent:params:procreate_cost_factor,agent:params:procreate_req_factor,agent:params:start_energy_factor,agent:params:caught_chance,agent:params:caught_cooldown_factor,agent:params:maximum_age,Epoch,Resource,A,B,C,D,E
264427,4.0,15.0,4.0,1.0,1.0,1.0,0.30000000000000004,0.1,30.0,0,0,25,38,16,41,91
264427,4.0,15.0,4.0,1.0,1.0,1.0,0.30000000000000004,0.1,30.0,1,0,33,48,28,58,126
264427,4.0,15.0,4.0,1.0,1.0,1.0,0.30000000000000004,0.1,30.0,2,0,18,32,21,39,87
264427,4.0,15.0,4.0,1.0,1.0,1.0,0.30000000000000004,0.1,30.0,3,0,10,27,16,29,68
264427,4.0,15.0,4.0,1.0,1.0,1.0,0.30000000000000004,0.1,30.0,4,0,7,18,11,16,48
264427,4.0,15.0,4.0,1.0,1.0,1.0,0.30000000000000004,0.1,30.0,5,0,8,11,10,13,37
264427,4.0,15.0,4.0,1.0,1.0,1.0,0.30000000000000004,0.1,30.0,6,0,6,6,6,8,23
264427,4.0,15.0,4.0,1.0,1.0,1.0,0.30000000000000004,0.1,30.0,7,0,5,5,4,4,15
264427,4.0,15.0,4.0,1.0,1.0,1.0,0.30000000000000004,0.1,30.0,8,0,4,4,2,0,11
264427,4.0,15.0,4.0,1.0,1.0,1.0,0.30000000000000004,0.1,30.0,9,0,3,3,2,1,9
264427,4.0,15.0,4.0,1.0,1.0,1.0,0.30000000000000004,0.1,30.0,10,0,1,2,0,1,4
264427,4.0,15.0,4.0,1.0,1.0,1.0,0.30000000000000004,0.1,30.0,11,0,0,1,0,1,3
264427,4.0,15.0,4.0,1.0,1.0,1.0,0.30000000000000004,0.1,30.0,12,0,0,0,1,1,3
264427,4.0,15.0,4.0,1.0,1.0,1.0,0.30000000000000004,0.1,30.0,13,0,0,0,1,1,3
264427,4.0,15.0,4.0,1.0,1.0,1.0,0.30000000000000004,0.1,30.0,14,0,0,0,0,1,1
264427,4.0,15.0,4.0,1.0,1.0,1.0,0.30000000000000004,0.1,30.0,15,0,0,0,0,1,0