Exp Num,agent:svo_convergence_factor,agent:params:metabolism,agent:params:consumption_factor,agent:params:procreate_cost_factor,agent:params:procreate_req_factor,agent:params:start_energy_factor,agent:params:caught_chance,agent:params:caught_cooldown_factor,agent:params:maximum_age,Epoch,Resource,A,B,C,D,E
219815,4.0,5.0,4.0,1.0,2.0,1.0,0.30000000000000004,0.4,10.0,0,3000.0,31,30,27,32,118
219815,4.0,5.0,4.0,1.0,2.0,1.0,0.30000000000000004,0.4,10.0,1,2610.0,40,50,39,46,163
219815,4.0,5.0,4.0,1.0,2.0,1.0,0.30000000000000004,0.4,10.0,2,962.5,50,57,52,54,204
219815,4.0,5.0,4.0,1.0,2.0,1.0,0.30000000000000004,0.4,10.0,3,0,55,74,63,59,252
219815,4.0,5.0,4.0,1.0,2.0,1.0,0.30000000000000004,0.4,10.0,4,0,59,66,56,44,217
219815,4.0,5.0,4.0,1.0,2.0,1.0,0.30000000000000004,0.4,10.0,5,0,55,54,35,27,162
219815,4.0,5.0,4.0,1.0,2.0,1.0,0.30000000000000004,0.4,10.0,6,0,47,34,30,17,124
219815,4.0,5.0,4.0,1.0,2.0,1.0,0.30000000000000004,0.4,10.0,7,0,35,21,16,13,80
219815,4.0,5.0,4.0,1.0,2.0,1.0,0.30000000000000004,0.4,10.0,8,0,21,15,10,7,50
219815,4.0,5.0,4.0,1.0,2.0,1.0,0.30000000000000004,0.4,10.0,9,0,14,9,8,2,33
219815,4.0,5.0,4.0,1.0,2.0,1.0,0.30000000000000004,0.4,10.0,10,0,9,5,4,1,19
219815,4.0,5.0,4.0,1.0,2.0,1.0,0.30000000000000004,0.4,10.0,11,0,5,1,3,1,10
219815,4.0,5.0,4.0,1.0,2.0,1.0,0.30000000000000004,0.4,10.0,12,0,3,1,1,0,6
219815,4.0,5.0,4.0,1.0,2.0,1.0,0.30000000000000004,0.4,10.0,13,0,2,0,1,0,4
219815,4.0,5.0,4.0,1.0,2.0,1.0,0.30000000000000004,0.4,10.0,14,100,0,0,1,0,2
219815,4.0,5.0,4.0,1.0,2.0,1.0,0.30000000000000004,0.4,10.0,15,105.0,0,0,2,0,3
219815,4.0,5.0,4.0,1.0,2.0,1.0,0.30000000000000004,0.4,10.0,16,91.25,0,0,3,0,4
219815,4.0,5.0,4.0,1.0,2.0,1.0,0.30000000000000004,0.4,10.0,17,114.0625,0,0,4,0,5
219815,4.0,5.0,4.0,1.0,2.0,1.0,0.30000000000000004,0.4,10.0,18,82.578125,0,1,3,0,5
219815,4.0,5.0,4.0,1.0,2.0,1.0,0.30000000000000004,0.4,10.0,19,83.22265625,0,2,3,0,7
219815,4.0,5.0,4.0,1.0,2.0,1.0,0.30000000000000004,0.4,10.0,20,24.0283203125,0,3,4,0,9
219815,4.0,5.0,4.0,1.0,2.0,1.0,0.30000000000000004,0.4,10.0,21,0,0,4,4,0,9
219815,4.0,5.0,4.0,1.0,2.0,1.0,0.30000000000000004,0.4,10.0,22,0,0,3,5,0,8
219815,4.0,5.0,4.0,1.0,2.0,1.0,0.30000000000000004,0.4,10.0,23,0,0,1,3,0,4
219815,4.0,5.0,4.0,1.0,2.0,1.0,0.30000000000000004,0.4,10.0,24,0,0,0,2,0,2
219815,4.0,5.0,4.0,1.0,2.0,1.0,0.30000000000000004,0.4,10.0,25,0,0,0,1,0,1