Exp Num,agent:svo_convergence_factor,agent:params:metabolism,agent:params:consumption_factor,agent:params:procreate_cost_factor,agent:params:procreate_req_factor,agent:params:start_energy_factor,agent:params:caught_chance,agent:params:caught_cooldown_factor,agent:params:maximum_age,Epoch,Resource,A,B,C,D,E
251497,4.0,15.0,1.0,7.0,2.0,2.0,0.5,0.5,30.0,0,3500.0,23,30,7,30,70
251497,4.0,15.0,1.0,7.0,2.0,2.0,0.5,0.5,30.0,1,2980.0,23,30,7,30,70
251497,4.0,15.0,1.0,7.0,2.0,2.0,0.5,0.5,30.0,2,2705.0,23,30,6,30,68
251497,4.0,15.0,1.0,7.0,2.0,2.0,0.5,0.5,30.0,3,2586.25,19,25,6,29,58
251497,4.0,15.0,1.0,7.0,2.0,2.0,0.5,0.5,30.0,4,2272.8125,15,23,5,27,51
251497,4.0,15.0,1.0,7.0,2.0,2.0,0.5,0.5,30.0,5,2016.015625,12,23,5,24,48
251497,4.0,15.0,1.0,7.0,2.0,2.0,0.5,0.5,30.0,6,1740.01953125,10,20,5,24,43
251497,4.0,15.0,1.0,7.0,2.0,2.0,0.5,0.5,30.0,7,1485.0244140625,7,17,5,23,37
251497,4.0,15.0,1.0,7.0,2.0,2.0,0.5,0.5,30.0,8,1166.280517578125,7,15,5,21,35
251497,4.0,15.0,1.0,7.0,2.0,2.0,0.5,0.5,30.0,9,722.8506469726562,6,14,5,20,33
251497,4.0,15.0,1.0,7.0,2.0,2.0,0.5,0.5,30.0,10,153.5633087158203,6,14,4,20,32
251497,4.0,15.0,1.0,7.0,2.0,2.0,0.5,0.5,30.0,11,0,3,10,3,9,23
251497,4.0,15.0,1.0,7.0,2.0,2.0,0.5,0.5,30.0,12,0,2,4,2,4,12
251497,4.0,15.0,1.0,7.0,2.0,2.0,0.5,0.5,30.0,13,0,1,1,1,2,6
251497,4.0,15.0,1.0,7.0,2.0,2.0,0.5,0.5,30.0,14,0,0,0,0,1,3
251497,4.0,15.0,1.0,7.0,2.0,2.0,0.5,0.5,30.0,15,0,0,0,0,0,2
251497,4.0,15.0,1.0,7.0,2.0,2.0,0.5,0.5,30.0,16,0,0,0,0,0,1