Exp Num,agent:svo_convergence_factor,agent:params:metabolism,agent:params:consumption_factor,agent:params:procreate_cost_factor,agent:params:procreate_req_factor,agent:params:start_energy_factor,agent:params:caught_chance,agent:params:caught_cooldown_factor,agent:params:maximum_age,Epoch,Resource,A,B,C,D,E
250287,4.0,15.0,1.0,5.0,2.0,2.0,0.2,0.30000000000000004,30.0,0,3500.0,15,26,16,30,70
250287,4.0,15.0,1.0,5.0,2.0,2.0,0.2,0.30000000000000004,30.0,1,2935.0,15,26,16,30,70
250287,4.0,15.0,1.0,5.0,2.0,2.0,0.2,0.30000000000000004,30.0,2,2648.75,15,26,16,30,70
250287,4.0,15.0,1.0,5.0,2.0,2.0,0.2,0.30000000000000004,30.0,3,2395.9375,14,24,14,28,64
250287,4.0,15.0,1.0,5.0,2.0,2.0,0.2,0.30000000000000004,30.0,4,2079.921875,12,23,14,27,60
250287,4.0,15.0,1.0,5.0,2.0,2.0,0.2,0.30000000000000004,30.0,5,1594.90234375,10,20,13,27,54
250287,4.0,15.0,1.0,5.0,2.0,2.0,0.2,0.30000000000000004,30.0,6,853.6279296875,10,20,12,27,53
250287,4.0,15.0,1.0,5.0,2.0,2.0,0.2,0.30000000000000004,30.0,7,0,9,20,12,27,50
250287,4.0,15.0,1.0,5.0,2.0,2.0,0.2,0.30000000000000004,30.0,8,0,7,10,4,12,28
250287,4.0,15.0,1.0,5.0,2.0,2.0,0.2,0.30000000000000004,30.0,9,0,6,3,2,6,14
250287,4.0,15.0,1.0,5.0,2.0,2.0,0.2,0.30000000000000004,30.0,10,0,5,3,0,2,9
250287,4.0,15.0,1.0,5.0,2.0,2.0,0.2,0.30000000000000004,30.0,11,0,1,1,0,2,3
250287,4.0,15.0,1.0,5.0,2.0,2.0,0.2,0.30000000000000004,30.0,12,0,0,1,0,1,1
250287,4.0,15.0,1.0,5.0,2.0,2.0,0.2,0.30000000000000004,30.0,13,0,0,1,0,0,1