Exp Num,agent:svo_convergence_factor,agent:params:metabolism,agent:params:consumption_factor,agent:params:procreate_cost_factor,agent:params:procreate_req_factor,agent:params:start_energy_factor,agent:params:caught_chance,agent:params:caught_cooldown_factor,agent:params:maximum_age,Epoch,Resource,A,B,C,D,E
251950,4.0,15.0,1.0,7.0,3.0,3.0,0.4,0.1,10.0,0,3500.0,17,29,14,25,75
251950,4.0,15.0,1.0,7.0,3.0,3.0,0.4,0.1,10.0,1,2980.0,17,29,14,25,75
251950,4.0,15.0,1.0,7.0,3.0,3.0,0.4,0.1,10.0,2,2690.0,17,29,14,25,75
251950,4.0,15.0,1.0,7.0,3.0,3.0,0.4,0.1,10.0,3,2672.5,17,29,14,25,75
251950,4.0,15.0,1.0,7.0,3.0,3.0,0.4,0.1,10.0,4,2545.625,16,28,14,24,73
251950,4.0,15.0,1.0,7.0,3.0,3.0,0.4,0.1,10.0,5,2237.03125,16,27,14,24,72
251950,4.0,15.0,1.0,7.0,3.0,3.0,0.4,0.1,10.0,6,1776.2890625,16,26,13,23,70
251950,4.0,15.0,1.0,7.0,3.0,3.0,0.4,0.1,10.0,7,975.361328125,16,25,13,23,69
251950,4.0,15.0,1.0,7.0,3.0,3.0,0.4,0.1,10.0,8,0,16,22,12,23,65
251950,4.0,15.0,1.0,7.0,3.0,3.0,0.4,0.1,10.0,9,0,6,10,6,12,32
251950,4.0,15.0,1.0,7.0,3.0,3.0,0.4,0.1,10.0,10,0,2,6,3,7,15
251950,4.0,15.0,1.0,7.0,3.0,3.0,0.4,0.1,10.0,11,0,2,1,2,3,8
251950,4.0,15.0,1.0,7.0,3.0,3.0,0.4,0.1,10.0,12,0,1,0,1,1,4
251950,4.0,15.0,1.0,7.0,3.0,3.0,0.4,0.1,10.0,13,0,0,0,1,1,1
251950,4.0,15.0,1.0,7.0,3.0,3.0,0.4,0.1,10.0,14,0,0,0,1,0,1