Exp Num,agent:svo_convergence_factor,agent:params:metabolism,agent:params:consumption_factor,agent:params:procreate_cost_factor,agent:params:procreate_req_factor,agent:params:start_energy_factor,agent:params:caught_chance,agent:params:caught_cooldown_factor,agent:params:maximum_age,Epoch,Resource,A,B,C,D,E
265551,4.0,15.0,4.0,3.0,1.0,1.0,0.30000000000000004,0.1,20.0,0,0,32,29,18,32,100
265551,4.0,15.0,4.0,3.0,1.0,1.0,0.30000000000000004,0.1,20.0,1,0,21,19,13,21,67
265551,4.0,15.0,4.0,3.0,1.0,1.0,0.30000000000000004,0.1,20.0,2,0,17,18,10,18,53
265551,4.0,15.0,4.0,3.0,1.0,1.0,0.30000000000000004,0.1,20.0,3,0,17,14,10,13,49
265551,4.0,15.0,4.0,3.0,1.0,1.0,0.30000000000000004,0.1,20.0,4,0,14,12,8,9,41
265551,4.0,15.0,4.0,3.0,1.0,1.0,0.30000000000000004,0.1,20.0,5,0,12,9,4,5,28
265551,4.0,15.0,4.0,3.0,1.0,1.0,0.30000000000000004,0.1,20.0,6,0,7,6,3,2,19
265551,4.0,15.0,4.0,3.0,1.0,1.0,0.30000000000000004,0.1,20.0,7,0,4,5,3,2,14
265551,4.0,15.0,4.0,3.0,1.0,1.0,0.30000000000000004,0.1,20.0,8,0,2,4,3,2,10
265551,4.0,15.0,4.0,3.0,1.0,1.0,0.30000000000000004,0.1,20.0,9,0,2,2,2,2,6
265551,4.0,15.0,4.0,3.0,1.0,1.0,0.30000000000000004,0.1,20.0,10,0,1,2,1,3,4
265551,4.0,15.0,4.0,3.0,1.0,1.0,0.30000000000000004,0.1,20.0,11,0,0,1,1,3,2
265551,4.0,15.0,4.0,3.0,1.0,1.0,0.30000000000000004,0.1,20.0,12,0,0,0,1,2,1
265551,4.0,15.0,4.0,3.0,1.0,1.0,0.30000000000000004,0.1,20.0,13,0,0,0,1,1,1
265551,4.0,15.0,4.0,3.0,1.0,1.0,0.30000000000000004,0.1,20.0,14,0,0,0,1,0,1