Exp Num,agent:svo_convergence_factor,agent:params:metabolism,agent:params:consumption_factor,agent:params:procreate_cost_factor,agent:params:procreate_req_factor,agent:params:start_energy_factor,agent:params:caught_chance,agent:params:caught_cooldown_factor,agent:params:maximum_age,Epoch,Resource,A,B,C,D,E
215769,4.0,5.0,3.0,3.0,3.0,2.0,0.1,0.4,50.0,0,3500.0,19,24,13,24,76
215769,4.0,5.0,3.0,3.0,3.0,2.0,0.1,0.4,50.0,1,2935.0,19,24,13,24,76
215769,4.0,5.0,3.0,3.0,3.0,2.0,0.1,0.4,50.0,2,2513.75,19,24,13,24,76
215769,4.0,5.0,3.0,3.0,3.0,2.0,0.1,0.4,50.0,3,2392.1875,24,35,14,27,93
215769,4.0,5.0,3.0,3.0,3.0,2.0,0.1,0.4,50.0,4,2165.234375,28,45,19,29,112
215769,4.0,5.0,3.0,3.0,3.0,2.0,0.1,0.4,50.0,5,1926.54296875,31,46,19,29,116
215769,4.0,5.0,3.0,3.0,3.0,2.0,0.1,0.4,50.0,6,1433.1787109375,39,50,23,29,133
215769,4.0,5.0,3.0,3.0,3.0,2.0,0.1,0.4,50.0,7,726.473388671875,47,55,27,30,150
215769,4.0,5.0,3.0,3.0,3.0,2.0,0.1,0.4,50.0,8,0,51,56,28,30,156
215769,4.0,5.0,3.0,3.0,3.0,2.0,0.1,0.4,50.0,9,0,51,52,28,29,152
215769,4.0,5.0,3.0,3.0,3.0,2.0,0.1,0.4,50.0,10,0,49,48,26,15,133
215769,4.0,5.0,3.0,3.0,3.0,2.0,0.1,0.4,50.0,11,0,44,46,26,13,125
215769,4.0,5.0,3.0,3.0,3.0,2.0,0.1,0.4,50.0,12,0,41,44,23,13,116
215769,4.0,5.0,3.0,3.0,3.0,2.0,0.1,0.4,50.0,13,0,36,32,14,8,85
215769,4.0,5.0,3.0,3.0,3.0,2.0,0.1,0.4,50.0,14,0,33,25,11,4,71
215769,4.0,5.0,3.0,3.0,3.0,2.0,0.1,0.4,50.0,15,0,27,20,9,3,56
215769,4.0,5.0,3.0,3.0,3.0,2.0,0.1,0.4,50.0,16,0,19,17,5,1,41
215769,4.0,5.0,3.0,3.0,3.0,2.0,0.1,0.4,50.0,17,0,13,11,3,0,27
215769,4.0,5.0,3.0,3.0,3.0,2.0,0.1,0.4,50.0,18,0,5,10,2,0,17
215769,4.0,5.0,3.0,3.0,3.0,2.0,0.1,0.4,50.0,19,40.0,4,6,2,0,12
215769,4.0,5.0,3.0,3.0,3.0,2.0,0.1,0.4,50.0,20,0,4,4,1,0,9
215769,4.0,5.0,3.0,3.0,3.0,2.0,0.1,0.4,50.0,21,0,3,3,1,0,7
215769,4.0,5.0,3.0,3.0,3.0,2.0,0.1,0.4,50.0,22,0,1,2,1,0,4
215769,4.0,5.0,3.0,3.0,3.0,2.0,0.1,0.4,50.0,23,0,1,1,1,0,3
215769,4.0,5.0,3.0,3.0,3.0,2.0,0.1,0.4,50.0,24,0,1,0,1,0,2
215769,4.0,5.0,3.0,3.0,3.0,2.0,0.1,0.4,50.0,25,0,1,0,1,0,2
215769,4.0,5.0,3.0,3.0,3.0,2.0,0.1,0.4,50.0,26,0,1,0,0,0,1