Exp Num,agent:svo_convergence_factor,agent:params:metabolism,agent:params:consumption_factor,agent:params:procreate_cost_factor,agent:params:procreate_req_factor,agent:params:start_energy_factor,agent:params:caught_chance,agent:params:caught_cooldown_factor,agent:params:maximum_age,Epoch,Resource,A,B,C,D,E
203192,4.0,5.0,1.0,1.0,2.0,3.0,0.30000000000000004,0.4,30.0,0,4500.0,21,28,25,47,103
203192,4.0,5.0,1.0,1.0,2.0,3.0,0.30000000000000004,0.4,30.0,1,4875.0,30,41,37,71,154
203192,4.0,5.0,1.0,1.0,2.0,3.0,0.30000000000000004,0.4,30.0,2,4968.75,31,47,46,84,178
203192,4.0,5.0,1.0,1.0,2.0,3.0,0.30000000000000004,0.4,30.0,3,4900.9375,31,48,49,93,188
203192,4.0,5.0,1.0,1.0,2.0,3.0,0.30000000000000004,0.4,30.0,4,4721.171875,31,49,49,98,192
203192,4.0,5.0,1.0,1.0,2.0,3.0,0.30000000000000004,0.4,30.0,5,4451.46484375,31,49,50,101,194
203192,4.0,5.0,1.0,1.0,2.0,3.0,0.30000000000000004,0.4,30.0,6,4089.3310546875,31,49,50,102,195
203192,4.0,5.0,1.0,1.0,2.0,3.0,0.30000000000000004,0.4,30.0,7,3626.663818359375,31,49,51,102,196
203192,4.0,5.0,1.0,1.0,2.0,3.0,0.30000000000000004,0.4,30.0,8,3043.3297729492188,31,49,52,102,197
203192,4.0,5.0,1.0,1.0,2.0,3.0,0.30000000000000004,0.4,30.0,9,2309.1622161865234,31,49,52,102,197
203192,4.0,5.0,1.0,1.0,2.0,3.0,0.30000000000000004,0.4,30.0,10,1396.4527702331543,31,49,52,102,197
203192,4.0,5.0,1.0,1.0,2.0,3.0,0.30000000000000004,0.4,30.0,11,250.56596279144287,31,49,52,102,197
203192,4.0,5.0,1.0,1.0,2.0,3.0,0.30000000000000004,0.4,30.0,12,0,19,29,31,61,119
203192,4.0,5.0,1.0,1.0,2.0,3.0,0.30000000000000004,0.4,30.0,13,0,8,18,14,34,56
203192,4.0,5.0,1.0,1.0,2.0,3.0,0.30000000000000004,0.4,30.0,14,0,5,7,7,20,25
203192,4.0,5.0,1.0,1.0,2.0,3.0,0.30000000000000004,0.4,30.0,15,0,4,3,1,12,10
203192,4.0,5.0,1.0,1.0,2.0,3.0,0.30000000000000004,0.4,30.0,16,0,1,1,1,7,4
203192,4.0,5.0,1.0,1.0,2.0,3.0,0.30000000000000004,0.4,30.0,17,0,1,0,0,3,2
203192,4.0,5.0,1.0,1.0,2.0,3.0,0.30000000000000004,0.4,30.0,18,0,0,0,0,2,0
203192,4.0,5.0,1.0,1.0,2.0,3.0,0.30000000000000004,0.4,30.0,19,0,0,0,0,1,0