Exp Num,agent:svo_convergence_factor,agent:params:metabolism,agent:params:consumption_factor,agent:params:procreate_cost_factor,agent:params:procreate_req_factor,agent:params:start_energy_factor,agent:params:caught_chance,agent:params:caught_cooldown_factor,agent:params:maximum_age,Epoch,Resource,A,B,C,D,E
202104,3.0,15.0,4.0,9.0,2.0,3.0,0.5,0.1,50.0,0,3140.0,17,33,8,33,67
202104,3.0,15.0,4.0,9.0,2.0,3.0,0.5,0.1,50.0,1,2425.0,17,33,8,33,67
202104,3.0,15.0,4.0,9.0,2.0,3.0,0.5,0.1,50.0,2,1591.25,8,27,5,27,47
202104,3.0,15.0,4.0,9.0,2.0,3.0,0.5,0.1,50.0,3,1089.0625,8,24,4,27,43
202104,3.0,15.0,4.0,9.0,2.0,3.0,0.5,0.1,50.0,4,1181.328125,8,24,4,27,43
202104,3.0,15.0,4.0,9.0,2.0,3.0,0.5,0.1,50.0,5,996.66015625,8,24,4,27,43
202104,3.0,15.0,4.0,9.0,2.0,3.0,0.5,0.1,50.0,6,645.8251953125,5,21,3,21,36
202104,3.0,15.0,4.0,9.0,2.0,3.0,0.5,0.1,50.0,7,387.281494140625,5,16,3,16,31
202104,3.0,15.0,4.0,9.0,2.0,3.0,0.5,0.1,50.0,8,124.10186767578125,5,12,3,16,27
202104,3.0,15.0,4.0,9.0,2.0,3.0,0.5,0.1,50.0,9,0,5,12,3,15,27
202104,3.0,15.0,4.0,9.0,2.0,3.0,0.5,0.1,50.0,10,0,4,10,1,13,19
202104,3.0,15.0,4.0,9.0,2.0,3.0,0.5,0.1,50.0,11,0,3,8,1,11,14
202104,3.0,15.0,4.0,9.0,2.0,3.0,0.5,0.1,50.0,12,0,2,6,1,8,10
202104,3.0,15.0,4.0,9.0,2.0,3.0,0.5,0.1,50.0,13,0,2,6,1,7,10
202104,3.0,15.0,4.0,9.0,2.0,3.0,0.5,0.1,50.0,14,0,2,6,1,6,9
202104,3.0,15.0,4.0,9.0,2.0,3.0,0.5,0.1,50.0,15,0,2,6,1,4,9
202104,3.0,15.0,4.0,9.0,2.0,3.0,0.5,0.1,50.0,16,0,0,6,1,3,7
202104,3.0,15.0,4.0,9.0,2.0,3.0,0.5,0.1,50.0,17,0,0,4,1,1,5
202104,3.0,15.0,4.0,9.0,2.0,3.0,0.5,0.1,50.0,18,0,0,4,1,0,5
202104,3.0,15.0,4.0,9.0,2.0,3.0,0.5,0.1,50.0,19,0,0,2,0,0,2
202104,3.0,15.0,4.0,9.0,2.0,3.0,0.5,0.1,50.0,20,40.0,0,2,0,0,2
202104,3.0,15.0,4.0,9.0,2.0,3.0,0.5,0.1,50.0,21,50.0,0,2,0,0,2
202104,3.0,15.0,4.0,9.0,2.0,3.0,0.5,0.1,50.0,22,62.5,0,1,0,0,1