Exp Num,agent:svo_convergence_factor,agent:params:metabolism,agent:params:consumption_factor,agent:params:procreate_cost_factor,agent:params:procreate_req_factor,agent:params:start_energy_factor,agent:params:caught_chance,agent:params:caught_cooldown_factor,agent:params:maximum_age,Epoch,Resource,A,B,C,D,E
252556,4.0,15.0,1.0,9.0,2.0,2.0,0.30000000000000004,0.2,20.0,0,3500.0,25,18,9,23,77
252556,4.0,15.0,1.0,9.0,2.0,2.0,0.30000000000000004,0.2,20.0,1,2980.0,25,18,9,23,77
252556,4.0,15.0,1.0,9.0,2.0,2.0,0.30000000000000004,0.2,20.0,2,2645.0,23,17,9,23,74
252556,4.0,15.0,1.0,9.0,2.0,2.0,0.30000000000000004,0.2,20.0,3,2391.25,21,16,9,22,71
252556,4.0,15.0,1.0,9.0,2.0,2.0,0.30000000000000004,0.2,20.0,4,2089.0625,19,16,8,22,68
252556,4.0,15.0,1.0,9.0,2.0,2.0,0.30000000000000004,0.2,20.0,5,1621.328125,14,13,8,22,60
252556,4.0,15.0,1.0,9.0,2.0,2.0,0.30000000000000004,0.2,20.0,6,1006.66015625,10,11,8,22,54
252556,4.0,15.0,1.0,9.0,2.0,2.0,0.30000000000000004,0.2,20.0,7,163.3251953125,9,11,8,22,53
252556,4.0,15.0,1.0,9.0,2.0,2.0,0.30000000000000004,0.2,20.0,8,0,8,7,6,9,35
252556,4.0,15.0,1.0,9.0,2.0,2.0,0.30000000000000004,0.2,20.0,9,0,4,4,3,5,18
252556,4.0,15.0,1.0,9.0,2.0,2.0,0.30000000000000004,0.2,20.0,10,0,2,3,1,3,8
252556,4.0,15.0,1.0,9.0,2.0,2.0,0.30000000000000004,0.2,20.0,11,0,1,2,1,1,5
252556,4.0,15.0,1.0,9.0,2.0,2.0,0.30000000000000004,0.2,20.0,12,0,1,0,0,1,2
252556,4.0,15.0,1.0,9.0,2.0,2.0,0.30000000000000004,0.2,20.0,13,0,0,0,0,1,0