Exp Num,agent:svo_convergence_factor,agent:params:metabolism,agent:params:consumption_factor,agent:params:procreate_cost_factor,agent:params:procreate_req_factor,agent:params:start_energy_factor,agent:params:caught_chance,agent:params:caught_cooldown_factor,agent:params:maximum_age,Epoch,Resource,A,B,C,D,E
253696,4.0,15.0,2.0,1.0,2.0,2.0,0.30000000000000004,0.5,20.0,0,4130.0,21,31,18,33,81
253696,4.0,15.0,2.0,1.0,2.0,2.0,0.30000000000000004,0.5,20.0,1,3302.5,20,36,21,38,91
253696,4.0,15.0,2.0,1.0,2.0,2.0,0.30000000000000004,0.5,20.0,2,1428.125,18,47,34,49,118
253696,4.0,15.0,2.0,1.0,2.0,2.0,0.30000000000000004,0.5,20.0,3,0,18,46,35,44,120
253696,4.0,15.0,2.0,1.0,2.0,2.0,0.30000000000000004,0.5,20.0,4,0,8,31,23,22,76
253696,4.0,15.0,2.0,1.0,2.0,2.0,0.30000000000000004,0.5,20.0,5,0,6,17,13,13,44
253696,4.0,15.0,2.0,1.0,2.0,2.0,0.30000000000000004,0.5,20.0,6,0,4,9,9,6,26
253696,4.0,15.0,2.0,1.0,2.0,2.0,0.30000000000000004,0.5,20.0,7,0,1,6,4,4,14
253696,4.0,15.0,2.0,1.0,2.0,2.0,0.30000000000000004,0.5,20.0,8,0,0,2,3,2,7
253696,4.0,15.0,2.0,1.0,2.0,2.0,0.30000000000000004,0.5,20.0,9,0,0,1,1,2,2
253696,4.0,15.0,2.0,1.0,2.0,2.0,0.30000000000000004,0.5,20.0,10,0,0,1,1,0,2
253696,4.0,15.0,2.0,1.0,2.0,2.0,0.30000000000000004,0.5,20.0,11,0,0,1,0,0,1