Exp Num,agent:svo_convergence_factor,agent:params:metabolism,agent:params:consumption_factor,agent:params:procreate_cost_factor,agent:params:procreate_req_factor,agent:params:start_energy_factor,agent:params:caught_chance,agent:params:caught_cooldown_factor,agent:params:maximum_age,Epoch,Resource,A,B,C,D,E
260192,4.0,15.0,3.0,3.0,1.0,3.0,0.30000000000000004,0.4,30.0,0,3785.0,18,18,13,31,82
260192,4.0,15.0,3.0,3.0,1.0,3.0,0.30000000000000004,0.4,30.0,1,3651.25,21,20,17,35,93
260192,4.0,15.0,3.0,3.0,1.0,3.0,0.30000000000000004,0.4,30.0,2,1369.0625,24,15,20,46,102
260192,4.0,15.0,3.0,3.0,1.0,3.0,0.30000000000000004,0.4,30.0,3,0,26,13,21,39,93
260192,4.0,15.0,3.0,3.0,1.0,3.0,0.30000000000000004,0.4,30.0,4,0,28,13,16,39,81
260192,4.0,15.0,3.0,3.0,1.0,3.0,0.30000000000000004,0.4,30.0,5,0,20,8,16,24,66
260192,4.0,15.0,3.0,3.0,1.0,3.0,0.30000000000000004,0.4,30.0,6,0,18,7,12,17,48
260192,4.0,15.0,3.0,3.0,1.0,3.0,0.30000000000000004,0.4,30.0,7,0,10,9,12,8,40
260192,4.0,15.0,3.0,3.0,1.0,3.0,0.30000000000000004,0.4,30.0,8,0,8,9,11,3,33
260192,4.0,15.0,3.0,3.0,1.0,3.0,0.30000000000000004,0.4,30.0,9,0,5,9,8,4,24
260192,4.0,15.0,3.0,3.0,1.0,3.0,0.30000000000000004,0.4,30.0,10,0,2,6,4,4,13
260192,4.0,15.0,3.0,3.0,1.0,3.0,0.30000000000000004,0.4,30.0,11,0,0,5,3,4,8
260192,4.0,15.0,3.0,3.0,1.0,3.0,0.30000000000000004,0.4,30.0,12,0,0,3,3,2,6
260192,4.0,15.0,3.0,3.0,1.0,3.0,0.30000000000000004,0.4,30.0,13,0,0,2,1,1,3
260192,4.0,15.0,3.0,3.0,1.0,3.0,0.30000000000000004,0.4,30.0,14,10.0,0,3,2,1,5
260192,4.0,15.0,3.0,3.0,1.0,3.0,0.30000000000000004,0.4,30.0,15,0,0,2,1,0,3
260192,4.0,15.0,3.0,3.0,1.0,3.0,0.30000000000000004,0.4,30.0,16,0,0,1,1,1,2
260192,4.0,15.0,3.0,3.0,1.0,3.0,0.30000000000000004,0.4,30.0,17,0,0,1,1,1,2
260192,4.0,15.0,3.0,3.0,1.0,3.0,0.30000000000000004,0.4,30.0,18,0,0,0,0,1,0