Exp Num,agent:svo_convergence_factor,agent:params:metabolism,agent:params:consumption_factor,agent:params:procreate_cost_factor,agent:params:procreate_req_factor,agent:params:start_energy_factor,agent:params:caught_chance,agent:params:caught_cooldown_factor,agent:params:maximum_age,Epoch,Resource,A,B,C,D,E
247814,4.0,15.0,1.0,1.0,1.0,3.0,0.30000000000000004,0.30000000000000004,50.0,0,3500.0,23,41,22,34,116
247814,4.0,15.0,1.0,1.0,1.0,3.0,0.30000000000000004,0.30000000000000004,50.0,1,3640.0,38,57,43,46,179
247814,4.0,15.0,1.0,1.0,1.0,3.0,0.30000000000000004,0.30000000000000004,50.0,2,2870.0,44,57,43,31,170
247814,4.0,15.0,1.0,1.0,1.0,3.0,0.30000000000000004,0.30000000000000004,50.0,3,2147.5,34,52,32,26,139
247814,4.0,15.0,1.0,1.0,1.0,3.0,0.30000000000000004,0.30000000000000004,50.0,4,1364.375,32,46,31,23,123
247814,4.0,15.0,1.0,1.0,1.0,3.0,0.30000000000000004,0.30000000000000004,50.0,5,625.46875,34,45,27,13,112
247814,4.0,15.0,1.0,1.0,1.0,3.0,0.30000000000000004,0.30000000000000004,50.0,6,0,28,40,19,8,93
247814,4.0,15.0,1.0,1.0,1.0,3.0,0.30000000000000004,0.30000000000000004,50.0,7,0,20,26,10,6,61
247814,4.0,15.0,1.0,1.0,1.0,3.0,0.30000000000000004,0.30000000000000004,50.0,8,0,12,18,7,4,40
247814,4.0,15.0,1.0,1.0,1.0,3.0,0.30000000000000004,0.30000000000000004,50.0,9,0,9,11,6,5,27
247814,4.0,15.0,1.0,1.0,1.0,3.0,0.30000000000000004,0.30000000000000004,50.0,10,0,5,8,4,4,18
247814,4.0,15.0,1.0,1.0,1.0,3.0,0.30000000000000004,0.30000000000000004,50.0,11,0,3,5,3,3,12
247814,4.0,15.0,1.0,1.0,1.0,3.0,0.30000000000000004,0.30000000000000004,50.0,12,0,1,4,2,3,8
247814,4.0,15.0,1.0,1.0,1.0,3.0,0.30000000000000004,0.30000000000000004,50.0,13,0,0,2,2,3,4
247814,4.0,15.0,1.0,1.0,1.0,3.0,0.30000000000000004,0.30000000000000004,50.0,14,0,0,1,2,1,3
247814,4.0,15.0,1.0,1.0,1.0,3.0,0.30000000000000004,0.30000000000000004,50.0,15,0,0,0,2,0,2
247814,4.0,15.0,1.0,1.0,1.0,3.0,0.30000000000000004,0.30000000000000004,50.0,16,0,0,0,1,0,1