Exp Num,agent:svo_convergence_factor,agent:params:metabolism,agent:params:consumption_factor,agent:params:procreate_cost_factor,agent:params:procreate_req_factor,agent:params:start_energy_factor,agent:params:caught_chance,agent:params:caught_cooldown_factor,agent:params:maximum_age,Epoch,Resource,A,B,C,D,E
264287,4.0,15.0,3.0,9.0,3.0,3.0,0.2,0.30000000000000004,30.0,0,3200.0,17,31,15,20,80
264287,4.0,15.0,3.0,9.0,3.0,3.0,0.2,0.30000000000000004,30.0,1,2740.0,17,31,15,20,80
264287,4.0,15.0,3.0,9.0,3.0,3.0,0.2,0.30000000000000004,30.0,2,1355.0,11,26,12,19,66
264287,4.0,15.0,3.0,9.0,3.0,3.0,0.2,0.30000000000000004,30.0,3,388.75,11,26,11,19,65
264287,4.0,15.0,3.0,9.0,3.0,3.0,0.2,0.30000000000000004,30.0,4,0,11,26,11,19,65
264287,4.0,15.0,3.0,9.0,3.0,3.0,0.2,0.30000000000000004,30.0,5,0,11,23,5,12,46
264287,4.0,15.0,3.0,9.0,3.0,3.0,0.2,0.30000000000000004,30.0,6,0,10,20,5,11,39
264287,4.0,15.0,3.0,9.0,3.0,3.0,0.2,0.30000000000000004,30.0,7,0,10,18,5,8,35
264287,4.0,15.0,3.0,9.0,3.0,3.0,0.2,0.30000000000000004,30.0,8,0,8,16,5,4,30
264287,4.0,15.0,3.0,9.0,3.0,3.0,0.2,0.30000000000000004,30.0,9,0,7,11,2,3,21
264287,4.0,15.0,3.0,9.0,3.0,3.0,0.2,0.30000000000000004,30.0,10,0,7,8,2,1,18
264287,4.0,15.0,3.0,9.0,3.0,3.0,0.2,0.30000000000000004,30.0,11,0,6,7,2,0,15
264287,4.0,15.0,3.0,9.0,3.0,3.0,0.2,0.30000000000000004,30.0,12,0,6,6,1,0,13
264287,4.0,15.0,3.0,9.0,3.0,3.0,0.2,0.30000000000000004,30.0,13,0,6,4,1,0,11
264287,4.0,15.0,3.0,9.0,3.0,3.0,0.2,0.30000000000000004,30.0,14,0,6,3,0,0,9
264287,4.0,15.0,3.0,9.0,3.0,3.0,0.2,0.30000000000000004,30.0,15,55.0,4,2,0,0,6
264287,4.0,15.0,3.0,9.0,3.0,3.0,0.2,0.30000000000000004,30.0,16,23.75,3,2,0,0,5
264287,4.0,15.0,3.0,9.0,3.0,3.0,0.2,0.30000000000000004,30.0,17,0,3,2,0,0,5
264287,4.0,15.0,3.0,9.0,3.0,3.0,0.2,0.30000000000000004,30.0,18,0,2,2,0,0,4
264287,4.0,15.0,3.0,9.0,3.0,3.0,0.2,0.30000000000000004,30.0,19,0,2,1,0,0,3
264287,4.0,15.0,3.0,9.0,3.0,3.0,0.2,0.30000000000000004,30.0,20,0,2,1,0,0,3
264287,4.0,15.0,3.0,9.0,3.0,3.0,0.2,0.30000000000000004,30.0,21,0,1,1,0,0,2
264287,4.0,15.0,3.0,9.0,3.0,3.0,0.2,0.30000000000000004,30.0,22,0,0,1,0,0,1