Exp Num,agent:svo_convergence_factor,agent:params:metabolism,agent:params:consumption_factor,agent:params:procreate_cost_factor,agent:params:procreate_req_factor,agent:params:start_energy_factor,agent:params:caught_chance,agent:params:caught_cooldown_factor,agent:params:maximum_age,Epoch,Resource,A,B,C,D,E
267058,4.0,15.0,4.0,5.0,2.0,1.0,0.30000000000000004,0.2,40.0,0,0,19,25,7,21,70
267058,4.0,15.0,4.0,5.0,2.0,1.0,0.30000000000000004,0.2,40.0,1,0,18,21,7,20,64
267058,4.0,15.0,4.0,5.0,2.0,1.0,0.30000000000000004,0.2,40.0,2,0,18,21,7,19,64
267058,4.0,15.0,4.0,5.0,2.0,1.0,0.30000000000000004,0.2,40.0,3,0,18,21,7,19,64
267058,4.0,15.0,4.0,5.0,2.0,1.0,0.30000000000000004,0.2,40.0,4,0,12,11,3,10,33
267058,4.0,15.0,4.0,5.0,2.0,1.0,0.30000000000000004,0.2,40.0,5,0,6,7,2,5,17
267058,4.0,15.0,4.0,5.0,2.0,1.0,0.30000000000000004,0.2,40.0,6,0,3,3,1,5,7
267058,4.0,15.0,4.0,5.0,2.0,1.0,0.30000000000000004,0.2,40.0,7,0,1,1,0,4,2
267058,4.0,15.0,4.0,5.0,2.0,1.0,0.30000000000000004,0.2,40.0,8,0,1,0,0,2,1
267058,4.0,15.0,4.0,5.0,2.0,1.0,0.30000000000000004,0.2,40.0,9,0,1,0,0,0,1