Exp Num,agent:svo_convergence_factor,agent:params:metabolism,agent:params:consumption_factor,agent:params:procreate_cost_factor,agent:params:procreate_req_factor,agent:params:start_energy_factor,agent:params:caught_chance,agent:params:caught_cooldown_factor,agent:params:maximum_age,Epoch,Resource,A,B,C,D,E
237932,4.0,10.0,3.0,3.0,2.0,2.0,0.30000000000000004,0.2,30.0,0,3860.0,17,20,15,28,72
237932,4.0,10.0,3.0,3.0,2.0,2.0,0.30000000000000004,0.2,30.0,1,3115.0,18,22,13,22,74
237932,4.0,10.0,3.0,3.0,2.0,2.0,0.30000000000000004,0.2,30.0,2,2873.75,16,22,14,22,72
237932,4.0,10.0,3.0,3.0,2.0,2.0,0.30000000000000004,0.2,30.0,3,2842.1875,18,24,16,22,79
237932,4.0,10.0,3.0,3.0,2.0,2.0,0.30000000000000004,0.2,30.0,4,2412.734375,15,26,15,20,75
237932,4.0,10.0,3.0,3.0,2.0,2.0,0.30000000000000004,0.2,30.0,5,2205.91796875,15,27,15,21,76
237932,4.0,10.0,3.0,3.0,2.0,2.0,0.30000000000000004,0.2,30.0,6,2067.3974609375,18,29,15,22,80
237932,4.0,10.0,3.0,3.0,2.0,2.0,0.30000000000000004,0.2,30.0,7,1504.246826171875,15,29,13,21,73
237932,4.0,10.0,3.0,3.0,2.0,2.0,0.30000000000000004,0.2,30.0,8,980.3085327148438,15,27,13,21,71
237932,4.0,10.0,3.0,3.0,2.0,2.0,0.30000000000000004,0.2,30.0,9,535.3856658935547,16,29,11,21,72
237932,4.0,10.0,3.0,3.0,2.0,2.0,0.30000000000000004,0.2,30.0,10,69.23208236694336,14,26,12,19,67
237932,4.0,10.0,3.0,3.0,2.0,2.0,0.30000000000000004,0.2,30.0,11,0,11,25,7,16,55
237932,4.0,10.0,3.0,3.0,2.0,2.0,0.30000000000000004,0.2,30.0,12,0,10,23,6,15,48
237932,4.0,10.0,3.0,3.0,2.0,2.0,0.30000000000000004,0.2,30.0,13,0,9,18,6,11,35
237932,4.0,10.0,3.0,3.0,2.0,2.0,0.30000000000000004,0.2,30.0,14,0,6,17,4,3,29
237932,4.0,10.0,3.0,3.0,2.0,2.0,0.30000000000000004,0.2,30.0,15,0,4,14,1,2,19
237932,4.0,10.0,3.0,3.0,2.0,2.0,0.30000000000000004,0.2,30.0,16,0,2,10,1,1,13
237932,4.0,10.0,3.0,3.0,2.0,2.0,0.30000000000000004,0.2,30.0,17,0,1,6,1,0,8
237932,4.0,10.0,3.0,3.0,2.0,2.0,0.30000000000000004,0.2,30.0,18,0,1,4,1,0,6
237932,4.0,10.0,3.0,3.0,2.0,2.0,0.30000000000000004,0.2,30.0,19,0,1,2,1,0,4
237932,4.0,10.0,3.0,3.0,2.0,2.0,0.30000000000000004,0.2,30.0,20,0,1,1,0,0,2
237932,4.0,10.0,3.0,3.0,2.0,2.0,0.30000000000000004,0.2,30.0,21,0,0,1,0,0,1