Exp Num,agent:svo_convergence_factor,agent:params:metabolism,agent:params:consumption_factor,agent:params:procreate_cost_factor,agent:params:procreate_req_factor,agent:params:start_energy_factor,agent:params:caught_chance,agent:params:caught_cooldown_factor,agent:params:maximum_age,Epoch,Resource,A,B,C,D,E
241800,4.0,10.0,3.0,9.0,3.0,3.0,0.30000000000000004,0.1,10.0,0,4010.0,17,23,12,30,70
241800,4.0,10.0,3.0,9.0,3.0,3.0,0.30000000000000004,0.1,10.0,1,4112.5,17,23,12,30,70
241800,4.0,10.0,3.0,9.0,3.0,3.0,0.30000000000000004,0.1,10.0,2,3130.625,16,22,12,30,68
241800,4.0,10.0,3.0,9.0,3.0,3.0,0.30000000000000004,0.1,10.0,3,2953.28125,16,22,12,30,68
241800,4.0,10.0,3.0,9.0,3.0,3.0,0.30000000000000004,0.1,10.0,4,2761.6015625,16,22,12,30,68
241800,4.0,10.0,3.0,9.0,3.0,3.0,0.30000000000000004,0.1,10.0,5,1772.001953125,15,21,11,29,65
241800,4.0,10.0,3.0,9.0,3.0,3.0,0.30000000000000004,0.1,10.0,6,1495.00244140625,15,21,11,29,65
241800,4.0,10.0,3.0,9.0,3.0,3.0,0.30000000000000004,0.1,10.0,7,1178.7530517578125,15,21,11,29,65
241800,4.0,10.0,3.0,9.0,3.0,3.0,0.30000000000000004,0.1,10.0,8,0,15,21,10,27,62
241800,4.0,10.0,3.0,9.0,3.0,3.0,0.30000000000000004,0.1,10.0,9,0,14,20,9,27,58
241800,4.0,10.0,3.0,9.0,3.0,3.0,0.30000000000000004,0.1,10.0,10,0,9,8,5,15,29
241800,4.0,10.0,3.0,9.0,3.0,3.0,0.30000000000000004,0.1,10.0,11,0,3,5,3,9,13
241800,4.0,10.0,3.0,9.0,3.0,3.0,0.30000000000000004,0.1,10.0,12,0,1,2,2,5,7
241800,4.0,10.0,3.0,9.0,3.0,3.0,0.30000000000000004,0.1,10.0,13,0,1,2,1,2,5
241800,4.0,10.0,3.0,9.0,3.0,3.0,0.30000000000000004,0.1,10.0,14,0,0,2,0,1,3
241800,4.0,10.0,3.0,9.0,3.0,3.0,0.30000000000000004,0.1,10.0,15,0,0,1,0,1,1
241800,4.0,10.0,3.0,9.0,3.0,3.0,0.30000000000000004,0.1,10.0,16,0,0,0,0,1,0