Exp Num,agent:svo_convergence_factor,agent:params:metabolism,agent:params:consumption_factor,agent:params:procreate_cost_factor,agent:params:procreate_req_factor,agent:params:start_energy_factor,agent:params:caught_chance,agent:params:caught_cooldown_factor,agent:params:maximum_age,Epoch,Resource,A,B,C,D,E
256051,4.0,15.0,2.0,5.0,2.0,3.0,0.30000000000000004,0.1,20.0,0,3710.0,15,31,11,26,74
256051,4.0,15.0,2.0,5.0,2.0,3.0,0.30000000000000004,0.1,20.0,1,3647.5,15,31,11,26,74
256051,4.0,15.0,2.0,5.0,2.0,3.0,0.30000000000000004,0.1,20.0,2,3359.375,11,25,9,24,61
256051,4.0,15.0,2.0,5.0,2.0,3.0,0.30000000000000004,0.1,20.0,3,3299.21875,11,23,8,24,58
256051,4.0,15.0,2.0,5.0,2.0,3.0,0.30000000000000004,0.1,20.0,4,2984.0234375,10,22,7,21,55
256051,4.0,15.0,2.0,5.0,2.0,3.0,0.30000000000000004,0.1,20.0,5,3010.029296875,10,21,7,21,54
256051,4.0,15.0,2.0,5.0,2.0,3.0,0.30000000000000004,0.1,20.0,6,2502.53662109375,10,20,7,21,53
256051,4.0,15.0,2.0,5.0,2.0,3.0,0.30000000000000004,0.1,20.0,7,2078.1707763671875,10,20,7,20,53
256051,4.0,15.0,2.0,5.0,2.0,3.0,0.30000000000000004,0.1,20.0,8,1517.7134704589844,8,18,7,20,48
256051,4.0,15.0,2.0,5.0,2.0,3.0,0.30000000000000004,0.1,20.0,9,1297.1418380737305,8,17,7,18,47
256051,4.0,15.0,2.0,5.0,2.0,3.0,0.30000000000000004,0.1,20.0,10,661.4272975921631,8,17,6,17,46
256051,4.0,15.0,2.0,5.0,2.0,3.0,0.30000000000000004,0.1,20.0,11,196.78412199020386,6,16,6,17,42
256051,4.0,15.0,2.0,5.0,2.0,3.0,0.30000000000000004,0.1,20.0,12,0,5,16,5,14,34
256051,4.0,15.0,2.0,5.0,2.0,3.0,0.30000000000000004,0.1,20.0,13,0,5,13,3,9,27
256051,4.0,15.0,2.0,5.0,2.0,3.0,0.30000000000000004,0.1,20.0,14,0,3,12,3,6,20
256051,4.0,15.0,2.0,5.0,2.0,3.0,0.30000000000000004,0.1,20.0,15,0,3,8,3,2,16
256051,4.0,15.0,2.0,5.0,2.0,3.0,0.30000000000000004,0.1,20.0,16,0,3,6,2,0,12
256051,4.0,15.0,2.0,5.0,2.0,3.0,0.30000000000000004,0.1,20.0,17,0,3,6,1,0,10
256051,4.0,15.0,2.0,5.0,2.0,3.0,0.30000000000000004,0.1,20.0,18,0,3,4,1,0,8
256051,4.0,15.0,2.0,5.0,2.0,3.0,0.30000000000000004,0.1,20.0,19,0,3,4,1,0,8
256051,4.0,15.0,2.0,5.0,2.0,3.0,0.30000000000000004,0.1,20.0,20,0,2,2,1,0,5
256051,4.0,15.0,2.0,5.0,2.0,3.0,0.30000000000000004,0.1,20.0,21,0,1,2,0,0,3
256051,4.0,15.0,2.0,5.0,2.0,3.0,0.30000000000000004,0.1,20.0,22,0,1,2,0,0,3
256051,4.0,15.0,2.0,5.0,2.0,3.0,0.30000000000000004,0.1,20.0,23,70.0,0,2,0,0,2
256051,4.0,15.0,2.0,5.0,2.0,3.0,0.30000000000000004,0.1,20.0,24,57.5,0,1,0,0,1