Exp Num,agent:svo_convergence_factor,agent:params:metabolism,agent:params:consumption_factor,agent:params:procreate_cost_factor,agent:params:procreate_req_factor,agent:params:start_energy_factor,agent:params:caught_chance,agent:params:caught_cooldown_factor,agent:params:maximum_age,Epoch,Resource,A,B,C,D,E
262309,4.0,15.0,3.0,7.0,1.0,2.0,0.30000000000000004,0.2,50.0,0,3380.0,13,25,10,32,68
262309,4.0,15.0,3.0,7.0,1.0,2.0,0.30000000000000004,0.2,50.0,1,1750.0,10,21,10,30,61
262309,4.0,15.0,3.0,7.0,1.0,2.0,0.30000000000000004,0.2,50.0,2,882.5,11,21,10,29,62
262309,4.0,15.0,3.0,7.0,1.0,2.0,0.30000000000000004,0.2,50.0,3,68.125,11,22,11,29,65
262309,4.0,15.0,3.0,7.0,1.0,2.0,0.30000000000000004,0.2,50.0,4,0,8,16,8,21,43
262309,4.0,15.0,3.0,7.0,1.0,2.0,0.30000000000000004,0.2,50.0,5,0,5,13,8,19,32
262309,4.0,15.0,3.0,7.0,1.0,2.0,0.30000000000000004,0.2,50.0,6,0,4,10,7,16,25
262309,4.0,15.0,3.0,7.0,1.0,2.0,0.30000000000000004,0.2,50.0,7,0,1,10,7,10,22
262309,4.0,15.0,3.0,7.0,1.0,2.0,0.30000000000000004,0.2,50.0,8,0,1,8,6,5,18
262309,4.0,15.0,3.0,7.0,1.0,2.0,0.30000000000000004,0.2,50.0,9,0,0,5,4,3,11
262309,4.0,15.0,3.0,7.0,1.0,2.0,0.30000000000000004,0.2,50.0,10,0,0,5,3,2,9
262309,4.0,15.0,3.0,7.0,1.0,2.0,0.30000000000000004,0.2,50.0,11,0,0,3,3,0,7
262309,4.0,15.0,3.0,7.0,1.0,2.0,0.30000000000000004,0.2,50.0,12,0,0,2,3,0,5
262309,4.0,15.0,3.0,7.0,1.0,2.0,0.30000000000000004,0.2,50.0,13,0,0,1,3,0,4
262309,4.0,15.0,3.0,7.0,1.0,2.0,0.30000000000000004,0.2,50.0,14,0,0,1,2,0,3
262309,4.0,15.0,3.0,7.0,1.0,2.0,0.30000000000000004,0.2,50.0,15,100,0,1,1,0,2
262309,4.0,15.0,3.0,7.0,1.0,2.0,0.30000000000000004,0.2,50.0,16,125.0,0,1,0,0,1