Exp Num,agent:svo_convergence_factor,agent:params:metabolism,agent:params:consumption_factor,agent:params:procreate_cost_factor,agent:params:procreate_req_factor,agent:params:start_energy_factor,agent:params:caught_chance,agent:params:caught_cooldown_factor,agent:params:maximum_age,Epoch,Resource,A,B,C,D,E
234023,4.0,10.0,2.0,7.0,1.0,1.0,0.1,0.5,40.0,0,3000.0,18,23,11,36,64
234023,4.0,10.0,2.0,7.0,1.0,1.0,0.1,0.5,40.0,1,2890.0,18,23,11,36,64
234023,4.0,10.0,2.0,7.0,1.0,1.0,0.1,0.5,40.0,2,2312.5,15,20,10,36,56
234023,4.0,10.0,2.0,7.0,1.0,1.0,0.1,0.5,40.0,3,2070.625,15,20,10,36,56
234023,4.0,10.0,2.0,7.0,1.0,1.0,0.1,0.5,40.0,4,1448.28125,12,18,9,36,50
234023,4.0,10.0,2.0,7.0,1.0,1.0,0.1,0.5,40.0,5,1010.3515625,15,18,9,35,53
234023,4.0,10.0,2.0,7.0,1.0,1.0,0.1,0.5,40.0,6,102.939453125,17,18,9,33,55
234023,4.0,10.0,2.0,7.0,1.0,1.0,0.1,0.5,40.0,7,0,13,16,8,29,47
234023,4.0,10.0,2.0,7.0,1.0,1.0,0.1,0.5,40.0,8,0,13,12,4,20,31
234023,4.0,10.0,2.0,7.0,1.0,1.0,0.1,0.5,40.0,9,0,12,11,3,15,26
234023,4.0,10.0,2.0,7.0,1.0,1.0,0.1,0.5,40.0,10,0,12,7,2,11,21
234023,4.0,10.0,2.0,7.0,1.0,1.0,0.1,0.5,40.0,11,0,10,5,2,5,17
234023,4.0,10.0,2.0,7.0,1.0,1.0,0.1,0.5,40.0,12,0,9,4,2,1,15
234023,4.0,10.0,2.0,7.0,1.0,1.0,0.1,0.5,40.0,13,0,8,2,0,0,10
234023,4.0,10.0,2.0,7.0,1.0,1.0,0.1,0.5,40.0,14,0,8,2,0,0,10
234023,4.0,10.0,2.0,7.0,1.0,1.0,0.1,0.5,40.0,15,0,6,1,0,0,7
234023,4.0,10.0,2.0,7.0,1.0,1.0,0.1,0.5,40.0,16,0,6,0,0,0,6
234023,4.0,10.0,2.0,7.0,1.0,1.0,0.1,0.5,40.0,17,0,3,0,0,0,3
234023,4.0,10.0,2.0,7.0,1.0,1.0,0.1,0.5,40.0,18,40.0,3,0,0,0,3
234023,4.0,10.0,2.0,7.0,1.0,1.0,0.1,0.5,40.0,19,0,3,0,0,0,3
234023,4.0,10.0,2.0,7.0,1.0,1.0,0.1,0.5,40.0,20,0,3,0,0,0,3
234023,4.0,10.0,2.0,7.0,1.0,1.0,0.1,0.5,40.0,21,0,3,0,0,0,3
234023,4.0,10.0,2.0,7.0,1.0,1.0,0.1,0.5,40.0,22,0,2,0,0,0,2
234023,4.0,10.0,2.0,7.0,1.0,1.0,0.1,0.5,40.0,23,0,2,0,0,0,2
234023,4.0,10.0,2.0,7.0,1.0,1.0,0.1,0.5,40.0,24,0,1,0,0,0,1