Exp Num,agent:svo_convergence_factor,agent:params:metabolism,agent:params:consumption_factor,agent:params:procreate_cost_factor,agent:params:procreate_req_factor,agent:params:start_energy_factor,agent:params:caught_chance,agent:params:caught_cooldown_factor,agent:params:maximum_age,Epoch,Resource,A,B,C,D,E
265196,4.0,15.0,4.0,1.0,3.0,1.0,0.30000000000000004,0.5,20.0,0,0,25,24,23,45,87
265196,4.0,15.0,4.0,1.0,3.0,1.0,0.30000000000000004,0.5,20.0,1,0,24,21,22,44,81
265196,4.0,15.0,4.0,1.0,3.0,1.0,0.30000000000000004,0.5,20.0,2,0,19,18,13,36,62
265196,4.0,15.0,4.0,1.0,3.0,1.0,0.30000000000000004,0.5,20.0,3,0,8,11,7,20,33
265196,4.0,15.0,4.0,1.0,3.0,1.0,0.30000000000000004,0.5,20.0,4,0,5,7,6,7,21
265196,4.0,15.0,4.0,1.0,3.0,1.0,0.30000000000000004,0.5,20.0,5,0,0,4,4,6,9
265196,4.0,15.0,4.0,1.0,3.0,1.0,0.30000000000000004,0.5,20.0,6,0,0,1,2,4,4
265196,4.0,15.0,4.0,1.0,3.0,1.0,0.30000000000000004,0.5,20.0,7,0,0,1,2,2,3
265196,4.0,15.0,4.0,1.0,3.0,1.0,0.30000000000000004,0.5,20.0,8,0,0,0,1,1,1
265196,4.0,15.0,4.0,1.0,3.0,1.0,0.30000000000000004,0.5,20.0,9,0,0,0,0,1,0