Exp Num,agent:svo_convergence_factor,agent:params:metabolism,agent:params:consumption_factor,agent:params:procreate_cost_factor,agent:params:procreate_req_factor,agent:params:start_energy_factor,agent:params:caught_chance,agent:params:caught_cooldown_factor,agent:params:maximum_age,Epoch,Resource,A,B,C,D,E
220564,4.0,5.0,4.0,3.0,1.0,1.0,0.30000000000000004,0.30000000000000004,50.0,0,3000.0,38,25,18,38,112
220564,4.0,5.0,4.0,3.0,1.0,1.0,0.30000000000000004,0.30000000000000004,50.0,1,1430.0,58,37,33,53,172
220564,4.0,5.0,4.0,3.0,1.0,1.0,0.30000000000000004,0.30000000000000004,50.0,2,0,74,40,52,61,211
220564,4.0,5.0,4.0,3.0,1.0,1.0,0.30000000000000004,0.30000000000000004,50.0,3,0,66,37,50,45,187
220564,4.0,5.0,4.0,3.0,1.0,1.0,0.30000000000000004,0.30000000000000004,50.0,4,0,64,36,47,35,174
220564,4.0,5.0,4.0,3.0,1.0,1.0,0.30000000000000004,0.30000000000000004,50.0,5,0,51,29,35,26,134
220564,4.0,5.0,4.0,3.0,1.0,1.0,0.30000000000000004,0.30000000000000004,50.0,6,0,35,24,25,19,99
220564,4.0,5.0,4.0,3.0,1.0,1.0,0.30000000000000004,0.30000000000000004,50.0,7,0,29,14,14,9,68
220564,4.0,5.0,4.0,3.0,1.0,1.0,0.30000000000000004,0.30000000000000004,50.0,8,0,18,9,8,8,46
220564,4.0,5.0,4.0,3.0,1.0,1.0,0.30000000000000004,0.30000000000000004,50.0,9,0,10,8,6,6,32
220564,4.0,5.0,4.0,3.0,1.0,1.0,0.30000000000000004,0.30000000000000004,50.0,10,0,8,5,4,6,24
220564,4.0,5.0,4.0,3.0,1.0,1.0,0.30000000000000004,0.30000000000000004,50.0,11,0,4,3,3,6,14
220564,4.0,5.0,4.0,3.0,1.0,1.0,0.30000000000000004,0.30000000000000004,50.0,12,0,3,1,2,6,7
220564,4.0,5.0,4.0,3.0,1.0,1.0,0.30000000000000004,0.30000000000000004,50.0,13,0.0,2,1,1,6,5
220564,4.0,5.0,4.0,3.0,1.0,1.0,0.30000000000000004,0.30000000000000004,50.0,14,0,1,2,2,5,5
220564,4.0,5.0,4.0,3.0,1.0,1.0,0.30000000000000004,0.30000000000000004,50.0,15,0,1,2,2,3,5
220564,4.0,5.0,4.0,3.0,1.0,1.0,0.30000000000000004,0.30000000000000004,50.0,16,0,0,2,2,2,4
220564,4.0,5.0,4.0,3.0,1.0,1.0,0.30000000000000004,0.30000000000000004,50.0,17,0,0,1,2,1,3
220564,4.0,5.0,4.0,3.0,1.0,1.0,0.30000000000000004,0.30000000000000004,50.0,18,0,0,0,1,1,1
220564,4.0,5.0,4.0,3.0,1.0,1.0,0.30000000000000004,0.30000000000000004,50.0,19,0,0,0,1,1,1
220564,4.0,5.0,4.0,3.0,1.0,1.0,0.30000000000000004,0.30000000000000004,50.0,20,0,0,0,0,1,0