Exp Num,agent:svo_convergence_factor,agent:params:metabolism,agent:params:consumption_factor,agent:params:procreate_cost_factor,agent:params:procreate_req_factor,agent:params:start_energy_factor,agent:params:caught_chance,agent:params:caught_cooldown_factor,agent:params:maximum_age,Epoch,Resource,A,B,C,D,E
239737,4.0,10.0,3.0,7.0,1.0,1.0,0.5,0.30000000000000004,30.0,0,2000.0,22,29,15,22,78
239737,4.0,10.0,3.0,7.0,1.0,1.0,0.5,0.30000000000000004,30.0,1,1690.0,22,29,15,22,78
239737,4.0,10.0,3.0,7.0,1.0,1.0,0.5,0.30000000000000004,30.0,2,1602.5,24,31,15,22,82
239737,4.0,10.0,3.0,7.0,1.0,1.0,0.5,0.30000000000000004,30.0,3,923.125,16,23,14,18,63
239737,4.0,10.0,3.0,7.0,1.0,1.0,0.5,0.30000000000000004,30.0,4,463.90625,17,20,14,17,61
239737,4.0,10.0,3.0,7.0,1.0,1.0,0.5,0.30000000000000004,30.0,5,279.8828125,16,21,14,17,61
239737,4.0,10.0,3.0,7.0,1.0,1.0,0.5,0.30000000000000004,30.0,6,0,14,17,10,13,47
239737,4.0,10.0,3.0,7.0,1.0,1.0,0.5,0.30000000000000004,30.0,7,0,14,12,7,10,37
239737,4.0,10.0,3.0,7.0,1.0,1.0,0.5,0.30000000000000004,30.0,8,0,12,9,5,7,28
239737,4.0,10.0,3.0,7.0,1.0,1.0,0.5,0.30000000000000004,30.0,9,0,11,7,2,5,22
239737,4.0,10.0,3.0,7.0,1.0,1.0,0.5,0.30000000000000004,30.0,10,0,9,6,1,1,18
239737,4.0,10.0,3.0,7.0,1.0,1.0,0.5,0.30000000000000004,30.0,11,0,7,3,1,1,12
239737,4.0,10.0,3.0,7.0,1.0,1.0,0.5,0.30000000000000004,30.0,12,0,6,1,0,1,7
239737,4.0,10.0,3.0,7.0,1.0,1.0,0.5,0.30000000000000004,30.0,13,0,3,1,0,1,4
239737,4.0,10.0,3.0,7.0,1.0,1.0,0.5,0.30000000000000004,30.0,14,0,4,1,0,0,5
239737,4.0,10.0,3.0,7.0,1.0,1.0,0.5,0.30000000000000004,30.0,15,0,4,0,0,0,4
239737,4.0,10.0,3.0,7.0,1.0,1.0,0.5,0.30000000000000004,30.0,16,0,4,0,0,0,4
239737,4.0,10.0,3.0,7.0,1.0,1.0,0.5,0.30000000000000004,30.0,17,100,2,0,0,0,2
239737,4.0,10.0,3.0,7.0,1.0,1.0,0.5,0.30000000000000004,30.0,18,125.0,1,0,0,0,1