Exp Num,agent:svo_convergence_factor,agent:params:metabolism,agent:params:consumption_factor,agent:params:procreate_cost_factor,agent:params:procreate_req_factor,agent:params:start_energy_factor,agent:params:caught_chance,agent:params:caught_cooldown_factor,agent:params:maximum_age,Epoch,Resource,A,B,C,D,E
221864,4.0,5.0,4.0,5.0,1.0,2.0,0.5,0.30000000000000004,50.0,0,3700.0,27,32,17,39,93
221864,4.0,5.0,4.0,5.0,1.0,2.0,0.5,0.30000000000000004,50.0,1,2845.0,29,29,21,37,96
221864,4.0,5.0,4.0,5.0,1.0,2.0,0.5,0.30000000000000004,50.0,2,2696.25,40,35,26,44,118
221864,4.0,5.0,4.0,5.0,1.0,2.0,0.5,0.30000000000000004,50.0,3,2510.3125,48,40,34,47,140
221864,4.0,5.0,4.0,5.0,1.0,2.0,0.5,0.30000000000000004,50.0,4,1977.890625,47,38,38,46,142
221864,4.0,5.0,4.0,5.0,1.0,2.0,0.5,0.30000000000000004,50.0,5,1532.36328125,50,36,40,44,146
221864,4.0,5.0,4.0,5.0,1.0,2.0,0.5,0.30000000000000004,50.0,6,975.4541015625,47,39,45,46,152
221864,4.0,5.0,4.0,5.0,1.0,2.0,0.5,0.30000000000000004,50.0,7,479.317626953125,43,39,50,47,154
221864,4.0,5.0,4.0,5.0,1.0,2.0,0.5,0.30000000000000004,50.0,8,0,39,39,49,45,148
221864,4.0,5.0,4.0,5.0,1.0,2.0,0.5,0.30000000000000004,50.0,9,0,32,42,41,35,129
221864,4.0,5.0,4.0,5.0,1.0,2.0,0.5,0.30000000000000004,50.0,10,0,29,33,36,27,108
221864,4.0,5.0,4.0,5.0,1.0,2.0,0.5,0.30000000000000004,50.0,11,0,28,25,30,20,89
221864,4.0,5.0,4.0,5.0,1.0,2.0,0.5,0.30000000000000004,50.0,12,0,21,20,24,14,69
221864,4.0,5.0,4.0,5.0,1.0,2.0,0.5,0.30000000000000004,50.0,13,0,13,16,19,8,51
221864,4.0,5.0,4.0,5.0,1.0,2.0,0.5,0.30000000000000004,50.0,14,0,11,13,15,4,42
221864,4.0,5.0,4.0,5.0,1.0,2.0,0.5,0.30000000000000004,50.0,15,0,9,11,13,3,35
221864,4.0,5.0,4.0,5.0,1.0,2.0,0.5,0.30000000000000004,50.0,16,0,7,7,6,4,21
221864,4.0,5.0,4.0,5.0,1.0,2.0,0.5,0.30000000000000004,50.0,17,0,4,7,3,2,14
221864,4.0,5.0,4.0,5.0,1.0,2.0,0.5,0.30000000000000004,50.0,18,0,2,4,1,2,7
221864,4.0,5.0,4.0,5.0,1.0,2.0,0.5,0.30000000000000004,50.0,19,80.0,0,4,1,2,5
221864,4.0,5.0,4.0,5.0,1.0,2.0,0.5,0.30000000000000004,50.0,20,80.0,0,3,0,2,3
221864,4.0,5.0,4.0,5.0,1.0,2.0,0.5,0.30000000000000004,50.0,21,100.0,0,1,0,2,1
221864,4.0,5.0,4.0,5.0,1.0,2.0,0.5,0.30000000000000004,50.0,22,125.0,0,1,0,2,1
221864,4.0,5.0,4.0,5.0,1.0,2.0,0.5,0.30000000000000004,50.0,23,156.25,0,1,0,2,1
221864,4.0,5.0,4.0,5.0,1.0,2.0,0.5,0.30000000000000004,50.0,24,195.3125,0,0,0,1,0