Exp Num,agent:svo_convergence_factor,agent:params:metabolism,agent:params:consumption_factor,agent:params:procreate_cost_factor,agent:params:procreate_req_factor,agent:params:start_energy_factor,agent:params:caught_chance,agent:params:caught_cooldown_factor,agent:params:maximum_age,Epoch,Resource,A,B,C,D,E
260787,4.0,15.0,3.0,3.0,3.0,2.0,0.2,0.30000000000000004,30.0,0,3515.0,14,25,17,23,77
260787,4.0,15.0,3.0,3.0,3.0,2.0,0.2,0.30000000000000004,30.0,1,1558.75,11,20,14,22,66
260787,4.0,15.0,3.0,3.0,3.0,2.0,0.2,0.30000000000000004,30.0,2,328.4375,10,20,14,22,64
260787,4.0,15.0,3.0,3.0,3.0,2.0,0.2,0.30000000000000004,30.0,3,0,10,20,14,22,64
260787,4.0,15.0,3.0,3.0,3.0,2.0,0.2,0.30000000000000004,30.0,4,0,9,18,11,10,48
260787,4.0,15.0,3.0,3.0,3.0,2.0,0.2,0.30000000000000004,30.0,5,0,9,18,11,7,43
260787,4.0,15.0,3.0,3.0,3.0,2.0,0.2,0.30000000000000004,30.0,6,0,8,16,9,5,36
260787,4.0,15.0,3.0,3.0,3.0,2.0,0.2,0.30000000000000004,30.0,7,0,8,15,6,3,29
260787,4.0,15.0,3.0,3.0,3.0,2.0,0.2,0.30000000000000004,30.0,8,0,5,10,4,2,19
260787,4.0,15.0,3.0,3.0,3.0,2.0,0.2,0.30000000000000004,30.0,9,0,5,9,3,1,17
260787,4.0,15.0,3.0,3.0,3.0,2.0,0.2,0.30000000000000004,30.0,10,0,4,8,2,1,14
260787,4.0,15.0,3.0,3.0,3.0,2.0,0.2,0.30000000000000004,30.0,11,0,2,7,1,1,10
260787,4.0,15.0,3.0,3.0,3.0,2.0,0.2,0.30000000000000004,30.0,12,0,1,5,0,0,6
260787,4.0,15.0,3.0,3.0,3.0,2.0,0.2,0.30000000000000004,30.0,13,0,0,3,0,0,3
260787,4.0,15.0,3.0,3.0,3.0,2.0,0.2,0.30000000000000004,30.0,14,55.0,0,2,0,0,2
260787,4.0,15.0,3.0,3.0,3.0,2.0,0.2,0.30000000000000004,30.0,15,23.75,0,2,0,0,2
260787,4.0,15.0,3.0,3.0,3.0,2.0,0.2,0.30000000000000004,30.0,16,0,0,1,0,0,1