Exp Num,agent:svo_convergence_factor,agent:params:metabolism,agent:params:consumption_factor,agent:params:procreate_cost_factor,agent:params:procreate_req_factor,agent:params:start_energy_factor,agent:params:caught_chance,agent:params:caught_cooldown_factor,agent:params:maximum_age,Epoch,Resource,A,B,C,D,E
217410,4.0,5.0,3.0,7.0,1.0,3.0,0.2,0.30000000000000004,10.0,0,3500.0,15,28,10,32,68
217410,4.0,5.0,3.0,7.0,1.0,3.0,0.2,0.30000000000000004,10.0,1,2905.0,24,38,21,42,107
217410,4.0,5.0,3.0,7.0,1.0,3.0,0.2,0.30000000000000004,10.0,2,1936.25,27,45,27,43,130
217410,4.0,5.0,3.0,7.0,1.0,3.0,0.2,0.30000000000000004,10.0,3,1505.3125,29,51,32,47,149
217410,4.0,5.0,3.0,7.0,1.0,3.0,0.2,0.30000000000000004,10.0,4,306.640625,26,55,38,48,158
217410,4.0,5.0,3.0,7.0,1.0,3.0,0.2,0.30000000000000004,10.0,5,0,26,55,37,50,158
217410,4.0,5.0,3.0,7.0,1.0,3.0,0.2,0.30000000000000004,10.0,6,0,24,52,38,51,154
217410,4.0,5.0,3.0,7.0,1.0,3.0,0.2,0.30000000000000004,10.0,7,0,20,39,35,32,126
217410,4.0,5.0,3.0,7.0,1.0,3.0,0.2,0.30000000000000004,10.0,8,0,19,30,30,23,102
217410,4.0,5.0,3.0,7.0,1.0,3.0,0.2,0.30000000000000004,10.0,9,0,17,25,31,16,92
217410,4.0,5.0,3.0,7.0,1.0,3.0,0.2,0.30000000000000004,10.0,10,0,14,21,30,10,78
217410,4.0,5.0,3.0,7.0,1.0,3.0,0.2,0.30000000000000004,10.0,11,0,10,15,25,8,57
217410,4.0,5.0,3.0,7.0,1.0,3.0,0.2,0.30000000000000004,10.0,12,0,8,12,23,5,45
217410,4.0,5.0,3.0,7.0,1.0,3.0,0.2,0.30000000000000004,10.0,13,0,5,8,21,1,36
217410,4.0,5.0,3.0,7.0,1.0,3.0,0.2,0.30000000000000004,10.0,14,0,4,5,16,0,26
217410,4.0,5.0,3.0,7.0,1.0,3.0,0.2,0.30000000000000004,10.0,15,0,3,3,14,0,20
217410,4.0,5.0,3.0,7.0,1.0,3.0,0.2,0.30000000000000004,10.0,16,0,2,2,12,0,16
217410,4.0,5.0,3.0,7.0,1.0,3.0,0.2,0.30000000000000004,10.0,17,0,0,0,11,0,11
217410,4.0,5.0,3.0,7.0,1.0,3.0,0.2,0.30000000000000004,10.0,18,0,0,0,7,0,7
217410,4.0,5.0,3.0,7.0,1.0,3.0,0.2,0.30000000000000004,10.0,19,0,0,0,6,0,6
217410,4.0,5.0,3.0,7.0,1.0,3.0,0.2,0.30000000000000004,10.0,20,0,0,0,4,0,4
217410,4.0,5.0,3.0,7.0,1.0,3.0,0.2,0.30000000000000004,10.0,21,0,0,0,3,0,3
217410,4.0,5.0,3.0,7.0,1.0,3.0,0.2,0.30000000000000004,10.0,22,0,0,0,3,0,3
217410,4.0,5.0,3.0,7.0,1.0,3.0,0.2,0.30000000000000004,10.0,23,0,0,0,3,0,3
217410,4.0,5.0,3.0,7.0,1.0,3.0,0.2,0.30000000000000004,10.0,24,0,0,0,2,0,2
217410,4.0,5.0,3.0,7.0,1.0,3.0,0.2,0.30000000000000004,10.0,25,0,0,0,1,0,1