Exp Num,agent:svo_convergence_factor,agent:params:metabolism,agent:params:consumption_factor,agent:params:procreate_cost_factor,agent:params:procreate_req_factor,agent:params:start_energy_factor,agent:params:caught_chance,agent:params:caught_cooldown_factor,agent:params:maximum_age,Epoch,Resource,A,B,C,D,E
218549,4.0,5.0,3.0,9.0,1.0,3.0,0.2,0.5,50.0,0,3500.0,20,28,11,26,74
218549,4.0,5.0,3.0,9.0,1.0,3.0,0.2,0.5,50.0,1,2950.0,20,28,11,26,74
218549,4.0,5.0,3.0,9.0,1.0,3.0,0.2,0.5,50.0,2,2757.5,30,37,14,30,100
218549,4.0,5.0,3.0,9.0,1.0,3.0,0.2,0.5,50.0,3,2186.875,34,43,18,30,115
218549,4.0,5.0,3.0,9.0,1.0,3.0,0.2,0.5,50.0,4,1803.59375,37,52,20,33,129
218549,4.0,5.0,3.0,9.0,1.0,3.0,0.2,0.5,50.0,5,1189.4921875,37,56,21,32,134
218549,4.0,5.0,3.0,9.0,1.0,3.0,0.2,0.5,50.0,6,541.865234375,41,58,24,33,144
218549,4.0,5.0,3.0,9.0,1.0,3.0,0.2,0.5,50.0,7,0,44,64,28,33,158
218549,4.0,5.0,3.0,9.0,1.0,3.0,0.2,0.5,50.0,8,0,34,53,28,20,132
218549,4.0,5.0,3.0,9.0,1.0,3.0,0.2,0.5,50.0,9,0,28,53,23,16,118
218549,4.0,5.0,3.0,9.0,1.0,3.0,0.2,0.5,50.0,10,0,29,54,23,16,119
218549,4.0,5.0,3.0,9.0,1.0,3.0,0.2,0.5,50.0,11,0,23,44,20,16,97
218549,4.0,5.0,3.0,9.0,1.0,3.0,0.2,0.5,50.0,12,0,22,37,16,15,81
218549,4.0,5.0,3.0,9.0,1.0,3.0,0.2,0.5,50.0,13,0,21,33,14,12,71
218549,4.0,5.0,3.0,9.0,1.0,3.0,0.2,0.5,50.0,14,0,19,27,12,9,61
218549,4.0,5.0,3.0,9.0,1.0,3.0,0.2,0.5,50.0,15,0,13,24,11,8,51
218549,4.0,5.0,3.0,9.0,1.0,3.0,0.2,0.5,50.0,16,0,8,20,9,6,39
218549,4.0,5.0,3.0,9.0,1.0,3.0,0.2,0.5,50.0,17,0,6,14,8,5,29
218549,4.0,5.0,3.0,9.0,1.0,3.0,0.2,0.5,50.0,18,0,4,14,6,3,24
218549,4.0,5.0,3.0,9.0,1.0,3.0,0.2,0.5,50.0,19,0,3,10,4,3,17
218549,4.0,5.0,3.0,9.0,1.0,3.0,0.2,0.5,50.0,20,0,3,7,2,2,12
218549,4.0,5.0,3.0,9.0,1.0,3.0,0.2,0.5,50.0,21,0,1,5,2,1,8
218549,4.0,5.0,3.0,9.0,1.0,3.0,0.2,0.5,50.0,22,0,1,2,2,1,5
218549,4.0,5.0,3.0,9.0,1.0,3.0,0.2,0.5,50.0,23,0,0,2,2,1,4
218549,4.0,5.0,3.0,9.0,1.0,3.0,0.2,0.5,50.0,24,0,0,1,2,1,3
218549,4.0,5.0,3.0,9.0,1.0,3.0,0.2,0.5,50.0,25,0,0,1,0,1,1
218549,4.0,5.0,3.0,9.0,1.0,3.0,0.2,0.5,50.0,26,0,0,1,0,0,1