Exp Num,agent:svo_convergence_factor,agent:params:metabolism,agent:params:consumption_factor,agent:params:procreate_cost_factor,agent:params:procreate_req_factor,agent:params:start_energy_factor,agent:params:caught_chance,agent:params:caught_cooldown_factor,agent:params:maximum_age,Epoch,Resource,A,B,C,D,E
230662,4.0,10.0,2.0,1.0,1.0,1.0,0.2,0.30000000000000004,30.0,0,3000.0,19,31,33,47,103
230662,4.0,10.0,2.0,1.0,1.0,1.0,0.2,0.30000000000000004,30.0,1,1310.0,32,49,49,66,159
230662,4.0,10.0,2.0,1.0,1.0,1.0,0.2,0.30000000000000004,30.0,2,0,34,62,55,67,177
230662,4.0,10.0,2.0,1.0,1.0,1.0,0.2,0.30000000000000004,30.0,3,0,33,58,46,39,159
230662,4.0,10.0,2.0,1.0,1.0,1.0,0.2,0.30000000000000004,30.0,4,0,28,43,28,25,114
230662,4.0,10.0,2.0,1.0,1.0,1.0,0.2,0.30000000000000004,30.0,5,0,21,28,25,14,85
230662,4.0,10.0,2.0,1.0,1.0,1.0,0.2,0.30000000000000004,30.0,6,0,19,25,20,8,71
230662,4.0,10.0,2.0,1.0,1.0,1.0,0.2,0.30000000000000004,30.0,7,0,12,21,11,3,50
230662,4.0,10.0,2.0,1.0,1.0,1.0,0.2,0.30000000000000004,30.0,8,0,8,16,7,3,34
230662,4.0,10.0,2.0,1.0,1.0,1.0,0.2,0.30000000000000004,30.0,9,0,4,9,4,3,18
230662,4.0,10.0,2.0,1.0,1.0,1.0,0.2,0.30000000000000004,30.0,10,0,1,6,3,4,10
230662,4.0,10.0,2.0,1.0,1.0,1.0,0.2,0.30000000000000004,30.0,11,0,1,5,1,3,8
230662,4.0,10.0,2.0,1.0,1.0,1.0,0.2,0.30000000000000004,30.0,12,0,0,3,0,3,4
230662,4.0,10.0,2.0,1.0,1.0,1.0,0.2,0.30000000000000004,30.0,13,0,0,5,0,2,6
230662,4.0,10.0,2.0,1.0,1.0,1.0,0.2,0.30000000000000004,30.0,14,0,0,5,0,0,6
230662,4.0,10.0,2.0,1.0,1.0,1.0,0.2,0.30000000000000004,30.0,15,0,0,4,0,0,5
230662,4.0,10.0,2.0,1.0,1.0,1.0,0.2,0.30000000000000004,30.0,16,0,0,3,0,0,3
230662,4.0,10.0,2.0,1.0,1.0,1.0,0.2,0.30000000000000004,30.0,17,0,0,1,0,0,1