Exp Num,agent:svo_convergence_factor,agent:params:metabolism,agent:params:consumption_factor,agent:params:procreate_cost_factor,agent:params:procreate_req_factor,agent:params:start_energy_factor,agent:params:caught_chance,agent:params:caught_cooldown_factor,agent:params:maximum_age,Epoch,Resource,A,B,C,D,E
201089,3.0,15.0,4.0,7.0,3.0,1.0,0.4,0.30000000000000004,50.0,0,0,15,25,12,22,69
201089,3.0,15.0,4.0,7.0,3.0,1.0,0.4,0.30000000000000004,50.0,1,0,14,23,11,21,65
201089,3.0,15.0,4.0,7.0,3.0,1.0,0.4,0.30000000000000004,50.0,2,0,14,21,11,21,62
201089,3.0,15.0,4.0,7.0,3.0,1.0,0.4,0.30000000000000004,50.0,3,0,14,21,11,21,62
201089,3.0,15.0,4.0,7.0,3.0,1.0,0.4,0.30000000000000004,50.0,4,0,5,9,8,12,30
201089,3.0,15.0,4.0,7.0,3.0,1.0,0.4,0.30000000000000004,50.0,5,0,1,3,5,8,13
201089,3.0,15.0,4.0,7.0,3.0,1.0,0.4,0.30000000000000004,50.0,6,0,0,0,4,4,7
201089,3.0,15.0,4.0,7.0,3.0,1.0,0.4,0.30000000000000004,50.0,7,0,0,0,4,1,5
201089,3.0,15.0,4.0,7.0,3.0,1.0,0.4,0.30000000000000004,50.0,8,0,0,0,3,0,3
201089,3.0,15.0,4.0,7.0,3.0,1.0,0.4,0.30000000000000004,50.0,9,0,0,0,2,0,2
201089,3.0,15.0,4.0,7.0,3.0,1.0,0.4,0.30000000000000004,50.0,10,0,0,0,1,0,1