Exp Num,agent:svo_convergence_factor,agent:params:metabolism,agent:params:consumption_factor,agent:params:procreate_cost_factor,agent:params:procreate_req_factor,agent:params:start_energy_factor,agent:params:caught_chance,agent:params:caught_cooldown_factor,agent:params:maximum_age,Epoch,Resource,A,B,C,D,E
258803,4.0,15.0,3.0,1.0,1.0,1.0,0.30000000000000004,0.1,40.0,0,500.0,22,34,15,36,114
258803,4.0,15.0,3.0,1.0,1.0,1.0,0.30000000000000004,0.1,40.0,1,0,30,52,26,55,170
258803,4.0,15.0,3.0,1.0,1.0,1.0,0.30000000000000004,0.1,40.0,2,0,22,45,25,41,127
258803,4.0,15.0,3.0,1.0,1.0,1.0,0.30000000000000004,0.1,40.0,3,0,15,32,22,31,89
258803,4.0,15.0,3.0,1.0,1.0,1.0,0.30000000000000004,0.1,40.0,4,0,6,25,19,21,63
258803,4.0,15.0,3.0,1.0,1.0,1.0,0.30000000000000004,0.1,40.0,5,0,5,16,20,13,47
258803,4.0,15.0,3.0,1.0,1.0,1.0,0.30000000000000004,0.1,40.0,6,0,5,11,15,6,34
258803,4.0,15.0,3.0,1.0,1.0,1.0,0.30000000000000004,0.1,40.0,7,0,3,8,10,6,22
258803,4.0,15.0,3.0,1.0,1.0,1.0,0.30000000000000004,0.1,40.0,8,0,4,3,11,3,19
258803,4.0,15.0,3.0,1.0,1.0,1.0,0.30000000000000004,0.1,40.0,9,0,3,0,9,2,13
258803,4.0,15.0,3.0,1.0,1.0,1.0,0.30000000000000004,0.1,40.0,10,0,2,0,5,2,8
258803,4.0,15.0,3.0,1.0,1.0,1.0,0.30000000000000004,0.1,40.0,11,0,2,0,3,1,6
258803,4.0,15.0,3.0,1.0,1.0,1.0,0.30000000000000004,0.1,40.0,12,0,2,0,3,1,6
258803,4.0,15.0,3.0,1.0,1.0,1.0,0.30000000000000004,0.1,40.0,13,0,1,0,2,0,3
258803,4.0,15.0,3.0,1.0,1.0,1.0,0.30000000000000004,0.1,40.0,14,0,1,0,2,0,3
258803,4.0,15.0,3.0,1.0,1.0,1.0,0.30000000000000004,0.1,40.0,15,0,1,0,1,0,2
258803,4.0,15.0,3.0,1.0,1.0,1.0,0.30000000000000004,0.1,40.0,16,0,0,0,1,0,1