Exp Num,agent:svo_convergence_factor,agent:params:metabolism,agent:params:consumption_factor,agent:params:procreate_cost_factor,agent:params:procreate_req_factor,agent:params:start_energy_factor,agent:params:caught_chance,agent:params:caught_cooldown_factor,agent:params:maximum_age,Epoch,Resource,A,B,C,D,E
252251,4.0,15.0,1.0,9.0,1.0,3.0,0.1,0.1,20.0,0,3500.0,16,32,8,29,71
252251,4.0,15.0,1.0,9.0,1.0,3.0,0.1,0.1,20.0,1,2935.0,16,32,8,29,71
252251,4.0,15.0,1.0,9.0,1.0,3.0,0.1,0.1,20.0,2,2648.75,16,32,8,29,71
252251,4.0,15.0,1.0,9.0,1.0,3.0,0.1,0.1,20.0,3,2575.9375,16,32,8,29,71
252251,4.0,15.0,1.0,9.0,1.0,3.0,0.1,0.1,20.0,4,2349.921875,15,29,7,28,66
252251,4.0,15.0,1.0,9.0,1.0,3.0,0.1,0.1,20.0,5,1962.40234375,13,28,7,27,63
252251,4.0,15.0,1.0,9.0,1.0,3.0,0.1,0.1,20.0,6,1553.0029296875,11,27,6,25,59
252251,4.0,15.0,1.0,9.0,1.0,3.0,0.1,0.1,20.0,7,951.253662109375,10,26,6,24,57
252251,4.0,15.0,1.0,9.0,1.0,3.0,0.1,0.1,20.0,8,124.06707763671875,9,26,6,24,56
252251,4.0,15.0,1.0,9.0,1.0,3.0,0.1,0.1,20.0,9,0,9,19,3,11,39
252251,4.0,15.0,1.0,9.0,1.0,3.0,0.1,0.1,20.0,10,0,7,8,3,5,23
252251,4.0,15.0,1.0,9.0,1.0,3.0,0.1,0.1,20.0,11,0,4,6,3,2,14
252251,4.0,15.0,1.0,9.0,1.0,3.0,0.1,0.1,20.0,12,0,2,2,3,1,8
252251,4.0,15.0,1.0,9.0,1.0,3.0,0.1,0.1,20.0,13,0,1,1,1,1,3
252251,4.0,15.0,1.0,9.0,1.0,3.0,0.1,0.1,20.0,14,0,1,1,0,0,2
252251,4.0,15.0,1.0,9.0,1.0,3.0,0.1,0.1,20.0,15,0,1,0,0,0,1