Exp Num,agent:svo_convergence_factor,agent:params:metabolism,agent:params:consumption_factor,agent:params:procreate_cost_factor,agent:params:procreate_req_factor,agent:params:start_energy_factor,agent:params:caught_chance,agent:params:caught_cooldown_factor,agent:params:maximum_age,Epoch,Resource,A,B,C,D,E
202120,3.0,15.0,4.0,9.0,2.0,3.0,0.5,0.5,10.0,0,3320.0,13,25,16,28,72
202120,3.0,15.0,4.0,9.0,2.0,3.0,0.5,0.5,10.0,1,3010.0,13,25,16,28,72
202120,3.0,15.0,4.0,9.0,2.0,3.0,0.5,0.5,10.0,2,2142.5,6,18,12,24,53
202120,3.0,15.0,4.0,9.0,2.0,3.0,0.5,0.5,10.0,3,1718.125,5,15,11,22,47
202120,3.0,15.0,4.0,9.0,2.0,3.0,0.5,0.5,10.0,4,1847.65625,5,14,11,22,46
202120,3.0,15.0,4.0,9.0,2.0,3.0,0.5,0.5,10.0,5,1889.5703125,5,14,11,22,46
202120,3.0,15.0,4.0,9.0,2.0,3.0,0.5,0.5,10.0,6,1341.962890625,2,10,9,19,36
202120,3.0,15.0,4.0,9.0,2.0,3.0,0.5,0.5,10.0,7,1017.45361328125,1,9,7,18,29
202120,3.0,15.0,4.0,9.0,2.0,3.0,0.5,0.5,10.0,8,1031.8170166015625,1,9,7,18,28
202120,3.0,15.0,4.0,9.0,2.0,3.0,0.5,0.5,10.0,9,989.7712707519531,1,9,6,17,27
202120,3.0,15.0,4.0,9.0,2.0,3.0,0.5,0.5,10.0,10,697.2140884399414,1,5,5,15,16
202120,3.0,15.0,4.0,9.0,2.0,3.0,0.5,0.5,10.0,11,451.51761054992676,0,2,4,9,10
202120,3.0,15.0,4.0,9.0,2.0,3.0,0.5,0.5,10.0,12,444.39701318740845,0,2,3,2,9
202120,3.0,15.0,4.0,9.0,2.0,3.0,0.5,0.5,10.0,13,375.49626648426056,0,2,1,2,4
202120,3.0,15.0,4.0,9.0,2.0,3.0,0.5,0.5,10.0,14,349.3703331053257,0,2,0,1,2
202120,3.0,15.0,4.0,9.0,2.0,3.0,0.5,0.5,10.0,15,436.7129163816571,0,2,0,0,2
202120,3.0,15.0,4.0,9.0,2.0,3.0,0.5,0.5,10.0,16,485.8911454770714,0,1,0,0,1