Exp Num,agent:svo_convergence_factor,agent:params:metabolism,agent:params:consumption_factor,agent:params:procreate_cost_factor,agent:params:procreate_req_factor,agent:params:start_energy_factor,agent:params:caught_chance,agent:params:caught_cooldown_factor,agent:params:maximum_age,Epoch,Resource,A,B,C,D,E
263361,4.0,15.0,3.0,9.0,1.0,1.0,0.5,0.30000000000000004,20.0,0,500.0,19,33,8,26,74
263361,4.0,15.0,3.0,9.0,1.0,1.0,0.5,0.30000000000000004,20.0,1,0,19,33,8,26,74
263361,4.0,15.0,3.0,9.0,1.0,1.0,0.5,0.30000000000000004,20.0,2,0,19,33,8,26,74
263361,4.0,15.0,3.0,9.0,1.0,1.0,0.5,0.30000000000000004,20.0,3,0,9,19,4,12,41
263361,4.0,15.0,3.0,9.0,1.0,1.0,0.5,0.30000000000000004,20.0,4,0,7,12,2,5,25
263361,4.0,15.0,3.0,9.0,1.0,1.0,0.5,0.30000000000000004,20.0,5,0,6,10,1,1,19
263361,4.0,15.0,3.0,9.0,1.0,1.0,0.5,0.30000000000000004,20.0,6,0,5,7,0,0,13
263361,4.0,15.0,3.0,9.0,1.0,1.0,0.5,0.30000000000000004,20.0,7,0,4,6,0,0,10
263361,4.0,15.0,3.0,9.0,1.0,1.0,0.5,0.30000000000000004,20.0,8,0,2,4,0,0,6
263361,4.0,15.0,3.0,9.0,1.0,1.0,0.5,0.30000000000000004,20.0,9,0,2,1,0,0,3
263361,4.0,15.0,3.0,9.0,1.0,1.0,0.5,0.30000000000000004,20.0,10,0,0,1,0,0,1