Exp Num,agent:svo_convergence_factor,agent:params:metabolism,agent:params:consumption_factor,agent:params:procreate_cost_factor,agent:params:procreate_req_factor,agent:params:start_energy_factor,agent:params:caught_chance,agent:params:caught_cooldown_factor,agent:params:maximum_age,Epoch,Resource,A,B,C,D,E
261065,4.0,15.0,3.0,5.0,1.0,1.0,0.30000000000000004,0.4,10.0,0,500.0,19,24,13,29,71
261065,4.0,15.0,3.0,5.0,1.0,1.0,0.30000000000000004,0.4,10.0,1,0,23,26,13,29,77
261065,4.0,15.0,3.0,5.0,1.0,1.0,0.30000000000000004,0.4,10.0,2,0,22,23,11,28,71
261065,4.0,15.0,3.0,5.0,1.0,1.0,0.30000000000000004,0.4,10.0,3,0,15,14,6,13,43
261065,4.0,15.0,3.0,5.0,1.0,1.0,0.30000000000000004,0.4,10.0,4,0,11,9,4,4,28
261065,4.0,15.0,3.0,5.0,1.0,1.0,0.30000000000000004,0.4,10.0,5,0,9,5,3,1,19
261065,4.0,15.0,3.0,5.0,1.0,1.0,0.30000000000000004,0.4,10.0,6,0,7,3,2,1,12
261065,4.0,15.0,3.0,5.0,1.0,1.0,0.30000000000000004,0.4,10.0,7,0,6,1,2,0,9
261065,4.0,15.0,3.0,5.0,1.0,1.0,0.30000000000000004,0.4,10.0,8,0,5,0,1,0,6
261065,4.0,15.0,3.0,5.0,1.0,1.0,0.30000000000000004,0.4,10.0,9,0,4,0,1,0,5
261065,4.0,15.0,3.0,5.0,1.0,1.0,0.30000000000000004,0.4,10.0,10,0,2,0,1,0,3
261065,4.0,15.0,3.0,5.0,1.0,1.0,0.30000000000000004,0.4,10.0,11,0,1,0,0,0,1