Exp Num,agent:svo_convergence_factor,agent:params:metabolism,agent:params:consumption_factor,agent:params:procreate_cost_factor,agent:params:procreate_req_factor,agent:params:start_energy_factor,agent:params:caught_chance,agent:params:caught_cooldown_factor,agent:params:maximum_age,Epoch,Resource,A,B,C,D,E
234555,4.0,10.0,2.0,7.0,2.0,2.0,0.30000000000000004,0.2,10.0,0,3780.0,14,32,9,24,76
234555,4.0,10.0,2.0,7.0,2.0,2.0,0.30000000000000004,0.2,10.0,1,3525.0,10,29,8,22,68
234555,4.0,10.0,2.0,7.0,2.0,2.0,0.30000000000000004,0.2,10.0,2,3546.25,10,29,8,22,68
234555,4.0,10.0,2.0,7.0,2.0,2.0,0.30000000000000004,0.2,10.0,3,3432.8125,5,23,8,22,55
234555,4.0,10.0,2.0,7.0,2.0,2.0,0.30000000000000004,0.2,10.0,4,3391.015625,5,22,7,22,53
234555,4.0,10.0,2.0,7.0,2.0,2.0,0.30000000000000004,0.2,10.0,5,3118.76953125,5,21,7,22,51
234555,4.0,10.0,2.0,7.0,2.0,2.0,0.30000000000000004,0.2,10.0,6,3038.4619140625,5,21,7,22,51
234555,4.0,10.0,2.0,7.0,2.0,2.0,0.30000000000000004,0.2,10.0,7,2958.077392578125,4,18,6,20,44
234555,4.0,10.0,2.0,7.0,2.0,2.0,0.30000000000000004,0.2,10.0,8,2897.5967407226562,4,18,6,19,44
234555,4.0,10.0,2.0,7.0,2.0,2.0,0.30000000000000004,0.2,10.0,9,2761.9959259033203,4,17,6,19,42
234555,4.0,10.0,2.0,7.0,2.0,2.0,0.30000000000000004,0.2,10.0,10,2732.4949073791504,3,14,5,11,31
234555,4.0,10.0,2.0,7.0,2.0,2.0,0.30000000000000004,0.2,10.0,11,2955.618634223938,2,10,2,5,19
234555,4.0,10.0,2.0,7.0,2.0,2.0,0.30000000000000004,0.2,10.0,12,3434.5232927799225,1,5,2,2,10
234555,4.0,10.0,2.0,7.0,2.0,2.0,0.30000000000000004,0.2,10.0,13,4173.154115974903,1,3,1,0,7
234555,4.0,10.0,2.0,7.0,2.0,2.0,0.30000000000000004,0.2,10.0,14,5136.442644968629,0,2,0,0,4
234555,4.0,10.0,2.0,7.0,2.0,2.0,0.30000000000000004,0.2,10.0,15,6360.553306210786,0,0,0,0,2
234555,4.0,10.0,2.0,7.0,2.0,2.0,0.30000000000000004,0.2,10.0,16,7930.691632763483,0,0,0,0,1