Exp Num,agent:svo_convergence_factor,agent:params:metabolism,agent:params:consumption_factor,agent:params:procreate_cost_factor,agent:params:procreate_req_factor,agent:params:start_energy_factor,agent:params:caught_chance,agent:params:caught_cooldown_factor,agent:params:maximum_age,Epoch,Resource,A,B,C,D,E
219912,4.0,5.0,4.0,1.0,2.0,2.0,0.2,0.30000000000000004,30.0,0,3640.0,21,37,18,29,105
219912,4.0,5.0,4.0,1.0,2.0,2.0,0.2,0.30000000000000004,30.0,1,3350.0,29,41,34,39,138
219912,4.0,5.0,4.0,1.0,2.0,2.0,0.2,0.30000000000000004,30.0,2,2627.5,43,54,45,51,178
219912,4.0,5.0,4.0,1.0,2.0,2.0,0.2,0.30000000000000004,30.0,3,904.375,48,69,64,70,225
219912,4.0,5.0,4.0,1.0,2.0,2.0,0.2,0.30000000000000004,30.0,4,0,63,78,78,82,269
219912,4.0,5.0,4.0,1.0,2.0,2.0,0.2,0.30000000000000004,30.0,5,0,62,87,64,58,242
219912,4.0,5.0,4.0,1.0,2.0,2.0,0.2,0.30000000000000004,30.0,6,0,51,63,47,42,175
219912,4.0,5.0,4.0,1.0,2.0,2.0,0.2,0.30000000000000004,30.0,7,0,33,49,36,23,125
219912,4.0,5.0,4.0,1.0,2.0,2.0,0.2,0.30000000000000004,30.0,8,0,21,38,25,11,88
219912,4.0,5.0,4.0,1.0,2.0,2.0,0.2,0.30000000000000004,30.0,9,0,15,23,13,5,54
219912,4.0,5.0,4.0,1.0,2.0,2.0,0.2,0.30000000000000004,30.0,10,0,11,12,9,4,33
219912,4.0,5.0,4.0,1.0,2.0,2.0,0.2,0.30000000000000004,30.0,11,0,8,6,5,3,20
219912,4.0,5.0,4.0,1.0,2.0,2.0,0.2,0.30000000000000004,30.0,12,0,5,4,2,3,11
219912,4.0,5.0,4.0,1.0,2.0,2.0,0.2,0.30000000000000004,30.0,13,0,3,1,1,2,5
219912,4.0,5.0,4.0,1.0,2.0,2.0,0.2,0.30000000000000004,30.0,14,0,2,0,1,1,3
219912,4.0,5.0,4.0,1.0,2.0,2.0,0.2,0.30000000000000004,30.0,15,60.0,1,0,1,2,2
219912,4.0,5.0,4.0,1.0,2.0,2.0,0.2,0.30000000000000004,30.0,16,75.0,1,0,1,1,2
219912,4.0,5.0,4.0,1.0,2.0,2.0,0.2,0.30000000000000004,30.0,17,33.75,1,0,1,2,2
219912,4.0,5.0,4.0,1.0,2.0,2.0,0.2,0.30000000000000004,30.0,18,2.1875,1,1,1,3,3
219912,4.0,5.0,4.0,1.0,2.0,2.0,0.2,0.30000000000000004,30.0,19,0,1,2,1,2,4
219912,4.0,5.0,4.0,1.0,2.0,2.0,0.2,0.30000000000000004,30.0,20,0,1,1,1,1,3
219912,4.0,5.0,4.0,1.0,2.0,2.0,0.2,0.30000000000000004,30.0,21,0,1,0,0,1,1
219912,4.0,5.0,4.0,1.0,2.0,2.0,0.2,0.30000000000000004,30.0,22,0,1,0,0,1,1
219912,4.0,5.0,4.0,1.0,2.0,2.0,0.2,0.30000000000000004,30.0,23,0,1,0,0,0,1