Exp Num,agent:svo_convergence_factor,agent:params:metabolism,agent:params:consumption_factor,agent:params:procreate_cost_factor,agent:params:procreate_req_factor,agent:params:start_energy_factor,agent:params:caught_chance,agent:params:caught_cooldown_factor,agent:params:maximum_age,Epoch,Resource,A,B,C,D,E
23596,1.0,10.0,1.0,1.0,3.0,3.0,0.4,0.5,20.0,0,4000.0,26,48,18,38,112
23596,1.0,10.0,1.0,1.0,3.0,3.0,0.4,0.5,20.0,1,3500.0,26,48,18,38,112
23596,1.0,10.0,1.0,1.0,3.0,3.0,0.4,0.5,20.0,2,2955.0,26,48,18,38,112
23596,1.0,10.0,1.0,1.0,3.0,3.0,0.4,0.5,20.0,3,2673.75,24,48,18,38,110
23596,1.0,10.0,1.0,1.0,3.0,3.0,0.4,0.5,20.0,4,2502.1875,17,39,18,36,94
23596,1.0,10.0,1.0,1.0,3.0,3.0,0.4,0.5,20.0,5,2267.734375,12,36,16,34,84
23596,1.0,10.0,1.0,1.0,3.0,3.0,0.4,0.5,20.0,6,1974.66796875,9,34,15,34,78
23596,1.0,10.0,1.0,1.0,3.0,3.0,0.4,0.5,20.0,7,1578.3349609375,8,32,15,33,75
23596,1.0,10.0,1.0,1.0,3.0,3.0,0.4,0.5,20.0,8,1092.918701171875,6,32,14,32,72
23596,1.0,10.0,1.0,1.0,3.0,3.0,0.4,0.5,20.0,9,426.14837646484375,4,30,14,32,68
23596,1.0,10.0,1.0,1.0,3.0,3.0,0.4,0.5,20.0,10,0,4,21,10,25,52
23596,1.0,10.0,1.0,1.0,3.0,3.0,0.4,0.5,20.0,11,0,1,12,2,15,23
23596,1.0,10.0,1.0,1.0,3.0,3.0,0.4,0.5,20.0,12,0,0,8,0,8,11
23596,1.0,10.0,1.0,1.0,3.0,3.0,0.4,0.5,20.0,13,0,0,3,0,5,4
23596,1.0,10.0,1.0,1.0,3.0,3.0,0.4,0.5,20.0,14,0,0,2,0,2,2
23596,1.0,10.0,1.0,1.0,3.0,3.0,0.4,0.5,20.0,15,0,0,1,0,1,1
23596,1.0,10.0,1.0,1.0,3.0,3.0,0.4,0.5,20.0,16,0,0,0,0,1,0