Exp Num,agent:svo_convergence_factor,agent:params:metabolism,agent:params:consumption_factor,agent:params:procreate_cost_factor,agent:params:procreate_req_factor,agent:params:start_energy_factor,agent:params:caught_chance,agent:params:caught_cooldown_factor,agent:params:maximum_age,Epoch,Resource,A,B,C,D,E
236313,4.0,10.0,3.0,1.0,1.0,1.0,0.30000000000000004,0.30000000000000004,40.0,0,2000.0,30,32,12,50,100
236313,4.0,10.0,3.0,1.0,1.0,1.0,0.30000000000000004,0.30000000000000004,40.0,1,1270.0,43,50,25,70,155
236313,4.0,10.0,3.0,1.0,1.0,1.0,0.30000000000000004,0.30000000000000004,40.0,2,0,41,58,31,65,164
236313,4.0,10.0,3.0,1.0,1.0,1.0,0.30000000000000004,0.30000000000000004,40.0,3,0,34,49,29,45,140
236313,4.0,10.0,3.0,1.0,1.0,1.0,0.30000000000000004,0.30000000000000004,40.0,4,0,23,49,24,35,113
236313,4.0,10.0,3.0,1.0,1.0,1.0,0.30000000000000004,0.30000000000000004,40.0,5,0,20,30,17,23,77
236313,4.0,10.0,3.0,1.0,1.0,1.0,0.30000000000000004,0.30000000000000004,40.0,6,0,18,19,13,15,55
236313,4.0,10.0,3.0,1.0,1.0,1.0,0.30000000000000004,0.30000000000000004,40.0,7,0,9,15,13,11,40
236313,4.0,10.0,3.0,1.0,1.0,1.0,0.30000000000000004,0.30000000000000004,40.0,8,0,6,18,11,8,35
236313,4.0,10.0,3.0,1.0,1.0,1.0,0.30000000000000004,0.30000000000000004,40.0,9,0,4,13,5,5,22
236313,4.0,10.0,3.0,1.0,1.0,1.0,0.30000000000000004,0.30000000000000004,40.0,10,0,3,10,5,2,18
236313,4.0,10.0,3.0,1.0,1.0,1.0,0.30000000000000004,0.30000000000000004,40.0,11,0,3,6,3,2,12
236313,4.0,10.0,3.0,1.0,1.0,1.0,0.30000000000000004,0.30000000000000004,40.0,12,0,3,2,2,0,7
236313,4.0,10.0,3.0,1.0,1.0,1.0,0.30000000000000004,0.30000000000000004,40.0,13,0,3,1,2,0,6
236313,4.0,10.0,3.0,1.0,1.0,1.0,0.30000000000000004,0.30000000000000004,40.0,14,0,1,1,3,0,5
236313,4.0,10.0,3.0,1.0,1.0,1.0,0.30000000000000004,0.30000000000000004,40.0,15,0,1,0,3,0,4
236313,4.0,10.0,3.0,1.0,1.0,1.0,0.30000000000000004,0.30000000000000004,40.0,16,0,1,0,1,0,2
236313,4.0,10.0,3.0,1.0,1.0,1.0,0.30000000000000004,0.30000000000000004,40.0,17,0,1,0,0,0,1