Exp Num,agent:svo_convergence_factor,agent:params:metabolism,agent:params:consumption_factor,agent:params:procreate_cost_factor,agent:params:procreate_req_factor,agent:params:start_energy_factor,agent:params:caught_chance,agent:params:caught_cooldown_factor,agent:params:maximum_age,Epoch,Resource,A,B,C,D,E
269238,4.0,15.0,4.0,9.0,1.0,3.0,0.5,0.30000000000000004,40.0,0,3560.0,21,26,14,22,78
269238,4.0,15.0,4.0,9.0,1.0,3.0,0.5,0.30000000000000004,40.0,1,3430.0,24,26,14,22,81
269238,4.0,15.0,4.0,9.0,1.0,3.0,0.5,0.30000000000000004,40.0,2,2307.5,17,14,11,18,59
269238,4.0,15.0,4.0,9.0,1.0,3.0,0.5,0.30000000000000004,40.0,3,1924.375,15,13,9,17,52
269238,4.0,15.0,4.0,9.0,1.0,3.0,0.5,0.30000000000000004,40.0,4,1625.46875,17,14,9,17,55
269238,4.0,15.0,4.0,9.0,1.0,3.0,0.5,0.30000000000000004,40.0,5,1191.8359375,18,13,9,17,55
269238,4.0,15.0,4.0,9.0,1.0,3.0,0.5,0.30000000000000004,40.0,6,589.794921875,18,8,7,14,48
269238,4.0,15.0,4.0,9.0,1.0,3.0,0.5,0.30000000000000004,40.0,7,317.24365234375,18,7,6,12,45
269238,4.0,15.0,4.0,9.0,1.0,3.0,0.5,0.30000000000000004,40.0,8,0,19,7,6,11,45
269238,4.0,15.0,4.0,9.0,1.0,3.0,0.5,0.30000000000000004,40.0,9,0,17,6,6,10,42
269238,4.0,15.0,4.0,9.0,1.0,3.0,0.5,0.30000000000000004,40.0,10,0,17,6,3,7,33
269238,4.0,15.0,4.0,9.0,1.0,3.0,0.5,0.30000000000000004,40.0,11,0,17,4,2,6,25
269238,4.0,15.0,4.0,9.0,1.0,3.0,0.5,0.30000000000000004,40.0,12,0,16,3,2,3,23
269238,4.0,15.0,4.0,9.0,1.0,3.0,0.5,0.30000000000000004,40.0,13,0,12,3,2,2,19
269238,4.0,15.0,4.0,9.0,1.0,3.0,0.5,0.30000000000000004,40.0,14,0,9,0,2,2,12
269238,4.0,15.0,4.0,9.0,1.0,3.0,0.5,0.30000000000000004,40.0,15,0,9,0,1,1,10
269238,4.0,15.0,4.0,9.0,1.0,3.0,0.5,0.30000000000000004,40.0,16,0,7,0,0,0,7
269238,4.0,15.0,4.0,9.0,1.0,3.0,0.5,0.30000000000000004,40.0,17,0,6,0,0,0,6
269238,4.0,15.0,4.0,9.0,1.0,3.0,0.5,0.30000000000000004,40.0,18,0,5,0,0,0,5
269238,4.0,15.0,4.0,9.0,1.0,3.0,0.5,0.30000000000000004,40.0,19,100,3,0,0,0,3
269238,4.0,15.0,4.0,9.0,1.0,3.0,0.5,0.30000000000000004,40.0,20,125.0,2,0,0,0,2
269238,4.0,15.0,4.0,9.0,1.0,3.0,0.5,0.30000000000000004,40.0,21,156.25,1,0,0,0,1