Exp Num,agent:svo_convergence_factor,agent:params:metabolism,agent:params:consumption_factor,agent:params:procreate_cost_factor,agent:params:procreate_req_factor,agent:params:start_energy_factor,agent:params:caught_chance,agent:params:caught_cooldown_factor,agent:params:maximum_age,Epoch,Resource,A,B,C,D,E
234455,4.0,10.0,2.0,7.0,2.0,1.0,0.4,0.2,10.0,0,3000.0,18,29,11,25,75
234455,4.0,10.0,2.0,7.0,2.0,1.0,0.4,0.2,10.0,1,3250.0,18,29,11,25,75
234455,4.0,10.0,2.0,7.0,2.0,1.0,0.4,0.2,10.0,2,3082.5,13,21,7,24,57
234455,4.0,10.0,2.0,7.0,2.0,1.0,0.4,0.2,10.0,3,3453.125,9,20,7,23,52
234455,4.0,10.0,2.0,7.0,2.0,1.0,0.4,0.2,10.0,4,3476.40625,6,18,7,22,47
234455,4.0,10.0,2.0,7.0,2.0,1.0,0.4,0.2,10.0,5,3725.5078125,5,17,7,22,45
234455,4.0,10.0,2.0,7.0,2.0,1.0,0.4,0.2,10.0,6,3676.884765625,5,15,7,20,43
234455,4.0,10.0,2.0,7.0,2.0,1.0,0.4,0.2,10.0,7,3416.10595703125,5,14,7,19,42
234455,4.0,10.0,2.0,7.0,2.0,1.0,0.4,0.2,10.0,8,3050.1324462890625,5,14,7,19,42
234455,4.0,10.0,2.0,7.0,2.0,1.0,0.4,0.2,10.0,9,2592.665557861328,5,14,7,19,42
234455,4.0,10.0,2.0,7.0,2.0,1.0,0.4,0.2,10.0,10,2500.83194732666,4,8,3,10,26
234455,4.0,10.0,2.0,7.0,2.0,1.0,0.4,0.2,10.0,11,2686.039934158325,3,4,1,6,16
234455,4.0,10.0,2.0,7.0,2.0,1.0,0.4,0.2,10.0,12,3097.5499176979065,1,3,1,2,10
234455,4.0,10.0,2.0,7.0,2.0,1.0,0.4,0.2,10.0,13,3711.937397122383,1,2,1,1,6
234455,4.0,10.0,2.0,7.0,2.0,1.0,0.4,0.2,10.0,14,4559.921746402979,1,2,0,1,3
234455,4.0,10.0,2.0,7.0,2.0,1.0,0.4,0.2,10.0,15,5639.902183003724,1,1,0,0,2
234455,4.0,10.0,2.0,7.0,2.0,1.0,0.4,0.2,10.0,16,7029.8777287546545,1,0,0,0,1