Exp Num,agent:svo_convergence_factor,agent:params:metabolism,agent:params:consumption_factor,agent:params:procreate_cost_factor,agent:params:procreate_req_factor,agent:params:start_energy_factor,agent:params:caught_chance,agent:params:caught_cooldown_factor,agent:params:maximum_age,Epoch,Resource,A,B,C,D,E
232126,4.0,10.0,2.0,3.0,2.0,1.0,0.1,0.1,20.0,0,3000.0,18,31,11,25,75
232126,4.0,10.0,2.0,3.0,2.0,1.0,0.1,0.1,20.0,1,2770.0,18,31,11,25,75
232126,4.0,10.0,2.0,3.0,2.0,1.0,0.1,0.1,20.0,2,2302.5,14,26,10,25,65
232126,4.0,10.0,2.0,3.0,2.0,1.0,0.1,0.1,20.0,3,2078.125,14,26,10,25,65
232126,4.0,10.0,2.0,3.0,2.0,1.0,0.1,0.1,20.0,4,1437.65625,16,25,10,23,66
232126,4.0,10.0,2.0,3.0,2.0,1.0,0.1,0.1,20.0,5,877.0703125,18,25,10,23,68
232126,4.0,10.0,2.0,3.0,2.0,1.0,0.1,0.1,20.0,6,0,20,22,10,23,66
232126,4.0,10.0,2.0,3.0,2.0,1.0,0.1,0.1,20.0,7,0,19,22,9,20,61
232126,4.0,10.0,2.0,3.0,2.0,1.0,0.1,0.1,20.0,8,0,19,17,6,12,46
232126,4.0,10.0,2.0,3.0,2.0,1.0,0.1,0.1,20.0,9,0,18,15,5,3,41
232126,4.0,10.0,2.0,3.0,2.0,1.0,0.1,0.1,20.0,10,0,15,11,4,2,30
232126,4.0,10.0,2.0,3.0,2.0,1.0,0.1,0.1,20.0,11,0,11,5,3,2,19
232126,4.0,10.0,2.0,3.0,2.0,1.0,0.1,0.1,20.0,12,0,8,3,1,1,12
232126,4.0,10.0,2.0,3.0,2.0,1.0,0.1,0.1,20.0,13,0,4,2,1,0,7
232126,4.0,10.0,2.0,3.0,2.0,1.0,0.1,0.1,20.0,14,0,3,1,0,0,4
232126,4.0,10.0,2.0,3.0,2.0,1.0,0.1,0.1,20.0,15,0,2,1,0,0,3
232126,4.0,10.0,2.0,3.0,2.0,1.0,0.1,0.1,20.0,16,0,1,0,0,0,1