Exp Num,agent:svo_convergence_factor,agent:params:metabolism,agent:params:consumption_factor,agent:params:procreate_cost_factor,agent:params:procreate_req_factor,agent:params:start_energy_factor,agent:params:caught_chance,agent:params:caught_cooldown_factor,agent:params:maximum_age,Epoch,Resource,A,B,C,D,E
265385,4.0,15.0,4.0,1.0,3.0,3.0,0.1,0.30000000000000004,10.0,0,2180.0,17,44,14,31,92
265385,4.0,15.0,4.0,1.0,3.0,3.0,0.1,0.30000000000000004,10.0,1,0,24,59,21,35,124
265385,4.0,15.0,4.0,1.0,3.0,3.0,0.1,0.30000000000000004,10.0,2,0,27,60,15,28,113
265385,4.0,15.0,4.0,1.0,3.0,3.0,0.1,0.30000000000000004,10.0,3,0,21,55,9,22,92
265385,4.0,15.0,4.0,1.0,3.0,3.0,0.1,0.30000000000000004,10.0,4,0,17,35,8,12,65
265385,4.0,15.0,4.0,1.0,3.0,3.0,0.1,0.30000000000000004,10.0,5,0,12,24,4,7,44
265385,4.0,15.0,4.0,1.0,3.0,3.0,0.1,0.30000000000000004,10.0,6,0,8,17,2,3,29
265385,4.0,15.0,4.0,1.0,3.0,3.0,0.1,0.30000000000000004,10.0,7,0,3,16,0,1,20
265385,4.0,15.0,4.0,1.0,3.0,3.0,0.1,0.30000000000000004,10.0,8,0,2,10,0,1,12
265385,4.0,15.0,4.0,1.0,3.0,3.0,0.1,0.30000000000000004,10.0,9,0,1,8,0,0,9
265385,4.0,15.0,4.0,1.0,3.0,3.0,0.1,0.30000000000000004,10.0,10,0,1,5,0,0,6
265385,4.0,15.0,4.0,1.0,3.0,3.0,0.1,0.30000000000000004,10.0,11,0,1,3,0,0,4
265385,4.0,15.0,4.0,1.0,3.0,3.0,0.1,0.30000000000000004,10.0,12,0,1,2,0,0,3
265385,4.0,15.0,4.0,1.0,3.0,3.0,0.1,0.30000000000000004,10.0,13,0,1,2,0,0,3
265385,4.0,15.0,4.0,1.0,3.0,3.0,0.1,0.30000000000000004,10.0,14,0,1,1,0,0,2
265385,4.0,15.0,4.0,1.0,3.0,3.0,0.1,0.30000000000000004,10.0,15,0,0,1,0,0,1