Exp Num,agent:svo_convergence_factor,agent:params:metabolism,agent:params:consumption_factor,agent:params:procreate_cost_factor,agent:params:procreate_req_factor,agent:params:start_energy_factor,agent:params:caught_chance,agent:params:caught_cooldown_factor,agent:params:maximum_age,Epoch,Resource,A,B,C,D,E
22773,1.0,10.0,1.0,1.0,1.0,3.0,0.1,0.5,40.0,0,4000.0,26,32,29,44,106
22773,1.0,10.0,1.0,1.0,1.0,3.0,0.1,0.5,40.0,1,3500.0,33,50,56,64,161
22773,1.0,10.0,1.0,1.0,1.0,3.0,0.1,0.5,40.0,2,2515.0,40,80,97,94,243
22773,1.0,10.0,1.0,1.0,1.0,3.0,0.1,0.5,40.0,3,1303.75,24,80,84,63,202
22773,1.0,10.0,1.0,1.0,1.0,3.0,0.1,0.5,40.0,4,219.6875,14,76,72,51,165
22773,1.0,10.0,1.0,1.0,1.0,3.0,0.1,0.5,40.0,5,0,8,58,58,33,127
22773,1.0,10.0,1.0,1.0,1.0,3.0,0.1,0.5,40.0,6,0,2,44,50,18,98
22773,1.0,10.0,1.0,1.0,1.0,3.0,0.1,0.5,40.0,7,0,0,27,44,9,71
22773,1.0,10.0,1.0,1.0,1.0,3.0,0.1,0.5,40.0,8,0,0,18,31,3,49
22773,1.0,10.0,1.0,1.0,1.0,3.0,0.1,0.5,40.0,9,0,0,13,23,2,36
22773,1.0,10.0,1.0,1.0,1.0,3.0,0.1,0.5,40.0,10,0,0,9,19,1,28
22773,1.0,10.0,1.0,1.0,1.0,3.0,0.1,0.5,40.0,11,0,0,5,15,0,20
22773,1.0,10.0,1.0,1.0,1.0,3.0,0.1,0.5,40.0,12,0,0,3,9,0,12
22773,1.0,10.0,1.0,1.0,1.0,3.0,0.1,0.5,40.0,13,0,0,2,6,0,8
22773,1.0,10.0,1.0,1.0,1.0,3.0,0.1,0.5,40.0,14,0,0,1,5,0,6
22773,1.0,10.0,1.0,1.0,1.0,3.0,0.1,0.5,40.0,15,0,0,0,3,0,3
22773,1.0,10.0,1.0,1.0,1.0,3.0,0.1,0.5,40.0,16,80.0,0,0,2,0,2
22773,1.0,10.0,1.0,1.0,1.0,3.0,0.1,0.5,40.0,17,80.0,0,0,3,0,3
22773,1.0,10.0,1.0,1.0,1.0,3.0,0.1,0.5,40.0,18,70.0,0,0,3,0,3
22773,1.0,10.0,1.0,1.0,1.0,3.0,0.1,0.5,40.0,19,67.5,0,0,2,0,2
22773,1.0,10.0,1.0,1.0,1.0,3.0,0.1,0.5,40.0,20,64.375,0,0,3,0,3
22773,1.0,10.0,1.0,1.0,1.0,3.0,0.1,0.5,40.0,21,50.46875,0,0,3,0,3
22773,1.0,10.0,1.0,1.0,1.0,3.0,0.1,0.5,40.0,22,43.0859375,0,0,2,0,2
22773,1.0,10.0,1.0,1.0,1.0,3.0,0.1,0.5,40.0,23,33.857421875,0,0,3,0,3
22773,1.0,10.0,1.0,1.0,1.0,3.0,0.1,0.5,40.0,24,12.32177734375,0,0,3,0,3
22773,1.0,10.0,1.0,1.0,1.0,3.0,0.1,0.5,40.0,25,0,0,0,3,0,3
22773,1.0,10.0,1.0,1.0,1.0,3.0,0.1,0.5,40.0,26,0,0,0,2,0,2
22773,1.0,10.0,1.0,1.0,1.0,3.0,0.1,0.5,40.0,27,0,0,0,1,0,1