Exp Num,agent:svo_convergence_factor,agent:params:metabolism,agent:params:consumption_factor,agent:params:procreate_cost_factor,agent:params:procreate_req_factor,agent:params:start_energy_factor,agent:params:caught_chance,agent:params:caught_cooldown_factor,agent:params:maximum_age,Epoch,Resource,A,B,C,D,E
255637,4.0,15.0,2.0,5.0,1.0,3.0,0.1,0.30000000000000004,30.0,0,3770.0,15,22,21,24,76
255637,4.0,15.0,2.0,5.0,1.0,3.0,0.1,0.30000000000000004,30.0,1,3422.5,20,28,22,24,89
255637,4.0,15.0,2.0,5.0,1.0,3.0,0.1,0.30000000000000004,30.0,2,1758.125,21,28,20,23,88
255637,4.0,15.0,2.0,5.0,1.0,3.0,0.1,0.30000000000000004,30.0,3,457.65625,23,35,21,26,98
255637,4.0,15.0,2.0,5.0,1.0,3.0,0.1,0.30000000000000004,30.0,4,0,24,33,11,21,82
255637,4.0,15.0,2.0,5.0,1.0,3.0,0.1,0.30000000000000004,30.0,5,0,18,28,8,16,66
255637,4.0,15.0,2.0,5.0,1.0,3.0,0.1,0.30000000000000004,30.0,6,0,12,19,5,10,44
255637,4.0,15.0,2.0,5.0,1.0,3.0,0.1,0.30000000000000004,30.0,7,0,12,18,3,7,37
255637,4.0,15.0,2.0,5.0,1.0,3.0,0.1,0.30000000000000004,30.0,8,0,10,13,3,4,30
255637,4.0,15.0,2.0,5.0,1.0,3.0,0.1,0.30000000000000004,30.0,9,0,6,12,3,1,24
255637,4.0,15.0,2.0,5.0,1.0,3.0,0.1,0.30000000000000004,30.0,10,0,6,10,3,0,22
255637,4.0,15.0,2.0,5.0,1.0,3.0,0.1,0.30000000000000004,30.0,11,0,5,5,2,0,15
255637,4.0,15.0,2.0,5.0,1.0,3.0,0.1,0.30000000000000004,30.0,12,0,2,1,2,0,8
255637,4.0,15.0,2.0,5.0,1.0,3.0,0.1,0.30000000000000004,30.0,13,0,2,0,2,0,5
255637,4.0,15.0,2.0,5.0,1.0,3.0,0.1,0.30000000000000004,30.0,14,0,1,0,1,0,2
255637,4.0,15.0,2.0,5.0,1.0,3.0,0.1,0.30000000000000004,30.0,15,40.0,1,0,1,0,2
255637,4.0,15.0,2.0,5.0,1.0,3.0,0.1,0.30000000000000004,30.0,16,20.0,1,0,1,0,2
255637,4.0,15.0,2.0,5.0,1.0,3.0,0.1,0.30000000000000004,30.0,17,0,1,0,0,0,1