Exp Num,agent:svo_convergence_factor,agent:params:metabolism,agent:params:consumption_factor,agent:params:procreate_cost_factor,agent:params:procreate_req_factor,agent:params:start_energy_factor,agent:params:caught_chance,agent:params:caught_cooldown_factor,agent:params:maximum_age,Epoch,Resource,A,B,C,D,E
248834,4.0,15.0,1.0,3.0,1.0,2.0,0.4,0.2,50.0,0,3500.0,18,25,13,29,71
248834,4.0,15.0,1.0,3.0,1.0,2.0,0.4,0.2,50.0,1,2965.0,18,25,13,29,71
248834,4.0,15.0,1.0,3.0,1.0,2.0,0.4,0.2,50.0,2,2701.25,16,24,12,29,67
248834,4.0,15.0,1.0,3.0,1.0,2.0,0.4,0.2,50.0,3,2431.5625,15,19,11,29,60
248834,4.0,15.0,1.0,3.0,1.0,2.0,0.4,0.2,50.0,4,2199.453125,14,16,10,29,55
248834,4.0,15.0,1.0,3.0,1.0,2.0,0.4,0.2,50.0,5,1849.31640625,11,14,9,27,49
248834,4.0,15.0,1.0,3.0,1.0,2.0,0.4,0.2,50.0,6,1441.6455078125,10,13,9,26,47
248834,4.0,15.0,1.0,3.0,1.0,2.0,0.4,0.2,50.0,7,917.056884765625,8,11,9,25,43
248834,4.0,15.0,1.0,3.0,1.0,2.0,0.4,0.2,50.0,8,216.32110595703125,6,10,9,25,40
248834,4.0,15.0,1.0,3.0,1.0,2.0,0.4,0.2,50.0,9,0,4,3,5,19,22
248834,4.0,15.0,1.0,3.0,1.0,2.0,0.4,0.2,50.0,10,0,2,1,3,10,11
248834,4.0,15.0,1.0,3.0,1.0,2.0,0.4,0.2,50.0,11,0,0,1,1,6,4
248834,4.0,15.0,1.0,3.0,1.0,2.0,0.4,0.2,50.0,12,0,0,1,1,1,4
248834,4.0,15.0,1.0,3.0,1.0,2.0,0.4,0.2,50.0,13,0,0,1,1,0,2
248834,4.0,15.0,1.0,3.0,1.0,2.0,0.4,0.2,50.0,14,0,0,0,1,0,1