Exp Num,agent:svo_convergence_factor,agent:params:metabolism,agent:params:consumption_factor,agent:params:procreate_cost_factor,agent:params:procreate_req_factor,agent:params:start_energy_factor,agent:params:caught_chance,agent:params:caught_cooldown_factor,agent:params:maximum_age,Epoch,Resource,A,B,C,D,E
28431,1.0,10.0,2.0,1.0,1.0,3.0,0.30000000000000004,0.2,20.0,0,3580.0,22,41,23,51,99
28431,1.0,10.0,2.0,1.0,1.0,3.0,0.30000000000000004,0.2,20.0,1,3315.0,24,60,42,69,142
28431,1.0,10.0,2.0,1.0,1.0,3.0,0.30000000000000004,0.2,20.0,2,2183.75,21,73,67,91,180
28431,1.0,10.0,2.0,1.0,1.0,3.0,0.30000000000000004,0.2,20.0,3,0,17,92,100,121,227
28431,1.0,10.0,2.0,1.0,1.0,3.0,0.30000000000000004,0.2,20.0,4,0,8,69,91,98,178
28431,1.0,10.0,2.0,1.0,1.0,3.0,0.30000000000000004,0.2,20.0,5,0,2,58,78,60,142
28431,1.0,10.0,2.0,1.0,1.0,3.0,0.30000000000000004,0.2,20.0,6,0,2,34,65,44,103
28431,1.0,10.0,2.0,1.0,1.0,3.0,0.30000000000000004,0.2,20.0,7,0,1,23,55,23,80
28431,1.0,10.0,2.0,1.0,1.0,3.0,0.30000000000000004,0.2,20.0,8,0,0,15,41,14,57
28431,1.0,10.0,2.0,1.0,1.0,3.0,0.30000000000000004,0.2,20.0,9,0,0,6,28,9,35
28431,1.0,10.0,2.0,1.0,1.0,3.0,0.30000000000000004,0.2,20.0,10,0,0,5,22,5,27
28431,1.0,10.0,2.0,1.0,1.0,3.0,0.30000000000000004,0.2,20.0,11,0,0,5,16,3,21
28431,1.0,10.0,2.0,1.0,1.0,3.0,0.30000000000000004,0.2,20.0,12,0,0,1,13,2,14
28431,1.0,10.0,2.0,1.0,1.0,3.0,0.30000000000000004,0.2,20.0,13,0,0,1,10,1,11
28431,1.0,10.0,2.0,1.0,1.0,3.0,0.30000000000000004,0.2,20.0,14,0,0,1,12,1,13
28431,1.0,10.0,2.0,1.0,1.0,3.0,0.30000000000000004,0.2,20.0,15,0,0,1,8,0,9
28431,1.0,10.0,2.0,1.0,1.0,3.0,0.30000000000000004,0.2,20.0,16,0,0,0,5,0,5
28431,1.0,10.0,2.0,1.0,1.0,3.0,0.30000000000000004,0.2,20.0,17,0,0,0,4,0,4
28431,1.0,10.0,2.0,1.0,1.0,3.0,0.30000000000000004,0.2,20.0,18,0,0,0,2,0,2
28431,1.0,10.0,2.0,1.0,1.0,3.0,0.30000000000000004,0.2,20.0,19,0,0,0,1,0,1