Exp Num,agent:svo_convergence_factor,agent:params:metabolism,agent:params:consumption_factor,agent:params:procreate_cost_factor,agent:params:procreate_req_factor,agent:params:start_energy_factor,agent:params:caught_chance,agent:params:caught_cooldown_factor,agent:params:maximum_age,Epoch,Resource,A,B,C,D,E
20284,1.0,5.0,4.0,7.0,1.0,1.0,0.2,0.2,50.0,0,3000.0,16,27,12,24,76
20284,1.0,5.0,4.0,7.0,1.0,1.0,0.2,0.2,50.0,1,2930.0,21,37,16,25,95
20284,1.0,5.0,4.0,7.0,1.0,1.0,0.2,0.2,50.0,2,2422.5,23,43,17,26,104
20284,1.0,5.0,4.0,7.0,1.0,1.0,0.2,0.2,50.0,3,1968.125,26,52,17,27,116
20284,1.0,5.0,4.0,7.0,1.0,1.0,0.2,0.2,50.0,4,1200.15625,29,61,16,25,126
20284,1.0,5.0,4.0,7.0,1.0,1.0,0.2,0.2,50.0,5,380.1953125,30,72,17,26,139
20284,1.0,5.0,4.0,7.0,1.0,1.0,0.2,0.2,50.0,6,0,29,82,14,23,144
20284,1.0,5.0,4.0,7.0,1.0,1.0,0.2,0.2,50.0,7,0,25,86,13,23,142
20284,1.0,5.0,4.0,7.0,1.0,1.0,0.2,0.2,50.0,8,0,23,84,11,18,127
20284,1.0,5.0,4.0,7.0,1.0,1.0,0.2,0.2,50.0,9,0,18,81,9,10,111
20284,1.0,5.0,4.0,7.0,1.0,1.0,0.2,0.2,50.0,10,0,10,68,9,7,87
20284,1.0,5.0,4.0,7.0,1.0,1.0,0.2,0.2,50.0,11,0,6,63,7,3,76
20284,1.0,5.0,4.0,7.0,1.0,1.0,0.2,0.2,50.0,12,0,5,56,5,1,66
20284,1.0,5.0,4.0,7.0,1.0,1.0,0.2,0.2,50.0,13,0,2,45,3,0,50
20284,1.0,5.0,4.0,7.0,1.0,1.0,0.2,0.2,50.0,14,0,1,36,2,0,39
20284,1.0,5.0,4.0,7.0,1.0,1.0,0.2,0.2,50.0,15,0,1,28,0,0,29
20284,1.0,5.0,4.0,7.0,1.0,1.0,0.2,0.2,50.0,16,0,1,19,0,0,20
20284,1.0,5.0,4.0,7.0,1.0,1.0,0.2,0.2,50.0,17,40.0,0,14,0,0,14
20284,1.0,5.0,4.0,7.0,1.0,1.0,0.2,0.2,50.0,18,0,0,13,0,0,13
20284,1.0,5.0,4.0,7.0,1.0,1.0,0.2,0.2,50.0,19,0,0,8,0,0,8
20284,1.0,5.0,4.0,7.0,1.0,1.0,0.2,0.2,50.0,20,0,0,6,0,0,6
20284,1.0,5.0,4.0,7.0,1.0,1.0,0.2,0.2,50.0,21,0,0,5,0,0,5
20284,1.0,5.0,4.0,7.0,1.0,1.0,0.2,0.2,50.0,22,0,0,3,0,0,3
20284,1.0,5.0,4.0,7.0,1.0,1.0,0.2,0.2,50.0,23,0,0,2,0,0,2
20284,1.0,5.0,4.0,7.0,1.0,1.0,0.2,0.2,50.0,24,0,0,2,0,0,2
20284,1.0,5.0,4.0,7.0,1.0,1.0,0.2,0.2,50.0,25,0,0,1,0,0,1