Exp Num,agent:svo_convergence_factor,agent:params:metabolism,agent:params:consumption_factor,agent:params:procreate_cost_factor,agent:params:procreate_req_factor,agent:params:start_energy_factor,agent:params:caught_chance,agent:params:caught_cooldown_factor,agent:params:maximum_age,Epoch,Resource,A,B,C,D,E
221948,4.0,5.0,4.0,5.0,1.0,3.0,0.30000000000000004,0.5,40.0,0,3580.0,24,33,21,37,98
221948,4.0,5.0,4.0,5.0,1.0,3.0,0.30000000000000004,0.5,40.0,1,2675.0,26,42,24,41,114
221948,4.0,5.0,4.0,5.0,1.0,3.0,0.30000000000000004,0.5,40.0,2,2163.75,29,54,30,41,133
221948,4.0,5.0,4.0,5.0,1.0,3.0,0.30000000000000004,0.5,40.0,3,1704.6875,37,70,37,47,165
221948,4.0,5.0,4.0,5.0,1.0,3.0,0.30000000000000004,0.5,40.0,4,230.859375,42,85,42,50,193
221948,4.0,5.0,4.0,5.0,1.0,3.0,0.30000000000000004,0.5,40.0,5,0,43,86,42,39,190
221948,4.0,5.0,4.0,5.0,1.0,3.0,0.30000000000000004,0.5,40.0,6,0,43,84,42,32,183
221948,4.0,5.0,4.0,5.0,1.0,3.0,0.30000000000000004,0.5,40.0,7,0,35,69,38,29,153
221948,4.0,5.0,4.0,5.0,1.0,3.0,0.30000000000000004,0.5,40.0,8,0,26,54,29,20,119
221948,4.0,5.0,4.0,5.0,1.0,3.0,0.30000000000000004,0.5,40.0,9,0,19,42,25,13,92
221948,4.0,5.0,4.0,5.0,1.0,3.0,0.30000000000000004,0.5,40.0,10,0,14,33,21,10,71
221948,4.0,5.0,4.0,5.0,1.0,3.0,0.30000000000000004,0.5,40.0,11,0,10,24,16,6,54
221948,4.0,5.0,4.0,5.0,1.0,3.0,0.30000000000000004,0.5,40.0,12,0,6,18,12,5,38
221948,4.0,5.0,4.0,5.0,1.0,3.0,0.30000000000000004,0.5,40.0,13,0,6,10,7,4,25
221948,4.0,5.0,4.0,5.0,1.0,3.0,0.30000000000000004,0.5,40.0,14,0,1,8,4,3,14
221948,4.0,5.0,4.0,5.0,1.0,3.0,0.30000000000000004,0.5,40.0,15,0,2,8,0,2,11
221948,4.0,5.0,4.0,5.0,1.0,3.0,0.30000000000000004,0.5,40.0,16,20.0,3,6,0,2,10
221948,4.0,5.0,4.0,5.0,1.0,3.0,0.30000000000000004,0.5,40.0,17,0,3,4,0,1,8
221948,4.0,5.0,4.0,5.0,1.0,3.0,0.30000000000000004,0.5,40.0,18,0,4,2,0,1,7
221948,4.0,5.0,4.0,5.0,1.0,3.0,0.30000000000000004,0.5,40.0,19,0,4,1,0,1,6
221948,4.0,5.0,4.0,5.0,1.0,3.0,0.30000000000000004,0.5,40.0,20,0,2,1,0,1,4
221948,4.0,5.0,4.0,5.0,1.0,3.0,0.30000000000000004,0.5,40.0,21,0,2,0,0,1,3
221948,4.0,5.0,4.0,5.0,1.0,3.0,0.30000000000000004,0.5,40.0,22,0,1,0,0,0,2
221948,4.0,5.0,4.0,5.0,1.0,3.0,0.30000000000000004,0.5,40.0,23,0,1,0,0,0,1