Exp Num,agent:svo_convergence_factor,agent:params:metabolism,agent:params:consumption_factor,agent:params:procreate_cost_factor,agent:params:procreate_req_factor,agent:params:start_energy_factor,agent:params:caught_chance,agent:params:caught_cooldown_factor,agent:params:maximum_age,Epoch,Resource,A,B,C,D,E
222394,4.0,5.0,4.0,5.0,3.0,1.0,0.1,0.4,50.0,0,3000.0,16,22,13,26,74
222394,4.0,5.0,4.0,5.0,3.0,1.0,0.1,0.4,50.0,1,2910.0,16,22,13,26,74
222394,4.0,5.0,4.0,5.0,3.0,1.0,0.1,0.4,50.0,2,2717.5,16,22,13,26,74
222394,4.0,5.0,4.0,5.0,3.0,1.0,0.1,0.4,50.0,3,2556.875,16,22,13,26,74
222394,4.0,5.0,4.0,5.0,3.0,1.0,0.1,0.4,50.0,4,2036.09375,22,22,11,25,78
222394,4.0,5.0,4.0,5.0,3.0,1.0,0.1,0.4,50.0,5,1745.1171875,24,24,10,25,81
222394,4.0,5.0,4.0,5.0,3.0,1.0,0.1,0.4,50.0,6,1501.396484375,27,25,11,25,86
222394,4.0,5.0,4.0,5.0,3.0,1.0,0.1,0.4,50.0,7,1056.74560546875,30,29,11,25,93
222394,4.0,5.0,4.0,5.0,3.0,1.0,0.1,0.4,50.0,8,60.9320068359375,35,33,10,25,100
222394,4.0,5.0,4.0,5.0,3.0,1.0,0.1,0.4,50.0,9,0,35,33,10,23,100
222394,4.0,5.0,4.0,5.0,3.0,1.0,0.1,0.4,50.0,10,0,35,33,10,23,100
222394,4.0,5.0,4.0,5.0,3.0,1.0,0.1,0.4,50.0,11,0,35,33,10,23,100
222394,4.0,5.0,4.0,5.0,3.0,1.0,0.1,0.4,50.0,12,0,35,30,7,14,79
222394,4.0,5.0,4.0,5.0,3.0,1.0,0.1,0.4,50.0,13,0,33,30,6,12,73
222394,4.0,5.0,4.0,5.0,3.0,1.0,0.1,0.4,50.0,14,0,33,30,6,11,73
222394,4.0,5.0,4.0,5.0,3.0,1.0,0.1,0.4,50.0,15,0,31,29,6,11,70
222394,4.0,5.0,4.0,5.0,3.0,1.0,0.1,0.4,50.0,16,0,31,28,5,5,67
222394,4.0,5.0,4.0,5.0,3.0,1.0,0.1,0.4,50.0,17,0,29,28,4,3,62
222394,4.0,5.0,4.0,5.0,3.0,1.0,0.1,0.4,50.0,18,0,23,23,3,2,50
222394,4.0,5.0,4.0,5.0,3.0,1.0,0.1,0.4,50.0,19,0,20,17,2,2,40
222394,4.0,5.0,4.0,5.0,3.0,1.0,0.1,0.4,50.0,20,0,14,16,1,2,32
222394,4.0,5.0,4.0,5.0,3.0,1.0,0.1,0.4,50.0,21,0,12,10,1,2,23
222394,4.0,5.0,4.0,5.0,3.0,1.0,0.1,0.4,50.0,22,0,9,9,1,1,19
222394,4.0,5.0,4.0,5.0,3.0,1.0,0.1,0.4,50.0,23,0,4,6,1,1,11
222394,4.0,5.0,4.0,5.0,3.0,1.0,0.1,0.4,50.0,24,0,3,5,1,0,9
222394,4.0,5.0,4.0,5.0,3.0,1.0,0.1,0.4,50.0,25,0,2,3,1,0,6
222394,4.0,5.0,4.0,5.0,3.0,1.0,0.1,0.4,50.0,26,0,2,1,1,0,4
222394,4.0,5.0,4.0,5.0,3.0,1.0,0.1,0.4,50.0,27,0,1,0,1,0,2
222394,4.0,5.0,4.0,5.0,3.0,1.0,0.1,0.4,50.0,28,0,1,0,0,0,1