Exp Num,agent:svo_convergence_factor,agent:params:metabolism,agent:params:consumption_factor,agent:params:procreate_cost_factor,agent:params:procreate_req_factor,agent:params:start_energy_factor,agent:params:caught_chance,agent:params:caught_cooldown_factor,agent:params:maximum_age,Epoch,Resource,A,B,C,D,E
268013,4.0,15.0,4.0,7.0,1.0,3.0,0.1,0.30000000000000004,40.0,0,1760.0,18,25,13,27,73
268013,4.0,15.0,4.0,7.0,1.0,3.0,0.1,0.30000000000000004,40.0,1,0,23,32,14,27,86
268013,4.0,15.0,4.0,7.0,1.0,3.0,0.1,0.30000000000000004,40.0,2,0,27,30,11,17,73
268013,4.0,15.0,4.0,7.0,1.0,3.0,0.1,0.30000000000000004,40.0,3,0,20,26,11,13,61
268013,4.0,15.0,4.0,7.0,1.0,3.0,0.1,0.30000000000000004,40.0,4,0,17,25,10,11,56
268013,4.0,15.0,4.0,7.0,1.0,3.0,0.1,0.30000000000000004,40.0,5,0,15,24,10,10,53
268013,4.0,15.0,4.0,7.0,1.0,3.0,0.1,0.30000000000000004,40.0,6,0,13,20,5,7,41
268013,4.0,15.0,4.0,7.0,1.0,3.0,0.1,0.30000000000000004,40.0,7,0,10,15,3,7,29
268013,4.0,15.0,4.0,7.0,1.0,3.0,0.1,0.30000000000000004,40.0,8,0,10,11,2,5,23
268013,4.0,15.0,4.0,7.0,1.0,3.0,0.1,0.30000000000000004,40.0,9,0,5,10,2,2,17
268013,4.0,15.0,4.0,7.0,1.0,3.0,0.1,0.30000000000000004,40.0,10,0,2,7,1,1,10
268013,4.0,15.0,4.0,7.0,1.0,3.0,0.1,0.30000000000000004,40.0,11,0,2,5,1,1,8
268013,4.0,15.0,4.0,7.0,1.0,3.0,0.1,0.30000000000000004,40.0,12,0,1,4,1,1,6
268013,4.0,15.0,4.0,7.0,1.0,3.0,0.1,0.30000000000000004,40.0,13,0,1,3,1,0,5
268013,4.0,15.0,4.0,7.0,1.0,3.0,0.1,0.30000000000000004,40.0,14,0,0,2,1,0,3
268013,4.0,15.0,4.0,7.0,1.0,3.0,0.1,0.30000000000000004,40.0,15,0,0,2,0,0,2
268013,4.0,15.0,4.0,7.0,1.0,3.0,0.1,0.30000000000000004,40.0,16,0,0,2,0,0,2
268013,4.0,15.0,4.0,7.0,1.0,3.0,0.1,0.30000000000000004,40.0,17,0,0,1,0,0,1