Exp Num,agent:svo_convergence_factor,agent:params:metabolism,agent:params:consumption_factor,agent:params:procreate_cost_factor,agent:params:procreate_req_factor,agent:params:start_energy_factor,agent:params:caught_chance,agent:params:caught_cooldown_factor,agent:params:maximum_age,Epoch,Resource,A,B,C,D,E
252176,4.0,15.0,1.0,9.0,1.0,2.0,0.30000000000000004,0.1,20.0,0,3500.0,23,21,12,23,77
252176,4.0,15.0,1.0,9.0,1.0,2.0,0.30000000000000004,0.1,20.0,1,2965.0,23,21,12,23,77
252176,4.0,15.0,1.0,9.0,1.0,2.0,0.30000000000000004,0.1,20.0,2,2731.25,23,21,12,22,77
252176,4.0,15.0,1.0,9.0,1.0,2.0,0.30000000000000004,0.1,20.0,3,2529.0625,20,21,10,21,72
252176,4.0,15.0,1.0,9.0,1.0,2.0,0.30000000000000004,0.1,20.0,4,2201.328125,18,18,9,18,66
252176,4.0,15.0,1.0,9.0,1.0,2.0,0.30000000000000004,0.1,20.0,5,1776.66015625,15,18,8,18,62
252176,4.0,15.0,1.0,9.0,1.0,2.0,0.30000000000000004,0.1,20.0,6,1170.8251953125,13,18,8,17,60
252176,4.0,15.0,1.0,9.0,1.0,2.0,0.30000000000000004,0.1,20.0,7,353.531494140625,12,18,8,17,59
252176,4.0,15.0,1.0,9.0,1.0,2.0,0.30000000000000004,0.1,20.0,8,0,10,12,7,9,44
252176,4.0,15.0,1.0,9.0,1.0,2.0,0.30000000000000004,0.1,20.0,9,0,6,6,5,6,22
252176,4.0,15.0,1.0,9.0,1.0,2.0,0.30000000000000004,0.1,20.0,10,0,3,4,2,3,11
252176,4.0,15.0,1.0,9.0,1.0,2.0,0.30000000000000004,0.1,20.0,11,0,2,2,1,2,5
252176,4.0,15.0,1.0,9.0,1.0,2.0,0.30000000000000004,0.1,20.0,12,0,1,1,0,1,2
252176,4.0,15.0,1.0,9.0,1.0,2.0,0.30000000000000004,0.1,20.0,13,0,0,0,0,1,0