Exp Num,agent:svo_convergence_factor,agent:params:metabolism,agent:params:consumption_factor,agent:params:procreate_cost_factor,agent:params:procreate_req_factor,agent:params:start_energy_factor,agent:params:caught_chance,agent:params:caught_cooldown_factor,agent:params:maximum_age,Epoch,Resource,A,B,C,D,E
29035,1.0,10.0,2.0,1.0,3.0,2.0,0.2,0.30000000000000004,10.0,0,3560.0,22,32,23,29,107
29035,1.0,10.0,2.0,1.0,3.0,2.0,0.2,0.30000000000000004,10.0,1,3250.0,26,42,24,30,121
29035,1.0,10.0,2.0,1.0,3.0,2.0,0.2,0.30000000000000004,10.0,2,1982.5,29,47,30,30,135
29035,1.0,10.0,2.0,1.0,3.0,2.0,0.2,0.30000000000000004,10.0,3,858.125,33,54,40,30,156
29035,1.0,10.0,2.0,1.0,3.0,2.0,0.2,0.30000000000000004,10.0,4,0,32,50,34,25,140
29035,1.0,10.0,2.0,1.0,3.0,2.0,0.2,0.30000000000000004,10.0,5,0,25,32,24,16,94
29035,1.0,10.0,2.0,1.0,3.0,2.0,0.2,0.30000000000000004,10.0,6,0,14,18,14,7,55
29035,1.0,10.0,2.0,1.0,3.0,2.0,0.2,0.30000000000000004,10.0,7,0,8,12,8,3,34
29035,1.0,10.0,2.0,1.0,3.0,2.0,0.2,0.30000000000000004,10.0,8,0,5,4,7,0,20
29035,1.0,10.0,2.0,1.0,3.0,2.0,0.2,0.30000000000000004,10.0,9,0,4,1,2,0,10
29035,1.0,10.0,2.0,1.0,3.0,2.0,0.2,0.30000000000000004,10.0,10,0,2,1,1,0,5
29035,1.0,10.0,2.0,1.0,3.0,2.0,0.2,0.30000000000000004,10.0,11,0,1,1,1,0,3
29035,1.0,10.0,2.0,1.0,3.0,2.0,0.2,0.30000000000000004,10.0,12,0,0,0,1,0,1