Exp Num,agent:svo_convergence_factor,agent:params:metabolism,agent:params:consumption_factor,agent:params:procreate_cost_factor,agent:params:procreate_req_factor,agent:params:start_energy_factor,agent:params:caught_chance,agent:params:caught_cooldown_factor,agent:params:maximum_age,Epoch,Resource,A,B,C,D,E
222010,4.0,5.0,4.0,5.0,2.0,1.0,0.1,0.30000000000000004,10.0,0,3000.0,19,28,12,23,77
222010,4.0,5.0,4.0,5.0,2.0,1.0,0.1,0.30000000000000004,10.0,1,2910.0,19,28,12,23,77
222010,4.0,5.0,4.0,5.0,2.0,1.0,0.1,0.30000000000000004,10.0,2,2737.5,22,34,15,24,89
222010,4.0,5.0,4.0,5.0,2.0,1.0,0.1,0.30000000000000004,10.0,3,2441.875,23,36,16,24,93
222010,4.0,5.0,4.0,5.0,2.0,1.0,0.1,0.30000000000000004,10.0,4,2072.34375,27,40,15,21,99
222010,4.0,5.0,4.0,5.0,2.0,1.0,0.1,0.30000000000000004,10.0,5,1470.4296875,30,46,17,22,110
222010,4.0,5.0,4.0,5.0,2.0,1.0,0.1,0.30000000000000004,10.0,6,858.037109375,39,50,18,23,124
222010,4.0,5.0,4.0,5.0,2.0,1.0,0.1,0.30000000000000004,10.0,7,0,46,54,19,24,136
222010,4.0,5.0,4.0,5.0,2.0,1.0,0.1,0.30000000000000004,10.0,8,0,43,52,16,21,121
222010,4.0,5.0,4.0,5.0,2.0,1.0,0.1,0.30000000000000004,10.0,9,0,43,52,14,20,116
222010,4.0,5.0,4.0,5.0,2.0,1.0,0.1,0.30000000000000004,10.0,10,0,35,34,13,12,84
222010,4.0,5.0,4.0,5.0,2.0,1.0,0.1,0.30000000000000004,10.0,11,0,31,30,10,6,72
222010,4.0,5.0,4.0,5.0,2.0,1.0,0.1,0.30000000000000004,10.0,12,0,28,26,9,4,64
222010,4.0,5.0,4.0,5.0,2.0,1.0,0.1,0.30000000000000004,10.0,13,0,27,21,7,4,55
222010,4.0,5.0,4.0,5.0,2.0,1.0,0.1,0.30000000000000004,10.0,14,0,26,18,5,3,49
222010,4.0,5.0,4.0,5.0,2.0,1.0,0.1,0.30000000000000004,10.0,15,0,20,16,3,2,39
222010,4.0,5.0,4.0,5.0,2.0,1.0,0.1,0.30000000000000004,10.0,16,0,16,14,2,1,32
222010,4.0,5.0,4.0,5.0,2.0,1.0,0.1,0.30000000000000004,10.0,17,0,10,10,1,1,21
222010,4.0,5.0,4.0,5.0,2.0,1.0,0.1,0.30000000000000004,10.0,18,0,8,8,0,1,16
222010,4.0,5.0,4.0,5.0,2.0,1.0,0.1,0.30000000000000004,10.0,19,0,5,6,0,1,11
222010,4.0,5.0,4.0,5.0,2.0,1.0,0.1,0.30000000000000004,10.0,20,0,2,5,0,0,7
222010,4.0,5.0,4.0,5.0,2.0,1.0,0.1,0.30000000000000004,10.0,21,0,1,3,0,0,4
222010,4.0,5.0,4.0,5.0,2.0,1.0,0.1,0.30000000000000004,10.0,22,0,0,2,0,0,2
222010,4.0,5.0,4.0,5.0,2.0,1.0,0.1,0.30000000000000004,10.0,23,0,0,1,0,0,1