Exp Num,agent:svo_convergence_factor,agent:params:metabolism,agent:params:consumption_factor,agent:params:procreate_cost_factor,agent:params:procreate_req_factor,agent:params:start_energy_factor,agent:params:caught_chance,agent:params:caught_cooldown_factor,agent:params:maximum_age,Epoch,Resource,A,B,C,D,E
261718,4.0,15.0,3.0,5.0,2.0,3.0,0.4,0.4,40.0,0,3425.0,16,32,8,28,72
261718,4.0,15.0,3.0,5.0,2.0,3.0,0.4,0.4,40.0,1,3201.25,16,32,8,28,72
261718,4.0,15.0,3.0,5.0,2.0,3.0,0.4,0.4,40.0,2,2561.5625,10,23,5,24,53
261718,4.0,15.0,3.0,5.0,2.0,3.0,0.4,0.4,40.0,3,2346.953125,10,23,4,21,52
261718,4.0,15.0,3.0,5.0,2.0,3.0,0.4,0.4,40.0,4,2168.69140625,11,24,4,21,54
261718,4.0,15.0,3.0,5.0,2.0,3.0,0.4,0.4,40.0,5,1405.8642578125,10,22,4,19,50
261718,4.0,15.0,3.0,5.0,2.0,3.0,0.4,0.4,40.0,6,1172.330322265625,9,21,4,18,48
261718,4.0,15.0,3.0,5.0,2.0,3.0,0.4,0.4,40.0,7,1150.4129028320312,9,21,4,17,48
261718,4.0,15.0,3.0,5.0,2.0,3.0,0.4,0.4,40.0,8,943.0161285400391,7,18,4,12,42
261718,4.0,15.0,3.0,5.0,2.0,3.0,0.4,0.4,40.0,9,773.7701606750488,5,13,4,12,34
261718,4.0,15.0,3.0,5.0,2.0,3.0,0.4,0.4,40.0,10,607.212700843811,4,13,3,11,32
261718,4.0,15.0,3.0,5.0,2.0,3.0,0.4,0.4,40.0,11,264.0158760547638,3,11,3,10,29
261718,4.0,15.0,3.0,5.0,2.0,3.0,0.4,0.4,40.0,12,60.01984506845474,3,9,3,8,26
261718,4.0,15.0,3.0,5.0,2.0,3.0,0.4,0.4,40.0,13,0,3,8,3,8,24
261718,4.0,15.0,3.0,5.0,2.0,3.0,0.4,0.4,40.0,14,0,1,7,2,7,19
261718,4.0,15.0,3.0,5.0,2.0,3.0,0.4,0.4,40.0,15,0,1,6,2,6,14
261718,4.0,15.0,3.0,5.0,2.0,3.0,0.4,0.4,40.0,16,0,1,4,2,5,8
261718,4.0,15.0,3.0,5.0,2.0,3.0,0.4,0.4,40.0,17,0,1,3,1,4,6
261718,4.0,15.0,3.0,5.0,2.0,3.0,0.4,0.4,40.0,18,0,0,3,1,4,5
261718,4.0,15.0,3.0,5.0,2.0,3.0,0.4,0.4,40.0,19,0,0,2,0,3,3
261718,4.0,15.0,3.0,5.0,2.0,3.0,0.4,0.4,40.0,20,0,0,2,0,2,3
261718,4.0,15.0,3.0,5.0,2.0,3.0,0.4,0.4,40.0,21,0,0,1,0,2,1
261718,4.0,15.0,3.0,5.0,2.0,3.0,0.4,0.4,40.0,22,0,0,1,0,0,1