Exp Num,agent:svo_convergence_factor,agent:params:metabolism,agent:params:consumption_factor,agent:params:procreate_cost_factor,agent:params:procreate_req_factor,agent:params:start_energy_factor,agent:params:caught_chance,agent:params:caught_cooldown_factor,agent:params:maximum_age,Epoch,Resource,A,B,C,D,E
202442,3.0,15.0,4.0,9.0,3.0,3.0,0.30000000000000004,0.4,30.0,0,3020.0,12,30,13,25,75
202442,3.0,15.0,4.0,9.0,3.0,3.0,0.30000000000000004,0.4,30.0,1,1915.0,12,30,13,25,75
202442,3.0,15.0,4.0,9.0,3.0,3.0,0.30000000000000004,0.4,30.0,2,0,6,28,12,20,64
202442,3.0,15.0,4.0,9.0,3.0,3.0,0.30000000000000004,0.4,30.0,3,0,6,27,11,19,60
202442,3.0,15.0,4.0,9.0,3.0,3.0,0.30000000000000004,0.4,30.0,4,0,6,27,11,19,59
202442,3.0,15.0,4.0,9.0,3.0,3.0,0.30000000000000004,0.4,30.0,5,0,6,27,11,19,59
202442,3.0,15.0,4.0,9.0,3.0,3.0,0.30000000000000004,0.4,30.0,6,0,4,25,3,11,38
202442,3.0,15.0,4.0,9.0,3.0,3.0,0.30000000000000004,0.4,30.0,7,0,3,18,1,7,26
202442,3.0,15.0,4.0,9.0,3.0,3.0,0.30000000000000004,0.4,30.0,8,0,3,15,1,5,19
202442,3.0,15.0,4.0,9.0,3.0,3.0,0.30000000000000004,0.4,30.0,9,0,3,13,0,5,16
202442,3.0,15.0,4.0,9.0,3.0,3.0,0.30000000000000004,0.4,30.0,10,0,3,11,0,4,14
202442,3.0,15.0,4.0,9.0,3.0,3.0,0.30000000000000004,0.4,30.0,11,0,2,8,0,3,10
202442,3.0,15.0,4.0,9.0,3.0,3.0,0.30000000000000004,0.4,30.0,12,0,1,4,0,3,5
202442,3.0,15.0,4.0,9.0,3.0,3.0,0.30000000000000004,0.4,30.0,13,0,1,4,0,2,5
202442,3.0,15.0,4.0,9.0,3.0,3.0,0.30000000000000004,0.4,30.0,14,0,0,4,0,1,4
202442,3.0,15.0,4.0,9.0,3.0,3.0,0.30000000000000004,0.4,30.0,15,0,0,3,0,1,3
202442,3.0,15.0,4.0,9.0,3.0,3.0,0.30000000000000004,0.4,30.0,16,0,0,2,0,1,2
202442,3.0,15.0,4.0,9.0,3.0,3.0,0.30000000000000004,0.4,30.0,17,0,0,2,0,1,2
202442,3.0,15.0,4.0,9.0,3.0,3.0,0.30000000000000004,0.4,30.0,18,0,0,1,0,0,1