Exp Num,agent:svo_convergence_factor,agent:params:metabolism,agent:params:consumption_factor,agent:params:procreate_cost_factor,agent:params:procreate_req_factor,agent:params:start_energy_factor,agent:params:caught_chance,agent:params:caught_cooldown_factor,agent:params:maximum_age,Epoch,Resource,A,B,C,D,E
220866,4.0,5.0,4.0,3.0,1.0,3.0,0.5,0.4,20.0,0,3680.0,21,36,20,37,96
220866,4.0,5.0,4.0,3.0,1.0,3.0,0.5,0.4,20.0,1,3940.0,26,45,25,41,118
220866,4.0,5.0,4.0,3.0,1.0,3.0,0.5,0.4,20.0,2,4245.0,27,45,32,45,129
220866,4.0,5.0,4.0,3.0,1.0,3.0,0.5,0.4,20.0,3,4406.25,22,44,38,40,135
220866,4.0,5.0,4.0,3.0,1.0,3.0,0.5,0.4,20.0,4,4407.8125,17,42,48,52,148
220866,4.0,5.0,4.0,3.0,1.0,3.0,0.5,0.4,20.0,5,4009.765625,19,39,68,66,174
220866,4.0,5.0,4.0,3.0,1.0,3.0,0.5,0.4,20.0,6,2872.20703125,24,42,82,92,217
220866,4.0,5.0,4.0,3.0,1.0,3.0,0.5,0.4,20.0,7,1050.2587890625,25,50,103,122,269
220866,4.0,5.0,4.0,3.0,1.0,3.0,0.5,0.4,20.0,8,0,24,48,93,121,252
220866,4.0,5.0,4.0,3.0,1.0,3.0,0.5,0.4,20.0,9,0,21,40,75,98,204
220866,4.0,5.0,4.0,3.0,1.0,3.0,0.5,0.4,20.0,10,0,21,35,58,77,174
220866,4.0,5.0,4.0,3.0,1.0,3.0,0.5,0.4,20.0,11,0,19,27,43,59,131
220866,4.0,5.0,4.0,3.0,1.0,3.0,0.5,0.4,20.0,12,0,13,21,27,41,95
220866,4.0,5.0,4.0,3.0,1.0,3.0,0.5,0.4,20.0,13,0,11,11,20,25,67
220866,4.0,5.0,4.0,3.0,1.0,3.0,0.5,0.4,20.0,14,0,8,6,16,18,43
220866,4.0,5.0,4.0,3.0,1.0,3.0,0.5,0.4,20.0,15,0,7,3,10,15,30
220866,4.0,5.0,4.0,3.0,1.0,3.0,0.5,0.4,20.0,16,0,5,2,4,11,20
220866,4.0,5.0,4.0,3.0,1.0,3.0,0.5,0.4,20.0,17,0,3,0,2,8,14
220866,4.0,5.0,4.0,3.0,1.0,3.0,0.5,0.4,20.0,18,0,3,1,0,4,9
220866,4.0,5.0,4.0,3.0,1.0,3.0,0.5,0.4,20.0,19,0.0,4,1,0,6,11
220866,4.0,5.0,4.0,3.0,1.0,3.0,0.5,0.4,20.0,20,0,2,1,0,4,7
220866,4.0,5.0,4.0,3.0,1.0,3.0,0.5,0.4,20.0,21,0,1,1,0,4,5
220866,4.0,5.0,4.0,3.0,1.0,3.0,0.5,0.4,20.0,22,0,1,1,0,3,4
220866,4.0,5.0,4.0,3.0,1.0,3.0,0.5,0.4,20.0,23,0,1,0,0,3,2
220866,4.0,5.0,4.0,3.0,1.0,3.0,0.5,0.4,20.0,24,0,0,0,0,1,1
220866,4.0,5.0,4.0,3.0,1.0,3.0,0.5,0.4,20.0,25,0,0,0,0,0,1