Exp Num,agent:svo_convergence_factor,agent:params:metabolism,agent:params:consumption_factor,agent:params:procreate_cost_factor,agent:params:procreate_req_factor,agent:params:start_energy_factor,agent:params:caught_chance,agent:params:caught_cooldown_factor,agent:params:maximum_age,Epoch,Resource,A,B,C,D,E
209367,4.0,5.0,2.0,3.0,1.0,1.0,0.5,0.4,30.0,0,4000.0,19,25,8,32,68
209367,4.0,5.0,2.0,3.0,1.0,1.0,0.5,0.4,30.0,1,4000.0,25,37,16,46,104
209367,4.0,5.0,2.0,3.0,1.0,1.0,0.5,0.4,30.0,2,3500.0,28,40,21,53,122
209367,4.0,5.0,2.0,3.0,1.0,1.0,0.5,0.4,30.0,3,2855.0,32,45,33,62,150
209367,4.0,5.0,2.0,3.0,1.0,1.0,0.5,0.4,30.0,4,2928.75,39,58,41,69,185
209367,4.0,5.0,2.0,3.0,1.0,1.0,0.5,0.4,30.0,5,2390.9375,35,53,42,73,177
209367,4.0,5.0,2.0,3.0,1.0,1.0,0.5,0.4,30.0,6,1918.671875,36,64,46,74,195
209367,4.0,5.0,2.0,3.0,1.0,1.0,0.5,0.4,30.0,7,1088.33984375,35,65,50,72,197
209367,4.0,5.0,2.0,3.0,1.0,1.0,0.5,0.4,30.0,8,180.4248046875,34,64,55,72,201
209367,4.0,5.0,2.0,3.0,1.0,1.0,0.5,0.4,30.0,9,0,31,52,48,48,167
209367,4.0,5.0,2.0,3.0,1.0,1.0,0.5,0.4,30.0,10,0,27,40,36,25,126
209367,4.0,5.0,2.0,3.0,1.0,1.0,0.5,0.4,30.0,11,0,18,27,28,16,86
209367,4.0,5.0,2.0,3.0,1.0,1.0,0.5,0.4,30.0,12,0,12,24,15,7,60
209367,4.0,5.0,2.0,3.0,1.0,1.0,0.5,0.4,30.0,13,0,7,19,11,2,43
209367,4.0,5.0,2.0,3.0,1.0,1.0,0.5,0.4,30.0,14,0,4,15,7,1,29
209367,4.0,5.0,2.0,3.0,1.0,1.0,0.5,0.4,30.0,15,0,3,10,5,1,19
209367,4.0,5.0,2.0,3.0,1.0,1.0,0.5,0.4,30.0,16,0,3,7,1,1,11
209367,4.0,5.0,2.0,3.0,1.0,1.0,0.5,0.4,30.0,17,0,1,5,2,1,8
209367,4.0,5.0,2.0,3.0,1.0,1.0,0.5,0.4,30.0,18,0,1,4,2,0,7
209367,4.0,5.0,2.0,3.0,1.0,1.0,0.5,0.4,30.0,19,0,1,1,2,0,4
209367,4.0,5.0,2.0,3.0,1.0,1.0,0.5,0.4,30.0,20,90.0,1,0,2,0,3
209367,4.0,5.0,2.0,3.0,1.0,1.0,0.5,0.4,30.0,21,92.5,1,1,2,0,4
209367,4.0,5.0,2.0,3.0,1.0,1.0,0.5,0.4,30.0,22,95.625,1,2,1,0,4
209367,4.0,5.0,2.0,3.0,1.0,1.0,0.5,0.4,30.0,23,79.53125,1,3,1,0,5
209367,4.0,5.0,2.0,3.0,1.0,1.0,0.5,0.4,30.0,24,69.4140625,1,4,1,0,6
209367,4.0,5.0,2.0,3.0,1.0,1.0,0.5,0.4,30.0,25,66.767578125,1,5,1,0,7
209367,4.0,5.0,2.0,3.0,1.0,1.0,0.5,0.4,30.0,26,73.45947265625,0,4,1,0,5
209367,4.0,5.0,2.0,3.0,1.0,1.0,0.5,0.4,30.0,27,71.8243408203125,0,3,1,0,4
209367,4.0,5.0,2.0,3.0,1.0,1.0,0.5,0.4,30.0,28,89.78042602539062,0,2,1,0,3
209367,4.0,5.0,2.0,3.0,1.0,1.0,0.5,0.4,30.0,29,112.22553253173828,0,2,0,0,2
209367,4.0,5.0,2.0,3.0,1.0,1.0,0.5,0.4,30.0,30,140.28191566467285,0,1,0,0,1