Exp Num,agent:svo_convergence_factor,agent:params:metabolism,agent:params:consumption_factor,agent:params:procreate_cost_factor,agent:params:procreate_req_factor,agent:params:start_energy_factor,agent:params:caught_chance,agent:params:caught_cooldown_factor,agent:params:maximum_age,Epoch,Resource,A,B,C,D,E
250722,4.0,15.0,1.0,5.0,3.0,2.0,0.4,0.5,30.0,0,3500.0,21,26,15,21,79
250722,4.0,15.0,1.0,5.0,3.0,2.0,0.4,0.5,30.0,1,2950.0,21,26,15,21,79
250722,4.0,15.0,1.0,5.0,3.0,2.0,0.4,0.5,30.0,2,2697.5,21,26,15,21,79
250722,4.0,15.0,1.0,5.0,3.0,2.0,0.4,0.5,30.0,3,2456.875,18,22,12,20,69
250722,4.0,15.0,1.0,5.0,3.0,2.0,0.4,0.5,30.0,4,2216.09375,16,19,12,19,64
250722,4.0,15.0,1.0,5.0,3.0,2.0,0.4,0.5,30.0,5,1945.1171875,13,15,11,19,55
250722,4.0,15.0,1.0,5.0,3.0,2.0,0.4,0.5,30.0,6,1546.396484375,12,14,10,19,52
250722,4.0,15.0,1.0,5.0,3.0,2.0,0.4,0.5,30.0,7,1002.99560546875,10,12,10,19,48
250722,4.0,15.0,1.0,5.0,3.0,2.0,0.4,0.5,30.0,8,293.7445068359375,9,12,10,19,47
250722,4.0,15.0,1.0,5.0,3.0,2.0,0.4,0.5,30.0,9,0,6,10,7,12,33
250722,4.0,15.0,1.0,5.0,3.0,2.0,0.4,0.5,30.0,10,0,5,5,4,6,17
250722,4.0,15.0,1.0,5.0,3.0,2.0,0.4,0.5,30.0,11,0,2,3,2,5,7
250722,4.0,15.0,1.0,5.0,3.0,2.0,0.4,0.5,30.0,12,0,2,1,0,3,3
250722,4.0,15.0,1.0,5.0,3.0,2.0,0.4,0.5,30.0,13,0,1,0,0,2,1
250722,4.0,15.0,1.0,5.0,3.0,2.0,0.4,0.5,30.0,14,0,1,0,0,0,1