Exp Num,agent:svo_convergence_factor,agent:params:metabolism,agent:params:consumption_factor,agent:params:procreate_cost_factor,agent:params:procreate_req_factor,agent:params:start_energy_factor,agent:params:caught_chance,agent:params:caught_cooldown_factor,agent:params:maximum_age,Epoch,Resource,A,B,C,D,E
224009,4.0,5.0,4.0,9.0,1.0,2.0,0.1,0.2,50.0,0,3460.0,18,30,9,27,73
224009,4.0,5.0,4.0,9.0,1.0,2.0,0.1,0.2,50.0,1,2905.0,18,30,9,27,73
224009,4.0,5.0,4.0,9.0,1.0,2.0,0.1,0.2,50.0,2,2811.25,22,38,10,27,86
224009,4.0,5.0,4.0,9.0,1.0,2.0,0.1,0.2,50.0,3,2534.0625,24,48,12,28,100
224009,4.0,5.0,4.0,9.0,1.0,2.0,0.1,0.2,50.0,4,2087.578125,24,59,15,29,114
224009,4.0,5.0,4.0,9.0,1.0,2.0,0.1,0.2,50.0,5,1089.47265625,28,67,16,28,128
224009,4.0,5.0,4.0,9.0,1.0,2.0,0.1,0.2,50.0,6,0,32,80,18,27,148
224009,4.0,5.0,4.0,9.0,1.0,2.0,0.1,0.2,50.0,7,0,30,71,26,26,145
224009,4.0,5.0,4.0,9.0,1.0,2.0,0.1,0.2,50.0,8,0,31,68,27,20,144
224009,4.0,5.0,4.0,9.0,1.0,2.0,0.1,0.2,50.0,9,0,24,61,25,8,121
224009,4.0,5.0,4.0,9.0,1.0,2.0,0.1,0.2,50.0,10,0,22,55,25,5,109
224009,4.0,5.0,4.0,9.0,1.0,2.0,0.1,0.2,50.0,11,0,22,52,24,4,102
224009,4.0,5.0,4.0,9.0,1.0,2.0,0.1,0.2,50.0,12,0,19,45,24,4,92
224009,4.0,5.0,4.0,9.0,1.0,2.0,0.1,0.2,50.0,13,0,18,38,18,4,78
224009,4.0,5.0,4.0,9.0,1.0,2.0,0.1,0.2,50.0,14,0,18,33,18,2,71
224009,4.0,5.0,4.0,9.0,1.0,2.0,0.1,0.2,50.0,15,0,15,25,17,1,59
224009,4.0,5.0,4.0,9.0,1.0,2.0,0.1,0.2,50.0,16,0,10,21,16,0,47
224009,4.0,5.0,4.0,9.0,1.0,2.0,0.1,0.2,50.0,17,0,6,18,11,0,35
224009,4.0,5.0,4.0,9.0,1.0,2.0,0.1,0.2,50.0,18,0,5,14,7,0,26
224009,4.0,5.0,4.0,9.0,1.0,2.0,0.1,0.2,50.0,19,0,4,11,5,0,20
224009,4.0,5.0,4.0,9.0,1.0,2.0,0.1,0.2,50.0,20,0,3,7,4,0,14
224009,4.0,5.0,4.0,9.0,1.0,2.0,0.1,0.2,50.0,21,0,2,5,3,0,10
224009,4.0,5.0,4.0,9.0,1.0,2.0,0.1,0.2,50.0,22,0,2,4,2,0,8
224009,4.0,5.0,4.0,9.0,1.0,2.0,0.1,0.2,50.0,23,0,1,3,2,0,6
224009,4.0,5.0,4.0,9.0,1.0,2.0,0.1,0.2,50.0,24,0,0,3,1,0,4
224009,4.0,5.0,4.0,9.0,1.0,2.0,0.1,0.2,50.0,25,0,0,2,0,0,2
224009,4.0,5.0,4.0,9.0,1.0,2.0,0.1,0.2,50.0,26,0,0,2,0,0,2
224009,4.0,5.0,4.0,9.0,1.0,2.0,0.1,0.2,50.0,27,0,0,1,0,0,1