Exp Num,agent:svo_convergence_factor,agent:params:metabolism,agent:params:consumption_factor,agent:params:procreate_cost_factor,agent:params:procreate_req_factor,agent:params:start_energy_factor,agent:params:caught_chance,agent:params:caught_cooldown_factor,agent:params:maximum_age,Epoch,Resource,A,B,C,D,E
230810,4.0,10.0,2.0,1.0,1.0,2.0,0.30000000000000004,0.30000000000000004,10.0,0,3620.0,25,35,18,44,106
230810,4.0,10.0,2.0,1.0,1.0,2.0,0.30000000000000004,0.30000000000000004,10.0,1,3205.0,31,52,26,67,148
230810,4.0,10.0,2.0,1.0,1.0,2.0,0.30000000000000004,0.30000000000000004,10.0,2,1606.25,38,63,44,89,201
230810,4.0,10.0,2.0,1.0,1.0,2.0,0.30000000000000004,0.30000000000000004,10.0,3,0,52,72,53,98,237
230810,4.0,10.0,2.0,1.0,1.0,2.0,0.30000000000000004,0.30000000000000004,10.0,4,0,46,61,46,64,198
230810,4.0,10.0,2.0,1.0,1.0,2.0,0.30000000000000004,0.30000000000000004,10.0,5,0,39,43,34,46,139
230810,4.0,10.0,2.0,1.0,1.0,2.0,0.30000000000000004,0.30000000000000004,10.0,6,0,31,26,24,31,101
230810,4.0,10.0,2.0,1.0,1.0,2.0,0.30000000000000004,0.30000000000000004,10.0,7,0,16,18,18,22,72
230810,4.0,10.0,2.0,1.0,1.0,2.0,0.30000000000000004,0.30000000000000004,10.0,8,0,14,12,13,13,56
230810,4.0,10.0,2.0,1.0,1.0,2.0,0.30000000000000004,0.30000000000000004,10.0,9,0,13,9,10,9,42
230810,4.0,10.0,2.0,1.0,1.0,2.0,0.30000000000000004,0.30000000000000004,10.0,10,0,7,3,8,8,26
230810,4.0,10.0,2.0,1.0,1.0,2.0,0.30000000000000004,0.30000000000000004,10.0,11,0,5,4,5,6,21
230810,4.0,10.0,2.0,1.0,1.0,2.0,0.30000000000000004,0.30000000000000004,10.0,12,0,2,4,4,5,12
230810,4.0,10.0,2.0,1.0,1.0,2.0,0.30000000000000004,0.30000000000000004,10.0,13,0,4,2,2,2,10
230810,4.0,10.0,2.0,1.0,1.0,2.0,0.30000000000000004,0.30000000000000004,10.0,14,0,6,1,1,4,10
230810,4.0,10.0,2.0,1.0,1.0,2.0,0.30000000000000004,0.30000000000000004,10.0,15,0,4,0,1,3,6
230810,4.0,10.0,2.0,1.0,1.0,2.0,0.30000000000000004,0.30000000000000004,10.0,16,0,2,0,2,2,4
230810,4.0,10.0,2.0,1.0,1.0,2.0,0.30000000000000004,0.30000000000000004,10.0,17,0,1,0,2,0,3
230810,4.0,10.0,2.0,1.0,1.0,2.0,0.30000000000000004,0.30000000000000004,10.0,18,0,0,0,2,0,2
230810,4.0,10.0,2.0,1.0,1.0,2.0,0.30000000000000004,0.30000000000000004,10.0,19,0,0,0,1,0,1