Exp Num,agent:svo_convergence_factor,agent:params:metabolism,agent:params:consumption_factor,agent:params:procreate_cost_factor,agent:params:procreate_req_factor,agent:params:start_energy_factor,agent:params:caught_chance,agent:params:caught_cooldown_factor,agent:params:maximum_age,Epoch,Resource,A,B,C,D,E
242614,4.0,10.0,4.0,1.0,2.0,3.0,0.5,0.30000000000000004,50.0,0,3880.0,19,43,19,46,104
242614,4.0,10.0,4.0,1.0,2.0,3.0,0.5,0.30000000000000004,50.0,1,2050.0,25,42,24,54,122
242614,4.0,10.0,4.0,1.0,2.0,3.0,0.5,0.30000000000000004,50.0,2,642.5,34,50,32,65,157
242614,4.0,10.0,4.0,1.0,2.0,3.0,0.5,0.30000000000000004,50.0,3,0,33,46,30,54,144
242614,4.0,10.0,4.0,1.0,2.0,3.0,0.5,0.30000000000000004,50.0,4,0,27,35,26,43,114
242614,4.0,10.0,4.0,1.0,2.0,3.0,0.5,0.30000000000000004,50.0,5,0,21,21,16,34,75
242614,4.0,10.0,4.0,1.0,2.0,3.0,0.5,0.30000000000000004,50.0,6,0,13,11,10,21,45
242614,4.0,10.0,4.0,1.0,2.0,3.0,0.5,0.30000000000000004,50.0,7,0,9,7,9,9,31
242614,4.0,10.0,4.0,1.0,2.0,3.0,0.5,0.30000000000000004,50.0,8,0,6,3,5,7,18
242614,4.0,10.0,4.0,1.0,2.0,3.0,0.5,0.30000000000000004,50.0,9,0,3,3,3,3,12
242614,4.0,10.0,4.0,1.0,2.0,3.0,0.5,0.30000000000000004,50.0,10,0,0,2,2,3,5
242614,4.0,10.0,4.0,1.0,2.0,3.0,0.5,0.30000000000000004,50.0,11,0,0,2,1,1,4
242614,4.0,10.0,4.0,1.0,2.0,3.0,0.5,0.30000000000000004,50.0,12,0,0,2,1,0,3
242614,4.0,10.0,4.0,1.0,2.0,3.0,0.5,0.30000000000000004,50.0,13,0,0,1,0,0,1