Exp Num,agent:svo_convergence_factor,agent:params:metabolism,agent:params:consumption_factor,agent:params:procreate_cost_factor,agent:params:procreate_req_factor,agent:params:start_energy_factor,agent:params:caught_chance,agent:params:caught_cooldown_factor,agent:params:maximum_age,Epoch,Resource,A,B,C,D,E
219968,4.0,5.0,4.0,1.0,2.0,2.0,0.4,0.4,40.0,0,3620.0,34,40,9,32,102
219968,4.0,5.0,4.0,1.0,2.0,2.0,0.4,0.4,40.0,1,3405.0,40,50,19,40,131
219968,4.0,5.0,4.0,1.0,2.0,2.0,0.4,0.4,40.0,2,3516.25,45,63,24,47,158
219968,4.0,5.0,4.0,1.0,2.0,2.0,0.4,0.4,40.0,3,2855.3125,51,67,30,52,177
219968,4.0,5.0,4.0,1.0,2.0,2.0,0.4,0.4,40.0,4,2089.140625,56,72,37,67,204
219968,4.0,5.0,4.0,1.0,2.0,2.0,0.4,0.4,40.0,5,691.42578125,54,81,50,82,235
219968,4.0,5.0,4.0,1.0,2.0,2.0,0.4,0.4,40.0,6,0,52,90,54,83,242
219968,4.0,5.0,4.0,1.0,2.0,2.0,0.4,0.4,40.0,7,0,55,81,43,61,213
219968,4.0,5.0,4.0,1.0,2.0,2.0,0.4,0.4,40.0,8,0,44,64,29,32,158
219968,4.0,5.0,4.0,1.0,2.0,2.0,0.4,0.4,40.0,9,0,32,46,16,15,105
219968,4.0,5.0,4.0,1.0,2.0,2.0,0.4,0.4,40.0,10,0,23,33,11,9,73
219968,4.0,5.0,4.0,1.0,2.0,2.0,0.4,0.4,40.0,11,0,19,20,4,5,47
219968,4.0,5.0,4.0,1.0,2.0,2.0,0.4,0.4,40.0,12,0,11,16,3,2,31
219968,4.0,5.0,4.0,1.0,2.0,2.0,0.4,0.4,40.0,13,0,6,11,0,1,18
219968,4.0,5.0,4.0,1.0,2.0,2.0,0.4,0.4,40.0,14,0,3,8,0,0,12
219968,4.0,5.0,4.0,1.0,2.0,2.0,0.4,0.4,40.0,15,0,2,6,0,0,9
219968,4.0,5.0,4.0,1.0,2.0,2.0,0.4,0.4,40.0,16,0,1,3,0,0,5
219968,4.0,5.0,4.0,1.0,2.0,2.0,0.4,0.4,40.0,17,60.0,0,4,0,0,5
219968,4.0,5.0,4.0,1.0,2.0,2.0,0.4,0.4,40.0,18,55.0,0,3,0,0,5
219968,4.0,5.0,4.0,1.0,2.0,2.0,0.4,0.4,40.0,19,68.75,0,3,0,0,5
219968,4.0,5.0,4.0,1.0,2.0,2.0,0.4,0.4,40.0,20,45.9375,0,2,0,0,5
219968,4.0,5.0,4.0,1.0,2.0,2.0,0.4,0.4,40.0,21,37.421875,1,1,0,0,5
219968,4.0,5.0,4.0,1.0,2.0,2.0,0.4,0.4,40.0,22,0,2,1,0,0,5
219968,4.0,5.0,4.0,1.0,2.0,2.0,0.4,0.4,40.0,23,0,3,1,0,0,5
219968,4.0,5.0,4.0,1.0,2.0,2.0,0.4,0.4,40.0,24,0,2,1,0,0,4
219968,4.0,5.0,4.0,1.0,2.0,2.0,0.4,0.4,40.0,25,0,1,1,0,0,2
219968,4.0,5.0,4.0,1.0,2.0,2.0,0.4,0.4,40.0,26,0,1,1,0,0,2
219968,4.0,5.0,4.0,1.0,2.0,2.0,0.4,0.4,40.0,27,0,0,1,0,0,1