Exp Num,agent:svo_convergence_factor,agent:params:metabolism,agent:params:consumption_factor,agent:params:procreate_cost_factor,agent:params:procreate_req_factor,agent:params:start_energy_factor,agent:params:caught_chance,agent:params:caught_cooldown_factor,agent:params:maximum_age,Epoch,Resource,A,B,C,D,E
252590,4.0,15.0,1.0,9.0,2.0,2.0,0.4,0.4,10.0,0,3500.0,17,26,15,23,77
252590,4.0,15.0,1.0,9.0,2.0,2.0,0.4,0.4,10.0,1,2965.0,17,26,15,23,77
252590,4.0,15.0,1.0,9.0,2.0,2.0,0.4,0.4,10.0,2,2776.25,14,25,15,23,73
252590,4.0,15.0,1.0,9.0,2.0,2.0,0.4,0.4,10.0,3,2495.3125,13,19,15,22,66
252590,4.0,15.0,1.0,9.0,2.0,2.0,0.4,0.4,10.0,4,2234.140625,10,18,14,21,61
252590,4.0,15.0,1.0,9.0,2.0,2.0,0.4,0.4,10.0,5,2057.67578125,8,13,14,21,54
252590,4.0,15.0,1.0,9.0,2.0,2.0,0.4,0.4,10.0,6,1762.0947265625,5,11,12,21,47
252590,4.0,15.0,1.0,9.0,2.0,2.0,0.4,0.4,10.0,7,1272.618408203125,4,10,12,21,45
252590,4.0,15.0,1.0,9.0,2.0,2.0,0.4,0.4,10.0,8,645.7730102539062,4,10,12,21,45
252590,4.0,15.0,1.0,9.0,2.0,2.0,0.4,0.4,10.0,9,0,2,8,12,21,39
252590,4.0,15.0,1.0,9.0,2.0,2.0,0.4,0.4,10.0,10,0,0,4,8,7,23
252590,4.0,15.0,1.0,9.0,2.0,2.0,0.4,0.4,10.0,11,0,0,2,4,4,11
252590,4.0,15.0,1.0,9.0,2.0,2.0,0.4,0.4,10.0,12,0,0,0,3,2,5
252590,4.0,15.0,1.0,9.0,2.0,2.0,0.4,0.4,10.0,13,0,0,0,1,2,1
252590,4.0,15.0,1.0,9.0,2.0,2.0,0.4,0.4,10.0,14,0,0,0,0,1,0