Exp Num,agent:svo_convergence_factor,agent:params:metabolism,agent:params:consumption_factor,agent:params:procreate_cost_factor,agent:params:procreate_req_factor,agent:params:start_energy_factor,agent:params:caught_chance,agent:params:caught_cooldown_factor,agent:params:maximum_age,Epoch,Resource,A,B,C,D,E
265838,4.0,15.0,4.0,3.0,1.0,3.0,0.4,0.30000000000000004,40.0,0,3500.0,18,21,15,35,77
265838,4.0,15.0,4.0,3.0,1.0,3.0,0.4,0.30000000000000004,40.0,1,3595.0,22,22,19,37,86
265838,4.0,15.0,4.0,3.0,1.0,3.0,0.4,0.30000000000000004,40.0,2,1673.75,17,12,23,38,86
265838,4.0,15.0,4.0,3.0,1.0,3.0,0.4,0.30000000000000004,40.0,3,0,18,12,23,40,88
265838,4.0,15.0,4.0,3.0,1.0,3.0,0.4,0.30000000000000004,40.0,4,0,17,13,20,34,73
265838,4.0,15.0,4.0,3.0,1.0,3.0,0.4,0.30000000000000004,40.0,5,0,17,13,17,26,62
265838,4.0,15.0,4.0,3.0,1.0,3.0,0.4,0.30000000000000004,40.0,6,0,12,10,14,18,47
265838,4.0,15.0,4.0,3.0,1.0,3.0,0.4,0.30000000000000004,40.0,7,0,10,8,12,10,38
265838,4.0,15.0,4.0,3.0,1.0,3.0,0.4,0.30000000000000004,40.0,8,0,7,8,6,5,28
265838,4.0,15.0,4.0,3.0,1.0,3.0,0.4,0.30000000000000004,40.0,9,0,5,3,5,3,19
265838,4.0,15.0,4.0,3.0,1.0,3.0,0.4,0.30000000000000004,40.0,10,0,3,1,5,1,14
265838,4.0,15.0,4.0,3.0,1.0,3.0,0.4,0.30000000000000004,40.0,11,0,1,1,5,1,9
265838,4.0,15.0,4.0,3.0,1.0,3.0,0.4,0.30000000000000004,40.0,12,0,0,1,2,1,5
265838,4.0,15.0,4.0,3.0,1.0,3.0,0.4,0.30000000000000004,40.0,13,0,0,1,0,1,2
265838,4.0,15.0,4.0,3.0,1.0,3.0,0.4,0.30000000000000004,40.0,14,0,0,1,0,1,1
265838,4.0,15.0,4.0,3.0,1.0,3.0,0.4,0.30000000000000004,40.0,15,0,0,1,1,1,2
265838,4.0,15.0,4.0,3.0,1.0,3.0,0.4,0.30000000000000004,40.0,16,0,0,0,1,1,1
265838,4.0,15.0,4.0,3.0,1.0,3.0,0.4,0.30000000000000004,40.0,17,0,0,0,1,0,1