Exp Num,agent:svo_convergence_factor,agent:params:metabolism,agent:params:consumption_factor,agent:params:procreate_cost_factor,agent:params:procreate_req_factor,agent:params:start_energy_factor,agent:params:caught_chance,agent:params:caught_cooldown_factor,agent:params:maximum_age,Epoch,Resource,A,B,C,D,E
249887,4.0,15.0,1.0,5.0,1.0,2.0,0.1,0.30000000000000004,30.0,0,3500.0,16,30,12,27,73
249887,4.0,15.0,1.0,5.0,1.0,2.0,0.1,0.30000000000000004,30.0,1,2980.0,16,30,12,27,73
249887,4.0,15.0,1.0,5.0,1.0,2.0,0.1,0.30000000000000004,30.0,2,2675.0,16,30,12,27,73
249887,4.0,15.0,1.0,5.0,1.0,2.0,0.1,0.30000000000000004,30.0,3,2218.75,16,29,11,26,71
249887,4.0,15.0,1.0,5.0,1.0,2.0,0.1,0.30000000000000004,30.0,4,1588.4375,16,29,11,26,71
249887,4.0,15.0,1.0,5.0,1.0,2.0,0.1,0.30000000000000004,30.0,5,830.546875,15,27,11,26,68
249887,4.0,15.0,1.0,5.0,1.0,2.0,0.1,0.30000000000000004,30.0,6,0,13,23,11,21,62
249887,4.0,15.0,1.0,5.0,1.0,2.0,0.1,0.30000000000000004,30.0,7,0,10,8,5,14,30
249887,4.0,15.0,1.0,5.0,1.0,2.0,0.1,0.30000000000000004,30.0,8,0,5,3,3,6,16
249887,4.0,15.0,1.0,5.0,1.0,2.0,0.1,0.30000000000000004,30.0,9,0,3,2,1,2,9
249887,4.0,15.0,1.0,5.0,1.0,2.0,0.1,0.30000000000000004,30.0,10,0,2,2,0,0,6
249887,4.0,15.0,1.0,5.0,1.0,2.0,0.1,0.30000000000000004,30.0,11,0,2,1,0,0,3
249887,4.0,15.0,1.0,5.0,1.0,2.0,0.1,0.30000000000000004,30.0,12,0,1,0,0,0,1