Exp Num,agent:svo_convergence_factor,agent:params:metabolism,agent:params:consumption_factor,agent:params:procreate_cost_factor,agent:params:procreate_req_factor,agent:params:start_energy_factor,agent:params:caught_chance,agent:params:caught_cooldown_factor,agent:params:maximum_age,Epoch,Resource,A,B,C,D,E
233164,4.0,10.0,2.0,5.0,1.0,3.0,0.2,0.30000000000000004,50.0,0,3580.0,18,25,12,28,72
233164,4.0,10.0,2.0,5.0,1.0,3.0,0.2,0.30000000000000004,50.0,1,3575.0,25,30,15,32,88
233164,4.0,10.0,2.0,5.0,1.0,3.0,0.2,0.30000000000000004,50.0,2,3108.75,29,27,14,32,87
233164,4.0,10.0,2.0,5.0,1.0,3.0,0.2,0.30000000000000004,50.0,3,2585.9375,35,32,14,33,98
233164,4.0,10.0,2.0,5.0,1.0,3.0,0.2,0.30000000000000004,50.0,4,1872.421875,36,32,14,30,97
233164,4.0,10.0,2.0,5.0,1.0,3.0,0.2,0.30000000000000004,50.0,5,1080.52734375,40,35,13,31,103
233164,4.0,10.0,2.0,5.0,1.0,3.0,0.2,0.30000000000000004,50.0,6,0,47,34,12,30,107
233164,4.0,10.0,2.0,5.0,1.0,3.0,0.2,0.30000000000000004,50.0,7,0,46,23,9,25,89
233164,4.0,10.0,2.0,5.0,1.0,3.0,0.2,0.30000000000000004,50.0,8,0,39,18,5,14,68
233164,4.0,10.0,2.0,5.0,1.0,3.0,0.2,0.30000000000000004,50.0,9,0,35,13,3,8,54
233164,4.0,10.0,2.0,5.0,1.0,3.0,0.2,0.30000000000000004,50.0,10,0,29,11,2,2,44
233164,4.0,10.0,2.0,5.0,1.0,3.0,0.2,0.30000000000000004,50.0,11,0,22,9,1,1,34
233164,4.0,10.0,2.0,5.0,1.0,3.0,0.2,0.30000000000000004,50.0,12,0,17,6,1,1,25
233164,4.0,10.0,2.0,5.0,1.0,3.0,0.2,0.30000000000000004,50.0,13,0,13,5,1,0,19
233164,4.0,10.0,2.0,5.0,1.0,3.0,0.2,0.30000000000000004,50.0,14,0,11,2,0,0,13
233164,4.0,10.0,2.0,5.0,1.0,3.0,0.2,0.30000000000000004,50.0,15,0,8,2,0,0,10
233164,4.0,10.0,2.0,5.0,1.0,3.0,0.2,0.30000000000000004,50.0,16,0,4,2,0,0,6
233164,4.0,10.0,2.0,5.0,1.0,3.0,0.2,0.30000000000000004,50.0,17,0,4,2,0,0,6
233164,4.0,10.0,2.0,5.0,1.0,3.0,0.2,0.30000000000000004,50.0,18,0,4,2,0,0,6
233164,4.0,10.0,2.0,5.0,1.0,3.0,0.2,0.30000000000000004,50.0,19,0,2,1,0,0,3
233164,4.0,10.0,2.0,5.0,1.0,3.0,0.2,0.30000000000000004,50.0,20,0,2,1,0,0,3
233164,4.0,10.0,2.0,5.0,1.0,3.0,0.2,0.30000000000000004,50.0,21,0,1,1,0,0,2
233164,4.0,10.0,2.0,5.0,1.0,3.0,0.2,0.30000000000000004,50.0,22,0,1,0,0,0,1