Exp Num,agent:svo_convergence_factor,agent:params:metabolism,agent:params:consumption_factor,agent:params:procreate_cost_factor,agent:params:procreate_req_factor,agent:params:start_energy_factor,agent:params:caught_chance,agent:params:caught_cooldown_factor,agent:params:maximum_age,Epoch,Resource,A,B,C,D,E
241934,4.0,10.0,4.0,1.0,1.0,1.0,0.30000000000000004,0.2,50.0,0,1000.0,36,28,19,37,113
241934,4.0,10.0,4.0,1.0,1.0,1.0,0.30000000000000004,0.2,50.0,1,0,51,45,30,56,169
241934,4.0,10.0,4.0,1.0,1.0,1.0,0.30000000000000004,0.2,50.0,2,0,49,40,31,33,146
241934,4.0,10.0,4.0,1.0,1.0,1.0,0.30000000000000004,0.2,50.0,3,0,42,34,30,24,124
241934,4.0,10.0,4.0,1.0,1.0,1.0,0.30000000000000004,0.2,50.0,4,0,39,27,22,17,105
241934,4.0,10.0,4.0,1.0,1.0,1.0,0.30000000000000004,0.2,50.0,5,0,29,23,17,11,78
241934,4.0,10.0,4.0,1.0,1.0,1.0,0.30000000000000004,0.2,50.0,6,0,23,18,9,8,56
241934,4.0,10.0,4.0,1.0,1.0,1.0,0.30000000000000004,0.2,50.0,7,0,15,12,7,6,38
241934,4.0,10.0,4.0,1.0,1.0,1.0,0.30000000000000004,0.2,50.0,8,0,12,8,5,6,28
241934,4.0,10.0,4.0,1.0,1.0,1.0,0.30000000000000004,0.2,50.0,9,0,10,6,2,4,19
241934,4.0,10.0,4.0,1.0,1.0,1.0,0.30000000000000004,0.2,50.0,10,0,9,2,2,3,14
241934,4.0,10.0,4.0,1.0,1.0,1.0,0.30000000000000004,0.2,50.0,11,0,6,1,1,1,8
241934,4.0,10.0,4.0,1.0,1.0,1.0,0.30000000000000004,0.2,50.0,12,0,8,0,1,0,9
241934,4.0,10.0,4.0,1.0,1.0,1.0,0.30000000000000004,0.2,50.0,13,0,8,0,0,0,8
241934,4.0,10.0,4.0,1.0,1.0,1.0,0.30000000000000004,0.2,50.0,14,0,6,0,0,0,6
241934,4.0,10.0,4.0,1.0,1.0,1.0,0.30000000000000004,0.2,50.0,15,0,5,0,0,0,5
241934,4.0,10.0,4.0,1.0,1.0,1.0,0.30000000000000004,0.2,50.0,16,0,2,0,0,0,2
241934,4.0,10.0,4.0,1.0,1.0,1.0,0.30000000000000004,0.2,50.0,17,0,1,0,0,0,1