Exp Num,agent:svo_convergence_factor,agent:params:metabolism,agent:params:consumption_factor,agent:params:procreate_cost_factor,agent:params:procreate_req_factor,agent:params:start_energy_factor,agent:params:caught_chance,agent:params:caught_cooldown_factor,agent:params:maximum_age,Epoch,Resource,A,B,C,D,E
254489,4.0,15.0,2.0,3.0,1.0,2.0,0.5,0.30000000000000004,50.0,0,4460.0,17,23,17,31,78
254489,4.0,15.0,2.0,3.0,1.0,2.0,0.5,0.30000000000000004,50.0,1,3685.0,13,17,16,27,66
254489,4.0,15.0,2.0,3.0,1.0,2.0,0.5,0.30000000000000004,50.0,2,3556.25,11,17,17,28,65
254489,4.0,15.0,2.0,3.0,1.0,2.0,0.5,0.30000000000000004,50.0,3,2825.3125,11,17,20,27,68
254489,4.0,15.0,2.0,3.0,1.0,2.0,0.5,0.30000000000000004,50.0,4,2421.640625,11,18,22,24,71
254489,4.0,15.0,2.0,3.0,1.0,2.0,0.5,0.30000000000000004,50.0,5,1737.05078125,12,19,19,21,69
254489,4.0,15.0,2.0,3.0,1.0,2.0,0.5,0.30000000000000004,50.0,6,1091.3134765625,14,17,17,21,67
254489,4.0,15.0,2.0,3.0,1.0,2.0,0.5,0.30000000000000004,50.0,7,254.141845703125,14,18,18,18,69
254489,4.0,15.0,2.0,3.0,1.0,2.0,0.5,0.30000000000000004,50.0,8,0,12,15,13,12,56
254489,4.0,15.0,2.0,3.0,1.0,2.0,0.5,0.30000000000000004,50.0,9,0,12,10,8,9,36
254489,4.0,15.0,2.0,3.0,1.0,2.0,0.5,0.30000000000000004,50.0,10,0,11,7,5,5,26
254489,4.0,15.0,2.0,3.0,1.0,2.0,0.5,0.30000000000000004,50.0,11,0,9,2,3,2,17
254489,4.0,15.0,2.0,3.0,1.0,2.0,0.5,0.30000000000000004,50.0,12,0,7,2,0,1,12
254489,4.0,15.0,2.0,3.0,1.0,2.0,0.5,0.30000000000000004,50.0,13,0,6,2,0,1,8
254489,4.0,15.0,2.0,3.0,1.0,2.0,0.5,0.30000000000000004,50.0,14,0,2,2,0,1,4
254489,4.0,15.0,2.0,3.0,1.0,2.0,0.5,0.30000000000000004,50.0,15,0,0,2,0,0,2
254489,4.0,15.0,2.0,3.0,1.0,2.0,0.5,0.30000000000000004,50.0,16,0,0,1,0,0,1