Exp Num,agent:svo_convergence_factor,agent:params:metabolism,agent:params:consumption_factor,agent:params:procreate_cost_factor,agent:params:procreate_req_factor,agent:params:start_energy_factor,agent:params:caught_chance,agent:params:caught_cooldown_factor,agent:params:maximum_age,Epoch,Resource,A,B,C,D,E
225635,4.0,10.0,1.0,1.0,2.0,3.0,0.1,0.30000000000000004,10.0,0,4000.0,28,51,27,28,122
225635,4.0,10.0,1.0,1.0,2.0,3.0,0.1,0.30000000000000004,10.0,1,3500.0,42,75,43,41,184
225635,4.0,10.0,1.0,1.0,2.0,3.0,0.1,0.30000000000000004,10.0,2,2525.0,48,82,46,42,200
225635,4.0,10.0,1.0,1.0,2.0,3.0,0.1,0.30000000000000004,10.0,3,806.25,52,83,47,41,206
225635,4.0,10.0,1.0,1.0,2.0,3.0,0.1,0.30000000000000004,10.0,4,0,35,60,36,29,147
225635,4.0,10.0,1.0,1.0,2.0,3.0,0.1,0.30000000000000004,10.0,5,0,23,28,17,12,77
225635,4.0,10.0,1.0,1.0,2.0,3.0,0.1,0.30000000000000004,10.0,6,0,11,15,6,6,38
225635,4.0,10.0,1.0,1.0,2.0,3.0,0.1,0.30000000000000004,10.0,7,0,5,9,3,3,19
225635,4.0,10.0,1.0,1.0,2.0,3.0,0.1,0.30000000000000004,10.0,8,0,4,3,2,1,10
225635,4.0,10.0,1.0,1.0,2.0,3.0,0.1,0.30000000000000004,10.0,9,0,1,1,2,1,4
225635,4.0,10.0,1.0,1.0,2.0,3.0,0.1,0.30000000000000004,10.0,10,0,1,0,1,0,2
225635,4.0,10.0,1.0,1.0,2.0,3.0,0.1,0.30000000000000004,10.0,11,0,0,0,1,0,1