Exp Num,agent:svo_convergence_factor,agent:params:metabolism,agent:params:consumption_factor,agent:params:procreate_cost_factor,agent:params:procreate_req_factor,agent:params:start_energy_factor,agent:params:caught_chance,agent:params:caught_cooldown_factor,agent:params:maximum_age,Epoch,Resource,A,B,C,D,E
241264,4.0,10.0,3.0,9.0,2.0,2.0,0.1,0.30000000000000004,50.0,0,3260.0,15,30,12,22,78
241264,4.0,10.0,3.0,9.0,2.0,2.0,0.1,0.30000000000000004,50.0,1,1975.0,15,28,12,21,76
241264,4.0,10.0,3.0,9.0,2.0,2.0,0.1,0.30000000000000004,50.0,2,1418.75,15,28,12,21,76
241264,4.0,10.0,3.0,9.0,2.0,2.0,0.1,0.30000000000000004,50.0,3,513.4375,15,28,12,21,76
241264,4.0,10.0,3.0,9.0,2.0,2.0,0.1,0.30000000000000004,50.0,4,0,13,26,10,17,60
241264,4.0,10.0,3.0,9.0,2.0,2.0,0.1,0.30000000000000004,50.0,5,0,13,26,9,14,57
241264,4.0,10.0,3.0,9.0,2.0,2.0,0.1,0.30000000000000004,50.0,6,0,13,26,9,14,57
241264,4.0,10.0,3.0,9.0,2.0,2.0,0.1,0.30000000000000004,50.0,7,0,12,23,8,7,47
241264,4.0,10.0,3.0,9.0,2.0,2.0,0.1,0.30000000000000004,50.0,8,0,12,22,7,3,41
241264,4.0,10.0,3.0,9.0,2.0,2.0,0.1,0.30000000000000004,50.0,9,0,12,22,6,3,40
241264,4.0,10.0,3.0,9.0,2.0,2.0,0.1,0.30000000000000004,50.0,10,0,12,19,5,1,36
241264,4.0,10.0,3.0,9.0,2.0,2.0,0.1,0.30000000000000004,50.0,11,0,11,12,2,1,25
241264,4.0,10.0,3.0,9.0,2.0,2.0,0.1,0.30000000000000004,50.0,12,0,9,9,2,0,20
241264,4.0,10.0,3.0,9.0,2.0,2.0,0.1,0.30000000000000004,50.0,13,0,7,7,0,0,14
241264,4.0,10.0,3.0,9.0,2.0,2.0,0.1,0.30000000000000004,50.0,14,0,5,4,0,0,9
241264,4.0,10.0,3.0,9.0,2.0,2.0,0.1,0.30000000000000004,50.0,15,0,3,4,0,0,7
241264,4.0,10.0,3.0,9.0,2.0,2.0,0.1,0.30000000000000004,50.0,16,0,3,2,0,0,5
241264,4.0,10.0,3.0,9.0,2.0,2.0,0.1,0.30000000000000004,50.0,17,0,3,0,0,0,3
241264,4.0,10.0,3.0,9.0,2.0,2.0,0.1,0.30000000000000004,50.0,18,0,3,0,0,0,3
241264,4.0,10.0,3.0,9.0,2.0,2.0,0.1,0.30000000000000004,50.0,19,0,3,0,0,0,3
241264,4.0,10.0,3.0,9.0,2.0,2.0,0.1,0.30000000000000004,50.0,20,0,3,0,0,0,3
241264,4.0,10.0,3.0,9.0,2.0,2.0,0.1,0.30000000000000004,50.0,21,0,1,0,0,0,1