Exp Num,agent:svo_convergence_factor,agent:params:metabolism,agent:params:consumption_factor,agent:params:procreate_cost_factor,agent:params:procreate_req_factor,agent:params:start_energy_factor,agent:params:caught_chance,agent:params:caught_cooldown_factor,agent:params:maximum_age,Epoch,Resource,A,B,C,D,E
246086,4.0,10.0,4.0,7.0,3.0,1.0,0.4,0.30000000000000004,20.0,0,1000.0,21,29,8,24,76
246086,4.0,10.0,4.0,7.0,3.0,1.0,0.4,0.30000000000000004,20.0,1,170.0,21,29,8,24,76
246086,4.0,10.0,4.0,7.0,3.0,1.0,0.4,0.30000000000000004,20.0,2,0,21,29,8,24,76
246086,4.0,10.0,4.0,7.0,3.0,1.0,0.4,0.30000000000000004,20.0,3,0,21,29,8,24,76
246086,4.0,10.0,4.0,7.0,3.0,1.0,0.4,0.30000000000000004,20.0,4,0,13,19,6,14,48
246086,4.0,10.0,4.0,7.0,3.0,1.0,0.4,0.30000000000000004,20.0,5,0,9,16,2,9,30
246086,4.0,10.0,4.0,7.0,3.0,1.0,0.4,0.30000000000000004,20.0,6,0,8,14,2,8,24
246086,4.0,10.0,4.0,7.0,3.0,1.0,0.4,0.30000000000000004,20.0,7,0,8,14,2,7,24
246086,4.0,10.0,4.0,7.0,3.0,1.0,0.4,0.30000000000000004,20.0,8,0,8,10,2,5,20
246086,4.0,10.0,4.0,7.0,3.0,1.0,0.4,0.30000000000000004,20.0,9,0,6,4,2,3,12
246086,4.0,10.0,4.0,7.0,3.0,1.0,0.4,0.30000000000000004,20.0,10,0,4,2,1,1,7
246086,4.0,10.0,4.0,7.0,3.0,1.0,0.4,0.30000000000000004,20.0,11,0,3,1,1,0,5
246086,4.0,10.0,4.0,7.0,3.0,1.0,0.4,0.30000000000000004,20.0,12,0,2,0,1,0,3
246086,4.0,10.0,4.0,7.0,3.0,1.0,0.4,0.30000000000000004,20.0,13,60.0,1,0,1,0,2
246086,4.0,10.0,4.0,7.0,3.0,1.0,0.4,0.30000000000000004,20.0,14,75.0,1,0,1,0,2
246086,4.0,10.0,4.0,7.0,3.0,1.0,0.4,0.30000000000000004,20.0,15,53.75,1,0,1,0,2
246086,4.0,10.0,4.0,7.0,3.0,1.0,0.4,0.30000000000000004,20.0,16,67.1875,0,0,1,0,1