Exp Num,agent:svo_convergence_factor,agent:params:metabolism,agent:params:consumption_factor,agent:params:procreate_cost_factor,agent:params:procreate_req_factor,agent:params:start_energy_factor,agent:params:caught_chance,agent:params:caught_cooldown_factor,agent:params:maximum_age,Epoch,Resource,A,B,C,D,E
215037,4.0,5.0,3.0,3.0,1.0,2.0,0.2,0.30000000000000004,30.0,0,3500.0,17,49,21,39,111
215037,4.0,5.0,3.0,3.0,1.0,2.0,0.2,0.30000000000000004,30.0,1,2605.0,24,73,36,56,169
215037,4.0,5.0,3.0,3.0,1.0,2.0,0.2,0.30000000000000004,30.0,2,1036.25,29,91,46,68,207
215037,4.0,5.0,3.0,3.0,1.0,2.0,0.2,0.30000000000000004,30.0,3,0,37,113,59,72,253
215037,4.0,5.0,3.0,3.0,1.0,2.0,0.2,0.30000000000000004,30.0,4,0,34,93,52,44,206
215037,4.0,5.0,3.0,3.0,1.0,2.0,0.2,0.30000000000000004,30.0,5,0,32,72,45,29,168
215037,4.0,5.0,3.0,3.0,1.0,2.0,0.2,0.30000000000000004,30.0,6,0,28,57,34,13,132
215037,4.0,5.0,3.0,3.0,1.0,2.0,0.2,0.30000000000000004,30.0,7,0,20,46,21,9,96
215037,4.0,5.0,3.0,3.0,1.0,2.0,0.2,0.30000000000000004,30.0,8,0,17,33,11,6,70
215037,4.0,5.0,3.0,3.0,1.0,2.0,0.2,0.30000000000000004,30.0,9,0,11,24,5,3,47
215037,4.0,5.0,3.0,3.0,1.0,2.0,0.2,0.30000000000000004,30.0,10,0,9,18,4,4,35
215037,4.0,5.0,3.0,3.0,1.0,2.0,0.2,0.30000000000000004,30.0,11,0,7,12,4,5,27
215037,4.0,5.0,3.0,3.0,1.0,2.0,0.2,0.30000000000000004,30.0,12,0,7,9,1,4,19
215037,4.0,5.0,3.0,3.0,1.0,2.0,0.2,0.30000000000000004,30.0,13,0,4,6,1,2,13
215037,4.0,5.0,3.0,3.0,1.0,2.0,0.2,0.30000000000000004,30.0,14,0,5,5,1,1,13
215037,4.0,5.0,3.0,3.0,1.0,2.0,0.2,0.30000000000000004,30.0,15,0,4,3,0,0,9
215037,4.0,5.0,3.0,3.0,1.0,2.0,0.2,0.30000000000000004,30.0,16,0,3,2,0,0,5
215037,4.0,5.0,3.0,3.0,1.0,2.0,0.2,0.30000000000000004,30.0,17,0,3,1,0,0,4
215037,4.0,5.0,3.0,3.0,1.0,2.0,0.2,0.30000000000000004,30.0,18,0,3,2,0,0,5
215037,4.0,5.0,3.0,3.0,1.0,2.0,0.2,0.30000000000000004,30.0,19,0,2,2,0,0,4
215037,4.0,5.0,3.0,3.0,1.0,2.0,0.2,0.30000000000000004,30.0,20,0,1,1,0,0,2
215037,4.0,5.0,3.0,3.0,1.0,2.0,0.2,0.30000000000000004,30.0,21,0,0,1,0,0,1