Exp Num,agent:svo_convergence_factor,agent:params:metabolism,agent:params:consumption_factor,agent:params:procreate_cost_factor,agent:params:procreate_req_factor,agent:params:start_energy_factor,agent:params:caught_chance,agent:params:caught_cooldown_factor,agent:params:maximum_age,Epoch,Resource,A,B,C,D,E
21510,1.0,5.0,4.0,9.0,1.0,2.0,0.1,0.30000000000000004,10.0,0,3540.0,21,30,5,29,71
21510,1.0,5.0,4.0,9.0,1.0,2.0,0.1,0.30000000000000004,10.0,1,2905.0,21,30,5,29,71
21510,1.0,5.0,4.0,9.0,1.0,2.0,0.1,0.30000000000000004,10.0,2,2671.25,27,37,7,29,86
21510,1.0,5.0,4.0,9.0,1.0,2.0,0.1,0.30000000000000004,10.0,3,2239.0625,31,46,8,29,100
21510,1.0,5.0,4.0,9.0,1.0,2.0,0.1,0.30000000000000004,10.0,4,1518.828125,35,52,11,29,113
21510,1.0,5.0,4.0,9.0,1.0,2.0,0.1,0.30000000000000004,10.0,5,218.53515625,44,65,10,28,134
21510,1.0,5.0,4.0,9.0,1.0,2.0,0.1,0.30000000000000004,10.0,6,0,45,72,12,27,144
21510,1.0,5.0,4.0,9.0,1.0,2.0,0.1,0.30000000000000004,10.0,7,0,40,73,11,27,139
21510,1.0,5.0,4.0,9.0,1.0,2.0,0.1,0.30000000000000004,10.0,8,0,37,64,9,22,124
21510,1.0,5.0,4.0,9.0,1.0,2.0,0.1,0.30000000000000004,10.0,9,0,28,63,8,13,104
21510,1.0,5.0,4.0,9.0,1.0,2.0,0.1,0.30000000000000004,10.0,10,0,25,51,6,6,84
21510,1.0,5.0,4.0,9.0,1.0,2.0,0.1,0.30000000000000004,10.0,11,0,23,48,6,2,78
21510,1.0,5.0,4.0,9.0,1.0,2.0,0.1,0.30000000000000004,10.0,12,0,23,45,5,0,73
21510,1.0,5.0,4.0,9.0,1.0,2.0,0.1,0.30000000000000004,10.0,13,0,22,46,4,0,72
21510,1.0,5.0,4.0,9.0,1.0,2.0,0.1,0.30000000000000004,10.0,14,0,18,41,3,0,62
21510,1.0,5.0,4.0,9.0,1.0,2.0,0.1,0.30000000000000004,10.0,15,0,16,32,2,0,50
21510,1.0,5.0,4.0,9.0,1.0,2.0,0.1,0.30000000000000004,10.0,16,0,13,23,1,0,37
21510,1.0,5.0,4.0,9.0,1.0,2.0,0.1,0.30000000000000004,10.0,17,0,11,16,1,0,28
21510,1.0,5.0,4.0,9.0,1.0,2.0,0.1,0.30000000000000004,10.0,18,0,8,10,1,0,19
21510,1.0,5.0,4.0,9.0,1.0,2.0,0.1,0.30000000000000004,10.0,19,0,5,7,1,0,13
21510,1.0,5.0,4.0,9.0,1.0,2.0,0.1,0.30000000000000004,10.0,20,0,5,6,0,0,11
21510,1.0,5.0,4.0,9.0,1.0,2.0,0.1,0.30000000000000004,10.0,21,0,3,5,0,0,8
21510,1.0,5.0,4.0,9.0,1.0,2.0,0.1,0.30000000000000004,10.0,22,0,1,3,0,0,4
21510,1.0,5.0,4.0,9.0,1.0,2.0,0.1,0.30000000000000004,10.0,23,0,0,3,0,0,3
21510,1.0,5.0,4.0,9.0,1.0,2.0,0.1,0.30000000000000004,10.0,24,0,0,3,0,0,3
21510,1.0,5.0,4.0,9.0,1.0,2.0,0.1,0.30000000000000004,10.0,25,0,0,1,0,0,1