Exp Num,agent:svo_convergence_factor,agent:params:metabolism,agent:params:consumption_factor,agent:params:procreate_cost_factor,agent:params:procreate_req_factor,agent:params:start_energy_factor,agent:params:caught_chance,agent:params:caught_cooldown_factor,agent:params:maximum_age,Epoch,Resource,A,B,C,D,E
258088,4.0,15.0,2.0,9.0,2.0,1.0,0.4,0.30000000000000004,40.0,0,2000.0,18,21,11,34,66
258088,4.0,15.0,2.0,9.0,2.0,1.0,0.4,0.30000000000000004,40.0,1,1720.0,18,21,11,34,66
258088,4.0,15.0,2.0,9.0,2.0,1.0,0.4,0.30000000000000004,40.0,2,530.0,11,16,10,33,52
258088,4.0,15.0,2.0,9.0,2.0,1.0,0.4,0.30000000000000004,40.0,3,2.5,11,16,10,31,52
258088,4.0,15.0,2.0,9.0,2.0,1.0,0.4,0.30000000000000004,40.0,4,0,9,10,7,18,31
258088,4.0,15.0,2.0,9.0,2.0,1.0,0.4,0.30000000000000004,40.0,5,0,7,7,4,13,20
258088,4.0,15.0,2.0,9.0,2.0,1.0,0.4,0.30000000000000004,40.0,6,0,6,3,2,6,13
258088,4.0,15.0,2.0,9.0,2.0,1.0,0.4,0.30000000000000004,40.0,7,0,5,2,1,5,9
258088,4.0,15.0,2.0,9.0,2.0,1.0,0.4,0.30000000000000004,40.0,8,0,3,1,1,3,6
258088,4.0,15.0,2.0,9.0,2.0,1.0,0.4,0.30000000000000004,40.0,9,0,0,1,1,3,2
258088,4.0,15.0,2.0,9.0,2.0,1.0,0.4,0.30000000000000004,40.0,10,0,0,0,1,1,1
258088,4.0,15.0,2.0,9.0,2.0,1.0,0.4,0.30000000000000004,40.0,11,0,0,0,1,0,1