Exp Num,agent:svo_convergence_factor,agent:params:metabolism,agent:params:consumption_factor,agent:params:procreate_cost_factor,agent:params:procreate_req_factor,agent:params:start_energy_factor,agent:params:caught_chance,agent:params:caught_cooldown_factor,agent:params:maximum_age,Epoch,Resource,A,B,C,D,E
250306,4.0,15.0,1.0,5.0,2.0,2.0,0.30000000000000004,0.2,20.0,0,3500.0,18,27,9,28,72
250306,4.0,15.0,1.0,5.0,2.0,2.0,0.30000000000000004,0.2,20.0,1,2950.0,18,27,9,28,72
250306,4.0,15.0,1.0,5.0,2.0,2.0,0.30000000000000004,0.2,20.0,2,2787.5,18,26,9,28,71
250306,4.0,15.0,1.0,5.0,2.0,2.0,0.30000000000000004,0.2,20.0,3,2494.375,15,24,8,26,64
250306,4.0,15.0,1.0,5.0,2.0,2.0,0.30000000000000004,0.2,20.0,4,2142.96875,14,23,8,24,62
250306,4.0,15.0,1.0,5.0,2.0,2.0,0.30000000000000004,0.2,20.0,5,1853.7109375,6,22,7,24,52
250306,4.0,15.0,1.0,5.0,2.0,2.0,0.30000000000000004,0.2,20.0,6,1432.138671875,4,19,7,23,47
250306,4.0,15.0,1.0,5.0,2.0,2.0,0.30000000000000004,0.2,20.0,7,845.17333984375,4,18,7,23,46
250306,4.0,15.0,1.0,5.0,2.0,2.0,0.30000000000000004,0.2,20.0,8,81.4666748046875,4,17,7,23,45
250306,4.0,15.0,1.0,5.0,2.0,2.0,0.30000000000000004,0.2,20.0,9,0,2,9,2,11,26
250306,4.0,15.0,1.0,5.0,2.0,2.0,0.30000000000000004,0.2,20.0,10,0,1,6,2,6,13
250306,4.0,15.0,1.0,5.0,2.0,2.0,0.30000000000000004,0.2,20.0,11,0,0,3,2,3,6
250306,4.0,15.0,1.0,5.0,2.0,2.0,0.30000000000000004,0.2,20.0,12,0,0,2,1,1,3
250306,4.0,15.0,1.0,5.0,2.0,2.0,0.30000000000000004,0.2,20.0,13,0,0,2,0,0,2
250306,4.0,15.0,1.0,5.0,2.0,2.0,0.30000000000000004,0.2,20.0,14,0,0,1,0,0,1