Exp Num,agent:svo_convergence_factor,agent:params:metabolism,agent:params:consumption_factor,agent:params:procreate_cost_factor,agent:params:procreate_req_factor,agent:params:start_energy_factor,agent:params:caught_chance,agent:params:caught_cooldown_factor,agent:params:maximum_age,Epoch,Resource,A,B,C,D,E
259385,4.0,15.0,3.0,1.0,2.0,3.0,0.1,0.30000000000000004,10.0,0,3065.0,26,34,25,38,112
259385,4.0,15.0,3.0,1.0,2.0,3.0,0.1,0.30000000000000004,10.0,1,0,40,44,32,44,148
259385,4.0,15.0,3.0,1.0,2.0,3.0,0.1,0.30000000000000004,10.0,2,0,44,47,28,38,147
259385,4.0,15.0,3.0,1.0,2.0,3.0,0.1,0.30000000000000004,10.0,3,0,36,27,21,19,98
259385,4.0,15.0,3.0,1.0,2.0,3.0,0.1,0.30000000000000004,10.0,4,0,23,15,15,11,61
259385,4.0,15.0,3.0,1.0,2.0,3.0,0.1,0.30000000000000004,10.0,5,0,13,10,8,9,36
259385,4.0,15.0,3.0,1.0,2.0,3.0,0.1,0.30000000000000004,10.0,6,0,4,7,5,6,18
259385,4.0,15.0,3.0,1.0,2.0,3.0,0.1,0.30000000000000004,10.0,7,0,3,4,3,2,11
259385,4.0,15.0,3.0,1.0,2.0,3.0,0.1,0.30000000000000004,10.0,8,0,2,3,2,2,7
259385,4.0,15.0,3.0,1.0,2.0,3.0,0.1,0.30000000000000004,10.0,9,0,0,1,2,1,3
259385,4.0,15.0,3.0,1.0,2.0,3.0,0.1,0.30000000000000004,10.0,10,0,0,0,1,1,1
259385,4.0,15.0,3.0,1.0,2.0,3.0,0.1,0.30000000000000004,10.0,11,0,0,0,1,0,1