Exp Num,agent:svo_convergence_factor,agent:params:metabolism,agent:params:consumption_factor,agent:params:procreate_cost_factor,agent:params:procreate_req_factor,agent:params:start_energy_factor,agent:params:caught_chance,agent:params:caught_cooldown_factor,agent:params:maximum_age,Epoch,Resource,A,B,C,D,E
251923,4.0,15.0,1.0,7.0,3.0,3.0,0.2,0.5,40.0,0,3500.0,18,30,11,26,74
251923,4.0,15.0,1.0,7.0,3.0,3.0,0.2,0.5,40.0,1,2965.0,18,30,11,26,74
251923,4.0,15.0,1.0,7.0,3.0,3.0,0.2,0.5,40.0,2,2611.25,18,30,11,26,74
251923,4.0,15.0,1.0,7.0,3.0,3.0,0.2,0.5,40.0,3,2529.0625,17,29,11,26,72
251923,4.0,15.0,1.0,7.0,3.0,3.0,0.2,0.5,40.0,4,2411.328125,17,28,11,24,71
251923,4.0,15.0,1.0,7.0,3.0,3.0,0.2,0.5,40.0,5,2219.16015625,14,23,10,23,62
251923,4.0,15.0,1.0,7.0,3.0,3.0,0.2,0.5,40.0,6,1903.9501953125,12,22,10,23,58
251923,4.0,15.0,1.0,7.0,3.0,3.0,0.2,0.5,40.0,7,1554.937744140625,9,20,10,22,53
251923,4.0,15.0,1.0,7.0,3.0,3.0,0.2,0.5,40.0,8,1043.6721801757812,7,19,10,21,49
251923,4.0,15.0,1.0,7.0,3.0,3.0,0.2,0.5,40.0,9,419.59022521972656,7,19,9,21,48
251923,4.0,15.0,1.0,7.0,3.0,3.0,0.2,0.5,40.0,10,0,5,16,9,14,40
251923,4.0,15.0,1.0,7.0,3.0,3.0,0.2,0.5,40.0,11,0,4,8,6,7,21
251923,4.0,15.0,1.0,7.0,3.0,3.0,0.2,0.5,40.0,12,0,2,3,1,5,9
251923,4.0,15.0,1.0,7.0,3.0,3.0,0.2,0.5,40.0,13,0,1,2,0,3,4
251923,4.0,15.0,1.0,7.0,3.0,3.0,0.2,0.5,40.0,14,0,1,1,0,1,2
251923,4.0,15.0,1.0,7.0,3.0,3.0,0.2,0.5,40.0,15,0,1,0,0,0,1