Exp Num,agent:svo_convergence_factor,agent:params:metabolism,agent:params:consumption_factor,agent:params:procreate_cost_factor,agent:params:procreate_req_factor,agent:params:start_energy_factor,agent:params:caught_chance,agent:params:caught_cooldown_factor,agent:params:maximum_age,Epoch,Resource,A,B,C,D,E
265335,4.0,15.0,4.0,1.0,3.0,2.0,0.4,0.30000000000000004,10.0,0,3020.0,19,29,19,29,87
265335,4.0,15.0,4.0,1.0,3.0,2.0,0.4,0.30000000000000004,10.0,1,715.0,18,28,21,38,95
265335,4.0,15.0,4.0,1.0,3.0,2.0,0.4,0.30000000000000004,10.0,2,0,22,28,17,38,94
265335,4.0,15.0,4.0,1.0,3.0,2.0,0.4,0.30000000000000004,10.0,3,0,19,24,12,28,75
265335,4.0,15.0,4.0,1.0,3.0,2.0,0.4,0.30000000000000004,10.0,4,0,14,16,10,15,53
265335,4.0,15.0,4.0,1.0,3.0,2.0,0.4,0.30000000000000004,10.0,5,0,10,11,3,9,31
265335,4.0,15.0,4.0,1.0,3.0,2.0,0.4,0.30000000000000004,10.0,6,0,9,7,0,5,21
265335,4.0,15.0,4.0,1.0,3.0,2.0,0.4,0.30000000000000004,10.0,7,0,7,6,0,1,16
265335,4.0,15.0,4.0,1.0,3.0,2.0,0.4,0.30000000000000004,10.0,8,0,7,3,0,1,11
265335,4.0,15.0,4.0,1.0,3.0,2.0,0.4,0.30000000000000004,10.0,9,0,6,1,0,0,7
265335,4.0,15.0,4.0,1.0,3.0,2.0,0.4,0.30000000000000004,10.0,10,0,4,1,0,0,5
265335,4.0,15.0,4.0,1.0,3.0,2.0,0.4,0.30000000000000004,10.0,11,0,2,1,0,0,3
265335,4.0,15.0,4.0,1.0,3.0,2.0,0.4,0.30000000000000004,10.0,12,0,1,0,0,0,1