Exp Num,agent:svo_convergence_factor,agent:params:metabolism,agent:params:consumption_factor,agent:params:procreate_cost_factor,agent:params:procreate_req_factor,agent:params:start_energy_factor,agent:params:caught_chance,agent:params:caught_cooldown_factor,agent:params:maximum_age,Epoch,Resource,A,B,C,D,E
253026,4.0,15.0,1.0,9.0,3.0,3.0,0.2,0.1,20.0,0,3500.0,22,20,4,39,61
253026,4.0,15.0,1.0,9.0,3.0,3.0,0.2,0.1,20.0,1,2950.0,22,20,4,39,61
253026,4.0,15.0,1.0,9.0,3.0,3.0,0.2,0.1,20.0,2,2742.5,22,20,4,39,61
253026,4.0,15.0,1.0,9.0,3.0,3.0,0.2,0.1,20.0,3,2708.125,21,20,4,39,60
253026,4.0,15.0,1.0,9.0,3.0,3.0,0.2,0.1,20.0,4,2590.15625,18,18,4,38,55
253026,4.0,15.0,1.0,9.0,3.0,3.0,0.2,0.1,20.0,5,2367.6953125,18,15,3,35,51
253026,4.0,15.0,1.0,9.0,3.0,3.0,0.2,0.1,20.0,6,2089.619140625,14,14,3,34,46
253026,4.0,15.0,1.0,9.0,3.0,3.0,0.2,0.1,20.0,7,1652.02392578125,13,13,3,34,43
253026,4.0,15.0,1.0,9.0,3.0,3.0,0.2,0.1,20.0,8,1150.0299072265625,12,13,3,32,42
253026,4.0,15.0,1.0,9.0,3.0,3.0,0.2,0.1,20.0,9,447.5373840332031,11,12,3,32,40
253026,4.0,15.0,1.0,9.0,3.0,3.0,0.2,0.1,20.0,10,0,9,10,3,24,32
253026,4.0,15.0,1.0,9.0,3.0,3.0,0.2,0.1,20.0,11,0,8,4,2,12,18
253026,4.0,15.0,1.0,9.0,3.0,3.0,0.2,0.1,20.0,12,0,4,2,1,7,9
253026,4.0,15.0,1.0,9.0,3.0,3.0,0.2,0.1,20.0,13,0,2,2,1,4,5
253026,4.0,15.0,1.0,9.0,3.0,3.0,0.2,0.1,20.0,14,0,1,1,1,1,3
253026,4.0,15.0,1.0,9.0,3.0,3.0,0.2,0.1,20.0,15,0,1,0,0,1,1
253026,4.0,15.0,1.0,9.0,3.0,3.0,0.2,0.1,20.0,16,0,1,0,0,0,1