Exp Num,agent:svo_convergence_factor,agent:params:metabolism,agent:params:consumption_factor,agent:params:procreate_cost_factor,agent:params:procreate_req_factor,agent:params:start_energy_factor,agent:params:caught_chance,agent:params:caught_cooldown_factor,agent:params:maximum_age,Epoch,Resource,A,B,C,D,E
230937,4.0,10.0,2.0,1.0,1.0,3.0,0.30000000000000004,0.30000000000000004,30.0,0,3680.0,22,47,24,42,108
230937,4.0,10.0,2.0,1.0,1.0,3.0,0.30000000000000004,0.30000000000000004,30.0,1,3300.0,29,66,40,53,158
230937,4.0,10.0,2.0,1.0,1.0,3.0,0.30000000000000004,0.30000000000000004,30.0,2,1965.0,33,83,61,68,206
230937,4.0,10.0,2.0,1.0,1.0,3.0,0.30000000000000004,0.30000000000000004,30.0,3,0,45,101,84,79,260
230937,4.0,10.0,2.0,1.0,1.0,3.0,0.30000000000000004,0.30000000000000004,30.0,4,0,45,95,64,59,221
230937,4.0,10.0,2.0,1.0,1.0,3.0,0.30000000000000004,0.30000000000000004,30.0,5,0,33,69,56,34,170
230937,4.0,10.0,2.0,1.0,1.0,3.0,0.30000000000000004,0.30000000000000004,30.0,6,0,26,48,36,19,121
230937,4.0,10.0,2.0,1.0,1.0,3.0,0.30000000000000004,0.30000000000000004,30.0,7,0,16,35,26,18,86
230937,4.0,10.0,2.0,1.0,1.0,3.0,0.30000000000000004,0.30000000000000004,30.0,8,0,10,28,17,11,61
230937,4.0,10.0,2.0,1.0,1.0,3.0,0.30000000000000004,0.30000000000000004,30.0,9,0,5,18,15,5,45
230937,4.0,10.0,2.0,1.0,1.0,3.0,0.30000000000000004,0.30000000000000004,30.0,10,0,3,12,12,2,33
230937,4.0,10.0,2.0,1.0,1.0,3.0,0.30000000000000004,0.30000000000000004,30.0,11,0,3,7,11,1,22
230937,4.0,10.0,2.0,1.0,1.0,3.0,0.30000000000000004,0.30000000000000004,30.0,12,0,1,5,7,1,13
230937,4.0,10.0,2.0,1.0,1.0,3.0,0.30000000000000004,0.30000000000000004,30.0,13,0,0,3,7,1,10
230937,4.0,10.0,2.0,1.0,1.0,3.0,0.30000000000000004,0.30000000000000004,30.0,14,0,0,4,6,1,11
230937,4.0,10.0,2.0,1.0,1.0,3.0,0.30000000000000004,0.30000000000000004,30.0,15,0,0,1,3,1,5
230937,4.0,10.0,2.0,1.0,1.0,3.0,0.30000000000000004,0.30000000000000004,30.0,16,0,0,1,1,1,4
230937,4.0,10.0,2.0,1.0,1.0,3.0,0.30000000000000004,0.30000000000000004,30.0,17,0,0,0,1,2,2
230937,4.0,10.0,2.0,1.0,1.0,3.0,0.30000000000000004,0.30000000000000004,30.0,18,0,0,0,1,1,1
230937,4.0,10.0,2.0,1.0,1.0,3.0,0.30000000000000004,0.30000000000000004,30.0,19,0,0,0,1,0,1