Exp Num,agent:svo_convergence_factor,agent:params:metabolism,agent:params:consumption_factor,agent:params:procreate_cost_factor,agent:params:procreate_req_factor,agent:params:start_energy_factor,agent:params:caught_chance,agent:params:caught_cooldown_factor,agent:params:maximum_age,Epoch,Resource,A,B,C,D,E
21378,1.0,5.0,4.0,9.0,1.0,1.0,0.1,0.1,40.0,0,3000.0,17,31,11,25,75
21378,1.0,5.0,4.0,9.0,1.0,1.0,0.1,0.1,40.0,1,2870.0,17,31,11,25,75
21378,1.0,5.0,4.0,9.0,1.0,1.0,0.1,0.1,40.0,2,2807.5,19,39,12,25,86
21378,1.0,5.0,4.0,9.0,1.0,1.0,0.1,0.1,40.0,3,2549.375,21,49,12,25,98
21378,1.0,5.0,4.0,9.0,1.0,1.0,0.1,0.1,40.0,4,1646.71875,21,53,11,24,100
21378,1.0,5.0,4.0,9.0,1.0,1.0,0.1,0.1,40.0,5,958.3984375,27,65,12,24,119
21378,1.0,5.0,4.0,9.0,1.0,1.0,0.1,0.1,40.0,6,0,32,81,12,24,140
21378,1.0,5.0,4.0,9.0,1.0,1.0,0.1,0.1,40.0,7,0,32,79,8,24,134
21378,1.0,5.0,4.0,9.0,1.0,1.0,0.1,0.1,40.0,8,0,34,76,6,13,124
21378,1.0,5.0,4.0,9.0,1.0,1.0,0.1,0.1,40.0,9,0,29,76,6,8,114
21378,1.0,5.0,4.0,9.0,1.0,1.0,0.1,0.1,40.0,10,0,23,73,5,7,104
21378,1.0,5.0,4.0,9.0,1.0,1.0,0.1,0.1,40.0,11,0,20,63,4,7,90
21378,1.0,5.0,4.0,9.0,1.0,1.0,0.1,0.1,40.0,12,0,19,54,2,4,76
21378,1.0,5.0,4.0,9.0,1.0,1.0,0.1,0.1,40.0,13,0,16,51,1,3,68
21378,1.0,5.0,4.0,9.0,1.0,1.0,0.1,0.1,40.0,14,0,14,47,0,1,61
21378,1.0,5.0,4.0,9.0,1.0,1.0,0.1,0.1,40.0,15,0,12,40,0,0,52
21378,1.0,5.0,4.0,9.0,1.0,1.0,0.1,0.1,40.0,16,0,9,31,0,0,40
21378,1.0,5.0,4.0,9.0,1.0,1.0,0.1,0.1,40.0,17,0,5,23,0,0,28
21378,1.0,5.0,4.0,9.0,1.0,1.0,0.1,0.1,40.0,18,0,3,18,0,0,21
21378,1.0,5.0,4.0,9.0,1.0,1.0,0.1,0.1,40.0,19,0,3,14,0,0,17
21378,1.0,5.0,4.0,9.0,1.0,1.0,0.1,0.1,40.0,20,0,1,14,0,0,15
21378,1.0,5.0,4.0,9.0,1.0,1.0,0.1,0.1,40.0,21,0,0,10,0,0,10
21378,1.0,5.0,4.0,9.0,1.0,1.0,0.1,0.1,40.0,22,0,0,8,0,0,8
21378,1.0,5.0,4.0,9.0,1.0,1.0,0.1,0.1,40.0,23,0,0,5,0,0,5
21378,1.0,5.0,4.0,9.0,1.0,1.0,0.1,0.1,40.0,24,0,0,3,0,0,3
21378,1.0,5.0,4.0,9.0,1.0,1.0,0.1,0.1,40.0,25,0,0,2,0,0,2
21378,1.0,5.0,4.0,9.0,1.0,1.0,0.1,0.1,40.0,26,0,0,2,0,0,2
21378,1.0,5.0,4.0,9.0,1.0,1.0,0.1,0.1,40.0,27,0,0,1,0,0,1