Exp Num,agent:svo_convergence_factor,agent:params:metabolism,agent:params:consumption_factor,agent:params:procreate_cost_factor,agent:params:procreate_req_factor,agent:params:start_energy_factor,agent:params:caught_chance,agent:params:caught_cooldown_factor,agent:params:maximum_age,Epoch,Resource,A,B,C,D,E
230699,4.0,10.0,2.0,1.0,1.0,1.0,0.30000000000000004,0.5,50.0,0,3000.0,29,46,16,34,116
230699,4.0,10.0,2.0,1.0,1.0,1.0,0.30000000000000004,0.5,50.0,1,1310.0,45,64,32,45,180
230699,4.0,10.0,2.0,1.0,1.0,1.0,0.30000000000000004,0.5,50.0,2,0,53,71,40,42,207
230699,4.0,10.0,2.0,1.0,1.0,1.0,0.30000000000000004,0.5,50.0,3,0,41,61,33,32,160
230699,4.0,10.0,2.0,1.0,1.0,1.0,0.30000000000000004,0.5,50.0,4,0,34,42,28,21,125
230699,4.0,10.0,2.0,1.0,1.0,1.0,0.30000000000000004,0.5,50.0,5,0,24,30,19,13,88
230699,4.0,10.0,2.0,1.0,1.0,1.0,0.30000000000000004,0.5,50.0,6,0,17,19,13,7,60
230699,4.0,10.0,2.0,1.0,1.0,1.0,0.30000000000000004,0.5,50.0,7,0,11,16,12,3,44
230699,4.0,10.0,2.0,1.0,1.0,1.0,0.30000000000000004,0.5,50.0,8,0,10,12,10,2,36
230699,4.0,10.0,2.0,1.0,1.0,1.0,0.30000000000000004,0.5,50.0,9,0,7,6,5,2,21
230699,4.0,10.0,2.0,1.0,1.0,1.0,0.30000000000000004,0.5,50.0,10,0,4,4,3,2,13
230699,4.0,10.0,2.0,1.0,1.0,1.0,0.30000000000000004,0.5,50.0,11,0,2,2,2,2,8
230699,4.0,10.0,2.0,1.0,1.0,1.0,0.30000000000000004,0.5,50.0,12,0,2,0,1,1,4
230699,4.0,10.0,2.0,1.0,1.0,1.0,0.30000000000000004,0.5,50.0,13,40.0,2,0,1,2,4
230699,4.0,10.0,2.0,1.0,1.0,1.0,0.30000000000000004,0.5,50.0,14,0,2,1,1,3,4
230699,4.0,10.0,2.0,1.0,1.0,1.0,0.30000000000000004,0.5,50.0,15,0,2,1,1,1,5
230699,4.0,10.0,2.0,1.0,1.0,1.0,0.30000000000000004,0.5,50.0,16,0,0,1,0,1,2
230699,4.0,10.0,2.0,1.0,1.0,1.0,0.30000000000000004,0.5,50.0,17,0,0,0,0,1,1
230699,4.0,10.0,2.0,1.0,1.0,1.0,0.30000000000000004,0.5,50.0,18,0,0,0,0,0,1