Exp Num,agent:svo_convergence_factor,agent:params:metabolism,agent:params:consumption_factor,agent:params:procreate_cost_factor,agent:params:procreate_req_factor,agent:params:start_energy_factor,agent:params:caught_chance,agent:params:caught_cooldown_factor,agent:params:maximum_age,Epoch,Resource,A,B,C,D,E
201138,3.0,15.0,4.0,7.0,3.0,2.0,0.1,0.30000000000000004,40.0,0,2300.0,19,24,16,25,75
201138,3.0,15.0,4.0,7.0,3.0,2.0,0.1,0.30000000000000004,40.0,1,0,17,22,9,23,60
201138,3.0,15.0,4.0,7.0,3.0,2.0,0.1,0.30000000000000004,40.0,2,0,17,22,8,21,55
201138,3.0,15.0,4.0,7.0,3.0,2.0,0.1,0.30000000000000004,40.0,3,0,17,22,8,20,55
201138,3.0,15.0,4.0,7.0,3.0,2.0,0.1,0.30000000000000004,40.0,4,0,17,22,8,20,55
201138,3.0,15.0,4.0,7.0,3.0,2.0,0.1,0.30000000000000004,40.0,5,0,15,11,6,9,35
201138,3.0,15.0,4.0,7.0,3.0,2.0,0.1,0.30000000000000004,40.0,6,0,13,9,3,4,28
201138,3.0,15.0,4.0,7.0,3.0,2.0,0.1,0.30000000000000004,40.0,7,0,11,8,2,1,23
201138,3.0,15.0,4.0,7.0,3.0,2.0,0.1,0.30000000000000004,40.0,8,0,9,7,2,0,19
201138,3.0,15.0,4.0,7.0,3.0,2.0,0.1,0.30000000000000004,40.0,9,0,6,5,2,0,13
201138,3.0,15.0,4.0,7.0,3.0,2.0,0.1,0.30000000000000004,40.0,10,0,5,3,2,0,10
201138,3.0,15.0,4.0,7.0,3.0,2.0,0.1,0.30000000000000004,40.0,11,0,3,2,2,0,7
201138,3.0,15.0,4.0,7.0,3.0,2.0,0.1,0.30000000000000004,40.0,12,0,2,1,1,0,4
201138,3.0,15.0,4.0,7.0,3.0,2.0,0.1,0.30000000000000004,40.0,13,0,1,1,0,0,2
201138,3.0,15.0,4.0,7.0,3.0,2.0,0.1,0.30000000000000004,40.0,14,0,1,0,0,0,1