Exp Num,agent:svo_convergence_factor,agent:params:metabolism,agent:params:consumption_factor,agent:params:procreate_cost_factor,agent:params:procreate_req_factor,agent:params:start_energy_factor,agent:params:caught_chance,agent:params:caught_cooldown_factor,agent:params:maximum_age,Epoch,Resource,A,B,C,D,E
258235,4.0,15.0,2.0,9.0,2.0,2.0,0.5,0.30000000000000004,10.0,0,4370.0,22,32,10,26,74
258235,4.0,15.0,2.0,9.0,2.0,2.0,0.5,0.30000000000000004,10.0,1,4382.5,14,23,5,24,51
258235,4.0,15.0,2.0,9.0,2.0,2.0,0.5,0.30000000000000004,10.0,2,4818.125,12,19,3,24,43
258235,4.0,15.0,2.0,9.0,2.0,2.0,0.5,0.30000000000000004,10.0,3,5062.65625,5,14,3,21,30
258235,4.0,15.0,2.0,9.0,2.0,2.0,0.5,0.30000000000000004,10.0,4,5008.3203125,5,14,3,20,30
258235,4.0,15.0,2.0,9.0,2.0,2.0,0.5,0.30000000000000004,10.0,5,5000.400390625,2,13,3,20,26
258235,4.0,15.0,2.0,9.0,2.0,2.0,0.5,0.30000000000000004,10.0,6,4930.50048828125,2,12,3,20,25
258235,4.0,15.0,2.0,9.0,2.0,2.0,0.5,0.30000000000000004,10.0,7,4813.1256103515625,2,12,3,20,25
258235,4.0,15.0,2.0,9.0,2.0,2.0,0.5,0.30000000000000004,10.0,8,4666.407012939453,2,12,3,20,25
258235,4.0,15.0,2.0,9.0,2.0,2.0,0.5,0.30000000000000004,10.0,9,4483.008766174316,2,12,3,20,25
258235,4.0,15.0,2.0,9.0,2.0,2.0,0.5,0.30000000000000004,10.0,10,4733.7609577178955,2,9,2,11,18
258235,4.0,15.0,2.0,9.0,2.0,2.0,0.5,0.30000000000000004,10.0,11,5377.201197147369,2,6,1,5,12
258235,4.0,15.0,2.0,9.0,2.0,2.0,0.5,0.30000000000000004,10.0,12,6331.501496434212,2,4,1,5,8
258235,4.0,15.0,2.0,9.0,2.0,2.0,0.5,0.30000000000000004,10.0,13,7674.376870542765,1,3,1,2,5
258235,4.0,15.0,2.0,9.0,2.0,2.0,0.5,0.30000000000000004,10.0,14,9442.971088178456,1,2,0,1,3
258235,4.0,15.0,2.0,9.0,2.0,2.0,0.5,0.30000000000000004,10.0,15,9940.0,1,1,0,0,2
258235,4.0,15.0,2.0,9.0,2.0,2.0,0.5,0.30000000000000004,10.0,16,9970.0,0,1,0,0,1