Exp Num,agent:svo_convergence_factor,agent:params:metabolism,agent:params:consumption_factor,agent:params:procreate_cost_factor,agent:params:procreate_req_factor,agent:params:start_energy_factor,agent:params:caught_chance,agent:params:caught_cooldown_factor,agent:params:maximum_age,Epoch,Resource,A,B,C,D,E
30669,1.0,10.0,2.0,5.0,1.0,3.0,0.2,0.4,50.0,0,3520.0,15,33,8,28,72
30669,1.0,10.0,2.0,5.0,1.0,3.0,0.2,0.4,50.0,1,3420.0,16,44,13,30,89
30669,1.0,10.0,2.0,5.0,1.0,3.0,0.2,0.4,50.0,2,2915.0,15,48,17,29,96
30669,1.0,10.0,2.0,5.0,1.0,3.0,0.2,0.4,50.0,3,2443.75,15,55,21,29,107
30669,1.0,10.0,2.0,5.0,1.0,3.0,0.2,0.4,50.0,4,1954.6875,15,52,20,26,102
30669,1.0,10.0,2.0,5.0,1.0,3.0,0.2,0.4,50.0,5,1343.359375,13,54,22,26,104
30669,1.0,10.0,2.0,5.0,1.0,3.0,0.2,0.4,50.0,6,359.19921875,12,55,22,25,104
30669,1.0,10.0,2.0,5.0,1.0,3.0,0.2,0.4,50.0,7,0,11,48,19,21,91
30669,1.0,10.0,2.0,5.0,1.0,3.0,0.2,0.4,50.0,8,0,10,42,16,13,73
30669,1.0,10.0,2.0,5.0,1.0,3.0,0.2,0.4,50.0,9,0,8,35,12,8,58
30669,1.0,10.0,2.0,5.0,1.0,3.0,0.2,0.4,50.0,10,0,4,29,8,6,41
30669,1.0,10.0,2.0,5.0,1.0,3.0,0.2,0.4,50.0,11,0,2,27,4,1,33
30669,1.0,10.0,2.0,5.0,1.0,3.0,0.2,0.4,50.0,12,0,0,21,1,0,22
30669,1.0,10.0,2.0,5.0,1.0,3.0,0.2,0.4,50.0,13,0,0,15,1,0,16
30669,1.0,10.0,2.0,5.0,1.0,3.0,0.2,0.4,50.0,14,0,0,11,1,0,12
30669,1.0,10.0,2.0,5.0,1.0,3.0,0.2,0.4,50.0,15,0,0,8,0,0,8
30669,1.0,10.0,2.0,5.0,1.0,3.0,0.2,0.4,50.0,16,0,0,5,0,0,5
30669,1.0,10.0,2.0,5.0,1.0,3.0,0.2,0.4,50.0,17,0,0,3,0,0,3
30669,1.0,10.0,2.0,5.0,1.0,3.0,0.2,0.4,50.0,18,60.0,0,3,0,0,3
30669,1.0,10.0,2.0,5.0,1.0,3.0,0.2,0.4,50.0,19,75.0,0,3,0,0,3
30669,1.0,10.0,2.0,5.0,1.0,3.0,0.2,0.4,50.0,20,93.75,0,2,0,0,2
30669,1.0,10.0,2.0,5.0,1.0,3.0,0.2,0.4,50.0,21,97.1875,0,2,0,0,2
30669,1.0,10.0,2.0,5.0,1.0,3.0,0.2,0.4,50.0,22,101.484375,0,2,0,0,2
30669,1.0,10.0,2.0,5.0,1.0,3.0,0.2,0.4,50.0,23,106.85546875,0,2,0,0,2
30669,1.0,10.0,2.0,5.0,1.0,3.0,0.2,0.4,50.0,24,113.5693359375,0,2,0,0,2
30669,1.0,10.0,2.0,5.0,1.0,3.0,0.2,0.4,50.0,25,121.961669921875,0,1,0,0,1