Exp Num,agent:svo_convergence_factor,agent:params:metabolism,agent:params:consumption_factor,agent:params:procreate_cost_factor,agent:params:procreate_req_factor,agent:params:start_energy_factor,agent:params:caught_chance,agent:params:caught_cooldown_factor,agent:params:maximum_age,Epoch,Resource,A,B,C,D,E
35922,1.0,10.0,3.0,3.0,3.0,3.0,0.2,0.5,30.0,0,3800.0,21,26,11,27,73
35922,1.0,10.0,3.0,3.0,3.0,3.0,0.2,0.5,30.0,1,3700.0,21,26,11,27,73
35922,1.0,10.0,3.0,3.0,3.0,3.0,0.2,0.5,30.0,2,2945.0,20,24,12,26,71
35922,1.0,10.0,3.0,3.0,3.0,3.0,0.2,0.5,30.0,3,2901.25,19,23,12,24,69
35922,1.0,10.0,3.0,3.0,3.0,3.0,0.2,0.5,30.0,4,2846.5625,21,24,12,24,72
35922,1.0,10.0,3.0,3.0,3.0,3.0,0.2,0.5,30.0,5,2478.203125,23,23,11,23,70
35922,1.0,10.0,3.0,3.0,3.0,3.0,0.2,0.5,30.0,6,2107.75390625,22,23,10,23,68
35922,1.0,10.0,3.0,3.0,3.0,3.0,0.2,0.5,30.0,7,2064.6923828125,25,22,10,23,70
35922,1.0,10.0,3.0,3.0,3.0,3.0,0.2,0.5,30.0,8,1740.865478515625,23,18,11,20,65
35922,1.0,10.0,3.0,3.0,3.0,3.0,0.2,0.5,30.0,9,1516.0818481445312,20,18,11,20,62
35922,1.0,10.0,3.0,3.0,3.0,3.0,0.2,0.5,30.0,10,1355.102310180664,21,20,11,20,65
35922,1.0,10.0,3.0,3.0,3.0,3.0,0.2,0.5,30.0,11,1003.8778877258301,20,21,9,16,62
35922,1.0,10.0,3.0,3.0,3.0,3.0,0.2,0.5,30.0,12,534.8473596572876,18,25,9,14,64
35922,1.0,10.0,3.0,3.0,3.0,3.0,0.2,0.5,30.0,13,158.5591995716095,16,26,9,14,63
35922,1.0,10.0,3.0,3.0,3.0,3.0,0.2,0.5,30.0,14,0,15,21,7,12,52
35922,1.0,10.0,3.0,3.0,3.0,3.0,0.2,0.5,30.0,15,0,12,21,7,9,45
35922,1.0,10.0,3.0,3.0,3.0,3.0,0.2,0.5,30.0,16,0,11,20,6,8,40
35922,1.0,10.0,3.0,3.0,3.0,3.0,0.2,0.5,30.0,17,0,8,17,5,5,32
35922,1.0,10.0,3.0,3.0,3.0,3.0,0.2,0.5,30.0,18,0,7,15,5,3,28
35922,1.0,10.0,3.0,3.0,3.0,3.0,0.2,0.5,30.0,19,0,5,10,5,1,20
35922,1.0,10.0,3.0,3.0,3.0,3.0,0.2,0.5,30.0,20,0,4,8,5,1,17
35922,1.0,10.0,3.0,3.0,3.0,3.0,0.2,0.5,30.0,21,0,3,6,3,0,12
35922,1.0,10.0,3.0,3.0,3.0,3.0,0.2,0.5,30.0,22,0,2,3,3,0,8
35922,1.0,10.0,3.0,3.0,3.0,3.0,0.2,0.5,30.0,23,0,2,2,2,0,6
35922,1.0,10.0,3.0,3.0,3.0,3.0,0.2,0.5,30.0,24,0,2,2,1,0,5
35922,1.0,10.0,3.0,3.0,3.0,3.0,0.2,0.5,30.0,25,40.0,2,2,1,0,5
35922,1.0,10.0,3.0,3.0,3.0,3.0,0.2,0.5,30.0,26,20.0,1,1,1,0,3
35922,1.0,10.0,3.0,3.0,3.0,3.0,0.2,0.5,30.0,27,0,1,1,1,0,3
35922,1.0,10.0,3.0,3.0,3.0,3.0,0.2,0.5,30.0,28,0,1,0,1,0,2
35922,1.0,10.0,3.0,3.0,3.0,3.0,0.2,0.5,30.0,29,0,1,0,1,0,2
35922,1.0,10.0,3.0,3.0,3.0,3.0,0.2,0.5,30.0,30,0,1,0,0,0,1