Exp Num,agent:svo_convergence_factor,agent:params:metabolism,agent:params:consumption_factor,agent:params:procreate_cost_factor,agent:params:procreate_req_factor,agent:params:start_energy_factor,agent:params:caught_chance,agent:params:caught_cooldown_factor,agent:params:maximum_age,Epoch,Resource,A,B,C,D,E
35549,1.0,10.0,3.0,3.0,2.0,3.0,0.2,0.5,50.0,0,3980.0,19,26,10,26,74
35549,1.0,10.0,3.0,3.0,2.0,3.0,0.2,0.5,50.0,1,4015.0,21,32,11,26,83
35549,1.0,10.0,3.0,3.0,2.0,3.0,0.2,0.5,50.0,2,3398.75,18,33,12,23,81
35549,1.0,10.0,3.0,3.0,2.0,3.0,0.2,0.5,50.0,3,3198.4375,19,35,14,23,86
35549,1.0,10.0,3.0,3.0,2.0,3.0,0.2,0.5,50.0,4,2828.046875,21,45,15,23,99
35549,1.0,10.0,3.0,3.0,2.0,3.0,0.2,0.5,50.0,5,1615.05859375,20,51,15,22,104
35549,1.0,10.0,3.0,3.0,2.0,3.0,0.2,0.5,50.0,6,428.8232421875,21,60,15,21,114
35549,1.0,10.0,3.0,3.0,2.0,3.0,0.2,0.5,50.0,7,0,20,63,16,20,116
35549,1.0,10.0,3.0,3.0,2.0,3.0,0.2,0.5,50.0,8,0,20,57,13,13,96
35549,1.0,10.0,3.0,3.0,2.0,3.0,0.2,0.5,50.0,9,0,16,50,10,8,80
35549,1.0,10.0,3.0,3.0,2.0,3.0,0.2,0.5,50.0,10,0,13,44,8,5,69
35549,1.0,10.0,3.0,3.0,2.0,3.0,0.2,0.5,50.0,11,0,8,36,6,2,52
35549,1.0,10.0,3.0,3.0,2.0,3.0,0.2,0.5,50.0,12,0,4,23,4,2,32
35549,1.0,10.0,3.0,3.0,2.0,3.0,0.2,0.5,50.0,13,0,4,13,3,2,21
35549,1.0,10.0,3.0,3.0,2.0,3.0,0.2,0.5,50.0,14,0,1,8,3,2,13
35549,1.0,10.0,3.0,3.0,2.0,3.0,0.2,0.5,50.0,15,0,1,4,2,2,7
35549,1.0,10.0,3.0,3.0,2.0,3.0,0.2,0.5,50.0,16,0,1,2,1,1,4
35549,1.0,10.0,3.0,3.0,2.0,3.0,0.2,0.5,50.0,17,0,0,0,1,1,1
35549,1.0,10.0,3.0,3.0,2.0,3.0,0.2,0.5,50.0,18,40.0,0,0,1,1,1
35549,1.0,10.0,3.0,3.0,2.0,3.0,0.2,0.5,50.0,19,20.0,0,0,1,1,1
35549,1.0,10.0,3.0,3.0,2.0,3.0,0.2,0.5,50.0,20,25.0,0,0,1,1,1
35549,1.0,10.0,3.0,3.0,2.0,3.0,0.2,0.5,50.0,21,0,0,0,1,0,1