Exp Num,agent:svo_convergence_factor,agent:params:metabolism,agent:params:consumption_factor,agent:params:procreate_cost_factor,agent:params:procreate_req_factor,agent:params:start_energy_factor,agent:params:caught_chance,agent:params:caught_cooldown_factor,agent:params:maximum_age,Epoch,Resource,A,B,C,D,E
39552,1.0,10.0,4.0,1.0,1.0,2.0,0.30000000000000004,0.1,30.0,0,3360.0,25,45,15,39,111
39552,1.0,10.0,4.0,1.0,1.0,2.0,0.30000000000000004,0.1,30.0,1,1200.0,24,54,33,51,144
39552,1.0,10.0,4.0,1.0,1.0,2.0,0.30000000000000004,0.1,30.0,2,0,29,67,60,73,189
39552,1.0,10.0,4.0,1.0,1.0,2.0,0.30000000000000004,0.1,30.0,3,0,31,79,66,54,197
39552,1.0,10.0,4.0,1.0,1.0,2.0,0.30000000000000004,0.1,30.0,4,0,24,76,59,43,168
39552,1.0,10.0,4.0,1.0,1.0,2.0,0.30000000000000004,0.1,30.0,5,0,22,65,49,30,140
39552,1.0,10.0,4.0,1.0,1.0,2.0,0.30000000000000004,0.1,30.0,6,0,19,59,40,21,120
39552,1.0,10.0,4.0,1.0,1.0,2.0,0.30000000000000004,0.1,30.0,7,0,12,37,34,12,84
39552,1.0,10.0,4.0,1.0,1.0,2.0,0.30000000000000004,0.1,30.0,8,0,6,30,23,7,59
39552,1.0,10.0,4.0,1.0,1.0,2.0,0.30000000000000004,0.1,30.0,9,0,3,21,19,6,43
39552,1.0,10.0,4.0,1.0,1.0,2.0,0.30000000000000004,0.1,30.0,10,0,2,17,11,4,30
39552,1.0,10.0,4.0,1.0,1.0,2.0,0.30000000000000004,0.1,30.0,11,0,0,11,11,3,22
39552,1.0,10.0,4.0,1.0,1.0,2.0,0.30000000000000004,0.1,30.0,12,0,0,8,9,0,17
39552,1.0,10.0,4.0,1.0,1.0,2.0,0.30000000000000004,0.1,30.0,13,0,0,5,8,0,13
39552,1.0,10.0,4.0,1.0,1.0,2.0,0.30000000000000004,0.1,30.0,14,0,0,4,4,0,8
39552,1.0,10.0,4.0,1.0,1.0,2.0,0.30000000000000004,0.1,30.0,15,0,0,1,5,0,6
39552,1.0,10.0,4.0,1.0,1.0,2.0,0.30000000000000004,0.1,30.0,16,0,0,1,4,0,5
39552,1.0,10.0,4.0,1.0,1.0,2.0,0.30000000000000004,0.1,30.0,17,0,0,0,2,0,2
39552,1.0,10.0,4.0,1.0,1.0,2.0,0.30000000000000004,0.1,30.0,18,0,0,0,1,0,1