Exp Num,agent:svo_convergence_factor,agent:params:metabolism,agent:params:consumption_factor,agent:params:procreate_cost_factor,agent:params:procreate_req_factor,agent:params:start_energy_factor,agent:params:caught_chance,agent:params:caught_cooldown_factor,agent:params:maximum_age,Epoch,Resource,A,B,C,D,E
30415,1.0,10.0,2.0,5.0,1.0,1.0,0.2,0.4,10.0,0,3000.0,19,26,11,26,74
30415,1.0,10.0,2.0,5.0,1.0,1.0,0.2,0.4,10.0,1,3090.0,19,26,11,26,74
30415,1.0,10.0,2.0,5.0,1.0,1.0,0.2,0.4,10.0,2,2682.5,15,23,10,25,63
30415,1.0,10.0,2.0,5.0,1.0,1.0,0.2,0.4,10.0,3,2693.125,18,21,10,25,64
30415,1.0,10.0,2.0,5.0,1.0,1.0,0.2,0.4,10.0,4,2306.40625,18,19,8,24,59
30415,1.0,10.0,2.0,5.0,1.0,1.0,0.2,0.4,10.0,5,2163.0078125,21,18,8,24,61
30415,1.0,10.0,2.0,5.0,1.0,1.0,0.2,0.4,10.0,6,1763.759765625,21,16,7,23,58
30415,1.0,10.0,2.0,5.0,1.0,1.0,0.2,0.4,10.0,7,1524.69970703125,20,18,7,22,59
30415,1.0,10.0,2.0,5.0,1.0,1.0,0.2,0.4,10.0,8,1045.8746337890625,19,18,7,21,58
30415,1.0,10.0,2.0,5.0,1.0,1.0,0.2,0.4,10.0,9,567.3432922363281,17,22,6,21,59
30415,1.0,10.0,2.0,5.0,1.0,1.0,0.2,0.4,10.0,10,129.17911529541016,16,20,4,11,48
30415,1.0,10.0,2.0,5.0,1.0,1.0,0.2,0.4,10.0,11,0,10,18,3,5,35
30415,1.0,10.0,2.0,5.0,1.0,1.0,0.2,0.4,10.0,12,0,9,15,1,1,26
30415,1.0,10.0,2.0,5.0,1.0,1.0,0.2,0.4,10.0,13,0,9,12,0,0,22
30415,1.0,10.0,2.0,5.0,1.0,1.0,0.2,0.4,10.0,14,0,8,12,0,0,20
30415,1.0,10.0,2.0,5.0,1.0,1.0,0.2,0.4,10.0,15,0,4,13,0,0,17
30415,1.0,10.0,2.0,5.0,1.0,1.0,0.2,0.4,10.0,16,0,3,10,0,0,13
30415,1.0,10.0,2.0,5.0,1.0,1.0,0.2,0.4,10.0,17,0,2,6,0,0,8
30415,1.0,10.0,2.0,5.0,1.0,1.0,0.2,0.4,10.0,18,0,1,4,0,0,5
30415,1.0,10.0,2.0,5.0,1.0,1.0,0.2,0.4,10.0,19,0,1,2,0,0,3
30415,1.0,10.0,2.0,5.0,1.0,1.0,0.2,0.4,10.0,20,0,0,2,0,0,2
30415,1.0,10.0,2.0,5.0,1.0,1.0,0.2,0.4,10.0,21,0,0,1,0,0,1