Exp Num,agent:svo_convergence_factor,agent:params:metabolism,agent:params:consumption_factor,agent:params:procreate_cost_factor,agent:params:procreate_req_factor,agent:params:start_energy_factor,agent:params:caught_chance,agent:params:caught_cooldown_factor,agent:params:maximum_age,Epoch,Resource,A,B,C,D,E
36764,1.0,10.0,3.0,5.0,3.0,1.0,0.1,0.30000000000000004,50.0,0,2000.0,13,32,8,27,73
36764,1.0,10.0,3.0,5.0,3.0,1.0,0.1,0.30000000000000004,50.0,1,970.0,13,32,8,27,73
36764,1.0,10.0,3.0,5.0,3.0,1.0,0.1,0.30000000000000004,50.0,2,0,13,32,8,27,73
36764,1.0,10.0,3.0,5.0,3.0,1.0,0.1,0.30000000000000004,50.0,3,0,12,27,8,17,59
36764,1.0,10.0,3.0,5.0,3.0,1.0,0.1,0.30000000000000004,50.0,4,0,12,26,8,14,55
36764,1.0,10.0,3.0,5.0,3.0,1.0,0.1,0.30000000000000004,50.0,5,0,12,26,8,14,55
36764,1.0,10.0,3.0,5.0,3.0,1.0,0.1,0.30000000000000004,50.0,6,0,10,17,5,8,38
36764,1.0,10.0,3.0,5.0,3.0,1.0,0.1,0.30000000000000004,50.0,7,0,9,14,3,4,29
36764,1.0,10.0,3.0,5.0,3.0,1.0,0.1,0.30000000000000004,50.0,8,0,9,11,2,2,23
36764,1.0,10.0,3.0,5.0,3.0,1.0,0.1,0.30000000000000004,50.0,9,0,9,7,0,2,17
36764,1.0,10.0,3.0,5.0,3.0,1.0,0.1,0.30000000000000004,50.0,10,0,6,5,0,2,11
36764,1.0,10.0,3.0,5.0,3.0,1.0,0.1,0.30000000000000004,50.0,11,0,3,4,0,1,7
36764,1.0,10.0,3.0,5.0,3.0,1.0,0.1,0.30000000000000004,50.0,12,0,2,2,0,1,4
36764,1.0,10.0,3.0,5.0,3.0,1.0,0.1,0.30000000000000004,50.0,13,40.0,1,1,0,1,2
36764,1.0,10.0,3.0,5.0,3.0,1.0,0.1,0.30000000000000004,50.0,14,20.0,1,1,0,1,2
36764,1.0,10.0,3.0,5.0,3.0,1.0,0.1,0.30000000000000004,50.0,15,0,1,1,0,1,2
36764,1.0,10.0,3.0,5.0,3.0,1.0,0.1,0.30000000000000004,50.0,16,0,1,1,0,0,2
36764,1.0,10.0,3.0,5.0,3.0,1.0,0.1,0.30000000000000004,50.0,17,0,1,1,0,0,2
36764,1.0,10.0,3.0,5.0,3.0,1.0,0.1,0.30000000000000004,50.0,18,0,0,1,0,0,1