Exp Num,agent:svo_convergence_factor,agent:params:metabolism,agent:params:consumption_factor,agent:params:procreate_cost_factor,agent:params:procreate_req_factor,agent:params:start_energy_factor,agent:params:caught_chance,agent:params:caught_cooldown_factor,agent:params:maximum_age,Epoch,Resource,A,B,C,D,E
33509,1.0,10.0,2.0,9.0,3.0,2.0,0.1,0.2,50.0,0,3520.0,18,19,12,29,71
33509,1.0,10.0,2.0,9.0,3.0,2.0,0.1,0.2,50.0,1,3140.0,18,18,12,29,70
33509,1.0,10.0,2.0,9.0,3.0,2.0,0.1,0.2,50.0,2,3105.0,18,18,12,29,70
33509,1.0,10.0,2.0,9.0,3.0,2.0,0.1,0.2,50.0,3,2621.25,17,16,12,29,65
33509,1.0,10.0,2.0,9.0,3.0,2.0,0.1,0.2,50.0,4,2716.5625,17,15,12,29,64
33509,1.0,10.0,2.0,9.0,3.0,2.0,0.1,0.2,50.0,5,2155.703125,14,15,12,28,61
33509,1.0,10.0,2.0,9.0,3.0,2.0,0.1,0.2,50.0,6,2074.62890625,14,15,12,28,61
33509,1.0,10.0,2.0,9.0,3.0,2.0,0.1,0.2,50.0,7,1573.2861328125,13,13,12,27,58
33509,1.0,10.0,2.0,9.0,3.0,2.0,0.1,0.2,50.0,8,1346.607666015625,12,13,12,27,57
33509,1.0,10.0,2.0,9.0,3.0,2.0,0.1,0.2,50.0,9,723.2595825195312,11,11,11,26,53
33509,1.0,10.0,2.0,9.0,3.0,2.0,0.1,0.2,50.0,10,344.07447814941406,10,10,11,26,51
33509,1.0,10.0,2.0,9.0,3.0,2.0,0.1,0.2,50.0,11,0,10,10,8,20,43
33509,1.0,10.0,2.0,9.0,3.0,2.0,0.1,0.2,50.0,12,0,9,9,8,16,33
33509,1.0,10.0,2.0,9.0,3.0,2.0,0.1,0.2,50.0,13,0,8,9,7,9,27
33509,1.0,10.0,2.0,9.0,3.0,2.0,0.1,0.2,50.0,14,0,8,9,6,4,24
33509,1.0,10.0,2.0,9.0,3.0,2.0,0.1,0.2,50.0,15,0,7,8,5,2,20
33509,1.0,10.0,2.0,9.0,3.0,2.0,0.1,0.2,50.0,16,0,7,7,2,1,16
33509,1.0,10.0,2.0,9.0,3.0,2.0,0.1,0.2,50.0,17,0,7,6,2,0,15
33509,1.0,10.0,2.0,9.0,3.0,2.0,0.1,0.2,50.0,18,0,6,6,1,0,13
33509,1.0,10.0,2.0,9.0,3.0,2.0,0.1,0.2,50.0,19,0,5,4,1,0,10
33509,1.0,10.0,2.0,9.0,3.0,2.0,0.1,0.2,50.0,20,0,5,2,1,0,8
33509,1.0,10.0,2.0,9.0,3.0,2.0,0.1,0.2,50.0,21,0,4,2,0,0,6
33509,1.0,10.0,2.0,9.0,3.0,2.0,0.1,0.2,50.0,22,40.0,4,1,0,0,5
33509,1.0,10.0,2.0,9.0,3.0,2.0,0.1,0.2,50.0,23,50.0,3,1,0,0,4
33509,1.0,10.0,2.0,9.0,3.0,2.0,0.1,0.2,50.0,24,22.5,3,1,0,0,4
33509,1.0,10.0,2.0,9.0,3.0,2.0,0.1,0.2,50.0,25,0,3,1,0,0,4
33509,1.0,10.0,2.0,9.0,3.0,2.0,0.1,0.2,50.0,26,0,3,1,0,0,4
33509,1.0,10.0,2.0,9.0,3.0,2.0,0.1,0.2,50.0,27,0,2,1,0,0,3
33509,1.0,10.0,2.0,9.0,3.0,2.0,0.1,0.2,50.0,28,0,1,1,0,0,2
33509,1.0,10.0,2.0,9.0,3.0,2.0,0.1,0.2,50.0,29,0,1,1,0,0,2
33509,1.0,10.0,2.0,9.0,3.0,2.0,0.1,0.2,50.0,30,0,1,0,0,0,1