Exp Num,agent:svo_convergence_factor,agent:params:metabolism,agent:params:consumption_factor,agent:params:procreate_cost_factor,agent:params:procreate_req_factor,agent:params:start_energy_factor,agent:params:caught_chance,agent:params:caught_cooldown_factor,agent:params:maximum_age,Epoch,Resource,A,B,C,D,E
38763,1.0,10.0,3.0,9.0,2.0,2.0,0.1,0.30000000000000004,40.0,0,3770.0,14,28,11,35,65
38763,1.0,10.0,3.0,9.0,2.0,2.0,0.1,0.30000000000000004,40.0,1,2222.5,14,27,11,35,64
38763,1.0,10.0,3.0,9.0,2.0,2.0,0.1,0.30000000000000004,40.0,2,1458.125,14,27,11,35,64
38763,1.0,10.0,3.0,9.0,2.0,2.0,0.1,0.30000000000000004,40.0,3,802.65625,14,27,11,35,64
38763,1.0,10.0,3.0,9.0,2.0,2.0,0.1,0.30000000000000004,40.0,4,0,13,26,9,32,54
38763,1.0,10.0,3.0,9.0,2.0,2.0,0.1,0.30000000000000004,40.0,5,0,13,26,9,27,53
38763,1.0,10.0,3.0,9.0,2.0,2.0,0.1,0.30000000000000004,40.0,6,0,13,26,9,27,53
38763,1.0,10.0,3.0,9.0,2.0,2.0,0.1,0.30000000000000004,40.0,7,0,12,22,9,13,44
38763,1.0,10.0,3.0,9.0,2.0,2.0,0.1,0.30000000000000004,40.0,8,0,9,21,7,5,38
38763,1.0,10.0,3.0,9.0,2.0,2.0,0.1,0.30000000000000004,40.0,9,0,9,21,7,4,37
38763,1.0,10.0,3.0,9.0,2.0,2.0,0.1,0.30000000000000004,40.0,10,0,8,16,5,3,29
38763,1.0,10.0,3.0,9.0,2.0,2.0,0.1,0.30000000000000004,40.0,11,0,8,10,4,1,22
38763,1.0,10.0,3.0,9.0,2.0,2.0,0.1,0.30000000000000004,40.0,12,0,6,8,4,0,18
38763,1.0,10.0,3.0,9.0,2.0,2.0,0.1,0.30000000000000004,40.0,13,0,6,4,3,0,13
38763,1.0,10.0,3.0,9.0,2.0,2.0,0.1,0.30000000000000004,40.0,14,0,5,2,2,0,9
38763,1.0,10.0,3.0,9.0,2.0,2.0,0.1,0.30000000000000004,40.0,15,0,5,2,0,0,7
38763,1.0,10.0,3.0,9.0,2.0,2.0,0.1,0.30000000000000004,40.0,16,0,5,1,0,0,6
38763,1.0,10.0,3.0,9.0,2.0,2.0,0.1,0.30000000000000004,40.0,17,0,5,0,0,0,5
38763,1.0,10.0,3.0,9.0,2.0,2.0,0.1,0.30000000000000004,40.0,18,0,4,0,0,0,4
38763,1.0,10.0,3.0,9.0,2.0,2.0,0.1,0.30000000000000004,40.0,19,0,3,0,0,0,3
38763,1.0,10.0,3.0,9.0,2.0,2.0,0.1,0.30000000000000004,40.0,20,0,2,0,0,0,2
38763,1.0,10.0,3.0,9.0,2.0,2.0,0.1,0.30000000000000004,40.0,21,0,2,0,0,0,2
38763,1.0,10.0,3.0,9.0,2.0,2.0,0.1,0.30000000000000004,40.0,22,0,1,0,0,0,1