Exp Num,agent:svo_convergence_factor,agent:params:metabolism,agent:params:consumption_factor,agent:params:procreate_cost_factor,agent:params:procreate_req_factor,agent:params:start_energy_factor,agent:params:caught_chance,agent:params:caught_cooldown_factor,agent:params:maximum_age,Epoch,Resource,A,B,C,D,E
35312,1.0,10.0,3.0,3.0,2.0,1.0,0.30000000000000004,0.30000000000000004,30.0,0,2000.0,17,21,18,26,74
35312,1.0,10.0,3.0,3.0,2.0,1.0,0.30000000000000004,0.30000000000000004,30.0,1,1240.0,17,21,18,26,74
35312,1.0,10.0,3.0,3.0,2.0,1.0,0.30000000000000004,0.30000000000000004,30.0,2,830.0,20,23,19,27,80
35312,1.0,10.0,3.0,3.0,2.0,1.0,0.30000000000000004,0.30000000000000004,30.0,3,0,21,19,17,21,72
35312,1.0,10.0,3.0,3.0,2.0,1.0,0.30000000000000004,0.30000000000000004,30.0,4,0,18,19,17,20,66
35312,1.0,10.0,3.0,3.0,2.0,1.0,0.30000000000000004,0.30000000000000004,30.0,5,0,18,19,17,20,66
35312,1.0,10.0,3.0,3.0,2.0,1.0,0.30000000000000004,0.30000000000000004,30.0,6,0,11,12,12,12,39
35312,1.0,10.0,3.0,3.0,2.0,1.0,0.30000000000000004,0.30000000000000004,30.0,7,0,10,9,7,5,28
35312,1.0,10.0,3.0,3.0,2.0,1.0,0.30000000000000004,0.30000000000000004,30.0,8,0,8,7,4,3,19
35312,1.0,10.0,3.0,3.0,2.0,1.0,0.30000000000000004,0.30000000000000004,30.0,9,0,5,3,1,2,9
35312,1.0,10.0,3.0,3.0,2.0,1.0,0.30000000000000004,0.30000000000000004,30.0,10,0,4,2,1,0,7
35312,1.0,10.0,3.0,3.0,2.0,1.0,0.30000000000000004,0.30000000000000004,30.0,11,0,3,1,0,0,4
35312,1.0,10.0,3.0,3.0,2.0,1.0,0.30000000000000004,0.30000000000000004,30.0,12,0,2,1,0,0,3
35312,1.0,10.0,3.0,3.0,2.0,1.0,0.30000000000000004,0.30000000000000004,30.0,13,0,1,0,0,0,1