Exp Num,agent:svo_convergence_factor,agent:params:metabolism,agent:params:consumption_factor,agent:params:procreate_cost_factor,agent:params:procreate_req_factor,agent:params:start_energy_factor,agent:params:caught_chance,agent:params:caught_cooldown_factor,agent:params:maximum_age,Epoch,Resource,A,B,C,D,E
31220,1.0,10.0,2.0,5.0,3.0,1.0,0.4,0.5,10.0,0,3000.0,19,27,13,25,75
31220,1.0,10.0,2.0,5.0,3.0,1.0,0.4,0.5,10.0,1,3190.0,19,27,13,25,75
31220,1.0,10.0,2.0,5.0,3.0,1.0,0.4,0.5,10.0,2,3007.5,12,19,13,22,59
31220,1.0,10.0,2.0,5.0,3.0,1.0,0.4,0.5,10.0,3,3259.375,10,19,13,22,57
31220,1.0,10.0,2.0,5.0,3.0,1.0,0.4,0.5,10.0,4,3354.21875,9,16,10,18,50
31220,1.0,10.0,2.0,5.0,3.0,1.0,0.4,0.5,10.0,5,3692.7734375,7,16,10,18,48
31220,1.0,10.0,2.0,5.0,3.0,1.0,0.4,0.5,10.0,6,3735.966796875,6,11,9,18,40
31220,1.0,10.0,2.0,5.0,3.0,1.0,0.4,0.5,10.0,7,3689.95849609375,5,10,9,18,38
31220,1.0,10.0,2.0,5.0,3.0,1.0,0.4,0.5,10.0,8,3672.4481201171875,4,8,8,18,34
31220,1.0,10.0,2.0,5.0,3.0,1.0,0.4,0.5,10.0,9,3590.5601501464844,3,8,8,18,33
31220,1.0,10.0,2.0,5.0,3.0,1.0,0.4,0.5,10.0,10,3828.2001876831055,3,5,3,11,22
31220,1.0,10.0,2.0,5.0,3.0,1.0,0.4,0.5,10.0,11,4345.250234603882,2,2,3,6,16
31220,1.0,10.0,2.0,5.0,3.0,1.0,0.4,0.5,10.0,12,5151.562793254852,1,1,1,5,9
31220,1.0,10.0,2.0,5.0,3.0,1.0,0.4,0.5,10.0,13,6259.453491568565,1,1,1,4,5
31220,1.0,10.0,2.0,5.0,3.0,1.0,0.4,0.5,10.0,14,7724.316864460707,1,0,1,1,4
31220,1.0,10.0,2.0,5.0,3.0,1.0,0.4,0.5,10.0,15,9595.396080575883,1,0,0,1,2
31220,1.0,10.0,2.0,5.0,3.0,1.0,0.4,0.5,10.0,16,9960.0,0,0,0,0,1