Exp Num,agent:svo_convergence_factor,agent:params:metabolism,agent:params:consumption_factor,agent:params:procreate_cost_factor,agent:params:procreate_req_factor,agent:params:start_energy_factor,agent:params:caught_chance,agent:params:caught_cooldown_factor,agent:params:maximum_age,Epoch,Resource,A,B,C,D,E
34425,1.0,10.0,3.0,1.0,2.0,3.0,0.30000000000000004,0.1,10.0,0,3920.0,13,50,27,43,107
34425,1.0,10.0,3.0,1.0,2.0,3.0,0.30000000000000004,0.1,10.0,1,2710.0,11,62,43,49,133
34425,1.0,10.0,3.0,1.0,2.0,3.0,0.30000000000000004,0.1,10.0,2,1347.5,12,77,60,52,166
34425,1.0,10.0,3.0,1.0,2.0,3.0,0.30000000000000004,0.1,10.0,3,0,11,83,71,45,176
34425,1.0,10.0,3.0,1.0,2.0,3.0,0.30000000000000004,0.1,10.0,4,0,10,71,56,31,145
34425,1.0,10.0,3.0,1.0,2.0,3.0,0.30000000000000004,0.1,10.0,5,0,7,49,31,16,93
34425,1.0,10.0,3.0,1.0,2.0,3.0,0.30000000000000004,0.1,10.0,6,0,3,34,16,9,56
34425,1.0,10.0,3.0,1.0,2.0,3.0,0.30000000000000004,0.1,10.0,7,0,3,20,8,4,32
34425,1.0,10.0,3.0,1.0,2.0,3.0,0.30000000000000004,0.1,10.0,8,0,2,11,5,0,19
34425,1.0,10.0,3.0,1.0,2.0,3.0,0.30000000000000004,0.1,10.0,9,0,1,5,4,0,11
34425,1.0,10.0,3.0,1.0,2.0,3.0,0.30000000000000004,0.1,10.0,10,0,0,2,3,0,6
34425,1.0,10.0,3.0,1.0,2.0,3.0,0.30000000000000004,0.1,10.0,11,0,0,1,1,0,3
34425,1.0,10.0,3.0,1.0,2.0,3.0,0.30000000000000004,0.1,10.0,12,0,0,1,0,0,2
34425,1.0,10.0,3.0,1.0,2.0,3.0,0.30000000000000004,0.1,10.0,13,0,0,1,0,0,1