Exp Num,agent:svo_convergence_factor,agent:params:metabolism,agent:params:consumption_factor,agent:params:procreate_cost_factor,agent:params:procreate_req_factor,agent:params:start_energy_factor,agent:params:caught_chance,agent:params:caught_cooldown_factor,agent:params:maximum_age,Epoch,Resource,A,B,C,D,E
32661,1.0,10.0,2.0,9.0,1.0,1.0,0.2,0.30000000000000004,20.0,0,3000.0,15,27,14,26,74
32661,1.0,10.0,2.0,9.0,1.0,1.0,0.2,0.30000000000000004,20.0,1,2830.0,15,27,14,26,74
32661,1.0,10.0,2.0,9.0,1.0,1.0,0.2,0.30000000000000004,20.0,2,2257.5,13,25,13,25,69
32661,1.0,10.0,2.0,9.0,1.0,1.0,0.2,0.30000000000000004,20.0,3,2021.875,13,25,13,25,69
32661,1.0,10.0,2.0,9.0,1.0,1.0,0.2,0.30000000000000004,20.0,4,1487.34375,10,23,10,23,61
32661,1.0,10.0,2.0,9.0,1.0,1.0,0.2,0.30000000000000004,20.0,5,1199.1796875,9,23,9,23,59
32661,1.0,10.0,2.0,9.0,1.0,1.0,0.2,0.30000000000000004,20.0,6,798.974609375,9,19,6,22,51
32661,1.0,10.0,2.0,9.0,1.0,1.0,0.2,0.30000000000000004,20.0,7,538.71826171875,10,18,6,22,51
32661,1.0,10.0,2.0,9.0,1.0,1.0,0.2,0.30000000000000004,20.0,8,0,10,16,6,19,49
32661,1.0,10.0,2.0,9.0,1.0,1.0,0.2,0.30000000000000004,20.0,9,0,9,15,5,15,42
32661,1.0,10.0,2.0,9.0,1.0,1.0,0.2,0.30000000000000004,20.0,10,0,6,11,4,11,25
32661,1.0,10.0,2.0,9.0,1.0,1.0,0.2,0.30000000000000004,20.0,11,0,6,9,0,7,18
32661,1.0,10.0,2.0,9.0,1.0,1.0,0.2,0.30000000000000004,20.0,12,0,4,8,0,2,13
32661,1.0,10.0,2.0,9.0,1.0,1.0,0.2,0.30000000000000004,20.0,13,0,4,7,0,0,12
32661,1.0,10.0,2.0,9.0,1.0,1.0,0.2,0.30000000000000004,20.0,14,0,3,4,0,0,8
32661,1.0,10.0,2.0,9.0,1.0,1.0,0.2,0.30000000000000004,20.0,15,0,3,3,0,0,7
32661,1.0,10.0,2.0,9.0,1.0,1.0,0.2,0.30000000000000004,20.0,16,0,2,2,0,0,4
32661,1.0,10.0,2.0,9.0,1.0,1.0,0.2,0.30000000000000004,20.0,17,0,2,2,0,0,4
32661,1.0,10.0,2.0,9.0,1.0,1.0,0.2,0.30000000000000004,20.0,18,0,1,2,0,0,3
32661,1.0,10.0,2.0,9.0,1.0,1.0,0.2,0.30000000000000004,20.0,19,80.0,1,2,0,0,3
32661,1.0,10.0,2.0,9.0,1.0,1.0,0.2,0.30000000000000004,20.0,20,100.0,0,2,0,0,2
32661,1.0,10.0,2.0,9.0,1.0,1.0,0.2,0.30000000000000004,20.0,21,105.0,0,2,0,0,2
32661,1.0,10.0,2.0,9.0,1.0,1.0,0.2,0.30000000000000004,20.0,22,111.25,0,2,0,0,2
32661,1.0,10.0,2.0,9.0,1.0,1.0,0.2,0.30000000000000004,20.0,23,119.0625,0,2,0,0,2
32661,1.0,10.0,2.0,9.0,1.0,1.0,0.2,0.30000000000000004,20.0,24,128.828125,0,1,0,0,1