Exp Num,agent:svo_convergence_factor,agent:params:metabolism,agent:params:consumption_factor,agent:params:procreate_cost_factor,agent:params:procreate_req_factor,agent:params:start_energy_factor,agent:params:caught_chance,agent:params:caught_cooldown_factor,agent:params:maximum_age,Epoch,Resource,A,B,C,D,E
30547,1.0,10.0,2.0,5.0,1.0,2.0,0.2,0.5,30.0,0,3660.0,15,34,13,21,79
30547,1.0,10.0,2.0,5.0,1.0,2.0,0.2,0.5,30.0,1,3315.0,14,31,11,19,73
30547,1.0,10.0,2.0,5.0,1.0,2.0,0.2,0.5,30.0,2,3423.75,16,35,12,21,80
30547,1.0,10.0,2.0,5.0,1.0,2.0,0.2,0.5,30.0,3,3059.6875,18,35,12,18,82
30547,1.0,10.0,2.0,5.0,1.0,2.0,0.2,0.5,30.0,4,2924.609375,19,37,12,18,85
30547,1.0,10.0,2.0,5.0,1.0,2.0,0.2,0.5,30.0,5,2555.76171875,17,38,11,18,83
30547,1.0,10.0,2.0,5.0,1.0,2.0,0.2,0.5,30.0,6,2334.7021484375,15,42,11,18,85
30547,1.0,10.0,2.0,5.0,1.0,2.0,0.2,0.5,30.0,7,1878.377685546875,15,47,10,17,88
30547,1.0,10.0,2.0,5.0,1.0,2.0,0.2,0.5,30.0,8,1447.9721069335938,15,51,8,15,90
30547,1.0,10.0,2.0,5.0,1.0,2.0,0.2,0.5,30.0,9,709.9651336669922,14,54,8,15,92
30547,1.0,10.0,2.0,5.0,1.0,2.0,0.2,0.5,30.0,10,0,13,57,7,12,93
30547,1.0,10.0,2.0,5.0,1.0,2.0,0.2,0.5,30.0,11,0,10,51,4,8,74
30547,1.0,10.0,2.0,5.0,1.0,2.0,0.2,0.5,30.0,12,0,6,39,4,5,54
30547,1.0,10.0,2.0,5.0,1.0,2.0,0.2,0.5,30.0,13,0,4,30,3,3,40
30547,1.0,10.0,2.0,5.0,1.0,2.0,0.2,0.5,30.0,14,0,3,25,3,1,32
30547,1.0,10.0,2.0,5.0,1.0,2.0,0.2,0.5,30.0,15,0,2,20,0,1,23
30547,1.0,10.0,2.0,5.0,1.0,2.0,0.2,0.5,30.0,16,0,1,16,0,0,17
30547,1.0,10.0,2.0,5.0,1.0,2.0,0.2,0.5,30.0,17,0,0,11,0,0,11
30547,1.0,10.0,2.0,5.0,1.0,2.0,0.2,0.5,30.0,18,0,0,9,0,0,9
30547,1.0,10.0,2.0,5.0,1.0,2.0,0.2,0.5,30.0,19,0,0,6,0,0,6
30547,1.0,10.0,2.0,5.0,1.0,2.0,0.2,0.5,30.0,20,0,0,4,0,0,4
30547,1.0,10.0,2.0,5.0,1.0,2.0,0.2,0.5,30.0,21,40.0,0,4,0,0,4
30547,1.0,10.0,2.0,5.0,1.0,2.0,0.2,0.5,30.0,22,30.0,0,3,0,0,3
30547,1.0,10.0,2.0,5.0,1.0,2.0,0.2,0.5,30.0,23,0,0,3,0,0,3
30547,1.0,10.0,2.0,5.0,1.0,2.0,0.2,0.5,30.0,24,0,0,3,0,0,3
30547,1.0,10.0,2.0,5.0,1.0,2.0,0.2,0.5,30.0,25,0,0,2,0,0,2
30547,1.0,10.0,2.0,5.0,1.0,2.0,0.2,0.5,30.0,26,0,0,1,0,0,1