Exp Num,agent:svo_convergence_factor,agent:params:metabolism,agent:params:consumption_factor,agent:params:procreate_cost_factor,agent:params:procreate_req_factor,agent:params:start_energy_factor,agent:params:caught_chance,agent:params:caught_cooldown_factor,agent:params:maximum_age,Epoch,Resource,A,B,C,D,E
38685,1.0,10.0,3.0,9.0,2.0,1.0,0.30000000000000004,0.30000000000000004,10.0,0,2000.0,14,33,11,21,79
38685,1.0,10.0,3.0,9.0,2.0,1.0,0.30000000000000004,0.30000000000000004,10.0,1,1390.0,14,33,11,21,79
38685,1.0,10.0,3.0,9.0,2.0,1.0,0.30000000000000004,0.30000000000000004,10.0,2,927.5,14,33,11,21,79
38685,1.0,10.0,3.0,9.0,2.0,1.0,0.30000000000000004,0.30000000000000004,10.0,3,79.375,12,26,8,17,66
38685,1.0,10.0,3.0,9.0,2.0,1.0,0.30000000000000004,0.30000000000000004,10.0,4,0,10,25,6,16,59
38685,1.0,10.0,3.0,9.0,2.0,1.0,0.30000000000000004,0.30000000000000004,10.0,5,0,10,24,6,15,58
38685,1.0,10.0,3.0,9.0,2.0,1.0,0.30000000000000004,0.30000000000000004,10.0,6,0,7,17,6,9,38
38685,1.0,10.0,3.0,9.0,2.0,1.0,0.30000000000000004,0.30000000000000004,10.0,7,0,6,15,2,8,27
38685,1.0,10.0,3.0,9.0,2.0,1.0,0.30000000000000004,0.30000000000000004,10.0,8,0,6,12,1,6,21
38685,1.0,10.0,3.0,9.0,2.0,1.0,0.30000000000000004,0.30000000000000004,10.0,9,0,4,10,1,5,17
38685,1.0,10.0,3.0,9.0,2.0,1.0,0.30000000000000004,0.30000000000000004,10.0,10,0,2,6,1,2,10
38685,1.0,10.0,3.0,9.0,2.0,1.0,0.30000000000000004,0.30000000000000004,10.0,11,0,2,5,1,1,8
38685,1.0,10.0,3.0,9.0,2.0,1.0,0.30000000000000004,0.30000000000000004,10.0,12,0,0,3,1,1,4
38685,1.0,10.0,3.0,9.0,2.0,1.0,0.30000000000000004,0.30000000000000004,10.0,13,0,0,1,0,1,1
38685,1.0,10.0,3.0,9.0,2.0,1.0,0.30000000000000004,0.30000000000000004,10.0,14,0,0,1,0,0,1