Exp Num,agent:svo_convergence_factor,agent:params:metabolism,agent:params:consumption_factor,agent:params:procreate_cost_factor,agent:params:procreate_req_factor,agent:params:start_energy_factor,agent:params:caught_chance,agent:params:caught_cooldown_factor,agent:params:maximum_age,Epoch,Resource,A,B,C,D,E
39260,1.0,10.0,3.0,9.0,3.0,3.0,0.1,0.30000000000000004,10.0,0,3740.0,18,29,14,21,79
39260,1.0,10.0,3.0,9.0,3.0,3.0,0.1,0.30000000000000004,10.0,1,3445.0,18,29,14,21,79
39260,1.0,10.0,3.0,9.0,3.0,3.0,0.1,0.30000000000000004,10.0,2,2686.25,16,27,13,20,72
39260,1.0,10.0,3.0,9.0,3.0,3.0,0.1,0.30000000000000004,10.0,3,2337.8125,15,26,13,20,70
39260,1.0,10.0,3.0,9.0,3.0,3.0,0.1,0.30000000000000004,10.0,4,1962.265625,15,26,13,20,70
39260,1.0,10.0,3.0,9.0,3.0,3.0,0.1,0.30000000000000004,10.0,5,1282.83203125,12,22,12,19,61
39260,1.0,10.0,3.0,9.0,3.0,3.0,0.1,0.30000000000000004,10.0,6,613.5400390625,12,22,12,18,61
39260,1.0,10.0,3.0,9.0,3.0,3.0,0.1,0.30000000000000004,10.0,7,0,12,22,12,18,61
39260,1.0,10.0,3.0,9.0,3.0,3.0,0.1,0.30000000000000004,10.0,8,0,12,21,9,9,50
39260,1.0,10.0,3.0,9.0,3.0,3.0,0.1,0.30000000000000004,10.0,9,0,12,21,8,9,42
39260,1.0,10.0,3.0,9.0,3.0,3.0,0.1,0.30000000000000004,10.0,10,0,8,16,5,5,30
39260,1.0,10.0,3.0,9.0,3.0,3.0,0.1,0.30000000000000004,10.0,11,0,5,7,5,2,18
39260,1.0,10.0,3.0,9.0,3.0,3.0,0.1,0.30000000000000004,10.0,12,0,4,3,1,2,9
39260,1.0,10.0,3.0,9.0,3.0,3.0,0.1,0.30000000000000004,10.0,13,0,2,3,0,0,6
39260,1.0,10.0,3.0,9.0,3.0,3.0,0.1,0.30000000000000004,10.0,14,0,1,1,0,0,3
39260,1.0,10.0,3.0,9.0,3.0,3.0,0.1,0.30000000000000004,10.0,15,0,0,1,0,0,1