Exp Num,agent:svo_convergence_factor,agent:params:metabolism,agent:params:consumption_factor,agent:params:procreate_cost_factor,agent:params:procreate_req_factor,agent:params:start_energy_factor,agent:params:caught_chance,agent:params:caught_cooldown_factor,agent:params:maximum_age,Epoch,Resource,A,B,C,D,E
33170,1.0,10.0,2.0,9.0,2.0,2.0,0.2,0.5,10.0,0,3540.0,20,25,14,22,78
33170,1.0,10.0,2.0,9.0,2.0,2.0,0.2,0.5,10.0,1,3165.0,18,23,13,22,73
33170,1.0,10.0,2.0,9.0,2.0,2.0,0.2,0.5,10.0,2,3076.25,18,23,13,22,73
33170,1.0,10.0,2.0,9.0,2.0,2.0,0.2,0.5,10.0,3,2945.3125,17,19,13,21,67
33170,1.0,10.0,2.0,9.0,2.0,2.0,0.2,0.5,10.0,4,3161.640625,17,19,13,21,67
33170,1.0,10.0,2.0,9.0,2.0,2.0,0.2,0.5,10.0,5,3132.05078125,15,15,11,20,59
33170,1.0,10.0,2.0,9.0,2.0,2.0,0.2,0.5,10.0,6,3455.0634765625,15,15,11,18,59
33170,1.0,10.0,2.0,9.0,2.0,2.0,0.2,0.5,10.0,7,3678.829345703125,11,12,10,17,50
33170,1.0,10.0,2.0,9.0,2.0,2.0,0.2,0.5,10.0,8,3678.5366821289062,8,11,10,16,46
33170,1.0,10.0,2.0,9.0,2.0,2.0,0.2,0.5,10.0,9,3638.170852661133,6,10,10,15,43
33170,1.0,10.0,2.0,9.0,2.0,2.0,0.2,0.5,10.0,10,3867.713565826416,5,7,7,6,30
33170,1.0,10.0,2.0,9.0,2.0,2.0,0.2,0.5,10.0,11,4474.64195728302,2,6,5,3,19
33170,1.0,10.0,2.0,9.0,2.0,2.0,0.2,0.5,10.0,12,5393.302446603775,0,3,3,1,12
33170,1.0,10.0,2.0,9.0,2.0,2.0,0.2,0.5,10.0,13,6581.628058254719,0,1,3,1,7
33170,1.0,10.0,2.0,9.0,2.0,2.0,0.2,0.5,10.0,14,8127.0350728183985,0,1,1,1,3
33170,1.0,10.0,2.0,9.0,2.0,2.0,0.2,0.5,10.0,15,9940.0,0,0,0,1,1
33170,1.0,10.0,2.0,9.0,2.0,2.0,0.2,0.5,10.0,16,9980.0,0,0,0,1,0