Exp Num,agent:svo_convergence_factor,agent:params:metabolism,agent:params:consumption_factor,agent:params:procreate_cost_factor,agent:params:procreate_req_factor,agent:params:start_energy_factor,agent:params:caught_chance,agent:params:caught_cooldown_factor,agent:params:maximum_age,Epoch,Resource,A,B,C,D,E
37197,1.0,10.0,3.0,7.0,1.0,1.0,0.30000000000000004,0.5,30.0,0,2000.0,23,20,9,27,73
37197,1.0,10.0,3.0,7.0,1.0,1.0,0.30000000000000004,0.5,30.0,1,1690.0,23,20,9,27,73
37197,1.0,10.0,3.0,7.0,1.0,1.0,0.30000000000000004,0.5,30.0,2,1362.5,27,22,10,27,80
37197,1.0,10.0,3.0,7.0,1.0,1.0,0.30000000000000004,0.5,30.0,3,383.125,21,17,7,23,65
37197,1.0,10.0,3.0,7.0,1.0,1.0,0.30000000000000004,0.5,30.0,4,0,16,17,6,21,58
37197,1.0,10.0,3.0,7.0,1.0,1.0,0.30000000000000004,0.5,30.0,5,0,16,16,5,21,56
37197,1.0,10.0,3.0,7.0,1.0,1.0,0.30000000000000004,0.5,30.0,6,0,13,13,4,14,39
37197,1.0,10.0,3.0,7.0,1.0,1.0,0.30000000000000004,0.5,30.0,7,0,10,13,1,10,27
37197,1.0,10.0,3.0,7.0,1.0,1.0,0.30000000000000004,0.5,30.0,8,0,7,11,1,7,20
37197,1.0,10.0,3.0,7.0,1.0,1.0,0.30000000000000004,0.5,30.0,9,0,7,10,1,3,19
37197,1.0,10.0,3.0,7.0,1.0,1.0,0.30000000000000004,0.5,30.0,10,0,5,9,1,2,15
37197,1.0,10.0,3.0,7.0,1.0,1.0,0.30000000000000004,0.5,30.0,11,0,3,7,1,1,11
37197,1.0,10.0,3.0,7.0,1.0,1.0,0.30000000000000004,0.5,30.0,12,0,2,5,1,0,8
37197,1.0,10.0,3.0,7.0,1.0,1.0,0.30000000000000004,0.5,30.0,13,0,1,3,1,0,5
37197,1.0,10.0,3.0,7.0,1.0,1.0,0.30000000000000004,0.5,30.0,14,0,1,3,1,0,5
37197,1.0,10.0,3.0,7.0,1.0,1.0,0.30000000000000004,0.5,30.0,15,100,1,2,0,0,3
37197,1.0,10.0,3.0,7.0,1.0,1.0,0.30000000000000004,0.5,30.0,16,125.0,1,1,0,0,2
37197,1.0,10.0,3.0,7.0,1.0,1.0,0.30000000000000004,0.5,30.0,17,126.25,1,1,0,0,2
37197,1.0,10.0,3.0,7.0,1.0,1.0,0.30000000000000004,0.5,30.0,18,127.8125,1,1,0,0,2
37197,1.0,10.0,3.0,7.0,1.0,1.0,0.30000000000000004,0.5,30.0,19,159.765625,1,1,0,0,2
37197,1.0,10.0,3.0,7.0,1.0,1.0,0.30000000000000004,0.5,30.0,20,169.70703125,1,1,0,0,2
37197,1.0,10.0,3.0,7.0,1.0,1.0,0.30000000000000004,0.5,30.0,21,182.1337890625,1,1,0,0,2
37197,1.0,10.0,3.0,7.0,1.0,1.0,0.30000000000000004,0.5,30.0,22,197.667236328125,1,1,0,0,2
37197,1.0,10.0,3.0,7.0,1.0,1.0,0.30000000000000004,0.5,30.0,23,217.08404541015625,1,1,0,0,2
37197,1.0,10.0,3.0,7.0,1.0,1.0,0.30000000000000004,0.5,30.0,24,241.3550567626953,1,0,0,0,1