Exp Num,agent:svo_convergence_factor,agent:params:metabolism,agent:params:consumption_factor,agent:params:procreate_cost_factor,agent:params:procreate_req_factor,agent:params:start_energy_factor,agent:params:caught_chance,agent:params:caught_cooldown_factor,agent:params:maximum_age,Epoch,Resource,A,B,C,D,E
32285,1.0,10.0,2.0,7.0,3.0,1.0,0.2,0.30000000000000004,10.0,0,3000.0,15,26,12,32,68
32285,1.0,10.0,2.0,7.0,3.0,1.0,0.2,0.30000000000000004,10.0,1,2950.0,15,26,12,32,68
32285,1.0,10.0,2.0,7.0,3.0,1.0,0.2,0.30000000000000004,10.0,2,2207.5,15,24,11,30,63
32285,1.0,10.0,2.0,7.0,3.0,1.0,0.2,0.30000000000000004,10.0,3,2039.375,15,24,11,30,63
32285,1.0,10.0,2.0,7.0,3.0,1.0,0.2,0.30000000000000004,10.0,4,1529.21875,13,16,11,29,53
32285,1.0,10.0,2.0,7.0,3.0,1.0,0.2,0.30000000000000004,10.0,5,1191.5234375,13,15,11,28,52
32285,1.0,10.0,2.0,7.0,3.0,1.0,0.2,0.30000000000000004,10.0,6,689.404296875,11,13,9,26,46
32285,1.0,10.0,2.0,7.0,3.0,1.0,0.2,0.30000000000000004,10.0,7,221.75537109375,11,12,8,26,44
32285,1.0,10.0,2.0,7.0,3.0,1.0,0.2,0.30000000000000004,10.0,8,0,11,11,6,18,40
32285,1.0,10.0,2.0,7.0,3.0,1.0,0.2,0.30000000000000004,10.0,9,0,11,11,6,13,34
32285,1.0,10.0,2.0,7.0,3.0,1.0,0.2,0.30000000000000004,10.0,10,0,10,8,3,5,24
32285,1.0,10.0,2.0,7.0,3.0,1.0,0.2,0.30000000000000004,10.0,11,0,7,7,2,2,17
32285,1.0,10.0,2.0,7.0,3.0,1.0,0.2,0.30000000000000004,10.0,12,0,4,5,1,1,11
32285,1.0,10.0,2.0,7.0,3.0,1.0,0.2,0.30000000000000004,10.0,13,0,2,2,1,0,6
32285,1.0,10.0,2.0,7.0,3.0,1.0,0.2,0.30000000000000004,10.0,14,0,1,1,0,0,3
32285,1.0,10.0,2.0,7.0,3.0,1.0,0.2,0.30000000000000004,10.0,15,0,1,0,0,0,2
32285,1.0,10.0,2.0,7.0,3.0,1.0,0.2,0.30000000000000004,10.0,16,0,1,0,0,0,1