Exp Num,agent:svo_convergence_factor,agent:params:metabolism,agent:params:consumption_factor,agent:params:procreate_cost_factor,agent:params:procreate_req_factor,agent:params:start_energy_factor,agent:params:caught_chance,agent:params:caught_cooldown_factor,agent:params:maximum_age,Epoch,Resource,A,B,C,D,E
37247,1.0,10.0,3.0,7.0,1.0,1.0,0.5,0.5,30.0,0,2000.0,7,29,17,30,70
37247,1.0,10.0,3.0,7.0,1.0,1.0,0.5,0.5,30.0,1,1840.0,7,29,17,30,70
37247,1.0,10.0,3.0,7.0,1.0,1.0,0.5,0.5,30.0,2,1880.0,7,31,17,31,72
37247,1.0,10.0,3.0,7.0,1.0,1.0,0.5,0.5,30.0,3,1270.0,4,23,10,26,51
37247,1.0,10.0,3.0,7.0,1.0,1.0,0.5,0.5,30.0,4,957.5,4,20,8,26,46
37247,1.0,10.0,3.0,7.0,1.0,1.0,0.5,0.5,30.0,5,866.875,3,20,10,25,47
37247,1.0,10.0,3.0,7.0,1.0,1.0,0.5,0.5,30.0,6,213.59375,3,20,11,21,47
37247,1.0,10.0,3.0,7.0,1.0,1.0,0.5,0.5,30.0,7,0,1,18,10,20,36
37247,1.0,10.0,3.0,7.0,1.0,1.0,0.5,0.5,30.0,8,0,1,14,8,20,29
37247,1.0,10.0,3.0,7.0,1.0,1.0,0.5,0.5,30.0,9,0,1,11,9,15,23
37247,1.0,10.0,3.0,7.0,1.0,1.0,0.5,0.5,30.0,10,0,1,10,5,10,16
37247,1.0,10.0,3.0,7.0,1.0,1.0,0.5,0.5,30.0,11,0,1,8,5,6,14
37247,1.0,10.0,3.0,7.0,1.0,1.0,0.5,0.5,30.0,12,0,1,5,4,5,10
37247,1.0,10.0,3.0,7.0,1.0,1.0,0.5,0.5,30.0,13,0,1,3,4,4,8
37247,1.0,10.0,3.0,7.0,1.0,1.0,0.5,0.5,30.0,14,0,0,2,3,3,5
37247,1.0,10.0,3.0,7.0,1.0,1.0,0.5,0.5,30.0,15,0,0,1,3,1,4
37247,1.0,10.0,3.0,7.0,1.0,1.0,0.5,0.5,30.0,16,0,0,1,2,0,3
37247,1.0,10.0,3.0,7.0,1.0,1.0,0.5,0.5,30.0,17,0,0,1,2,0,3
37247,1.0,10.0,3.0,7.0,1.0,1.0,0.5,0.5,30.0,18,70.0,0,1,2,0,3
37247,1.0,10.0,3.0,7.0,1.0,1.0,0.5,0.5,30.0,19,87.5,0,1,1,0,2
37247,1.0,10.0,3.0,7.0,1.0,1.0,0.5,0.5,30.0,20,109.375,0,1,1,0,2
37247,1.0,10.0,3.0,7.0,1.0,1.0,0.5,0.5,30.0,21,136.71875,0,0,1,0,1