Exp Num,agent:svo_convergence_factor,agent:params:metabolism,agent:params:consumption_factor,agent:params:procreate_cost_factor,agent:params:procreate_req_factor,agent:params:start_energy_factor,agent:params:caught_chance,agent:params:caught_cooldown_factor,agent:params:maximum_age,Epoch,Resource,A,B,C,D,E
36411,1.0,10.0,3.0,5.0,2.0,1.0,0.2,0.30000000000000004,20.0,0,2000.0,19,32,3,33,67
36411,1.0,10.0,3.0,5.0,2.0,1.0,0.2,0.30000000000000004,20.0,1,1330.0,19,32,3,33,67
36411,1.0,10.0,3.0,5.0,2.0,1.0,0.2,0.30000000000000004,20.0,2,522.5,19,32,3,33,67
36411,1.0,10.0,3.0,5.0,2.0,1.0,0.2,0.30000000000000004,20.0,3,0,15,28,3,24,52
36411,1.0,10.0,3.0,5.0,2.0,1.0,0.2,0.30000000000000004,20.0,4,0,12,27,3,21,44
36411,1.0,10.0,3.0,5.0,2.0,1.0,0.2,0.30000000000000004,20.0,5,0,12,27,3,19,44
36411,1.0,10.0,3.0,5.0,2.0,1.0,0.2,0.30000000000000004,20.0,6,0,11,23,2,9,37
36411,1.0,10.0,3.0,5.0,2.0,1.0,0.2,0.30000000000000004,20.0,7,0,11,21,0,7,32
36411,1.0,10.0,3.0,5.0,2.0,1.0,0.2,0.30000000000000004,20.0,8,0,9,18,0,5,27
36411,1.0,10.0,3.0,5.0,2.0,1.0,0.2,0.30000000000000004,20.0,9,0,8,11,0,5,19
36411,1.0,10.0,3.0,5.0,2.0,1.0,0.2,0.30000000000000004,20.0,10,0,6,8,0,3,14
36411,1.0,10.0,3.0,5.0,2.0,1.0,0.2,0.30000000000000004,20.0,11,0,4,7,0,1,11
36411,1.0,10.0,3.0,5.0,2.0,1.0,0.2,0.30000000000000004,20.0,12,0,3,3,0,0,6
36411,1.0,10.0,3.0,5.0,2.0,1.0,0.2,0.30000000000000004,20.0,13,0,3,1,0,0,4
36411,1.0,10.0,3.0,5.0,2.0,1.0,0.2,0.30000000000000004,20.0,14,100,1,1,0,0,2
36411,1.0,10.0,3.0,5.0,2.0,1.0,0.2,0.30000000000000004,20.0,15,125.0,1,0,0,0,1