Exp Num,agent:svo_convergence_factor,agent:params:metabolism,agent:params:consumption_factor,agent:params:procreate_cost_factor,agent:params:procreate_req_factor,agent:params:start_energy_factor,agent:params:caught_chance,agent:params:caught_cooldown_factor,agent:params:maximum_age,Epoch,Resource,A,B,C,D,E
34870,1.0,10.0,3.0,1.0,3.0,3.0,0.5,0.5,10.0,0,4370.0,20,39,12,24,86
34870,1.0,10.0,3.0,1.0,3.0,3.0,0.5,0.5,10.0,1,4712.5,24,49,16,24,104
34870,1.0,10.0,3.0,1.0,3.0,3.0,0.5,0.5,10.0,2,4630.625,21,44,22,18,105
34870,1.0,10.0,3.0,1.0,3.0,3.0,0.5,0.5,10.0,3,4828.28125,12,49,28,17,108
34870,1.0,10.0,3.0,1.0,3.0,3.0,0.5,0.5,10.0,4,4595.3515625,8,54,33,23,116
34870,1.0,10.0,3.0,1.0,3.0,3.0,0.5,0.5,10.0,5,4634.189453125,8,52,34,24,115
34870,1.0,10.0,3.0,1.0,3.0,3.0,0.5,0.5,10.0,6,4352.73681640625,6,50,39,30,120
34870,1.0,10.0,3.0,1.0,3.0,3.0,0.5,0.5,10.0,7,4180.9210205078125,4,48,47,33,123
34870,1.0,10.0,3.0,1.0,3.0,3.0,0.5,0.5,10.0,8,3636.1512756347656,1,43,57,37,125
34870,1.0,10.0,3.0,1.0,3.0,3.0,0.5,0.5,10.0,9,3105.189094543457,1,37,68,40,130
34870,1.0,10.0,3.0,1.0,3.0,3.0,0.5,0.5,10.0,10,2321.4863681793213,1,34,76,36,129
34870,1.0,10.0,3.0,1.0,3.0,3.0,0.5,0.5,10.0,11,1461.8579602241516,1,28,74,37,116
34870,1.0,10.0,3.0,1.0,3.0,3.0,0.5,0.5,10.0,12,237.3224502801895,1,26,81,45,120
34870,1.0,10.0,3.0,1.0,3.0,3.0,0.5,0.5,10.0,13,0,1,20,69,32,97
34870,1.0,10.0,3.0,1.0,3.0,3.0,0.5,0.5,10.0,14,0,1,17,45,18,67
34870,1.0,10.0,3.0,1.0,3.0,3.0,0.5,0.5,10.0,15,0,1,9,29,11,42
34870,1.0,10.0,3.0,1.0,3.0,3.0,0.5,0.5,10.0,16,0,0,4,18,6,23
34870,1.0,10.0,3.0,1.0,3.0,3.0,0.5,0.5,10.0,17,0,0,3,9,3,12
34870,1.0,10.0,3.0,1.0,3.0,3.0,0.5,0.5,10.0,18,0,0,2,4,1,6
34870,1.0,10.0,3.0,1.0,3.0,3.0,0.5,0.5,10.0,19,0,0,2,2,1,4
34870,1.0,10.0,3.0,1.0,3.0,3.0,0.5,0.5,10.0,20,0,0,1,1,0,2
34870,1.0,10.0,3.0,1.0,3.0,3.0,0.5,0.5,10.0,21,0,0,1,0,0,1