Exp Num,agent:svo_convergence_factor,agent:params:metabolism,agent:params:consumption_factor,agent:params:procreate_cost_factor,agent:params:procreate_req_factor,agent:params:start_energy_factor,agent:params:caught_chance,agent:params:caught_cooldown_factor,agent:params:maximum_age,Epoch,Resource,A,B,C,D,E
32185,1.0,10.0,2.0,7.0,2.0,3.0,0.30000000000000004,0.30000000000000004,10.0,0,3700.0,18,29,14,24,76
32185,1.0,10.0,2.0,7.0,2.0,3.0,0.30000000000000004,0.30000000000000004,10.0,1,3585.0,18,29,14,24,76
32185,1.0,10.0,2.0,7.0,2.0,3.0,0.30000000000000004,0.30000000000000004,10.0,2,3521.25,15,26,12,21,68
32185,1.0,10.0,2.0,7.0,2.0,3.0,0.30000000000000004,0.30000000000000004,10.0,3,3561.5625,15,26,11,21,66
32185,1.0,10.0,2.0,7.0,2.0,3.0,0.30000000000000004,0.30000000000000004,10.0,4,3571.953125,12,21,11,20,57
32185,1.0,10.0,2.0,7.0,2.0,3.0,0.30000000000000004,0.30000000000000004,10.0,5,3604.94140625,11,21,11,20,56
32185,1.0,10.0,2.0,7.0,2.0,3.0,0.30000000000000004,0.30000000000000004,10.0,6,3646.1767578125,9,18,9,19,49
32185,1.0,10.0,2.0,7.0,2.0,3.0,0.30000000000000004,0.30000000000000004,10.0,7,3637.720947265625,9,17,9,16,48
32185,1.0,10.0,2.0,7.0,2.0,3.0,0.30000000000000004,0.30000000000000004,10.0,8,3607.1511840820312,8,15,8,13,44
32185,1.0,10.0,2.0,7.0,2.0,3.0,0.30000000000000004,0.30000000000000004,10.0,9,3448.938980102539,8,14,8,13,43
32185,1.0,10.0,2.0,7.0,2.0,3.0,0.30000000000000004,0.30000000000000004,10.0,10,3611.173725128174,7,6,4,11,24
32185,1.0,10.0,2.0,7.0,2.0,3.0,0.30000000000000004,0.30000000000000004,10.0,11,4073.9671564102173,5,3,2,9,14
32185,1.0,10.0,2.0,7.0,2.0,3.0,0.30000000000000004,0.30000000000000004,10.0,12,4852.458945512772,2,3,1,6,7
32185,1.0,10.0,2.0,7.0,2.0,3.0,0.30000000000000004,0.30000000000000004,10.0,13,5925.5736818909645,2,3,1,1,6
32185,1.0,10.0,2.0,7.0,2.0,3.0,0.30000000000000004,0.30000000000000004,10.0,14,7306.967102363706,1,2,1,0,4
32185,1.0,10.0,2.0,7.0,2.0,3.0,0.30000000000000004,0.30000000000000004,10.0,15,9073.708877954632,1,1,0,0,2
32185,1.0,10.0,2.0,7.0,2.0,3.0,0.30000000000000004,0.30000000000000004,10.0,16,9980.0,1,0,0,0,1