Exp Num,agent:svo_convergence_factor,agent:params:metabolism,agent:params:consumption_factor,agent:params:procreate_cost_factor,agent:params:procreate_req_factor,agent:params:start_energy_factor,agent:params:caught_chance,agent:params:caught_cooldown_factor,agent:params:maximum_age,Epoch,Resource,A,B,C,D,E
35220,1.0,10.0,3.0,3.0,1.0,3.0,0.4,0.5,10.0,0,4130.0,22,28,15,34,80
35220,1.0,10.0,3.0,3.0,1.0,3.0,0.4,0.5,10.0,1,4232.5,25,36,22,35,98
35220,1.0,10.0,3.0,3.0,1.0,3.0,0.4,0.5,10.0,2,3400.625,18,42,33,39,110
35220,1.0,10.0,3.0,3.0,1.0,3.0,0.4,0.5,10.0,3,1880.78125,16,48,43,43,124
35220,1.0,10.0,3.0,3.0,1.0,3.0,0.4,0.5,10.0,4,790.9765625,12,56,58,48,143
35220,1.0,10.0,3.0,3.0,1.0,3.0,0.4,0.5,10.0,5,0,7,49,57,41,125
35220,1.0,10.0,3.0,3.0,1.0,3.0,0.4,0.5,10.0,6,0,4,43,55,23,109
35220,1.0,10.0,3.0,3.0,1.0,3.0,0.4,0.5,10.0,7,0,0,32,57,10,92
35220,1.0,10.0,3.0,3.0,1.0,3.0,0.4,0.5,10.0,8,0,0,22,45,5,68
35220,1.0,10.0,3.0,3.0,1.0,3.0,0.4,0.5,10.0,9,0,0,17,32,4,50
35220,1.0,10.0,3.0,3.0,1.0,3.0,0.4,0.5,10.0,10,0,0,15,22,0,38
35220,1.0,10.0,3.0,3.0,1.0,3.0,0.4,0.5,10.0,11,0,0,11,15,0,26
35220,1.0,10.0,3.0,3.0,1.0,3.0,0.4,0.5,10.0,12,0,0,7,10,0,17
35220,1.0,10.0,3.0,3.0,1.0,3.0,0.4,0.5,10.0,13,0,0,5,9,0,14
35220,1.0,10.0,3.0,3.0,1.0,3.0,0.4,0.5,10.0,14,0,0,4,5,0,9
35220,1.0,10.0,3.0,3.0,1.0,3.0,0.4,0.5,10.0,15,0,0,2,5,0,7
35220,1.0,10.0,3.0,3.0,1.0,3.0,0.4,0.5,10.0,16,100,0,0,4,0,4
35220,1.0,10.0,3.0,3.0,1.0,3.0,0.4,0.5,10.0,17,65.0,0,0,5,0,5
35220,1.0,10.0,3.0,3.0,1.0,3.0,0.4,0.5,10.0,18,21.25,0,0,4,0,4
35220,1.0,10.0,3.0,3.0,1.0,3.0,0.4,0.5,10.0,19,0,0,0,4,0,4
35220,1.0,10.0,3.0,3.0,1.0,3.0,0.4,0.5,10.0,20,0,0,0,2,0,2
35220,1.0,10.0,3.0,3.0,1.0,3.0,0.4,0.5,10.0,21,0,0,0,2,0,2
35220,1.0,10.0,3.0,3.0,1.0,3.0,0.4,0.5,10.0,22,0,0,0,1,0,1