Exp Num,agent:svo_convergence_factor,agent:params:metabolism,agent:params:consumption_factor,agent:params:procreate_cost_factor,agent:params:procreate_req_factor,agent:params:start_energy_factor,agent:params:caught_chance,agent:params:caught_cooldown_factor,agent:params:maximum_age,Epoch,Resource,A,B,C,D,E
38294,1.0,10.0,3.0,9.0,1.0,1.0,0.2,0.4,50.0,0,2000.0,19,29,13,24,76
38294,1.0,10.0,3.0,9.0,1.0,1.0,0.2,0.4,50.0,1,1030.0,19,29,13,24,76
38294,1.0,10.0,3.0,9.0,1.0,1.0,0.2,0.4,50.0,2,0,19,29,13,24,76
38294,1.0,10.0,3.0,9.0,1.0,1.0,0.2,0.4,50.0,3,0,17,24,12,14,59
38294,1.0,10.0,3.0,9.0,1.0,1.0,0.2,0.4,50.0,4,0,17,21,10,12,51
38294,1.0,10.0,3.0,9.0,1.0,1.0,0.2,0.4,50.0,5,0,17,21,9,12,49
38294,1.0,10.0,3.0,9.0,1.0,1.0,0.2,0.4,50.0,6,0,17,17,7,6,41
38294,1.0,10.0,3.0,9.0,1.0,1.0,0.2,0.4,50.0,7,0,14,15,5,3,34
38294,1.0,10.0,3.0,9.0,1.0,1.0,0.2,0.4,50.0,8,0,13,13,4,1,30
38294,1.0,10.0,3.0,9.0,1.0,1.0,0.2,0.4,50.0,9,0,10,7,4,1,21
38294,1.0,10.0,3.0,9.0,1.0,1.0,0.2,0.4,50.0,10,0,4,7,2,1,13
38294,1.0,10.0,3.0,9.0,1.0,1.0,0.2,0.4,50.0,11,0,3,3,1,1,7
38294,1.0,10.0,3.0,9.0,1.0,1.0,0.2,0.4,50.0,12,0,2,2,1,0,5
38294,1.0,10.0,3.0,9.0,1.0,1.0,0.2,0.4,50.0,13,40.0,1,2,1,0,4
38294,1.0,10.0,3.0,9.0,1.0,1.0,0.2,0.4,50.0,14,50.0,1,1,1,0,3
38294,1.0,10.0,3.0,9.0,1.0,1.0,0.2,0.4,50.0,15,62.5,1,1,1,0,3
38294,1.0,10.0,3.0,9.0,1.0,1.0,0.2,0.4,50.0,16,48.125,0,1,1,0,2
38294,1.0,10.0,3.0,9.0,1.0,1.0,0.2,0.4,50.0,17,60.15625,0,1,1,0,2
38294,1.0,10.0,3.0,9.0,1.0,1.0,0.2,0.4,50.0,18,45.1953125,0,0,1,0,1