Exp Num,agent:svo_convergence_factor,agent:params:metabolism,agent:params:consumption_factor,agent:params:procreate_cost_factor,agent:params:procreate_req_factor,agent:params:start_energy_factor,agent:params:caught_chance,agent:params:caught_cooldown_factor,agent:params:maximum_age,Epoch,Resource,A,B,C,D,E
33415,1.0,10.0,2.0,9.0,3.0,1.0,0.2,0.4,10.0,0,3000.0,17,24,11,28,72
33415,1.0,10.0,2.0,9.0,3.0,1.0,0.2,0.4,10.0,1,3150.0,17,24,11,28,72
33415,1.0,10.0,2.0,9.0,3.0,1.0,0.2,0.4,10.0,2,2557.5,12,20,11,27,63
33415,1.0,10.0,2.0,9.0,3.0,1.0,0.2,0.4,10.0,3,2596.875,12,20,11,27,63
33415,1.0,10.0,2.0,9.0,3.0,1.0,0.2,0.4,10.0,4,2186.09375,9,17,10,24,56
33415,1.0,10.0,2.0,9.0,3.0,1.0,0.2,0.4,10.0,5,2132.6171875,9,16,10,24,55
33415,1.0,10.0,2.0,9.0,3.0,1.0,0.2,0.4,10.0,6,1945.771484375,8,14,8,23,50
33415,1.0,10.0,2.0,9.0,3.0,1.0,0.2,0.4,10.0,7,1992.21435546875,8,14,8,23,50
33415,1.0,10.0,2.0,9.0,3.0,1.0,0.2,0.4,10.0,8,1850.2679443359375,7,12,7,19,46
33415,1.0,10.0,2.0,9.0,3.0,1.0,0.2,0.4,10.0,9,1832.8349304199219,4,12,7,18,43
33415,1.0,10.0,2.0,9.0,3.0,1.0,0.2,0.4,10.0,10,1871.0436630249023,2,7,6,13,26
33415,1.0,10.0,2.0,9.0,3.0,1.0,0.2,0.4,10.0,11,1918.804578781128,2,4,2,9,14
33415,1.0,10.0,2.0,9.0,3.0,1.0,0.2,0.4,10.0,12,2178.50572347641,1,2,0,5,8
33415,1.0,10.0,2.0,9.0,3.0,1.0,0.2,0.4,10.0,13,2583.1321543455124,1,0,0,4,3
33415,1.0,10.0,2.0,9.0,3.0,1.0,0.2,0.4,10.0,14,3148.9151929318905,0,0,0,2,1
33415,1.0,10.0,2.0,9.0,3.0,1.0,0.2,0.4,10.0,15,3876.143991164863,0,0,0,2,0
33415,1.0,10.0,2.0,9.0,3.0,1.0,0.2,0.4,10.0,16,4825.179988956079,0,0,0,1,0