Exp Num,agent:svo_convergence_factor,agent:params:metabolism,agent:params:consumption_factor,agent:params:procreate_cost_factor,agent:params:procreate_req_factor,agent:params:start_energy_factor,agent:params:caught_chance,agent:params:caught_cooldown_factor,agent:params:maximum_age,Epoch,Resource,A,B,C,D,E
33271,1.0,10.0,2.0,9.0,2.0,3.0,0.1,0.5,20.0,0,3500.0,15,29,10,26,74
33271,1.0,10.0,2.0,9.0,2.0,3.0,0.1,0.5,20.0,1,3355.0,15,29,10,26,74
33271,1.0,10.0,2.0,9.0,2.0,3.0,0.1,0.5,20.0,2,3153.75,15,27,9,26,69
33271,1.0,10.0,2.0,9.0,2.0,3.0,0.1,0.5,20.0,3,3242.1875,14,26,9,26,67
33271,1.0,10.0,2.0,9.0,2.0,3.0,0.1,0.5,20.0,4,3092.734375,13,23,9,26,62
33271,1.0,10.0,2.0,9.0,2.0,3.0,0.1,0.5,20.0,5,3165.91796875,13,22,9,26,61
33271,1.0,10.0,2.0,9.0,2.0,3.0,0.1,0.5,20.0,6,3017.3974609375,13,21,8,26,59
33271,1.0,10.0,2.0,9.0,2.0,3.0,0.1,0.5,20.0,7,3091.746826171875,12,20,7,26,56
33271,1.0,10.0,2.0,9.0,2.0,3.0,0.1,0.5,20.0,8,2764.6835327148438,11,18,7,26,53
33271,1.0,10.0,2.0,9.0,2.0,3.0,0.1,0.5,20.0,9,2875.8544158935547,11,18,7,26,53
33271,1.0,10.0,2.0,9.0,2.0,3.0,0.1,0.5,20.0,10,2554.8180198669434,10,17,7,26,51
33271,1.0,10.0,2.0,9.0,2.0,3.0,0.1,0.5,20.0,11,2493.522524833679,10,17,7,26,51
33271,1.0,10.0,2.0,9.0,2.0,3.0,0.1,0.5,20.0,12,2256.903156042099,10,16,7,26,50
33271,1.0,10.0,2.0,9.0,2.0,3.0,0.1,0.5,20.0,13,2381.1289450526237,10,16,7,24,50
33271,1.0,10.0,2.0,9.0,2.0,3.0,0.1,0.5,20.0,14,2116.4111813157797,11,15,7,23,50
33271,1.0,10.0,2.0,9.0,2.0,3.0,0.1,0.5,20.0,15,2045.5139766447246,10,14,7,23,48
33271,1.0,10.0,2.0,9.0,2.0,3.0,0.1,0.5,20.0,16,1856.8924708059058,9,13,7,22,46
33271,1.0,10.0,2.0,9.0,2.0,3.0,0.1,0.5,20.0,17,1741.1155885073822,9,13,7,22,46
33271,1.0,10.0,2.0,9.0,2.0,3.0,0.1,0.5,20.0,18,1516.3944856342277,9,12,7,21,45
33271,1.0,10.0,2.0,9.0,2.0,3.0,0.1,0.5,20.0,19,1375.4931070427847,9,12,7,20,45
33271,1.0,10.0,2.0,9.0,2.0,3.0,0.1,0.5,20.0,20,1379.3663838034809,6,6,4,12,25
33271,1.0,10.0,2.0,9.0,2.0,3.0,0.1,0.5,20.0,21,1484.207979754351,5,2,2,4,17
33271,1.0,10.0,2.0,9.0,2.0,3.0,0.1,0.5,20.0,22,1695.2599746929388,3,1,2,3,10
33271,1.0,10.0,2.0,9.0,2.0,3.0,0.1,0.5,20.0,23,1999.0749683661734,2,0,2,0,7
33271,1.0,10.0,2.0,9.0,2.0,3.0,0.1,0.5,20.0,24,2438.843710457717,1,0,1,0,4
33271,1.0,10.0,2.0,9.0,2.0,3.0,0.1,0.5,20.0,25,3008.554638072146,1,0,0,0,2
33271,1.0,10.0,2.0,9.0,2.0,3.0,0.1,0.5,20.0,26,3740.6932975901827,1,0,0,0,1