Exp Num,agent:svo_convergence_factor,agent:params:metabolism,agent:params:consumption_factor,agent:params:procreate_cost_factor,agent:params:procreate_req_factor,agent:params:start_energy_factor,agent:params:caught_chance,agent:params:caught_cooldown_factor,agent:params:maximum_age,Epoch,Resource,A,B,C,D,E
39680,1.0,10.0,4.0,1.0,1.0,3.0,0.30000000000000004,0.2,10.0,0,3680.0,25,42,30,39,111
39680,1.0,10.0,4.0,1.0,1.0,3.0,0.30000000000000004,0.2,10.0,1,1480.0,19,58,42,54,139
39680,1.0,10.0,4.0,1.0,1.0,3.0,0.30000000000000004,0.2,10.0,2,0,22,86,66,70,200
39680,1.0,10.0,4.0,1.0,1.0,3.0,0.30000000000000004,0.2,10.0,3,0,17,96,77,51,206
39680,1.0,10.0,4.0,1.0,1.0,3.0,0.30000000000000004,0.2,10.0,4,0,16,93,73,31,190
39680,1.0,10.0,4.0,1.0,1.0,3.0,0.30000000000000004,0.2,10.0,5,0,14,75,58,20,153
39680,1.0,10.0,4.0,1.0,1.0,3.0,0.30000000000000004,0.2,10.0,6,0,9,61,51,10,125
39680,1.0,10.0,4.0,1.0,1.0,3.0,0.30000000000000004,0.2,10.0,7,0,7,46,31,7,85
39680,1.0,10.0,4.0,1.0,1.0,3.0,0.30000000000000004,0.2,10.0,8,0,3,36,27,5,67
39680,1.0,10.0,4.0,1.0,1.0,3.0,0.30000000000000004,0.2,10.0,9,0,2,31,18,4,52
39680,1.0,10.0,4.0,1.0,1.0,3.0,0.30000000000000004,0.2,10.0,10,0,3,19,13,1,35
39680,1.0,10.0,4.0,1.0,1.0,3.0,0.30000000000000004,0.2,10.0,11,0,3,13,10,0,26
39680,1.0,10.0,4.0,1.0,1.0,3.0,0.30000000000000004,0.2,10.0,12,0,0,10,9,0,19
39680,1.0,10.0,4.0,1.0,1.0,3.0,0.30000000000000004,0.2,10.0,13,0,0,8,6,0,14
39680,1.0,10.0,4.0,1.0,1.0,3.0,0.30000000000000004,0.2,10.0,14,0,0,7,4,0,11
39680,1.0,10.0,4.0,1.0,1.0,3.0,0.30000000000000004,0.2,10.0,15,0,0,4,3,0,7
39680,1.0,10.0,4.0,1.0,1.0,3.0,0.30000000000000004,0.2,10.0,16,0,0,3,3,0,6
39680,1.0,10.0,4.0,1.0,1.0,3.0,0.30000000000000004,0.2,10.0,17,0,0,1,2,0,3
39680,1.0,10.0,4.0,1.0,1.0,3.0,0.30000000000000004,0.2,10.0,18,0,0,1,1,0,2
39680,1.0,10.0,4.0,1.0,1.0,3.0,0.30000000000000004,0.2,10.0,19,0,0,0,1,0,1