Exp Num,agent:svo_convergence_factor,agent:params:metabolism,agent:params:consumption_factor,agent:params:procreate_cost_factor,agent:params:procreate_req_factor,agent:params:start_energy_factor,agent:params:caught_chance,agent:params:caught_cooldown_factor,agent:params:maximum_age,Epoch,Resource,A,B,C,D,E
38369,1.0,10.0,3.0,9.0,1.0,1.0,0.5,0.4,50.0,0,2000.0,11,25,7,42,58
38369,1.0,10.0,3.0,9.0,1.0,1.0,0.5,0.4,50.0,1,1510.0,11,25,7,42,58
38369,1.0,10.0,3.0,9.0,1.0,1.0,0.5,0.4,50.0,2,1377.5,11,25,7,42,58
38369,1.0,10.0,3.0,9.0,1.0,1.0,0.5,0.4,50.0,3,881.875,6,21,5,33,46
38369,1.0,10.0,3.0,9.0,1.0,1.0,0.5,0.4,50.0,4,502.34375,6,21,4,28,45
38369,1.0,10.0,3.0,9.0,1.0,1.0,0.5,0.4,50.0,5,417.9296875,6,22,4,28,46
38369,1.0,10.0,3.0,9.0,1.0,1.0,0.5,0.4,50.0,6,0,4,15,3,24,35
38369,1.0,10.0,3.0,9.0,1.0,1.0,0.5,0.4,50.0,7,0,3,12,2,17,27
38369,1.0,10.0,3.0,9.0,1.0,1.0,0.5,0.4,50.0,8,0,2,11,0,14,22
38369,1.0,10.0,3.0,9.0,1.0,1.0,0.5,0.4,50.0,9,0,2,8,0,12,14
38369,1.0,10.0,3.0,9.0,1.0,1.0,0.5,0.4,50.0,10,0,2,7,0,8,11
38369,1.0,10.0,3.0,9.0,1.0,1.0,0.5,0.4,50.0,11,0,2,7,0,4,10
38369,1.0,10.0,3.0,9.0,1.0,1.0,0.5,0.4,50.0,12,0,1,6,0,3,8
38369,1.0,10.0,3.0,9.0,1.0,1.0,0.5,0.4,50.0,13,0,1,5,0,2,6
38369,1.0,10.0,3.0,9.0,1.0,1.0,0.5,0.4,50.0,14,0,0,3,0,2,3
38369,1.0,10.0,3.0,9.0,1.0,1.0,0.5,0.4,50.0,15,0,0,2,0,2,2
38369,1.0,10.0,3.0,9.0,1.0,1.0,0.5,0.4,50.0,16,0,0,2,0,1,2
38369,1.0,10.0,3.0,9.0,1.0,1.0,0.5,0.4,50.0,17,70.0,0,2,0,1,2
38369,1.0,10.0,3.0,9.0,1.0,1.0,0.5,0.4,50.0,18,87.5,0,1,0,1,1
38369,1.0,10.0,3.0,9.0,1.0,1.0,0.5,0.4,50.0,19,109.375,0,1,0,1,1
38369,1.0,10.0,3.0,9.0,1.0,1.0,0.5,0.4,50.0,20,106.71875,0,1,0,1,1
38369,1.0,10.0,3.0,9.0,1.0,1.0,0.5,0.4,50.0,21,133.3984375,0,1,0,1,1
38369,1.0,10.0,3.0,9.0,1.0,1.0,0.5,0.4,50.0,22,136.748046875,0,1,0,1,1
38369,1.0,10.0,3.0,9.0,1.0,1.0,0.5,0.4,50.0,23,170.93505859375,0,1,0,1,1
38369,1.0,10.0,3.0,9.0,1.0,1.0,0.5,0.4,50.0,24,183.6688232421875,0,1,0,1,1
38369,1.0,10.0,3.0,9.0,1.0,1.0,0.5,0.4,50.0,25,199.58602905273438,0,1,0,1,1
38369,1.0,10.0,3.0,9.0,1.0,1.0,0.5,0.4,50.0,26,219.48253631591797,0,1,0,1,1
38369,1.0,10.0,3.0,9.0,1.0,1.0,0.5,0.4,50.0,27,244.35317039489746,0,1,0,1,1
38369,1.0,10.0,3.0,9.0,1.0,1.0,0.5,0.4,50.0,28,305.4414629936218,0,0,0,1,0