Exp Num,agent:svo_convergence_factor,agent:params:metabolism,agent:params:consumption_factor,agent:params:procreate_cost_factor,agent:params:procreate_req_factor,agent:params:start_energy_factor,agent:params:caught_chance,agent:params:caught_cooldown_factor,agent:params:maximum_age,Epoch,Resource,A,B,C,D,E
32575,1.0,10.0,2.0,7.0,3.0,3.0,0.4,0.1,10.0,0,3620.0,16,27,8,34,66
32575,1.0,10.0,2.0,7.0,3.0,3.0,0.4,0.1,10.0,1,3745.0,16,27,8,34,66
32575,1.0,10.0,2.0,7.0,3.0,3.0,0.4,0.1,10.0,2,3761.25,15,27,8,31,65
32575,1.0,10.0,2.0,7.0,3.0,3.0,0.4,0.1,10.0,3,3941.5625,15,27,8,31,65
32575,1.0,10.0,2.0,7.0,3.0,3.0,0.4,0.1,10.0,4,3846.953125,14,23,7,29,58
32575,1.0,10.0,2.0,7.0,3.0,3.0,0.4,0.1,10.0,5,4048.69140625,13,22,7,29,56
32575,1.0,10.0,2.0,7.0,3.0,3.0,0.4,0.1,10.0,6,3940.8642578125,13,19,7,28,52
32575,1.0,10.0,2.0,7.0,3.0,3.0,0.4,0.1,10.0,7,4206.080322265625,13,17,7,27,50
32575,1.0,10.0,2.0,7.0,3.0,3.0,0.4,0.1,10.0,8,4057.6004028320312,13,16,6,26,48
32575,1.0,10.0,2.0,7.0,3.0,3.0,0.4,0.1,10.0,9,3872.000503540039,13,16,6,26,48
32575,1.0,10.0,2.0,7.0,3.0,3.0,0.4,0.1,10.0,10,3980.000629425049,6,11,3,15,27
32575,1.0,10.0,2.0,7.0,3.0,3.0,0.4,0.1,10.0,11,4555.000786781311,4,5,3,7,15
32575,1.0,10.0,2.0,7.0,3.0,3.0,0.4,0.1,10.0,12,5453.750983476639,2,2,2,5,7
32575,1.0,10.0,2.0,7.0,3.0,3.0,0.4,0.1,10.0,13,6677.1887293457985,1,1,1,2,4
32575,1.0,10.0,2.0,7.0,3.0,3.0,0.4,0.1,10.0,14,8266.485911682248,0,1,1,1,2
32575,1.0,10.0,2.0,7.0,3.0,3.0,0.4,0.1,10.0,15,9960.0,0,0,1,1,1
32575,1.0,10.0,2.0,7.0,3.0,3.0,0.4,0.1,10.0,16,9960.0,0,0,1,0,1