Exp Num,agent:svo_convergence_factor,agent:params:metabolism,agent:params:consumption_factor,agent:params:procreate_cost_factor,agent:params:procreate_req_factor,agent:params:start_energy_factor,agent:params:caught_chance,agent:params:caught_cooldown_factor,agent:params:maximum_age,Epoch,Resource,A,B,C,D,E
38125,1.0,10.0,3.0,7.0,3.0,3.0,0.1,0.1,10.0,0,3710.0,18,25,23,19,81
38125,1.0,10.0,3.0,7.0,3.0,3.0,0.1,0.1,10.0,1,3167.5,18,25,23,19,81
38125,1.0,10.0,3.0,7.0,3.0,3.0,0.1,0.1,10.0,2,2009.375,17,24,22,18,78
38125,1.0,10.0,3.0,7.0,3.0,3.0,0.1,0.1,10.0,3,1131.71875,17,24,22,17,78
38125,1.0,10.0,3.0,7.0,3.0,3.0,0.1,0.1,10.0,4,304.6484375,17,24,22,17,78
38125,1.0,10.0,3.0,7.0,3.0,3.0,0.1,0.1,10.0,5,0,17,23,21,14,69
38125,1.0,10.0,3.0,7.0,3.0,3.0,0.1,0.1,10.0,6,0,17,21,19,11,63
38125,1.0,10.0,3.0,7.0,3.0,3.0,0.1,0.1,10.0,7,0,17,21,19,11,63
38125,1.0,10.0,3.0,7.0,3.0,3.0,0.1,0.1,10.0,8,0,17,16,13,6,49
38125,1.0,10.0,3.0,7.0,3.0,3.0,0.1,0.1,10.0,9,0,17,15,12,4,44
38125,1.0,10.0,3.0,7.0,3.0,3.0,0.1,0.1,10.0,10,0,11,8,8,3,27
38125,1.0,10.0,3.0,7.0,3.0,3.0,0.1,0.1,10.0,11,0,8,5,4,2,17
38125,1.0,10.0,3.0,7.0,3.0,3.0,0.1,0.1,10.0,12,0,2,4,2,2,8
38125,1.0,10.0,3.0,7.0,3.0,3.0,0.1,0.1,10.0,13,0,0,4,1,0,5
38125,1.0,10.0,3.0,7.0,3.0,3.0,0.1,0.1,10.0,14,0,0,4,0,0,4
38125,1.0,10.0,3.0,7.0,3.0,3.0,0.1,0.1,10.0,15,0,0,2,0,0,2
38125,1.0,10.0,3.0,7.0,3.0,3.0,0.1,0.1,10.0,16,70.0,0,1,0,0,1