Exp Num,agent:svo_convergence_factor,agent:params:metabolism,agent:params:consumption_factor,agent:params:procreate_cost_factor,agent:params:procreate_req_factor,agent:params:start_energy_factor,agent:params:caught_chance,agent:params:caught_cooldown_factor,agent:params:maximum_age,Epoch,Resource,A,B,C,D,E
39690,1.0,10.0,4.0,1.0,1.0,3.0,0.30000000000000004,0.4,10.0,0,3600.0,23,39,27,35,115
39690,1.0,10.0,4.0,1.0,1.0,3.0,0.30000000000000004,0.4,10.0,1,1260.0,28,51,43,50,151
39690,1.0,10.0,4.0,1.0,1.0,3.0,0.30000000000000004,0.4,10.0,2,0,31,66,65,61,191
39690,1.0,10.0,4.0,1.0,1.0,3.0,0.30000000000000004,0.4,10.0,3,0,33,63,74,57,187
39690,1.0,10.0,4.0,1.0,1.0,3.0,0.30000000000000004,0.4,10.0,4,0,33,61,75,47,179
39690,1.0,10.0,4.0,1.0,1.0,3.0,0.30000000000000004,0.4,10.0,5,0,26,49,62,31,142
39690,1.0,10.0,4.0,1.0,1.0,3.0,0.30000000000000004,0.4,10.0,6,0,23,45,44,20,115
39690,1.0,10.0,4.0,1.0,1.0,3.0,0.30000000000000004,0.4,10.0,7,0,12,38,31,14,82
39690,1.0,10.0,4.0,1.0,1.0,3.0,0.30000000000000004,0.4,10.0,8,0,11,32,22,9,65
39690,1.0,10.0,4.0,1.0,1.0,3.0,0.30000000000000004,0.4,10.0,9,0,7,25,14,7,46
39690,1.0,10.0,4.0,1.0,1.0,3.0,0.30000000000000004,0.4,10.0,10,0,6,19,10,2,35
39690,1.0,10.0,4.0,1.0,1.0,3.0,0.30000000000000004,0.4,10.0,11,0,4,12,7,1,23
39690,1.0,10.0,4.0,1.0,1.0,3.0,0.30000000000000004,0.4,10.0,12,0,3,10,4,1,17
39690,1.0,10.0,4.0,1.0,1.0,3.0,0.30000000000000004,0.4,10.0,13,0,3,7,3,0,13
39690,1.0,10.0,4.0,1.0,1.0,3.0,0.30000000000000004,0.4,10.0,14,0,2,9,2,0,13
39690,1.0,10.0,4.0,1.0,1.0,3.0,0.30000000000000004,0.4,10.0,15,0,1,7,1,0,9
39690,1.0,10.0,4.0,1.0,1.0,3.0,0.30000000000000004,0.4,10.0,16,0,0,4,1,0,5
39690,1.0,10.0,4.0,1.0,1.0,3.0,0.30000000000000004,0.4,10.0,17,0,0,1,1,0,2
39690,1.0,10.0,4.0,1.0,1.0,3.0,0.30000000000000004,0.4,10.0,18,0,0,1,0,0,1