Exp Num,agent:svo_convergence_factor,agent:params:metabolism,agent:params:consumption_factor,agent:params:procreate_cost_factor,agent:params:procreate_req_factor,agent:params:start_energy_factor,agent:params:caught_chance,agent:params:caught_cooldown_factor,agent:params:maximum_age,Epoch,Resource,A,B,C,D,E
35389,1.0,10.0,3.0,3.0,2.0,2.0,0.1,0.30000000000000004,50.0,0,3770.0,13,25,10,30,70
35389,1.0,10.0,3.0,3.0,2.0,2.0,0.1,0.30000000000000004,50.0,1,2552.5,12,28,13,30,75
35389,1.0,10.0,3.0,3.0,2.0,2.0,0.1,0.30000000000000004,50.0,2,1930.625,12,29,14,31,77
35389,1.0,10.0,3.0,3.0,2.0,2.0,0.1,0.30000000000000004,50.0,3,1393.28125,14,33,16,31,85
35389,1.0,10.0,3.0,3.0,2.0,2.0,0.1,0.30000000000000004,50.0,4,0,17,35,17,30,91
35389,1.0,10.0,3.0,3.0,2.0,2.0,0.1,0.30000000000000004,50.0,5,0,17,34,17,28,89
35389,1.0,10.0,3.0,3.0,2.0,2.0,0.1,0.30000000000000004,50.0,6,0,17,34,16,28,88
35389,1.0,10.0,3.0,3.0,2.0,2.0,0.1,0.30000000000000004,50.0,7,0,11,24,9,14,53
35389,1.0,10.0,3.0,3.0,2.0,2.0,0.1,0.30000000000000004,50.0,8,0,9,16,8,8,36
35389,1.0,10.0,3.0,3.0,2.0,2.0,0.1,0.30000000000000004,50.0,9,0,8,14,5,3,28
35389,1.0,10.0,3.0,3.0,2.0,2.0,0.1,0.30000000000000004,50.0,10,0,5,9,5,0,19
35389,1.0,10.0,3.0,3.0,2.0,2.0,0.1,0.30000000000000004,50.0,11,0,4,5,2,0,11
35389,1.0,10.0,3.0,3.0,2.0,2.0,0.1,0.30000000000000004,50.0,12,0,3,2,1,0,6
35389,1.0,10.0,3.0,3.0,2.0,2.0,0.1,0.30000000000000004,50.0,13,0,2,2,1,0,5
35389,1.0,10.0,3.0,3.0,2.0,2.0,0.1,0.30000000000000004,50.0,14,0,1,1,1,0,3
35389,1.0,10.0,3.0,3.0,2.0,2.0,0.1,0.30000000000000004,50.0,15,10.0,1,1,1,0,3
35389,1.0,10.0,3.0,3.0,2.0,2.0,0.1,0.30000000000000004,50.0,16,12.5,1,1,1,0,3
35389,1.0,10.0,3.0,3.0,2.0,2.0,0.1,0.30000000000000004,50.0,17,0,1,1,1,0,3
35389,1.0,10.0,3.0,3.0,2.0,2.0,0.1,0.30000000000000004,50.0,18,0,1,1,0,0,2
35389,1.0,10.0,3.0,3.0,2.0,2.0,0.1,0.30000000000000004,50.0,19,0,1,0,0,0,1