Exp Num,agent:svo_convergence_factor,agent:params:metabolism,agent:params:consumption_factor,agent:params:procreate_cost_factor,agent:params:procreate_req_factor,agent:params:start_energy_factor,agent:params:caught_chance,agent:params:caught_cooldown_factor,agent:params:maximum_age,Epoch,Resource,A,B,C,D,E
30777,1.0,10.0,2.0,5.0,2.0,1.0,0.2,0.1,30.0,0,3000.0,10,28,7,31,69
30777,1.0,10.0,2.0,5.0,2.0,1.0,0.2,0.1,30.0,1,3050.0,10,28,7,31,69
30777,1.0,10.0,2.0,5.0,2.0,1.0,0.2,0.1,30.0,2,2472.5,7,25,7,31,61
30777,1.0,10.0,2.0,5.0,2.0,1.0,0.2,0.1,30.0,3,2490.625,6,25,7,31,60
30777,1.0,10.0,2.0,5.0,2.0,1.0,0.2,0.1,30.0,4,2073.28125,6,23,7,29,57
30777,1.0,10.0,2.0,5.0,2.0,1.0,0.2,0.1,30.0,5,2131.6015625,6,22,7,29,56
30777,1.0,10.0,2.0,5.0,2.0,1.0,0.2,0.1,30.0,6,1604.501953125,3,18,7,27,48
30777,1.0,10.0,2.0,5.0,2.0,1.0,0.2,0.1,30.0,7,1445.62744140625,3,18,7,27,48
30777,1.0,10.0,2.0,5.0,2.0,1.0,0.2,0.1,30.0,8,867.0343017578125,3,16,7,26,46
30777,1.0,10.0,2.0,5.0,2.0,1.0,0.2,0.1,30.0,9,523.7928771972656,3,16,7,26,46
30777,1.0,10.0,2.0,5.0,2.0,1.0,0.2,0.1,30.0,10,0,3,13,7,25,42
30777,1.0,10.0,2.0,5.0,2.0,1.0,0.2,0.1,30.0,11,0,3,12,5,21,36
30777,1.0,10.0,2.0,5.0,2.0,1.0,0.2,0.1,30.0,12,0,3,9,3,12,23
30777,1.0,10.0,2.0,5.0,2.0,1.0,0.2,0.1,30.0,13,0,3,9,1,7,17
30777,1.0,10.0,2.0,5.0,2.0,1.0,0.2,0.1,30.0,14,0,3,7,0,4,11
30777,1.0,10.0,2.0,5.0,2.0,1.0,0.2,0.1,30.0,15,0,3,6,0,2,10
30777,1.0,10.0,2.0,5.0,2.0,1.0,0.2,0.1,30.0,16,0,3,4,0,2,7
30777,1.0,10.0,2.0,5.0,2.0,1.0,0.2,0.1,30.0,17,0,3,1,0,1,4
30777,1.0,10.0,2.0,5.0,2.0,1.0,0.2,0.1,30.0,18,0,3,1,0,0,4
30777,1.0,10.0,2.0,5.0,2.0,1.0,0.2,0.1,30.0,19,0,3,1,0,0,4
30777,1.0,10.0,2.0,5.0,2.0,1.0,0.2,0.1,30.0,20,0,1,1,0,0,2
30777,1.0,10.0,2.0,5.0,2.0,1.0,0.2,0.1,30.0,21,100,0,1,0,0,1