Exp Num,agent:svo_convergence_factor,agent:params:metabolism,agent:params:consumption_factor,agent:params:procreate_cost_factor,agent:params:procreate_req_factor,agent:params:start_energy_factor,agent:params:caught_chance,agent:params:caught_cooldown_factor,agent:params:maximum_age,Epoch,Resource,A,B,C,D,E
34365,1.0,10.0,3.0,1.0,2.0,2.0,0.5,0.4,10.0,0,4190.0,16,24,27,30,83
34365,1.0,10.0,3.0,1.0,2.0,2.0,0.5,0.4,10.0,1,3737.5,10,23,25,45,79
34365,1.0,10.0,3.0,1.0,2.0,2.0,0.5,0.4,10.0,2,3711.875,7,27,30,47,86
34365,1.0,10.0,3.0,1.0,2.0,2.0,0.5,0.4,10.0,3,3049.84375,6,29,32,54,95
34365,1.0,10.0,3.0,1.0,2.0,2.0,0.5,0.4,10.0,4,2402.3046875,5,24,41,60,100
34365,1.0,10.0,3.0,1.0,2.0,2.0,0.5,0.4,10.0,5,1022.880859375,5,24,45,78,108
34365,1.0,10.0,3.0,1.0,2.0,2.0,0.5,0.4,10.0,6,0,2,20,47,79,102
34365,1.0,10.0,3.0,1.0,2.0,2.0,0.5,0.4,10.0,7,0,2,13,38,50,74
34365,1.0,10.0,3.0,1.0,2.0,2.0,0.5,0.4,10.0,8,0,1,10,26,24,52
34365,1.0,10.0,3.0,1.0,2.0,2.0,0.5,0.4,10.0,9,0,1,6,15,14,31
34365,1.0,10.0,3.0,1.0,2.0,2.0,0.5,0.4,10.0,10,0,0,4,7,10,17
34365,1.0,10.0,3.0,1.0,2.0,2.0,0.5,0.4,10.0,11,0,0,3,4,4,10
34365,1.0,10.0,3.0,1.0,2.0,2.0,0.5,0.4,10.0,12,0,0,2,1,2,5
34365,1.0,10.0,3.0,1.0,2.0,2.0,0.5,0.4,10.0,13,0,0,0,1,2,2
34365,1.0,10.0,3.0,1.0,2.0,2.0,0.5,0.4,10.0,14,0,0,0,0,2,0
34365,1.0,10.0,3.0,1.0,2.0,2.0,0.5,0.4,10.0,15,0,0,0,0,2,0
34365,1.0,10.0,3.0,1.0,2.0,2.0,0.5,0.4,10.0,16,0,0,0,0,1,0