Exp Num,agent:svo_convergence_factor,agent:params:metabolism,agent:params:consumption_factor,agent:params:procreate_cost_factor,agent:params:procreate_req_factor,agent:params:start_energy_factor,agent:params:caught_chance,agent:params:caught_cooldown_factor,agent:params:maximum_age,Epoch,Resource,A,B,C,D,E
35067,1.0,10.0,3.0,3.0,1.0,2.0,0.30000000000000004,0.4,30.0,0,4100.0,21,34,12,32,83
35067,1.0,10.0,3.0,3.0,1.0,2.0,0.30000000000000004,0.4,30.0,1,2875.0,17,39,25,39,101
35067,1.0,10.0,3.0,3.0,1.0,2.0,0.30000000000000004,0.4,30.0,2,533.75,16,48,40,45,125
35067,1.0,10.0,3.0,3.0,1.0,2.0,0.30000000000000004,0.4,30.0,3,0,14,54,45,46,132
35067,1.0,10.0,3.0,3.0,1.0,2.0,0.30000000000000004,0.4,30.0,4,0,8,41,43,28,104
35067,1.0,10.0,3.0,3.0,1.0,2.0,0.30000000000000004,0.4,30.0,5,0,6,36,33,18,80
35067,1.0,10.0,3.0,3.0,1.0,2.0,0.30000000000000004,0.4,30.0,6,0,1,28,26,10,58
35067,1.0,10.0,3.0,3.0,1.0,2.0,0.30000000000000004,0.4,30.0,7,0,0,20,22,3,43
35067,1.0,10.0,3.0,3.0,1.0,2.0,0.30000000000000004,0.4,30.0,8,0,0,16,13,3,29
35067,1.0,10.0,3.0,3.0,1.0,2.0,0.30000000000000004,0.4,30.0,9,0,0,11,12,1,23
35067,1.0,10.0,3.0,3.0,1.0,2.0,0.30000000000000004,0.4,30.0,10,0,0,6,9,0,15
35067,1.0,10.0,3.0,3.0,1.0,2.0,0.30000000000000004,0.4,30.0,11,0,0,3,7,0,10
35067,1.0,10.0,3.0,3.0,1.0,2.0,0.30000000000000004,0.4,30.0,12,0,0,2,7,0,9
35067,1.0,10.0,3.0,3.0,1.0,2.0,0.30000000000000004,0.4,30.0,13,0,0,1,4,0,5
35067,1.0,10.0,3.0,3.0,1.0,2.0,0.30000000000000004,0.4,30.0,14,40.0,0,1,4,0,5
35067,1.0,10.0,3.0,3.0,1.0,2.0,0.30000000000000004,0.4,30.0,15,0,0,1,2,0,3
35067,1.0,10.0,3.0,3.0,1.0,2.0,0.30000000000000004,0.4,30.0,16,0,0,1,2,0,3
35067,1.0,10.0,3.0,3.0,1.0,2.0,0.30000000000000004,0.4,30.0,17,0,0,0,2,0,2
35067,1.0,10.0,3.0,3.0,1.0,2.0,0.30000000000000004,0.4,30.0,18,0,0,0,1,0,1