Exp Num,agent:svo_convergence_factor,agent:params:metabolism,agent:params:consumption_factor,agent:params:procreate_cost_factor,agent:params:procreate_req_factor,agent:params:start_energy_factor,agent:params:caught_chance,agent:params:caught_cooldown_factor,agent:params:maximum_age,Epoch,Resource,A,B,C,D,E
31540,1.0,10.0,2.0,7.0,1.0,1.0,0.2,0.4,10.0,0,3000.0,18,25,18,20,80
31540,1.0,10.0,2.0,7.0,1.0,1.0,0.2,0.4,10.0,1,2950.0,18,25,18,20,80
31540,1.0,10.0,2.0,7.0,1.0,1.0,0.2,0.4,10.0,2,2447.5,15,24,16,18,73
31540,1.0,10.0,2.0,7.0,1.0,1.0,0.2,0.4,10.0,3,2399.375,15,24,16,18,73
31540,1.0,10.0,2.0,7.0,1.0,1.0,0.2,0.4,10.0,4,1959.21875,11,21,14,17,63
31540,1.0,10.0,2.0,7.0,1.0,1.0,0.2,0.4,10.0,5,1689.0234375,10,21,14,17,62
31540,1.0,10.0,2.0,7.0,1.0,1.0,0.2,0.4,10.0,6,1271.279296875,10,22,12,16,61
31540,1.0,10.0,2.0,7.0,1.0,1.0,0.2,0.4,10.0,7,1049.09912109375,11,23,12,16,63
31540,1.0,10.0,2.0,7.0,1.0,1.0,0.2,0.4,10.0,8,571.3739013671875,12,21,11,16,57
31540,1.0,10.0,2.0,7.0,1.0,1.0,0.2,0.4,10.0,9,94.21737670898438,12,20,9,16,54
31540,1.0,10.0,2.0,7.0,1.0,1.0,0.2,0.4,10.0,10,0,8,15,3,8,36
31540,1.0,10.0,2.0,7.0,1.0,1.0,0.2,0.4,10.0,11,0,6,9,2,4,22
31540,1.0,10.0,2.0,7.0,1.0,1.0,0.2,0.4,10.0,12,0,5,5,1,2,14
31540,1.0,10.0,2.0,7.0,1.0,1.0,0.2,0.4,10.0,13,0,5,4,0,1,10
31540,1.0,10.0,2.0,7.0,1.0,1.0,0.2,0.4,10.0,14,0,5,3,0,0,9
31540,1.0,10.0,2.0,7.0,1.0,1.0,0.2,0.4,10.0,15,0,5,3,0,0,8
31540,1.0,10.0,2.0,7.0,1.0,1.0,0.2,0.4,10.0,16,0,4,3,0,0,7
31540,1.0,10.0,2.0,7.0,1.0,1.0,0.2,0.4,10.0,17,0,3,2,0,0,5
31540,1.0,10.0,2.0,7.0,1.0,1.0,0.2,0.4,10.0,18,0,3,1,0,0,4
31540,1.0,10.0,2.0,7.0,1.0,1.0,0.2,0.4,10.0,19,0,3,1,0,0,4
31540,1.0,10.0,2.0,7.0,1.0,1.0,0.2,0.4,10.0,20,0,2,1,0,0,3
31540,1.0,10.0,2.0,7.0,1.0,1.0,0.2,0.4,10.0,21,80.0,2,1,0,0,3
31540,1.0,10.0,2.0,7.0,1.0,1.0,0.2,0.4,10.0,22,60.0,2,1,0,0,3
31540,1.0,10.0,2.0,7.0,1.0,1.0,0.2,0.4,10.0,23,55.0,2,1,0,0,3
31540,1.0,10.0,2.0,7.0,1.0,1.0,0.2,0.4,10.0,24,28.75,2,1,0,0,3
31540,1.0,10.0,2.0,7.0,1.0,1.0,0.2,0.4,10.0,25,15.9375,1,1,0,0,2
31540,1.0,10.0,2.0,7.0,1.0,1.0,0.2,0.4,10.0,26,19.921875,0,1,0,0,1