Exp Num,agent:svo_convergence_factor,agent:params:metabolism,agent:params:consumption_factor,agent:params:procreate_cost_factor,agent:params:procreate_req_factor,agent:params:start_energy_factor,agent:params:caught_chance,agent:params:caught_cooldown_factor,agent:params:maximum_age,Epoch,Resource,A,B,C,D,E
36468,1.0,10.0,3.0,5.0,2.0,1.0,0.4,0.4,40.0,0,2000.0,19,26,13,25,75
36468,1.0,10.0,3.0,5.0,2.0,1.0,0.4,0.4,40.0,1,1690.0,19,26,13,25,75
36468,1.0,10.0,3.0,5.0,2.0,1.0,0.4,0.4,40.0,2,1422.5,19,26,13,25,75
36468,1.0,10.0,3.0,5.0,2.0,1.0,0.4,0.4,40.0,3,818.125,10,20,8,20,55
36468,1.0,10.0,3.0,5.0,2.0,1.0,0.4,0.4,40.0,4,512.65625,11,17,7,18,50
36468,1.0,10.0,3.0,5.0,2.0,1.0,0.4,0.4,40.0,5,280.8203125,11,18,6,18,49
36468,1.0,10.0,3.0,5.0,2.0,1.0,0.4,0.4,40.0,6,0,10,12,6,15,40
36468,1.0,10.0,3.0,5.0,2.0,1.0,0.4,0.4,40.0,7,0,10,9,5,9,34
36468,1.0,10.0,3.0,5.0,2.0,1.0,0.4,0.4,40.0,8,0,10,8,5,8,31
36468,1.0,10.0,3.0,5.0,2.0,1.0,0.4,0.4,40.0,9,0,9,7,5,5,26
36468,1.0,10.0,3.0,5.0,2.0,1.0,0.4,0.4,40.0,10,0,7,7,4,4,20
36468,1.0,10.0,3.0,5.0,2.0,1.0,0.4,0.4,40.0,11,0,6,7,3,1,17
36468,1.0,10.0,3.0,5.0,2.0,1.0,0.4,0.4,40.0,12,0,5,6,2,0,13
36468,1.0,10.0,3.0,5.0,2.0,1.0,0.4,0.4,40.0,13,0,4,4,1,0,9
36468,1.0,10.0,3.0,5.0,2.0,1.0,0.4,0.4,40.0,14,0,3,3,0,0,6
36468,1.0,10.0,3.0,5.0,2.0,1.0,0.4,0.4,40.0,15,0,2,2,0,0,4
36468,1.0,10.0,3.0,5.0,2.0,1.0,0.4,0.4,40.0,16,0,1,2,0,0,3
36468,1.0,10.0,3.0,5.0,2.0,1.0,0.4,0.4,40.0,17,100,1,0,0,0,1