Exp Num,agent:svo_convergence_factor,agent:params:metabolism,agent:params:consumption_factor,agent:params:procreate_cost_factor,agent:params:procreate_req_factor,agent:params:start_energy_factor,agent:params:caught_chance,agent:params:caught_cooldown_factor,agent:params:maximum_age,Epoch,Resource,A,B,C,D,E
32565,1.0,10.0,2.0,7.0,3.0,3.0,0.30000000000000004,0.4,10.0,0,3680.0,19,35,12,24,76
32565,1.0,10.0,2.0,7.0,3.0,3.0,0.30000000000000004,0.4,10.0,1,3540.0,19,35,12,24,76
32565,1.0,10.0,2.0,7.0,3.0,3.0,0.30000000000000004,0.4,10.0,2,3325.0,16,30,9,24,65
32565,1.0,10.0,2.0,7.0,3.0,3.0,0.30000000000000004,0.4,10.0,3,3336.25,16,30,9,24,65
32565,1.0,10.0,2.0,7.0,3.0,3.0,0.30000000000000004,0.4,10.0,4,3310.3125,14,27,9,23,60
32565,1.0,10.0,2.0,7.0,3.0,3.0,0.30000000000000004,0.4,10.0,5,3637.890625,14,25,9,22,58
32565,1.0,10.0,2.0,7.0,3.0,3.0,0.30000000000000004,0.4,10.0,6,3927.36328125,13,18,8,19,49
32565,1.0,10.0,2.0,7.0,3.0,3.0,0.30000000000000004,0.4,10.0,7,3949.2041015625,12,17,7,18,46
32565,1.0,10.0,2.0,7.0,3.0,3.0,0.30000000000000004,0.4,10.0,8,3876.505126953125,12,16,7,18,45
32565,1.0,10.0,2.0,7.0,3.0,3.0,0.30000000000000004,0.4,10.0,9,3745.6314086914062,12,16,7,17,45
32565,1.0,10.0,2.0,7.0,3.0,3.0,0.30000000000000004,0.4,10.0,10,3982.039260864258,7,10,6,10,27
32565,1.0,10.0,2.0,7.0,3.0,3.0,0.30000000000000004,0.4,10.0,11,4517.549076080322,2,8,5,6,17
32565,1.0,10.0,2.0,7.0,3.0,3.0,0.30000000000000004,0.4,10.0,12,5366.936345100403,1,4,1,5,8
32565,1.0,10.0,2.0,7.0,3.0,3.0,0.30000000000000004,0.4,10.0,13,6548.6704313755035,1,3,1,0,7
32565,1.0,10.0,2.0,7.0,3.0,3.0,0.30000000000000004,0.4,10.0,14,8105.838039219379,0,2,1,0,4
32565,1.0,10.0,2.0,7.0,3.0,3.0,0.30000000000000004,0.4,10.0,15,9940.0,0,1,1,0,2
32565,1.0,10.0,2.0,7.0,3.0,3.0,0.30000000000000004,0.4,10.0,16,9980.0,0,0,1,0,1