Exp Num,agent:svo_convergence_factor,agent:params:metabolism,agent:params:consumption_factor,agent:params:procreate_cost_factor,agent:params:procreate_req_factor,agent:params:start_energy_factor,agent:params:caught_chance,agent:params:caught_cooldown_factor,agent:params:maximum_age,Epoch,Resource,A,B,C,D,E
37587,1.0,10.0,3.0,7.0,2.0,1.0,0.4,0.30000000000000004,30.0,0,2000.0,18,32,13,22,78
37587,1.0,10.0,3.0,7.0,2.0,1.0,0.4,0.30000000000000004,30.0,1,1720.0,18,32,13,22,78
37587,1.0,10.0,3.0,7.0,2.0,1.0,0.4,0.30000000000000004,30.0,2,1550.0,18,32,13,22,78
37587,1.0,10.0,3.0,7.0,2.0,1.0,0.4,0.30000000000000004,30.0,3,887.5,14,19,11,20,58
37587,1.0,10.0,3.0,7.0,2.0,1.0,0.4,0.30000000000000004,30.0,4,599.375,12,18,9,20,53
37587,1.0,10.0,3.0,7.0,2.0,1.0,0.4,0.30000000000000004,30.0,5,389.21875,12,18,8,20,52
37587,1.0,10.0,3.0,7.0,2.0,1.0,0.4,0.30000000000000004,30.0,6,0,8,15,7,16,43
37587,1.0,10.0,3.0,7.0,2.0,1.0,0.4,0.30000000000000004,30.0,7,0,4,12,6,11,32
37587,1.0,10.0,3.0,7.0,2.0,1.0,0.4,0.30000000000000004,30.0,8,0,4,11,6,10,29
37587,1.0,10.0,3.0,7.0,2.0,1.0,0.4,0.30000000000000004,30.0,9,0,4,11,4,6,23
37587,1.0,10.0,3.0,7.0,2.0,1.0,0.4,0.30000000000000004,30.0,10,0,4,10,1,2,17
37587,1.0,10.0,3.0,7.0,2.0,1.0,0.4,0.30000000000000004,30.0,11,0,4,9,1,1,15
37587,1.0,10.0,3.0,7.0,2.0,1.0,0.4,0.30000000000000004,30.0,12,0,4,7,0,1,12
37587,1.0,10.0,3.0,7.0,2.0,1.0,0.4,0.30000000000000004,30.0,13,0,4,5,0,0,10
37587,1.0,10.0,3.0,7.0,2.0,1.0,0.4,0.30000000000000004,30.0,14,0,3,4,0,0,7
37587,1.0,10.0,3.0,7.0,2.0,1.0,0.4,0.30000000000000004,30.0,15,0,3,2,0,0,5
37587,1.0,10.0,3.0,7.0,2.0,1.0,0.4,0.30000000000000004,30.0,16,0,2,1,0,0,3
37587,1.0,10.0,3.0,7.0,2.0,1.0,0.4,0.30000000000000004,30.0,17,100,2,0,0,0,2
37587,1.0,10.0,3.0,7.0,2.0,1.0,0.4,0.30000000000000004,30.0,18,125.0,2,0,0,0,2
37587,1.0,10.0,3.0,7.0,2.0,1.0,0.4,0.30000000000000004,30.0,19,156.25,2,0,0,0,2
37587,1.0,10.0,3.0,7.0,2.0,1.0,0.4,0.30000000000000004,30.0,20,195.3125,1,0,0,0,1