Exp Num,agent:svo_convergence_factor,agent:params:metabolism,agent:params:consumption_factor,agent:params:procreate_cost_factor,agent:params:procreate_req_factor,agent:params:start_energy_factor,agent:params:caught_chance,agent:params:caught_cooldown_factor,agent:params:maximum_age,Epoch,Resource,A,B,C,D,E
39160,1.0,10.0,3.0,9.0,3.0,2.0,0.2,0.30000000000000004,10.0,0,3620.0,26,32,8,18,82
39160,1.0,10.0,3.0,9.0,3.0,2.0,0.2,0.30000000000000004,10.0,1,2665.0,22,26,7,18,71
39160,1.0,10.0,3.0,9.0,3.0,2.0,0.2,0.30000000000000004,10.0,2,2071.25,22,26,7,17,71
39160,1.0,10.0,3.0,9.0,3.0,2.0,0.2,0.30000000000000004,10.0,3,1659.0625,22,26,7,17,71
39160,1.0,10.0,3.0,9.0,3.0,2.0,0.2,0.30000000000000004,10.0,4,843.828125,19,23,7,14,64
39160,1.0,10.0,3.0,9.0,3.0,2.0,0.2,0.30000000000000004,10.0,5,334.78515625,18,22,6,14,61
39160,1.0,10.0,3.0,9.0,3.0,2.0,0.2,0.30000000000000004,10.0,6,0,18,22,6,14,61
39160,1.0,10.0,3.0,9.0,3.0,2.0,0.2,0.30000000000000004,10.0,7,0,17,20,3,7,46
39160,1.0,10.0,3.0,9.0,3.0,2.0,0.2,0.30000000000000004,10.0,8,0,14,19,2,3,38
39160,1.0,10.0,3.0,9.0,3.0,2.0,0.2,0.30000000000000004,10.0,9,0,14,19,2,2,35
39160,1.0,10.0,3.0,9.0,3.0,2.0,0.2,0.30000000000000004,10.0,10,0,9,14,2,1,25
39160,1.0,10.0,3.0,9.0,3.0,2.0,0.2,0.30000000000000004,10.0,11,0,5,10,1,1,16
39160,1.0,10.0,3.0,9.0,3.0,2.0,0.2,0.30000000000000004,10.0,12,0,2,5,1,1,8
39160,1.0,10.0,3.0,9.0,3.0,2.0,0.2,0.30000000000000004,10.0,13,0,2,5,0,0,7
39160,1.0,10.0,3.0,9.0,3.0,2.0,0.2,0.30000000000000004,10.0,14,0,1,2,0,0,3
39160,1.0,10.0,3.0,9.0,3.0,2.0,0.2,0.30000000000000004,10.0,15,0,0,2,0,0,2
39160,1.0,10.0,3.0,9.0,3.0,2.0,0.2,0.30000000000000004,10.0,16,0,0,1,0,0,1