Exp Num,agent:svo_convergence_factor,agent:params:metabolism,agent:params:consumption_factor,agent:params:procreate_cost_factor,agent:params:procreate_req_factor,agent:params:start_energy_factor,agent:params:caught_chance,agent:params:caught_cooldown_factor,agent:params:maximum_age,Epoch,Resource,A,B,C,D,E
34286,1.0,10.0,3.0,1.0,2.0,2.0,0.2,0.30000000000000004,20.0,0,3800.0,26,46,18,21,99
34286,1.0,10.0,3.0,1.0,2.0,2.0,0.2,0.30000000000000004,20.0,1,2740.0,28,57,30,26,124
34286,1.0,10.0,3.0,1.0,2.0,2.0,0.2,0.30000000000000004,20.0,2,1115.0,32,74,42,27,157
34286,1.0,10.0,3.0,1.0,2.0,2.0,0.2,0.30000000000000004,20.0,3,0,34,90,49,21,179
34286,1.0,10.0,3.0,1.0,2.0,2.0,0.2,0.30000000000000004,20.0,4,0,23,81,35,12,142
34286,1.0,10.0,3.0,1.0,2.0,2.0,0.2,0.30000000000000004,20.0,5,0,22,53,19,6,95
34286,1.0,10.0,3.0,1.0,2.0,2.0,0.2,0.30000000000000004,20.0,6,0,15,37,10,3,63
34286,1.0,10.0,3.0,1.0,2.0,2.0,0.2,0.30000000000000004,20.0,7,0,9,20,6,1,36
34286,1.0,10.0,3.0,1.0,2.0,2.0,0.2,0.30000000000000004,20.0,8,0,7,12,1,0,20
34286,1.0,10.0,3.0,1.0,2.0,2.0,0.2,0.30000000000000004,20.0,9,0,3,7,0,0,10
34286,1.0,10.0,3.0,1.0,2.0,2.0,0.2,0.30000000000000004,20.0,10,0,1,5,0,0,6
34286,1.0,10.0,3.0,1.0,2.0,2.0,0.2,0.30000000000000004,20.0,11,0,1,2,0,0,3
34286,1.0,10.0,3.0,1.0,2.0,2.0,0.2,0.30000000000000004,20.0,12,0,0,1,0,0,1