Exp Num,agent:svo_convergence_factor,agent:params:metabolism,agent:params:consumption_factor,agent:params:procreate_cost_factor,agent:params:procreate_req_factor,agent:params:start_energy_factor,agent:params:caught_chance,agent:params:caught_cooldown_factor,agent:params:maximum_age,Epoch,Resource,A,B,C,D,E
37406,1.0,10.0,3.0,7.0,1.0,3.0,0.2,0.2,20.0,0,3920.0,11,23,10,33,67
37406,1.0,10.0,3.0,7.0,1.0,3.0,0.2,0.2,20.0,1,3910.0,13,28,11,33,75
37406,1.0,10.0,3.0,7.0,1.0,3.0,0.2,0.2,20.0,2,3237.5,14,25,9,32,68
37406,1.0,10.0,3.0,7.0,1.0,3.0,0.2,0.2,20.0,3,2816.875,14,30,9,32,73
37406,1.0,10.0,3.0,7.0,1.0,3.0,0.2,0.2,20.0,4,2501.09375,14,28,13,32,75
37406,1.0,10.0,3.0,7.0,1.0,3.0,0.2,0.2,20.0,5,1506.3671875,14,32,14,29,80
37406,1.0,10.0,3.0,7.0,1.0,3.0,0.2,0.2,20.0,6,532.958984375,14,38,18,28,90
37406,1.0,10.0,3.0,7.0,1.0,3.0,0.2,0.2,20.0,7,0,13,44,17,27,94
37406,1.0,10.0,3.0,7.0,1.0,3.0,0.2,0.2,20.0,8,0,10,39,17,22,75
37406,1.0,10.0,3.0,7.0,1.0,3.0,0.2,0.2,20.0,9,0,7,38,16,11,65
37406,1.0,10.0,3.0,7.0,1.0,3.0,0.2,0.2,20.0,10,0,5,34,12,7,55
37406,1.0,10.0,3.0,7.0,1.0,3.0,0.2,0.2,20.0,11,0,5,29,10,5,47
37406,1.0,10.0,3.0,7.0,1.0,3.0,0.2,0.2,20.0,12,0,4,27,9,1,42
37406,1.0,10.0,3.0,7.0,1.0,3.0,0.2,0.2,20.0,13,0,3,24,7,0,35
37406,1.0,10.0,3.0,7.0,1.0,3.0,0.2,0.2,20.0,14,0,2,20,4,0,27
37406,1.0,10.0,3.0,7.0,1.0,3.0,0.2,0.2,20.0,15,0,1,15,1,0,18
37406,1.0,10.0,3.0,7.0,1.0,3.0,0.2,0.2,20.0,16,0,0,11,1,0,13
37406,1.0,10.0,3.0,7.0,1.0,3.0,0.2,0.2,20.0,17,0,0,9,1,0,10
37406,1.0,10.0,3.0,7.0,1.0,3.0,0.2,0.2,20.0,18,10.0,0,6,1,0,7
37406,1.0,10.0,3.0,7.0,1.0,3.0,0.2,0.2,20.0,19,0,0,4,1,0,5
37406,1.0,10.0,3.0,7.0,1.0,3.0,0.2,0.2,20.0,20,0,0,3,1,0,4
37406,1.0,10.0,3.0,7.0,1.0,3.0,0.2,0.2,20.0,21,0,0,3,0,0,3
37406,1.0,10.0,3.0,7.0,1.0,3.0,0.2,0.2,20.0,22,0,0,3,0,0,3
37406,1.0,10.0,3.0,7.0,1.0,3.0,0.2,0.2,20.0,23,0,0,2,0,0,2
37406,1.0,10.0,3.0,7.0,1.0,3.0,0.2,0.2,20.0,24,0,0,1,0,0,1