Exp Num,agent:svo_convergence_factor,agent:params:metabolism,agent:params:consumption_factor,agent:params:procreate_cost_factor,agent:params:procreate_req_factor,agent:params:start_energy_factor,agent:params:caught_chance,agent:params:caught_cooldown_factor,agent:params:maximum_age,Epoch,Resource,A,B,C,D,E
39170,1.0,10.0,3.0,9.0,3.0,2.0,0.2,0.5,10.0,0,3920.0,16,30,17,23,77
39170,1.0,10.0,3.0,9.0,3.0,2.0,0.2,0.5,10.0,1,2980.0,14,26,14,21,68
39170,1.0,10.0,3.0,9.0,3.0,2.0,0.2,0.5,10.0,2,2585.0,14,26,14,21,68
39170,1.0,10.0,3.0,9.0,3.0,2.0,0.2,0.5,10.0,3,2301.25,14,26,14,21,68
39170,1.0,10.0,3.0,9.0,3.0,2.0,0.2,0.5,10.0,4,1796.5625,13,20,12,20,58
39170,1.0,10.0,3.0,9.0,3.0,2.0,0.2,0.5,10.0,5,1405.703125,13,19,12,19,57
39170,1.0,10.0,3.0,9.0,3.0,2.0,0.2,0.5,10.0,6,1097.12890625,12,19,12,19,56
39170,1.0,10.0,3.0,9.0,3.0,2.0,0.2,0.5,10.0,7,381.4111328125,11,17,10,18,51
39170,1.0,10.0,3.0,9.0,3.0,2.0,0.2,0.5,10.0,8,0,11,16,10,16,49
39170,1.0,10.0,3.0,9.0,3.0,2.0,0.2,0.5,10.0,9,0,11,16,10,16,49
39170,1.0,10.0,3.0,9.0,3.0,2.0,0.2,0.5,10.0,10,0,5,10,7,8,30
39170,1.0,10.0,3.0,9.0,3.0,2.0,0.2,0.5,10.0,11,0,2,6,4,5,17
39170,1.0,10.0,3.0,9.0,3.0,2.0,0.2,0.5,10.0,12,0,1,4,1,2,10
39170,1.0,10.0,3.0,9.0,3.0,2.0,0.2,0.5,10.0,13,0,1,2,1,0,7
39170,1.0,10.0,3.0,9.0,3.0,2.0,0.2,0.5,10.0,14,0,0,0,1,0,3
39170,1.0,10.0,3.0,9.0,3.0,2.0,0.2,0.5,10.0,15,0,0,0,1,0,2
39170,1.0,10.0,3.0,9.0,3.0,2.0,0.2,0.5,10.0,16,0,0,0,0,0,1