Exp Num,agent:svo_convergence_factor,agent:params:metabolism,agent:params:consumption_factor,agent:params:procreate_cost_factor,agent:params:procreate_req_factor,agent:params:start_energy_factor,agent:params:caught_chance,agent:params:caught_cooldown_factor,agent:params:maximum_age,Epoch,Resource,A,B,C,D,E
35208,1.0,10.0,3.0,3.0,1.0,3.0,0.4,0.2,40.0,0,4130.0,14,48,9,26,88
35208,1.0,10.0,3.0,3.0,1.0,3.0,0.4,0.2,40.0,1,4292.5,15,58,13,28,103
35208,1.0,10.0,3.0,3.0,1.0,3.0,0.4,0.2,40.0,2,3685.625,8,62,19,25,108
35208,1.0,10.0,3.0,3.0,1.0,3.0,0.4,0.2,40.0,3,2417.03125,7,71,31,26,127
35208,1.0,10.0,3.0,3.0,1.0,3.0,0.4,0.2,40.0,4,1461.2890625,7,85,38,30,148
35208,1.0,10.0,3.0,3.0,1.0,3.0,0.4,0.2,40.0,5,0,7,87,44,37,155
35208,1.0,10.0,3.0,3.0,1.0,3.0,0.4,0.2,40.0,6,0,4,69,43,26,124
35208,1.0,10.0,3.0,3.0,1.0,3.0,0.4,0.2,40.0,7,0,4,51,37,21,97
35208,1.0,10.0,3.0,3.0,1.0,3.0,0.4,0.2,40.0,8,0,2,38,32,15,73
35208,1.0,10.0,3.0,3.0,1.0,3.0,0.4,0.2,40.0,9,0,1,22,30,8,53
35208,1.0,10.0,3.0,3.0,1.0,3.0,0.4,0.2,40.0,10,0,1,9,28,5,38
35208,1.0,10.0,3.0,3.0,1.0,3.0,0.4,0.2,40.0,11,0,1,5,22,4,28
35208,1.0,10.0,3.0,3.0,1.0,3.0,0.4,0.2,40.0,12,0,0,2,19,2,21
35208,1.0,10.0,3.0,3.0,1.0,3.0,0.4,0.2,40.0,13,0,0,1,13,0,14
35208,1.0,10.0,3.0,3.0,1.0,3.0,0.4,0.2,40.0,14,0,0,0,8,0,8
35208,1.0,10.0,3.0,3.0,1.0,3.0,0.4,0.2,40.0,15,0,0,0,8,0,8
35208,1.0,10.0,3.0,3.0,1.0,3.0,0.4,0.2,40.0,16,0,0,0,6,0,6
35208,1.0,10.0,3.0,3.0,1.0,3.0,0.4,0.2,40.0,17,0,0,0,5,0,5
35208,1.0,10.0,3.0,3.0,1.0,3.0,0.4,0.2,40.0,18,0,0,0,6,0,6
35208,1.0,10.0,3.0,3.0,1.0,3.0,0.4,0.2,40.0,19,0,0,0,4,0,4
35208,1.0,10.0,3.0,3.0,1.0,3.0,0.4,0.2,40.0,20,0,0,0,2,0,2
35208,1.0,10.0,3.0,3.0,1.0,3.0,0.4,0.2,40.0,21,0,0,0,2,0,2
35208,1.0,10.0,3.0,3.0,1.0,3.0,0.4,0.2,40.0,22,0,0,0,1,0,1