Exp Num,agent:svo_convergence_factor,agent:params:metabolism,agent:params:consumption_factor,agent:params:procreate_cost_factor,agent:params:procreate_req_factor,agent:params:start_energy_factor,agent:params:caught_chance,agent:params:caught_cooldown_factor,agent:params:maximum_age,Epoch,Resource,A,B,C,D,E
33387,1.0,10.0,2.0,9.0,3.0,1.0,0.1,0.30000000000000004,30.0,0,3000.0,20,15,15,28,72
33387,1.0,10.0,2.0,9.0,3.0,1.0,0.1,0.30000000000000004,30.0,1,2790.0,20,15,15,28,72
33387,1.0,10.0,2.0,9.0,3.0,1.0,0.1,0.30000000000000004,30.0,2,2027.5,19,15,15,28,71
33387,1.0,10.0,2.0,9.0,3.0,1.0,0.1,0.30000000000000004,30.0,3,1814.375,19,15,15,28,71
33387,1.0,10.0,2.0,9.0,3.0,1.0,0.1,0.30000000000000004,30.0,4,987.96875,18,14,15,24,69
33387,1.0,10.0,2.0,9.0,3.0,1.0,0.1,0.30000000000000004,30.0,5,554.9609375,18,14,15,24,68
33387,1.0,10.0,2.0,9.0,3.0,1.0,0.1,0.30000000000000004,30.0,6,0,16,13,12,19,59
33387,1.0,10.0,2.0,9.0,3.0,1.0,0.1,0.30000000000000004,30.0,7,0,15,11,12,16,53
33387,1.0,10.0,2.0,9.0,3.0,1.0,0.1,0.30000000000000004,30.0,8,0,12,8,6,10,33
33387,1.0,10.0,2.0,9.0,3.0,1.0,0.1,0.30000000000000004,30.0,9,0,11,8,4,4,26
33387,1.0,10.0,2.0,9.0,3.0,1.0,0.1,0.30000000000000004,30.0,10,0,9,7,3,2,20
33387,1.0,10.0,2.0,9.0,3.0,1.0,0.1,0.30000000000000004,30.0,11,0,7,4,1,2,12
33387,1.0,10.0,2.0,9.0,3.0,1.0,0.1,0.30000000000000004,30.0,12,0,7,2,1,1,10
33387,1.0,10.0,2.0,9.0,3.0,1.0,0.1,0.30000000000000004,30.0,13,0,6,1,0,1,7
33387,1.0,10.0,2.0,9.0,3.0,1.0,0.1,0.30000000000000004,30.0,14,0,6,0,0,0,6
33387,1.0,10.0,2.0,9.0,3.0,1.0,0.1,0.30000000000000004,30.0,15,0,4,0,0,0,4
33387,1.0,10.0,2.0,9.0,3.0,1.0,0.1,0.30000000000000004,30.0,16,0,2,0,0,0,2
33387,1.0,10.0,2.0,9.0,3.0,1.0,0.1,0.30000000000000004,30.0,17,80.0,2,0,0,0,2
33387,1.0,10.0,2.0,9.0,3.0,1.0,0.1,0.30000000000000004,30.0,18,100.0,1,0,0,0,1