Exp Num,agent:svo_convergence_factor,agent:params:metabolism,agent:params:consumption_factor,agent:params:procreate_cost_factor,agent:params:procreate_req_factor,agent:params:start_energy_factor,agent:params:caught_chance,agent:params:caught_cooldown_factor,agent:params:maximum_age,Epoch,Resource,A,B,C,D,E
30507,1.0,10.0,2.0,5.0,1.0,2.0,0.1,0.2,30.0,0,3560.0,12,37,9,25,75
30507,1.0,10.0,2.0,5.0,1.0,2.0,0.1,0.2,30.0,1,3230.0,12,34,8,25,71
30507,1.0,10.0,2.0,5.0,1.0,2.0,0.1,0.2,30.0,2,3237.5,15,39,11,25,82
30507,1.0,10.0,2.0,5.0,1.0,2.0,0.1,0.2,30.0,3,2586.875,12,41,11,24,81
30507,1.0,10.0,2.0,5.0,1.0,2.0,0.1,0.2,30.0,4,2133.59375,12,48,14,24,91
30507,1.0,10.0,2.0,5.0,1.0,2.0,0.1,0.2,30.0,5,1366.9921875,12,48,15,24,92
30507,1.0,10.0,2.0,5.0,1.0,2.0,0.1,0.2,30.0,6,568.740234375,13,51,17,23,98
30507,1.0,10.0,2.0,5.0,1.0,2.0,0.1,0.2,30.0,7,0,13,47,16,17,90
30507,1.0,10.0,2.0,5.0,1.0,2.0,0.1,0.2,30.0,8,0,8,41,12,12,72
30507,1.0,10.0,2.0,5.0,1.0,2.0,0.1,0.2,30.0,9,0,7,37,9,6,57
30507,1.0,10.0,2.0,5.0,1.0,2.0,0.1,0.2,30.0,10,0,7,30,7,4,45
30507,1.0,10.0,2.0,5.0,1.0,2.0,0.1,0.2,30.0,11,0,4,26,4,3,34
30507,1.0,10.0,2.0,5.0,1.0,2.0,0.1,0.2,30.0,12,0,3,18,3,2,24
30507,1.0,10.0,2.0,5.0,1.0,2.0,0.1,0.2,30.0,13,0,2,16,1,0,19
30507,1.0,10.0,2.0,5.0,1.0,2.0,0.1,0.2,30.0,14,0,2,10,0,0,12
30507,1.0,10.0,2.0,5.0,1.0,2.0,0.1,0.2,30.0,15,0,0,8,0,0,8
30507,1.0,10.0,2.0,5.0,1.0,2.0,0.1,0.2,30.0,16,0,0,5,0,0,5
30507,1.0,10.0,2.0,5.0,1.0,2.0,0.1,0.2,30.0,17,0,0,3,0,0,3
30507,1.0,10.0,2.0,5.0,1.0,2.0,0.1,0.2,30.0,18,100,0,2,0,0,2
30507,1.0,10.0,2.0,5.0,1.0,2.0,0.1,0.2,30.0,19,105.0,0,2,0,0,2
30507,1.0,10.0,2.0,5.0,1.0,2.0,0.1,0.2,30.0,20,111.25,0,2,0,0,2
30507,1.0,10.0,2.0,5.0,1.0,2.0,0.1,0.2,30.0,21,119.0625,0,2,0,0,2
30507,1.0,10.0,2.0,5.0,1.0,2.0,0.1,0.2,30.0,22,128.828125,0,2,0,0,2
30507,1.0,10.0,2.0,5.0,1.0,2.0,0.1,0.2,30.0,23,161.03515625,0,1,0,0,1