Exp Num,agent:svo_convergence_factor,agent:params:metabolism,agent:params:consumption_factor,agent:params:procreate_cost_factor,agent:params:procreate_req_factor,agent:params:start_energy_factor,agent:params:caught_chance,agent:params:caught_cooldown_factor,agent:params:maximum_age,Epoch,Resource,A,B,C,D,E
33012,1.0,10.0,2.0,9.0,2.0,1.0,0.1,0.30000000000000004,30.0,0,3000.0,25,33,4,20,80
33012,1.0,10.0,2.0,9.0,2.0,1.0,0.1,0.30000000000000004,30.0,1,2690.0,25,33,4,20,80
33012,1.0,10.0,2.0,9.0,2.0,1.0,0.1,0.30000000000000004,30.0,2,1762.5,22,32,4,20,76
33012,1.0,10.0,2.0,9.0,2.0,1.0,0.1,0.30000000000000004,30.0,3,1383.125,22,32,4,20,76
33012,1.0,10.0,2.0,9.0,2.0,1.0,0.1,0.30000000000000004,30.0,4,388.90625,22,29,4,18,73
33012,1.0,10.0,2.0,9.0,2.0,1.0,0.1,0.30000000000000004,30.0,5,0,22,29,4,18,73
33012,1.0,10.0,2.0,9.0,2.0,1.0,0.1,0.30000000000000004,30.0,6,0,21,23,4,12,52
33012,1.0,10.0,2.0,9.0,2.0,1.0,0.1,0.30000000000000004,30.0,7,0,18,20,4,9,45
33012,1.0,10.0,2.0,9.0,2.0,1.0,0.1,0.30000000000000004,30.0,8,0,16,15,3,5,36
33012,1.0,10.0,2.0,9.0,2.0,1.0,0.1,0.30000000000000004,30.0,9,0,13,10,3,2,27
33012,1.0,10.0,2.0,9.0,2.0,1.0,0.1,0.30000000000000004,30.0,10,0,11,6,2,1,20
33012,1.0,10.0,2.0,9.0,2.0,1.0,0.1,0.30000000000000004,30.0,11,0,9,4,2,0,15
33012,1.0,10.0,2.0,9.0,2.0,1.0,0.1,0.30000000000000004,30.0,12,0,5,4,1,0,10
33012,1.0,10.0,2.0,9.0,2.0,1.0,0.1,0.30000000000000004,30.0,13,0,3,3,1,0,7
33012,1.0,10.0,2.0,9.0,2.0,1.0,0.1,0.30000000000000004,30.0,14,0,2,2,1,0,5
33012,1.0,10.0,2.0,9.0,2.0,1.0,0.1,0.30000000000000004,30.0,15,0,2,2,0,0,4
33012,1.0,10.0,2.0,9.0,2.0,1.0,0.1,0.30000000000000004,30.0,16,80.0,1,1,0,0,2
33012,1.0,10.0,2.0,9.0,2.0,1.0,0.1,0.30000000000000004,30.0,17,100.0,1,0,0,0,1