Exp Num,agent:svo_convergence_factor,agent:params:metabolism,agent:params:consumption_factor,agent:params:procreate_cost_factor,agent:params:procreate_req_factor,agent:params:start_energy_factor,agent:params:caught_chance,agent:params:caught_cooldown_factor,agent:params:maximum_age,Epoch,Resource,A,B,C,D,E
37988,1.0,10.0,3.0,7.0,3.0,1.0,0.5,0.30000000000000004,40.0,0,2000.0,21,28,9,27,73
37988,1.0,10.0,3.0,7.0,3.0,1.0,0.5,0.30000000000000004,40.0,1,1600.0,21,28,9,27,73
37988,1.0,10.0,3.0,7.0,3.0,1.0,0.5,0.30000000000000004,40.0,2,1250.0,21,28,9,27,73
37988,1.0,10.0,3.0,7.0,3.0,1.0,0.5,0.30000000000000004,40.0,3,782.5,12,19,5,22,50
37988,1.0,10.0,3.0,7.0,3.0,1.0,0.5,0.30000000000000004,40.0,4,528.125,11,16,4,21,45
37988,1.0,10.0,3.0,7.0,3.0,1.0,0.5,0.30000000000000004,40.0,5,480.15625,11,16,4,21,45
37988,1.0,10.0,3.0,7.0,3.0,1.0,0.5,0.30000000000000004,40.0,6,150.1953125,10,13,2,20,37
37988,1.0,10.0,3.0,7.0,3.0,1.0,0.5,0.30000000000000004,40.0,7,0,9,12,1,18,34
37988,1.0,10.0,3.0,7.0,3.0,1.0,0.5,0.30000000000000004,40.0,8,0,8,10,1,18,29
37988,1.0,10.0,3.0,7.0,3.0,1.0,0.5,0.30000000000000004,40.0,9,0,7,8,1,10,21
37988,1.0,10.0,3.0,7.0,3.0,1.0,0.5,0.30000000000000004,40.0,10,0,7,5,0,5,15
37988,1.0,10.0,3.0,7.0,3.0,1.0,0.5,0.30000000000000004,40.0,11,0,6,4,0,3,10
37988,1.0,10.0,3.0,7.0,3.0,1.0,0.5,0.30000000000000004,40.0,12,0,6,2,0,2,8
37988,1.0,10.0,3.0,7.0,3.0,1.0,0.5,0.30000000000000004,40.0,13,0,6,1,0,1,7
37988,1.0,10.0,3.0,7.0,3.0,1.0,0.5,0.30000000000000004,40.0,14,0,4,1,0,0,5
37988,1.0,10.0,3.0,7.0,3.0,1.0,0.5,0.30000000000000004,40.0,15,0,3,0,0,0,3
37988,1.0,10.0,3.0,7.0,3.0,1.0,0.5,0.30000000000000004,40.0,16,0,3,0,0,0,3
37988,1.0,10.0,3.0,7.0,3.0,1.0,0.5,0.30000000000000004,40.0,17,0,3,0,0,0,3
37988,1.0,10.0,3.0,7.0,3.0,1.0,0.5,0.30000000000000004,40.0,18,100,2,0,0,0,2
37988,1.0,10.0,3.0,7.0,3.0,1.0,0.5,0.30000000000000004,40.0,19,125.0,1,0,0,0,1