Exp Num,agent:svo_convergence_factor,agent:params:metabolism,agent:params:consumption_factor,agent:params:procreate_cost_factor,agent:params:procreate_req_factor,agent:params:start_energy_factor,agent:params:caught_chance,agent:params:caught_cooldown_factor,agent:params:maximum_age,Epoch,Resource,A,B,C,D,E
38779,1.0,10.0,3.0,9.0,2.0,2.0,0.2,0.1,50.0,0,3710.0,20,24,10,36,64
38779,1.0,10.0,3.0,9.0,2.0,2.0,0.2,0.1,50.0,1,2867.5,15,19,10,33,54
38779,1.0,10.0,3.0,9.0,2.0,2.0,0.2,0.1,50.0,2,2534.375,15,17,10,33,52
38779,1.0,10.0,3.0,9.0,2.0,2.0,0.2,0.1,50.0,3,2297.96875,15,17,10,33,52
38779,1.0,10.0,3.0,9.0,2.0,2.0,0.2,0.1,50.0,4,1642.4609375,12,16,10,29,48
38779,1.0,10.0,3.0,9.0,2.0,2.0,0.2,0.1,50.0,5,1123.076171875,12,15,10,29,47
38779,1.0,10.0,3.0,9.0,2.0,2.0,0.2,0.1,50.0,6,803.84521484375,12,15,10,29,47
38779,1.0,10.0,3.0,9.0,2.0,2.0,0.2,0.1,50.0,7,0,13,13,10,25,44
38779,1.0,10.0,3.0,9.0,2.0,2.0,0.2,0.1,50.0,8,0,13,13,9,20,43
38779,1.0,10.0,3.0,9.0,2.0,2.0,0.2,0.1,50.0,9,0,12,13,9,20,42
38779,1.0,10.0,3.0,9.0,2.0,2.0,0.2,0.1,50.0,10,0,12,12,8,13,36
38779,1.0,10.0,3.0,9.0,2.0,2.0,0.2,0.1,50.0,11,0,10,12,7,4,31
38779,1.0,10.0,3.0,9.0,2.0,2.0,0.2,0.1,50.0,12,0,10,11,6,3,28
38779,1.0,10.0,3.0,9.0,2.0,2.0,0.2,0.1,50.0,13,0,9,10,6,2,25
38779,1.0,10.0,3.0,9.0,2.0,2.0,0.2,0.1,50.0,14,0,9,9,4,1,22
38779,1.0,10.0,3.0,9.0,2.0,2.0,0.2,0.1,50.0,15,0,9,9,3,0,21
38779,1.0,10.0,3.0,9.0,2.0,2.0,0.2,0.1,50.0,16,0,8,8,3,0,19
38779,1.0,10.0,3.0,9.0,2.0,2.0,0.2,0.1,50.0,17,0,8,7,3,0,18
38779,1.0,10.0,3.0,9.0,2.0,2.0,0.2,0.1,50.0,18,0,7,5,3,0,15
38779,1.0,10.0,3.0,9.0,2.0,2.0,0.2,0.1,50.0,19,0,7,4,3,0,14
38779,1.0,10.0,3.0,9.0,2.0,2.0,0.2,0.1,50.0,20,0,7,4,2,0,13
38779,1.0,10.0,3.0,9.0,2.0,2.0,0.2,0.1,50.0,21,0,7,3,0,0,10
38779,1.0,10.0,3.0,9.0,2.0,2.0,0.2,0.1,50.0,22,0,5,2,0,0,7
38779,1.0,10.0,3.0,9.0,2.0,2.0,0.2,0.1,50.0,23,0,4,1,0,0,5
38779,1.0,10.0,3.0,9.0,2.0,2.0,0.2,0.1,50.0,24,0,2,1,0,0,3
38779,1.0,10.0,3.0,9.0,2.0,2.0,0.2,0.1,50.0,25,0,2,1,0,0,3
38779,1.0,10.0,3.0,9.0,2.0,2.0,0.2,0.1,50.0,26,0,1,1,0,0,2
38779,1.0,10.0,3.0,9.0,2.0,2.0,0.2,0.1,50.0,27,0,1,1,0,0,2
38779,1.0,10.0,3.0,9.0,2.0,2.0,0.2,0.1,50.0,28,0,1,0,0,0,1