Exp Num,agent:svo_convergence_factor,agent:params:metabolism,agent:params:consumption_factor,agent:params:procreate_cost_factor,agent:params:procreate_req_factor,agent:params:start_energy_factor,agent:params:caught_chance,agent:params:caught_cooldown_factor,agent:params:maximum_age,Epoch,Resource,A,B,C,D,E
31881,1.0,10.0,2.0,7.0,2.0,1.0,0.1,0.2,20.0,0,3000.0,17,18,11,29,71
31881,1.0,10.0,2.0,7.0,2.0,1.0,0.1,0.2,20.0,1,3050.0,17,18,11,29,71
31881,1.0,10.0,2.0,7.0,2.0,1.0,0.1,0.2,20.0,2,2332.5,17,17,11,25,69
31881,1.0,10.0,2.0,7.0,2.0,1.0,0.1,0.2,20.0,3,2055.625,17,17,11,25,68
31881,1.0,10.0,2.0,7.0,2.0,1.0,0.1,0.2,20.0,4,1429.53125,14,13,10,25,60
31881,1.0,10.0,2.0,7.0,2.0,1.0,0.1,0.2,20.0,5,1066.9140625,14,13,10,25,60
31881,1.0,10.0,2.0,7.0,2.0,1.0,0.1,0.2,20.0,6,273.642578125,13,12,10,25,57
31881,1.0,10.0,2.0,7.0,2.0,1.0,0.1,0.2,20.0,7,0,13,11,10,24,55
31881,1.0,10.0,2.0,7.0,2.0,1.0,0.1,0.2,20.0,8,0,13,11,6,13,40
31881,1.0,10.0,2.0,7.0,2.0,1.0,0.1,0.2,20.0,9,0,12,10,4,6,33
31881,1.0,10.0,2.0,7.0,2.0,1.0,0.1,0.2,20.0,10,0,12,7,3,6,24
31881,1.0,10.0,2.0,7.0,2.0,1.0,0.1,0.2,20.0,11,0,12,5,3,4,20
31881,1.0,10.0,2.0,7.0,2.0,1.0,0.1,0.2,20.0,12,0,11,3,3,1,17
31881,1.0,10.0,2.0,7.0,2.0,1.0,0.1,0.2,20.0,13,0,9,2,2,0,13
31881,1.0,10.0,2.0,7.0,2.0,1.0,0.1,0.2,20.0,14,0,7,1,1,0,9
31881,1.0,10.0,2.0,7.0,2.0,1.0,0.1,0.2,20.0,15,0,5,1,1,0,7
31881,1.0,10.0,2.0,7.0,2.0,1.0,0.1,0.2,20.0,16,0,3,1,1,0,5
31881,1.0,10.0,2.0,7.0,2.0,1.0,0.1,0.2,20.0,17,0,3,0,0,0,3
31881,1.0,10.0,2.0,7.0,2.0,1.0,0.1,0.2,20.0,18,60.0,3,0,0,0,3
31881,1.0,10.0,2.0,7.0,2.0,1.0,0.1,0.2,20.0,19,35.0,2,0,0,0,2
31881,1.0,10.0,2.0,7.0,2.0,1.0,0.1,0.2,20.0,20,3.75,2,0,0,0,2
31881,1.0,10.0,2.0,7.0,2.0,1.0,0.1,0.2,20.0,21,0,2,0,0,0,2
31881,1.0,10.0,2.0,7.0,2.0,1.0,0.1,0.2,20.0,22,0,1,0,0,0,1