Exp Num,agent:svo_convergence_factor,agent:params:metabolism,agent:params:consumption_factor,agent:params:procreate_cost_factor,agent:params:procreate_req_factor,agent:params:start_energy_factor,agent:params:caught_chance,agent:params:caught_cooldown_factor,agent:params:maximum_age,Epoch,Resource,A,B,C,D,E
34553,1.0,10.0,3.0,1.0,3.0,1.0,0.30000000000000004,0.1,40.0,0,2000.0,19,39,21,42,108
34553,1.0,10.0,3.0,1.0,3.0,1.0,0.30000000000000004,0.1,40.0,1,760.0,22,51,34,43,136
34553,1.0,10.0,3.0,1.0,3.0,1.0,0.30000000000000004,0.1,40.0,2,0,20,47,30,31,117
34553,1.0,10.0,3.0,1.0,3.0,1.0,0.30000000000000004,0.1,40.0,3,0,19,39,16,27,91
34553,1.0,10.0,3.0,1.0,3.0,1.0,0.30000000000000004,0.1,40.0,4,0,12,29,9,10,60
34553,1.0,10.0,3.0,1.0,3.0,1.0,0.30000000000000004,0.1,40.0,5,0,8,20,6,3,39
34553,1.0,10.0,3.0,1.0,3.0,1.0,0.30000000000000004,0.1,40.0,6,0,5,10,3,2,22
34553,1.0,10.0,3.0,1.0,3.0,1.0,0.30000000000000004,0.1,40.0,7,0,2,6,3,1,13
34553,1.0,10.0,3.0,1.0,3.0,1.0,0.30000000000000004,0.1,40.0,8,0,2,3,1,1,6
34553,1.0,10.0,3.0,1.0,3.0,1.0,0.30000000000000004,0.1,40.0,9,0,1,2,0,0,3
34553,1.0,10.0,3.0,1.0,3.0,1.0,0.30000000000000004,0.1,40.0,10,0,1,0,0,0,1