Exp Num,agent:svo_convergence_factor,agent:params:metabolism,agent:params:consumption_factor,agent:params:procreate_cost_factor,agent:params:procreate_req_factor,agent:params:start_energy_factor,agent:params:caught_chance,agent:params:caught_cooldown_factor,agent:params:maximum_age,Epoch,Resource,A,B,C,D,E
30805,1.0,10.0,2.0,5.0,2.0,1.0,0.30000000000000004,0.2,10.0,0,3000.0,16,24,10,30,70
30805,1.0,10.0,2.0,5.0,2.0,1.0,0.30000000000000004,0.2,10.0,1,3050.0,16,24,10,30,70
30805,1.0,10.0,2.0,5.0,2.0,1.0,0.30000000000000004,0.2,10.0,2,2692.5,14,17,9,26,60
30805,1.0,10.0,2.0,5.0,2.0,1.0,0.30000000000000004,0.2,10.0,3,2745.625,14,17,8,26,59
30805,1.0,10.0,2.0,5.0,2.0,1.0,0.30000000000000004,0.2,10.0,4,2732.03125,9,15,8,24,49
30805,1.0,10.0,2.0,5.0,2.0,1.0,0.30000000000000004,0.2,10.0,5,2935.0390625,7,14,8,23,46
30805,1.0,10.0,2.0,5.0,2.0,1.0,0.30000000000000004,0.2,10.0,6,2968.798828125,7,12,7,22,42
30805,1.0,10.0,2.0,5.0,2.0,1.0,0.30000000000000004,0.2,10.0,7,3350.99853515625,7,11,7,21,41
30805,1.0,10.0,2.0,5.0,2.0,1.0,0.30000000000000004,0.2,10.0,8,3368.7481689453125,6,9,7,19,37
30805,1.0,10.0,2.0,5.0,2.0,1.0,0.30000000000000004,0.2,10.0,9,3190.9352111816406,7,9,7,19,37
30805,1.0,10.0,2.0,5.0,2.0,1.0,0.30000000000000004,0.2,10.0,10,3248.669013977051,5,6,5,13,25
30805,1.0,10.0,2.0,5.0,2.0,1.0,0.30000000000000004,0.2,10.0,11,3620.8362674713135,4,4,2,8,14
30805,1.0,10.0,2.0,5.0,2.0,1.0,0.30000000000000004,0.2,10.0,12,4246.045334339142,2,3,2,4,9
30805,1.0,10.0,2.0,5.0,2.0,1.0,0.30000000000000004,0.2,10.0,13,5127.556667923927,2,2,1,3,6
30805,1.0,10.0,2.0,5.0,2.0,1.0,0.30000000000000004,0.2,10.0,14,6289.445834904909,1,1,1,1,4
30805,1.0,10.0,2.0,5.0,2.0,1.0,0.30000000000000004,0.2,10.0,15,7801.807293631136,1,0,0,0,2
30805,1.0,10.0,2.0,5.0,2.0,1.0,0.30000000000000004,0.2,10.0,16,9732.25911703892,1,0,0,0,1