Exp Num,agent:svo_convergence_factor,agent:params:metabolism,agent:params:consumption_factor,agent:params:procreate_cost_factor,agent:params:procreate_req_factor,agent:params:start_energy_factor,agent:params:caught_chance,agent:params:caught_cooldown_factor,agent:params:maximum_age,Epoch,Resource,A,B,C,D,E
37635,1.0,10.0,3.0,7.0,2.0,2.0,0.1,0.30000000000000004,10.0,0,3710.0,15,27,15,28,72
37635,1.0,10.0,3.0,7.0,2.0,2.0,0.1,0.30000000000000004,10.0,1,2387.5,14,25,15,27,69
37635,1.0,10.0,3.0,7.0,2.0,2.0,0.1,0.30000000000000004,10.0,2,1664.375,14,25,15,27,69
37635,1.0,10.0,3.0,7.0,2.0,2.0,0.1,0.30000000000000004,10.0,3,1000.46875,14,25,15,27,69
37635,1.0,10.0,3.0,7.0,2.0,2.0,0.1,0.30000000000000004,10.0,4,0,14,23,13,23,63
37635,1.0,10.0,3.0,7.0,2.0,2.0,0.1,0.30000000000000004,10.0,5,0,14,23,13,22,62
37635,1.0,10.0,3.0,7.0,2.0,2.0,0.1,0.30000000000000004,10.0,6,0,14,23,13,22,60
37635,1.0,10.0,3.0,7.0,2.0,2.0,0.1,0.30000000000000004,10.0,7,0,13,20,8,12,44
37635,1.0,10.0,3.0,7.0,2.0,2.0,0.1,0.30000000000000004,10.0,8,0,13,17,6,7,38
37635,1.0,10.0,3.0,7.0,2.0,2.0,0.1,0.30000000000000004,10.0,9,0,13,16,6,5,35
37635,1.0,10.0,3.0,7.0,2.0,2.0,0.1,0.30000000000000004,10.0,10,0,10,11,4,4,25
37635,1.0,10.0,3.0,7.0,2.0,2.0,0.1,0.30000000000000004,10.0,11,0,8,7,2,1,17
37635,1.0,10.0,3.0,7.0,2.0,2.0,0.1,0.30000000000000004,10.0,12,0,5,4,0,1,9
37635,1.0,10.0,3.0,7.0,2.0,2.0,0.1,0.30000000000000004,10.0,13,0,2,3,0,1,5
37635,1.0,10.0,3.0,7.0,2.0,2.0,0.1,0.30000000000000004,10.0,14,0,1,1,0,1,2
37635,1.0,10.0,3.0,7.0,2.0,2.0,0.1,0.30000000000000004,10.0,15,40.0,1,0,0,1,1
37635,1.0,10.0,3.0,7.0,2.0,2.0,0.1,0.30000000000000004,10.0,16,20.0,1,0,0,0,1