Exp Num,agent:svo_convergence_factor,agent:params:metabolism,agent:params:consumption_factor,agent:params:procreate_cost_factor,agent:params:procreate_req_factor,agent:params:start_energy_factor,agent:params:caught_chance,agent:params:caught_cooldown_factor,agent:params:maximum_age,Epoch,Resource,A,B,C,D,E
37013,1.0,10.0,3.0,5.0,3.0,3.0,0.1,0.30000000000000004,40.0,0,4040.0,11,24,14,27,73
37013,1.0,10.0,3.0,5.0,3.0,3.0,0.1,0.30000000000000004,40.0,1,3760.0,11,24,14,27,73
37013,1.0,10.0,3.0,5.0,3.0,3.0,0.1,0.30000000000000004,40.0,2,2840.0,10,21,12,25,66
37013,1.0,10.0,3.0,5.0,3.0,3.0,0.1,0.30000000000000004,40.0,3,2380.0,10,21,12,25,66
37013,1.0,10.0,3.0,5.0,3.0,3.0,0.1,0.30000000000000004,40.0,4,2015.0,10,21,12,25,66
37013,1.0,10.0,3.0,5.0,3.0,3.0,0.1,0.30000000000000004,40.0,5,928.75,11,22,12,24,67
37013,1.0,10.0,3.0,5.0,3.0,3.0,0.1,0.30000000000000004,40.0,6,140.9375,11,22,12,24,67
37013,1.0,10.0,3.0,5.0,3.0,3.0,0.1,0.30000000000000004,40.0,7,0,11,22,12,24,67
37013,1.0,10.0,3.0,5.0,3.0,3.0,0.1,0.30000000000000004,40.0,8,0,10,22,10,10,54
37013,1.0,10.0,3.0,5.0,3.0,3.0,0.1,0.30000000000000004,40.0,9,0,10,21,8,7,45
37013,1.0,10.0,3.0,5.0,3.0,3.0,0.1,0.30000000000000004,40.0,10,0,10,21,8,5,42
37013,1.0,10.0,3.0,5.0,3.0,3.0,0.1,0.30000000000000004,40.0,11,0,10,20,8,3,38
37013,1.0,10.0,3.0,5.0,3.0,3.0,0.1,0.30000000000000004,40.0,12,0,10,19,8,2,37
37013,1.0,10.0,3.0,5.0,3.0,3.0,0.1,0.30000000000000004,40.0,13,0,8,19,7,2,34
37013,1.0,10.0,3.0,5.0,3.0,3.0,0.1,0.30000000000000004,40.0,14,0,8,19,6,2,33
37013,1.0,10.0,3.0,5.0,3.0,3.0,0.1,0.30000000000000004,40.0,15,0,8,17,3,1,28
37013,1.0,10.0,3.0,5.0,3.0,3.0,0.1,0.30000000000000004,40.0,16,0,8,15,3,1,26
37013,1.0,10.0,3.0,5.0,3.0,3.0,0.1,0.30000000000000004,40.0,17,0,7,12,1,1,20
37013,1.0,10.0,3.0,5.0,3.0,3.0,0.1,0.30000000000000004,40.0,18,0,7,9,1,1,17
37013,1.0,10.0,3.0,5.0,3.0,3.0,0.1,0.30000000000000004,40.0,19,0,5,9,1,1,15
37013,1.0,10.0,3.0,5.0,3.0,3.0,0.1,0.30000000000000004,40.0,20,0,5,6,1,1,12
37013,1.0,10.0,3.0,5.0,3.0,3.0,0.1,0.30000000000000004,40.0,21,0,5,3,1,0,9
37013,1.0,10.0,3.0,5.0,3.0,3.0,0.1,0.30000000000000004,40.0,22,0,4,1,1,0,6
37013,1.0,10.0,3.0,5.0,3.0,3.0,0.1,0.30000000000000004,40.0,23,0,2,1,0,0,3
37013,1.0,10.0,3.0,5.0,3.0,3.0,0.1,0.30000000000000004,40.0,24,0,1,1,0,0,2
37013,1.0,10.0,3.0,5.0,3.0,3.0,0.1,0.30000000000000004,40.0,25,0,0,1,0,0,1