Exp Num,agent:svo_convergence_factor,agent:params:metabolism,agent:params:consumption_factor,agent:params:procreate_cost_factor,agent:params:procreate_req_factor,agent:params:start_energy_factor,agent:params:caught_chance,agent:params:caught_cooldown_factor,agent:params:maximum_age,Epoch,Resource,A,B,C,D,E
37538,1.0,10.0,3.0,7.0,2.0,1.0,0.2,0.30000000000000004,40.0,0,2000.0,21,29,8,23,77
37538,1.0,10.0,3.0,7.0,2.0,1.0,0.2,0.30000000000000004,40.0,1,1180.0,21,29,8,23,77
37538,1.0,10.0,3.0,7.0,2.0,1.0,0.2,0.30000000000000004,40.0,2,425.0,21,29,8,23,77
37538,1.0,10.0,3.0,7.0,2.0,1.0,0.2,0.30000000000000004,40.0,3,0,17,25,6,16,58
37538,1.0,10.0,3.0,7.0,2.0,1.0,0.2,0.30000000000000004,40.0,4,0,15,23,6,14,52
37538,1.0,10.0,3.0,7.0,2.0,1.0,0.2,0.30000000000000004,40.0,5,0,15,23,5,14,51
37538,1.0,10.0,3.0,7.0,2.0,1.0,0.2,0.30000000000000004,40.0,6,0,14,16,5,8,38
37538,1.0,10.0,3.0,7.0,2.0,1.0,0.2,0.30000000000000004,40.0,7,0,12,13,4,4,31
37538,1.0,10.0,3.0,7.0,2.0,1.0,0.2,0.30000000000000004,40.0,8,0,12,11,2,2,27
37538,1.0,10.0,3.0,7.0,2.0,1.0,0.2,0.30000000000000004,40.0,9,0,11,7,2,1,22
37538,1.0,10.0,3.0,7.0,2.0,1.0,0.2,0.30000000000000004,40.0,10,0,9,4,1,1,15
37538,1.0,10.0,3.0,7.0,2.0,1.0,0.2,0.30000000000000004,40.0,11,0,6,4,1,0,12
37538,1.0,10.0,3.0,7.0,2.0,1.0,0.2,0.30000000000000004,40.0,12,0,4,3,1,0,8
37538,1.0,10.0,3.0,7.0,2.0,1.0,0.2,0.30000000000000004,40.0,13,0,2,1,1,0,4
37538,1.0,10.0,3.0,7.0,2.0,1.0,0.2,0.30000000000000004,40.0,14,40.0,1,1,1,0,3
37538,1.0,10.0,3.0,7.0,2.0,1.0,0.2,0.30000000000000004,40.0,15,0,0,1,1,0,2
37538,1.0,10.0,3.0,7.0,2.0,1.0,0.2,0.30000000000000004,40.0,16,0,0,1,1,0,2
37538,1.0,10.0,3.0,7.0,2.0,1.0,0.2,0.30000000000000004,40.0,17,0,0,1,0,0,1