Exp Num,agent:svo_convergence_factor,agent:params:metabolism,agent:params:consumption_factor,agent:params:procreate_cost_factor,agent:params:procreate_req_factor,agent:params:start_energy_factor,agent:params:caught_chance,agent:params:caught_cooldown_factor,agent:params:maximum_age,Epoch,Resource,A,B,C,D,E
30141,1.0,10.0,2.0,3.0,3.0,2.0,0.1,0.4,20.0,0,3580.0,16,31,13,23,77
30141,1.0,10.0,2.0,3.0,3.0,2.0,0.1,0.4,20.0,1,3095.0,14,30,12,23,73
30141,1.0,10.0,2.0,3.0,3.0,2.0,0.1,0.4,20.0,2,2928.75,14,30,12,23,73
30141,1.0,10.0,2.0,3.0,3.0,2.0,0.1,0.4,20.0,3,2400.9375,13,29,12,22,71
30141,1.0,10.0,2.0,3.0,3.0,2.0,0.1,0.4,20.0,4,2301.171875,13,29,12,22,71
30141,1.0,10.0,2.0,3.0,3.0,2.0,0.1,0.4,20.0,5,1756.46484375,12,28,12,21,69
30141,1.0,10.0,2.0,3.0,3.0,2.0,0.1,0.4,20.0,6,1475.5810546875,14,28,12,21,71
30141,1.0,10.0,2.0,3.0,3.0,2.0,0.1,0.4,20.0,7,764.476318359375,13,26,11,21,67
30141,1.0,10.0,2.0,3.0,3.0,2.0,0.1,0.4,20.0,8,195.59539794921875,14,28,11,21,70
30141,1.0,10.0,2.0,3.0,3.0,2.0,0.1,0.4,20.0,9,0,12,23,10,16,55
30141,1.0,10.0,2.0,3.0,3.0,2.0,0.1,0.4,20.0,10,0,12,23,9,13,49
30141,1.0,10.0,2.0,3.0,3.0,2.0,0.1,0.4,20.0,11,0,11,18,7,3,38
30141,1.0,10.0,2.0,3.0,3.0,2.0,0.1,0.4,20.0,12,0,11,18,7,2,36
30141,1.0,10.0,2.0,3.0,3.0,2.0,0.1,0.4,20.0,13,0,10,17,5,1,32
30141,1.0,10.0,2.0,3.0,3.0,2.0,0.1,0.4,20.0,14,0,9,14,4,1,27
30141,1.0,10.0,2.0,3.0,3.0,2.0,0.1,0.4,20.0,15,0,8,10,1,0,19
30141,1.0,10.0,2.0,3.0,3.0,2.0,0.1,0.4,20.0,16,0,7,6,1,0,14
30141,1.0,10.0,2.0,3.0,3.0,2.0,0.1,0.4,20.0,17,0,4,3,1,0,8
30141,1.0,10.0,2.0,3.0,3.0,2.0,0.1,0.4,20.0,18,0,3,1,1,0,5
30141,1.0,10.0,2.0,3.0,3.0,2.0,0.1,0.4,20.0,19,0,1,1,1,0,3
30141,1.0,10.0,2.0,3.0,3.0,2.0,0.1,0.4,20.0,20,100,0,1,1,0,2
30141,1.0,10.0,2.0,3.0,3.0,2.0,0.1,0.4,20.0,21,125.0,0,0,1,0,1