Exp Num,agent:svo_convergence_factor,agent:params:metabolism,agent:params:consumption_factor,agent:params:procreate_cost_factor,agent:params:procreate_req_factor,agent:params:start_energy_factor,agent:params:caught_chance,agent:params:caught_cooldown_factor,agent:params:maximum_age,Epoch,Resource,A,B,C,D,E
37014,1.0,10.0,3.0,5.0,3.0,3.0,0.1,0.30000000000000004,50.0,0,3530.0,20,29,7,29,71
37014,1.0,10.0,3.0,5.0,3.0,3.0,0.1,0.30000000000000004,50.0,1,3032.5,20,29,7,29,71
37014,1.0,10.0,3.0,5.0,3.0,3.0,0.1,0.30000000000000004,50.0,2,1810.625,19,27,7,29,68
37014,1.0,10.0,3.0,5.0,3.0,3.0,0.1,0.30000000000000004,50.0,3,1003.28125,19,27,7,29,68
37014,1.0,10.0,3.0,5.0,3.0,3.0,0.1,0.30000000000000004,50.0,4,0,19,27,7,29,68
37014,1.0,10.0,3.0,5.0,3.0,3.0,0.1,0.30000000000000004,50.0,5,0,18,24,6,21,58
37014,1.0,10.0,3.0,5.0,3.0,3.0,0.1,0.30000000000000004,50.0,6,0,18,24,6,18,53
37014,1.0,10.0,3.0,5.0,3.0,3.0,0.1,0.30000000000000004,50.0,7,0,18,24,6,18,52
37014,1.0,10.0,3.0,5.0,3.0,3.0,0.1,0.30000000000000004,50.0,8,0,18,20,4,13,44
37014,1.0,10.0,3.0,5.0,3.0,3.0,0.1,0.30000000000000004,50.0,9,0,17,18,3,7,39
37014,1.0,10.0,3.0,5.0,3.0,3.0,0.1,0.30000000000000004,50.0,10,0,17,18,3,5,38
37014,1.0,10.0,3.0,5.0,3.0,3.0,0.1,0.30000000000000004,50.0,11,0,14,14,2,3,30
37014,1.0,10.0,3.0,5.0,3.0,3.0,0.1,0.30000000000000004,50.0,12,0,13,10,2,1,25
37014,1.0,10.0,3.0,5.0,3.0,3.0,0.1,0.30000000000000004,50.0,13,0,12,8,1,1,21
37014,1.0,10.0,3.0,5.0,3.0,3.0,0.1,0.30000000000000004,50.0,14,0,11,7,1,1,19
37014,1.0,10.0,3.0,5.0,3.0,3.0,0.1,0.30000000000000004,50.0,15,0,10,7,1,1,18
37014,1.0,10.0,3.0,5.0,3.0,3.0,0.1,0.30000000000000004,50.0,16,0,10,5,0,1,15
37014,1.0,10.0,3.0,5.0,3.0,3.0,0.1,0.30000000000000004,50.0,17,0,9,5,0,1,14
37014,1.0,10.0,3.0,5.0,3.0,3.0,0.1,0.30000000000000004,50.0,18,0,7,4,0,1,11
37014,1.0,10.0,3.0,5.0,3.0,3.0,0.1,0.30000000000000004,50.0,19,0,4,2,0,0,6
37014,1.0,10.0,3.0,5.0,3.0,3.0,0.1,0.30000000000000004,50.0,20,0,3,1,0,0,4
37014,1.0,10.0,3.0,5.0,3.0,3.0,0.1,0.30000000000000004,50.0,21,0,1,1,0,0,2
37014,1.0,10.0,3.0,5.0,3.0,3.0,0.1,0.30000000000000004,50.0,22,0,0,1,0,0,1