Exp Num,agent:svo_convergence_factor,agent:params:metabolism,agent:params:consumption_factor,agent:params:procreate_cost_factor,agent:params:procreate_req_factor,agent:params:start_energy_factor,agent:params:caught_chance,agent:params:caught_cooldown_factor,agent:params:maximum_age,Epoch,Resource,A,B,C,D,E
31879,1.0,10.0,2.0,7.0,2.0,1.0,0.1,0.1,50.0,0,3000.0,13,25,16,28,72
31879,1.0,10.0,2.0,7.0,2.0,1.0,0.1,0.1,50.0,1,2950.0,13,25,16,28,72
31879,1.0,10.0,2.0,7.0,2.0,1.0,0.1,0.1,50.0,2,2347.5,9,24,15,28,65
31879,1.0,10.0,2.0,7.0,2.0,1.0,0.1,0.1,50.0,3,2074.375,9,24,15,28,65
31879,1.0,10.0,2.0,7.0,2.0,1.0,0.1,0.1,50.0,4,1372.96875,8,21,14,28,60
31879,1.0,10.0,2.0,7.0,2.0,1.0,0.1,0.1,50.0,5,1036.2109375,8,21,13,28,59
31879,1.0,10.0,2.0,7.0,2.0,1.0,0.1,0.1,50.0,6,0,8,21,12,27,57
31879,1.0,10.0,2.0,7.0,2.0,1.0,0.1,0.1,50.0,7,0,8,21,12,25,55
31879,1.0,10.0,2.0,7.0,2.0,1.0,0.1,0.1,50.0,8,0,7,19,8,13,41
31879,1.0,10.0,2.0,7.0,2.0,1.0,0.1,0.1,50.0,9,0,7,17,8,6,35
31879,1.0,10.0,2.0,7.0,2.0,1.0,0.1,0.1,50.0,10,0,7,15,2,5,25
31879,1.0,10.0,2.0,7.0,2.0,1.0,0.1,0.1,50.0,11,0,7,10,1,3,19
31879,1.0,10.0,2.0,7.0,2.0,1.0,0.1,0.1,50.0,12,0,6,7,1,1,15
31879,1.0,10.0,2.0,7.0,2.0,1.0,0.1,0.1,50.0,13,0,5,4,1,1,10
31879,1.0,10.0,2.0,7.0,2.0,1.0,0.1,0.1,50.0,14,0,2,3,0,0,5
31879,1.0,10.0,2.0,7.0,2.0,1.0,0.1,0.1,50.0,15,0,2,2,0,0,4
31879,1.0,10.0,2.0,7.0,2.0,1.0,0.1,0.1,50.0,16,0,1,1,0,0,2
31879,1.0,10.0,2.0,7.0,2.0,1.0,0.1,0.1,50.0,17,80.0,1,1,0,0,2
31879,1.0,10.0,2.0,7.0,2.0,1.0,0.1,0.1,50.0,18,80.0,1,1,0,0,2
31879,1.0,10.0,2.0,7.0,2.0,1.0,0.1,0.1,50.0,19,60.0,1,1,0,0,2
31879,1.0,10.0,2.0,7.0,2.0,1.0,0.1,0.1,50.0,20,55.0,1,1,0,0,2
31879,1.0,10.0,2.0,7.0,2.0,1.0,0.1,0.1,50.0,21,48.75,1,1,0,0,2
31879,1.0,10.0,2.0,7.0,2.0,1.0,0.1,0.1,50.0,22,20.9375,1,1,0,0,2
31879,1.0,10.0,2.0,7.0,2.0,1.0,0.1,0.1,50.0,23,0,1,1,0,0,2
31879,1.0,10.0,2.0,7.0,2.0,1.0,0.1,0.1,50.0,24,0,1,1,0,0,2
31879,1.0,10.0,2.0,7.0,2.0,1.0,0.1,0.1,50.0,25,0,1,1,0,0,2
31879,1.0,10.0,2.0,7.0,2.0,1.0,0.1,0.1,50.0,26,0,1,1,0,0,2
31879,1.0,10.0,2.0,7.0,2.0,1.0,0.1,0.1,50.0,27,0,0,1,0,0,1