Exp Num,agent:svo_convergence_factor,agent:params:metabolism,agent:params:consumption_factor,agent:params:procreate_cost_factor,agent:params:procreate_req_factor,agent:params:start_energy_factor,agent:params:caught_chance,agent:params:caught_cooldown_factor,agent:params:maximum_age,Epoch,Resource,A,B,C,D,E
40313,1.0,10.0,4.0,1.0,3.0,2.0,0.30000000000000004,0.30000000000000004,40.0,0,3400.0,36,33,15,26,94
40313,1.0,10.0,4.0,1.0,3.0,2.0,0.30000000000000004,0.30000000000000004,40.0,1,1850.0,36,38,26,31,110
40313,1.0,10.0,4.0,1.0,3.0,2.0,0.30000000000000004,0.30000000000000004,40.0,2,152.5,42,58,31,32,141
40313,1.0,10.0,4.0,1.0,3.0,2.0,0.30000000000000004,0.30000000000000004,40.0,3,0,43,52,26,29,131
40313,1.0,10.0,4.0,1.0,3.0,2.0,0.30000000000000004,0.30000000000000004,40.0,4,0,43,46,23,18,114
40313,1.0,10.0,4.0,1.0,3.0,2.0,0.30000000000000004,0.30000000000000004,40.0,5,0,31,34,12,10,79
40313,1.0,10.0,4.0,1.0,3.0,2.0,0.30000000000000004,0.30000000000000004,40.0,6,0,27,18,9,8,54
40313,1.0,10.0,4.0,1.0,3.0,2.0,0.30000000000000004,0.30000000000000004,40.0,7,0,18,11,4,5,33
40313,1.0,10.0,4.0,1.0,3.0,2.0,0.30000000000000004,0.30000000000000004,40.0,8,0,8,8,3,3,19
40313,1.0,10.0,4.0,1.0,3.0,2.0,0.30000000000000004,0.30000000000000004,40.0,9,0,7,5,0,2,12
40313,1.0,10.0,4.0,1.0,3.0,2.0,0.30000000000000004,0.30000000000000004,40.0,10,0,5,1,0,1,6
40313,1.0,10.0,4.0,1.0,3.0,2.0,0.30000000000000004,0.30000000000000004,40.0,11,0,2,1,0,1,3
40313,1.0,10.0,4.0,1.0,3.0,2.0,0.30000000000000004,0.30000000000000004,40.0,12,0,0,1,0,1,1
40313,1.0,10.0,4.0,1.0,3.0,2.0,0.30000000000000004,0.30000000000000004,40.0,13,0,0,1,0,0,1