Exp Num,agent:svo_convergence_factor,agent:params:metabolism,agent:params:consumption_factor,agent:params:procreate_cost_factor,agent:params:procreate_req_factor,agent:params:start_energy_factor,agent:params:caught_chance,agent:params:caught_cooldown_factor,agent:params:maximum_age,Epoch,Resource,A,B,C,D,E
49672,1.0,15.0,1.0,9.0,1.0,2.0,0.2,0.5,30.0,0,3500.0,17,33,13,21,79
49672,1.0,15.0,1.0,9.0,1.0,2.0,0.2,0.5,30.0,1,2935.0,17,33,13,21,79
49672,1.0,15.0,1.0,9.0,1.0,2.0,0.2,0.5,30.0,2,2663.75,16,33,12,20,77
49672,1.0,15.0,1.0,9.0,1.0,2.0,0.2,0.5,30.0,3,2384.6875,15,29,12,19,72
49672,1.0,15.0,1.0,9.0,1.0,2.0,0.2,0.5,30.0,4,1975.859375,13,28,11,19,68
49672,1.0,15.0,1.0,9.0,1.0,2.0,0.2,0.5,30.0,5,1479.82421875,12,25,11,19,64
49672,1.0,15.0,1.0,9.0,1.0,2.0,0.2,0.5,30.0,6,709.7802734375,10,25,11,19,62
49672,1.0,15.0,1.0,9.0,1.0,2.0,0.2,0.5,30.0,7,0,9,22,10,17,57
49672,1.0,15.0,1.0,9.0,1.0,2.0,0.2,0.5,30.0,8,0,5,18,5,6,33
49672,1.0,15.0,1.0,9.0,1.0,2.0,0.2,0.5,30.0,9,0,3,9,2,2,17
49672,1.0,15.0,1.0,9.0,1.0,2.0,0.2,0.5,30.0,10,0,2,5,1,1,9
49672,1.0,15.0,1.0,9.0,1.0,2.0,0.2,0.5,30.0,11,0,1,2,1,1,4
49672,1.0,15.0,1.0,9.0,1.0,2.0,0.2,0.5,30.0,12,0,0,1,0,1,1
49672,1.0,15.0,1.0,9.0,1.0,2.0,0.2,0.5,30.0,13,0,0,1,0,0,1