Exp Num,agent:svo_convergence_factor,agent:params:metabolism,agent:params:consumption_factor,agent:params:procreate_cost_factor,agent:params:procreate_req_factor,agent:params:start_energy_factor,agent:params:caught_chance,agent:params:caught_cooldown_factor,agent:params:maximum_age,Epoch,Resource,A,B,C,D,E
42071,1.0,10.0,4.0,5.0,2.0,1.0,0.30000000000000004,0.5,20.0,0,1000.0,18,21,7,32,68
42071,1.0,10.0,4.0,5.0,2.0,1.0,0.30000000000000004,0.5,20.0,1,10.0,18,21,7,32,68
42071,1.0,10.0,4.0,5.0,2.0,1.0,0.30000000000000004,0.5,20.0,2,0,18,21,7,32,68
42071,1.0,10.0,4.0,5.0,2.0,1.0,0.30000000000000004,0.5,20.0,3,0,18,21,7,32,68
42071,1.0,10.0,4.0,5.0,2.0,1.0,0.30000000000000004,0.5,20.0,4,0,17,15,3,19,43
42071,1.0,10.0,4.0,5.0,2.0,1.0,0.30000000000000004,0.5,20.0,5,0,16,10,2,13,30
42071,1.0,10.0,4.0,5.0,2.0,1.0,0.30000000000000004,0.5,20.0,6,0,13,10,2,9,25
42071,1.0,10.0,4.0,5.0,2.0,1.0,0.30000000000000004,0.5,20.0,7,0,13,10,1,8,24
42071,1.0,10.0,4.0,5.0,2.0,1.0,0.30000000000000004,0.5,20.0,8,0,7,8,0,7,15
42071,1.0,10.0,4.0,5.0,2.0,1.0,0.30000000000000004,0.5,20.0,9,0,3,5,0,4,8
42071,1.0,10.0,4.0,5.0,2.0,1.0,0.30000000000000004,0.5,20.0,10,0,2,3,0,2,5
42071,1.0,10.0,4.0,5.0,2.0,1.0,0.30000000000000004,0.5,20.0,11,0,1,3,0,1,4
42071,1.0,10.0,4.0,5.0,2.0,1.0,0.30000000000000004,0.5,20.0,12,0,0,2,0,1,2
42071,1.0,10.0,4.0,5.0,2.0,1.0,0.30000000000000004,0.5,20.0,13,100,0,0,0,1,0