Exp Num,agent:svo_convergence_factor,agent:params:metabolism,agent:params:consumption_factor,agent:params:procreate_cost_factor,agent:params:procreate_req_factor,agent:params:start_energy_factor,agent:params:caught_chance,agent:params:caught_cooldown_factor,agent:params:maximum_age,Epoch,Resource,A,B,C,D,E
40823,1.0,10.0,4.0,3.0,1.0,3.0,0.30000000000000004,0.5,40.0,0,3560.0,10,41,19,33,85
40823,1.0,10.0,4.0,3.0,1.0,3.0,0.30000000000000004,0.5,40.0,1,2530.0,12,55,28,35,110
40823,1.0,10.0,4.0,3.0,1.0,3.0,0.30000000000000004,0.5,40.0,2,482.5,11,67,40,41,134
40823,1.0,10.0,4.0,3.0,1.0,3.0,0.30000000000000004,0.5,40.0,3,0,8,65,46,39,125
40823,1.0,10.0,4.0,3.0,1.0,3.0,0.30000000000000004,0.5,40.0,4,0,5,58,51,31,116
40823,1.0,10.0,4.0,3.0,1.0,3.0,0.30000000000000004,0.5,40.0,5,0,3,46,43,15,92
40823,1.0,10.0,4.0,3.0,1.0,3.0,0.30000000000000004,0.5,40.0,6,0,1,37,35,7,73
40823,1.0,10.0,4.0,3.0,1.0,3.0,0.30000000000000004,0.5,40.0,7,0,1,26,25,6,52
40823,1.0,10.0,4.0,3.0,1.0,3.0,0.30000000000000004,0.5,40.0,8,0,1,14,20,5,35
40823,1.0,10.0,4.0,3.0,1.0,3.0,0.30000000000000004,0.5,40.0,9,0,0,13,13,3,26
40823,1.0,10.0,4.0,3.0,1.0,3.0,0.30000000000000004,0.5,40.0,10,0,0,9,10,2,19
40823,1.0,10.0,4.0,3.0,1.0,3.0,0.30000000000000004,0.5,40.0,11,0,0,6,5,1,11
40823,1.0,10.0,4.0,3.0,1.0,3.0,0.30000000000000004,0.5,40.0,12,0,0,3,6,0,9
40823,1.0,10.0,4.0,3.0,1.0,3.0,0.30000000000000004,0.5,40.0,13,0,0,0,6,0,6
40823,1.0,10.0,4.0,3.0,1.0,3.0,0.30000000000000004,0.5,40.0,14,0,0,0,6,0,6
40823,1.0,10.0,4.0,3.0,1.0,3.0,0.30000000000000004,0.5,40.0,15,0,0,0,5,0,5
40823,1.0,10.0,4.0,3.0,1.0,3.0,0.30000000000000004,0.5,40.0,16,0,0,0,4,0,4
40823,1.0,10.0,4.0,3.0,1.0,3.0,0.30000000000000004,0.5,40.0,17,0,0,0,2,0,2
40823,1.0,10.0,4.0,3.0,1.0,3.0,0.30000000000000004,0.5,40.0,18,0,0,0,1,0,1