Exp Num,agent:svo_convergence_factor,agent:params:metabolism,agent:params:consumption_factor,agent:params:procreate_cost_factor,agent:params:procreate_req_factor,agent:params:start_energy_factor,agent:params:caught_chance,agent:params:caught_cooldown_factor,agent:params:maximum_age,Epoch,Resource,A,B,C,D,E
46406,1.0,15.0,1.0,3.0,1.0,3.0,0.2,0.2,20.0,0,3500.0,27,33,31,42,108
46406,1.0,15.0,1.0,3.0,1.0,3.0,0.2,0.2,20.0,1,3100.0,11,26,29,25,76
46406,1.0,15.0,1.0,3.0,1.0,3.0,0.2,0.2,20.0,2,2840.0,9,21,30,26,64
46406,1.0,15.0,1.0,3.0,1.0,3.0,0.2,0.2,20.0,3,2455.0,7,21,42,26,74
46406,1.0,15.0,1.0,3.0,1.0,3.0,0.2,0.2,20.0,4,2213.75,5,19,44,22,72
46406,1.0,15.0,1.0,3.0,1.0,3.0,0.2,0.2,20.0,5,2152.1875,2,17,44,19,67
46406,1.0,15.0,1.0,3.0,1.0,3.0,0.2,0.2,20.0,6,2060.234375,0,16,47,19,66
46406,1.0,15.0,1.0,3.0,1.0,3.0,0.2,0.2,20.0,7,1975.29296875,0,17,47,17,67
46406,1.0,15.0,1.0,3.0,1.0,3.0,0.2,0.2,20.0,8,1794.1162109375,0,14,46,16,63
46406,1.0,15.0,1.0,3.0,1.0,3.0,0.2,0.2,20.0,9,1462.645263671875,0,15,48,15,66
46406,1.0,15.0,1.0,3.0,1.0,3.0,0.2,0.2,20.0,10,913.3065795898438,0,14,47,15,64
46406,1.0,15.0,1.0,3.0,1.0,3.0,0.2,0.2,20.0,11,181.6332244873047,0,13,45,15,61
46406,1.0,15.0,1.0,3.0,1.0,3.0,0.2,0.2,20.0,12,0,0,7,30,12,39
46406,1.0,15.0,1.0,3.0,1.0,3.0,0.2,0.2,20.0,13,0,0,5,17,6,23
46406,1.0,15.0,1.0,3.0,1.0,3.0,0.2,0.2,20.0,14,0,0,2,11,4,13
46406,1.0,15.0,1.0,3.0,1.0,3.0,0.2,0.2,20.0,15,0,0,1,7,1,8
46406,1.0,15.0,1.0,3.0,1.0,3.0,0.2,0.2,20.0,16,0,0,0,4,0,4
46406,1.0,15.0,1.0,3.0,1.0,3.0,0.2,0.2,20.0,17,0,0,0,3,0,3
46406,1.0,15.0,1.0,3.0,1.0,3.0,0.2,0.2,20.0,18,0,0,0,2,0,2
46406,1.0,15.0,1.0,3.0,1.0,3.0,0.2,0.2,20.0,19,0,0,0,1,0,1