Exp Num,agent:svo_convergence_factor,agent:params:metabolism,agent:params:consumption_factor,agent:params:procreate_cost_factor,agent:params:procreate_req_factor,agent:params:start_energy_factor,agent:params:caught_chance,agent:params:caught_cooldown_factor,agent:params:maximum_age,Epoch,Resource,A,B,C,D,E
40086,1.0,10.0,4.0,1.0,2.0,3.0,0.4,0.30000000000000004,20.0,0,4000.0,28,35,22,45,105
40086,1.0,10.0,4.0,1.0,2.0,3.0,0.4,0.30000000000000004,20.0,1,2600.0,19,43,29,50,117
40086,1.0,10.0,4.0,1.0,2.0,3.0,0.4,0.30000000000000004,20.0,2,1170.0,13,57,44,66,143
40086,1.0,10.0,4.0,1.0,2.0,3.0,0.4,0.30000000000000004,20.0,3,0,8,60,55,58,141
40086,1.0,10.0,4.0,1.0,2.0,3.0,0.4,0.30000000000000004,20.0,4,0,8,51,44,46,112
40086,1.0,10.0,4.0,1.0,2.0,3.0,0.4,0.30000000000000004,20.0,5,0,8,37,31,25,83
40086,1.0,10.0,4.0,1.0,2.0,3.0,0.4,0.30000000000000004,20.0,6,0,7,28,19,15,59
40086,1.0,10.0,4.0,1.0,2.0,3.0,0.4,0.30000000000000004,20.0,7,0,5,21,14,7,43
40086,1.0,10.0,4.0,1.0,2.0,3.0,0.4,0.30000000000000004,20.0,8,0,4,17,8,3,31
40086,1.0,10.0,4.0,1.0,2.0,3.0,0.4,0.30000000000000004,20.0,9,0,4,14,4,1,23
40086,1.0,10.0,4.0,1.0,2.0,3.0,0.4,0.30000000000000004,20.0,10,0,1,11,3,0,15
40086,1.0,10.0,4.0,1.0,2.0,3.0,0.4,0.30000000000000004,20.0,11,0,0,6,1,0,7
40086,1.0,10.0,4.0,1.0,2.0,3.0,0.4,0.30000000000000004,20.0,12,0,0,3,1,0,4
40086,1.0,10.0,4.0,1.0,2.0,3.0,0.4,0.30000000000000004,20.0,13,0,0,3,0,0,3
40086,1.0,10.0,4.0,1.0,2.0,3.0,0.4,0.30000000000000004,20.0,14,100,0,2,0,0,2
40086,1.0,10.0,4.0,1.0,2.0,3.0,0.4,0.30000000000000004,20.0,15,85.0,0,1,0,0,1