Exp Num,agent:svo_convergence_factor,agent:params:metabolism,agent:params:consumption_factor,agent:params:procreate_cost_factor,agent:params:procreate_req_factor,agent:params:start_energy_factor,agent:params:caught_chance,agent:params:caught_cooldown_factor,agent:params:maximum_age,Epoch,Resource,A,B,C,D,E
48644,1.0,15.0,1.0,7.0,1.0,3.0,0.1,0.4,50.0,0,3500.0,13,24,11,33,67
48644,1.0,15.0,1.0,7.0,1.0,3.0,0.1,0.4,50.0,1,2920.0,13,24,11,33,67
48644,1.0,15.0,1.0,7.0,1.0,3.0,0.1,0.4,50.0,2,2690.0,13,24,11,33,67
48644,1.0,15.0,1.0,7.0,1.0,3.0,0.1,0.4,50.0,3,2642.5,13,24,11,33,67
48644,1.0,15.0,1.0,7.0,1.0,3.0,0.1,0.4,50.0,4,2373.125,13,24,11,31,66
48644,1.0,15.0,1.0,7.0,1.0,3.0,0.1,0.4,50.0,5,1886.40625,13,24,11,31,65
48644,1.0,15.0,1.0,7.0,1.0,3.0,0.1,0.4,50.0,6,1203.0078125,13,24,10,30,63
48644,1.0,15.0,1.0,7.0,1.0,3.0,0.1,0.4,50.0,7,273.759765625,13,24,10,30,63
48644,1.0,15.0,1.0,7.0,1.0,3.0,0.1,0.4,50.0,8,0,12,17,3,20,44
48644,1.0,15.0,1.0,7.0,1.0,3.0,0.1,0.4,50.0,9,0,11,12,2,6,31
48644,1.0,15.0,1.0,7.0,1.0,3.0,0.1,0.4,50.0,10,0,8,5,0,2,17
48644,1.0,15.0,1.0,7.0,1.0,3.0,0.1,0.4,50.0,11,0,5,2,0,1,9
48644,1.0,15.0,1.0,7.0,1.0,3.0,0.1,0.4,50.0,12,0,4,0,0,1,5
48644,1.0,15.0,1.0,7.0,1.0,3.0,0.1,0.4,50.0,13,0,2,0,0,0,3
48644,1.0,15.0,1.0,7.0,1.0,3.0,0.1,0.4,50.0,14,0,1,0,0,0,1