Exp Num,agent:svo_convergence_factor,agent:params:metabolism,agent:params:consumption_factor,agent:params:procreate_cost_factor,agent:params:procreate_req_factor,agent:params:start_energy_factor,agent:params:caught_chance,agent:params:caught_cooldown_factor,agent:params:maximum_age,Epoch,Resource,A,B,C,D,E
44697,1.0,10.0,4.0,9.0,3.0,1.0,0.30000000000000004,0.5,30.0,0,1000.0,20,21,12,32,68
44697,1.0,10.0,4.0,9.0,3.0,1.0,0.30000000000000004,0.5,30.0,1,0,20,21,12,32,68
44697,1.0,10.0,4.0,9.0,3.0,1.0,0.30000000000000004,0.5,30.0,2,0,20,21,12,32,68
44697,1.0,10.0,4.0,9.0,3.0,1.0,0.30000000000000004,0.5,30.0,3,0,20,21,12,32,68
44697,1.0,10.0,4.0,9.0,3.0,1.0,0.30000000000000004,0.5,30.0,4,0,14,16,8,17,45
44697,1.0,10.0,4.0,9.0,3.0,1.0,0.30000000000000004,0.5,30.0,5,0,10,13,7,9,32
44697,1.0,10.0,4.0,9.0,3.0,1.0,0.30000000000000004,0.5,30.0,6,0,9,13,6,5,29
44697,1.0,10.0,4.0,9.0,3.0,1.0,0.30000000000000004,0.5,30.0,7,0,9,12,6,4,27
44697,1.0,10.0,4.0,9.0,3.0,1.0,0.30000000000000004,0.5,30.0,8,0,5,9,4,4,18
44697,1.0,10.0,4.0,9.0,3.0,1.0,0.30000000000000004,0.5,30.0,9,0,4,5,3,2,12
44697,1.0,10.0,4.0,9.0,3.0,1.0,0.30000000000000004,0.5,30.0,10,0,1,2,2,2,5
44697,1.0,10.0,4.0,9.0,3.0,1.0,0.30000000000000004,0.5,30.0,11,0,0,1,2,1,3
44697,1.0,10.0,4.0,9.0,3.0,1.0,0.30000000000000004,0.5,30.0,12,100,0,1,0,1,1
44697,1.0,10.0,4.0,9.0,3.0,1.0,0.30000000000000004,0.5,30.0,13,85.0,0,1,0,1,1
44697,1.0,10.0,4.0,9.0,3.0,1.0,0.30000000000000004,0.5,30.0,14,106.25,0,0,0,1,0