Exp Num,agent:svo_convergence_factor,agent:params:metabolism,agent:params:consumption_factor,agent:params:procreate_cost_factor,agent:params:procreate_req_factor,agent:params:start_energy_factor,agent:params:caught_chance,agent:params:caught_cooldown_factor,agent:params:maximum_age,Epoch,Resource,A,B,C,D,E
41910,1.0,10.0,4.0,5.0,1.0,3.0,0.2,0.30000000000000004,10.0,0,3560.0,14,44,14,24,94
41910,1.0,10.0,4.0,5.0,1.0,3.0,0.2,0.30000000000000004,10.0,1,2090.0,14,53,21,25,110
41910,1.0,10.0,4.0,5.0,1.0,3.0,0.2,0.30000000000000004,10.0,2,0,12,56,25,22,115
41910,1.0,10.0,4.0,5.0,1.0,3.0,0.2,0.30000000000000004,10.0,3,0,12,65,29,20,125
41910,1.0,10.0,4.0,5.0,1.0,3.0,0.2,0.30000000000000004,10.0,4,0,8,60,26,20,113
41910,1.0,10.0,4.0,5.0,1.0,3.0,0.2,0.30000000000000004,10.0,5,0,5,44,26,14,93
41910,1.0,10.0,4.0,5.0,1.0,3.0,0.2,0.30000000000000004,10.0,6,0,4,37,16,9,66
41910,1.0,10.0,4.0,5.0,1.0,3.0,0.2,0.30000000000000004,10.0,7,0,0,32,11,4,48
41910,1.0,10.0,4.0,5.0,1.0,3.0,0.2,0.30000000000000004,10.0,8,0,0,26,7,1,38
41910,1.0,10.0,4.0,5.0,1.0,3.0,0.2,0.30000000000000004,10.0,9,0,0,17,6,1,25
41910,1.0,10.0,4.0,5.0,1.0,3.0,0.2,0.30000000000000004,10.0,10,0,0,12,4,0,17
41910,1.0,10.0,4.0,5.0,1.0,3.0,0.2,0.30000000000000004,10.0,11,0,0,10,3,0,13
41910,1.0,10.0,4.0,5.0,1.0,3.0,0.2,0.30000000000000004,10.0,12,0,0,7,1,0,8
41910,1.0,10.0,4.0,5.0,1.0,3.0,0.2,0.30000000000000004,10.0,13,0,0,6,1,0,7
41910,1.0,10.0,4.0,5.0,1.0,3.0,0.2,0.30000000000000004,10.0,14,0,0,4,1,0,5
41910,1.0,10.0,4.0,5.0,1.0,3.0,0.2,0.30000000000000004,10.0,15,0,0,3,1,0,4
41910,1.0,10.0,4.0,5.0,1.0,3.0,0.2,0.30000000000000004,10.0,16,0,0,2,1,0,3
41910,1.0,10.0,4.0,5.0,1.0,3.0,0.2,0.30000000000000004,10.0,17,0,0,2,0,0,2
41910,1.0,10.0,4.0,5.0,1.0,3.0,0.2,0.30000000000000004,10.0,18,0,0,2,0,0,2
41910,1.0,10.0,4.0,5.0,1.0,3.0,0.2,0.30000000000000004,10.0,19,0,0,2,0,0,2
41910,1.0,10.0,4.0,5.0,1.0,3.0,0.2,0.30000000000000004,10.0,20,0,0,1,0,0,1