Exp Num,agent:svo_convergence_factor,agent:params:metabolism,agent:params:consumption_factor,agent:params:procreate_cost_factor,agent:params:procreate_req_factor,agent:params:start_energy_factor,agent:params:caught_chance,agent:params:caught_cooldown_factor,agent:params:maximum_age,Epoch,Resource,A,B,C,D,E
49333,1.0,15.0,1.0,7.0,3.0,2.0,0.4,0.2,40.0,0,3500.0,18,23,13,26,74
49333,1.0,15.0,1.0,7.0,3.0,2.0,0.4,0.2,40.0,1,2980.0,18,23,13,26,74
49333,1.0,15.0,1.0,7.0,3.0,2.0,0.4,0.2,40.0,2,2705.0,17,20,13,25,70
49333,1.0,15.0,1.0,7.0,3.0,2.0,0.4,0.2,40.0,3,2481.25,16,16,12,24,64
49333,1.0,15.0,1.0,7.0,3.0,2.0,0.4,0.2,40.0,4,2246.5625,12,16,10,24,56
49333,1.0,15.0,1.0,7.0,3.0,2.0,0.4,0.2,40.0,5,1983.203125,10,14,9,23,49
49333,1.0,15.0,1.0,7.0,3.0,2.0,0.4,0.2,40.0,6,1729.00390625,7,13,9,23,45
49333,1.0,15.0,1.0,7.0,3.0,2.0,0.4,0.2,40.0,7,1351.2548828125,5,11,8,23,40
49333,1.0,15.0,1.0,7.0,3.0,2.0,0.4,0.2,40.0,8,804.068603515625,5,11,8,23,40
49333,1.0,15.0,1.0,7.0,3.0,2.0,0.4,0.2,40.0,9,150.08575439453125,3,11,8,23,38
49333,1.0,15.0,1.0,7.0,3.0,2.0,0.4,0.2,40.0,10,0,3,7,6,10,27
49333,1.0,15.0,1.0,7.0,3.0,2.0,0.4,0.2,40.0,11,0,1,3,3,4,14
49333,1.0,15.0,1.0,7.0,3.0,2.0,0.4,0.2,40.0,12,0,0,1,0,3,6
49333,1.0,15.0,1.0,7.0,3.0,2.0,0.4,0.2,40.0,13,0,0,0,0,2,2
49333,1.0,15.0,1.0,7.0,3.0,2.0,0.4,0.2,40.0,14,0,0,0,0,0,2
49333,1.0,15.0,1.0,7.0,3.0,2.0,0.4,0.2,40.0,15,0,0,0,0,0,1