Exp Num,agent:svo_convergence_factor,agent:params:metabolism,agent:params:consumption_factor,agent:params:procreate_cost_factor,agent:params:procreate_req_factor,agent:params:start_energy_factor,agent:params:caught_chance,agent:params:caught_cooldown_factor,agent:params:maximum_age,Epoch,Resource,A,B,C,D,E
44955,1.0,10.0,4.0,9.0,3.0,3.0,0.4,0.2,10.0,0,4120.0,18,30,14,24,76
44955,1.0,10.0,4.0,9.0,3.0,3.0,0.4,0.2,10.0,1,4150.0,18,30,14,24,76
44955,1.0,10.0,4.0,9.0,3.0,3.0,0.4,0.2,10.0,2,3907.5,11,22,12,21,58
44955,1.0,10.0,4.0,9.0,3.0,3.0,0.4,0.2,10.0,3,4244.375,9,20,10,21,52
44955,1.0,10.0,4.0,9.0,3.0,3.0,0.4,0.2,10.0,4,4745.46875,9,20,10,21,52
44955,1.0,10.0,4.0,9.0,3.0,3.0,0.4,0.2,10.0,5,5211.8359375,9,20,10,21,52
44955,1.0,10.0,4.0,9.0,3.0,3.0,0.4,0.2,10.0,6,5394.794921875,8,17,9,19,47
44955,1.0,10.0,4.0,9.0,3.0,3.0,0.4,0.2,10.0,7,6223.49365234375,8,16,8,18,45
44955,1.0,10.0,4.0,9.0,3.0,3.0,0.4,0.2,10.0,8,7139.3670654296875,8,16,8,18,45
44955,1.0,10.0,4.0,9.0,3.0,3.0,0.4,0.2,10.0,9,7404.208831787109,8,16,8,18,45
44955,1.0,10.0,4.0,9.0,3.0,3.0,0.4,0.2,10.0,10,7855.261039733887,4,10,5,15,24
44955,1.0,10.0,4.0,9.0,3.0,3.0,0.4,0.2,10.0,11,9019.076299667358,2,7,2,8,15
44955,1.0,10.0,4.0,9.0,3.0,3.0,0.4,0.2,10.0,12,9520.0,0,4,1,5,8
44955,1.0,10.0,4.0,9.0,3.0,3.0,0.4,0.2,10.0,13,9720.0,0,2,1,2,4
44955,1.0,10.0,4.0,9.0,3.0,3.0,0.4,0.2,10.0,14,9840.0,0,2,0,1,2
44955,1.0,10.0,4.0,9.0,3.0,3.0,0.4,0.2,10.0,15,9920.0,0,1,0,0,1