Exp Num,agent:svo_convergence_factor,agent:params:metabolism,agent:params:consumption_factor,agent:params:procreate_cost_factor,agent:params:procreate_req_factor,agent:params:start_energy_factor,agent:params:caught_chance,agent:params:caught_cooldown_factor,agent:params:maximum_age,Epoch,Resource,A,B,C,D,E
40960,1.0,10.0,4.0,3.0,2.0,1.0,0.4,0.30000000000000004,10.0,0,1000.0,14,35,13,22,78
40960,1.0,10.0,4.0,3.0,2.0,1.0,0.4,0.30000000000000004,10.0,1,0,16,43,16,23,92
40960,1.0,10.0,4.0,3.0,2.0,1.0,0.4,0.30000000000000004,10.0,2,0,16,43,16,23,92
40960,1.0,10.0,4.0,3.0,2.0,1.0,0.4,0.30000000000000004,10.0,3,0,16,43,16,23,92
40960,1.0,10.0,4.0,3.0,2.0,1.0,0.4,0.30000000000000004,10.0,4,0,14,31,10,10,62
40960,1.0,10.0,4.0,3.0,2.0,1.0,0.4,0.30000000000000004,10.0,5,0,10,18,7,5,39
40960,1.0,10.0,4.0,3.0,2.0,1.0,0.4,0.30000000000000004,10.0,6,0,8,13,4,3,26
40960,1.0,10.0,4.0,3.0,2.0,1.0,0.4,0.30000000000000004,10.0,7,0,6,7,3,1,17
40960,1.0,10.0,4.0,3.0,2.0,1.0,0.4,0.30000000000000004,10.0,8,0,3,5,2,1,10
40960,1.0,10.0,4.0,3.0,2.0,1.0,0.4,0.30000000000000004,10.0,9,0,2,4,0,1,6
40960,1.0,10.0,4.0,3.0,2.0,1.0,0.4,0.30000000000000004,10.0,10,0,2,2,0,0,4
40960,1.0,10.0,4.0,3.0,2.0,1.0,0.4,0.30000000000000004,10.0,11,0,1,2,0,0,3
40960,1.0,10.0,4.0,3.0,2.0,1.0,0.4,0.30000000000000004,10.0,12,100,0,2,0,0,2
40960,1.0,10.0,4.0,3.0,2.0,1.0,0.4,0.30000000000000004,10.0,13,45.0,0,2,0,0,2
40960,1.0,10.0,4.0,3.0,2.0,1.0,0.4,0.30000000000000004,10.0,14,56.25,0,2,0,0,2
40960,1.0,10.0,4.0,3.0,2.0,1.0,0.4,0.30000000000000004,10.0,15,70.3125,0,2,0,0,2
40960,1.0,10.0,4.0,3.0,2.0,1.0,0.4,0.30000000000000004,10.0,16,47.890625,0,2,0,0,2
40960,1.0,10.0,4.0,3.0,2.0,1.0,0.4,0.30000000000000004,10.0,17,59.86328125,0,1,0,0,1