Exp Num,agent:svo_convergence_factor,agent:params:metabolism,agent:params:consumption_factor,agent:params:procreate_cost_factor,agent:params:procreate_req_factor,agent:params:start_energy_factor,agent:params:caught_chance,agent:params:caught_cooldown_factor,agent:params:maximum_age,Epoch,Resource,A,B,C,D,E
49756,1.0,15.0,1.0,9.0,1.0,3.0,0.1,0.2,20.0,0,3500.0,17,20,17,27,73
49756,1.0,15.0,1.0,9.0,1.0,3.0,0.1,0.2,20.0,1,2905.0,17,20,17,27,73
49756,1.0,15.0,1.0,9.0,1.0,3.0,0.1,0.2,20.0,2,2596.25,17,20,17,27,73
49756,1.0,15.0,1.0,9.0,1.0,3.0,0.1,0.2,20.0,3,2540.3125,17,20,17,27,73
49756,1.0,15.0,1.0,9.0,1.0,3.0,0.1,0.2,20.0,4,2515.390625,15,20,15,27,69
49756,1.0,15.0,1.0,9.0,1.0,3.0,0.1,0.2,20.0,5,2304.23828125,13,17,15,27,63
49756,1.0,15.0,1.0,9.0,1.0,3.0,0.1,0.2,20.0,6,1785.2978515625,10,17,14,27,59
49756,1.0,15.0,1.0,9.0,1.0,3.0,0.1,0.2,20.0,7,1106.622314453125,9,17,14,26,58
49756,1.0,15.0,1.0,9.0,1.0,3.0,0.1,0.2,20.0,8,243.27789306640625,8,17,14,26,57
49756,1.0,15.0,1.0,9.0,1.0,3.0,0.1,0.2,20.0,9,0,7,12,6,18,36
49756,1.0,15.0,1.0,9.0,1.0,3.0,0.1,0.2,20.0,10,0,6,8,1,9,20
49756,1.0,15.0,1.0,9.0,1.0,3.0,0.1,0.2,20.0,11,0,4,5,1,4,12
49756,1.0,15.0,1.0,9.0,1.0,3.0,0.1,0.2,20.0,12,0,4,1,1,2,6
49756,1.0,15.0,1.0,9.0,1.0,3.0,0.1,0.2,20.0,13,0,3,0,0,1,3
49756,1.0,15.0,1.0,9.0,1.0,3.0,0.1,0.2,20.0,14,0,2,0,0,0,2
49756,1.0,15.0,1.0,9.0,1.0,3.0,0.1,0.2,20.0,15,0,1,0,0,0,1