Exp Num,agent:svo_convergence_factor,agent:params:metabolism,agent:params:consumption_factor,agent:params:procreate_cost_factor,agent:params:procreate_req_factor,agent:params:start_energy_factor,agent:params:caught_chance,agent:params:caught_cooldown_factor,agent:params:maximum_age,Epoch,Resource,A,B,C,D,E
47897,1.0,15.0,1.0,5.0,2.0,3.0,0.1,0.5,30.0,0,3500.0,13,25,12,28,72
47897,1.0,15.0,1.0,5.0,2.0,3.0,0.1,0.5,30.0,1,2935.0,13,25,12,28,72
47897,1.0,15.0,1.0,5.0,2.0,3.0,0.1,0.5,30.0,2,2663.75,13,25,12,28,72
47897,1.0,15.0,1.0,5.0,2.0,3.0,0.1,0.5,30.0,3,2549.6875,13,25,12,28,72
47897,1.0,15.0,1.0,5.0,2.0,3.0,0.1,0.5,30.0,4,2332.109375,11,24,11,28,68
47897,1.0,15.0,1.0,5.0,2.0,3.0,0.1,0.5,30.0,5,2030.13671875,11,24,9,27,65
47897,1.0,15.0,1.0,5.0,2.0,3.0,0.1,0.5,30.0,6,1517.6708984375,11,21,8,27,61
47897,1.0,15.0,1.0,5.0,2.0,3.0,0.1,0.5,30.0,7,787.088623046875,11,21,8,26,61
47897,1.0,15.0,1.0,5.0,2.0,3.0,0.1,0.5,30.0,8,0,8,17,8,26,54
47897,1.0,15.0,1.0,5.0,2.0,3.0,0.1,0.5,30.0,9,0,6,13,6,8,34
47897,1.0,15.0,1.0,5.0,2.0,3.0,0.1,0.5,30.0,10,0,6,9,2,2,21
47897,1.0,15.0,1.0,5.0,2.0,3.0,0.1,0.5,30.0,11,0,6,3,0,1,11
47897,1.0,15.0,1.0,5.0,2.0,3.0,0.1,0.5,30.0,12,0,2,2,0,1,5
47897,1.0,15.0,1.0,5.0,2.0,3.0,0.1,0.5,30.0,13,0,1,2,0,0,4
47897,1.0,15.0,1.0,5.0,2.0,3.0,0.1,0.5,30.0,14,0,1,1,0,0,2
47897,1.0,15.0,1.0,5.0,2.0,3.0,0.1,0.5,30.0,15,0,0,1,0,0,1