Exp Num,agent:svo_convergence_factor,agent:params:metabolism,agent:params:consumption_factor,agent:params:procreate_cost_factor,agent:params:procreate_req_factor,agent:params:start_energy_factor,agent:params:caught_chance,agent:params:caught_cooldown_factor,agent:params:maximum_age,Epoch,Resource,A,B,C,D,E
48262,1.0,15.0,1.0,5.0,3.0,3.0,0.1,0.30000000000000004,30.0,0,3500.0,21,21,11,30,70
48262,1.0,15.0,1.0,5.0,3.0,3.0,0.1,0.30000000000000004,30.0,1,2905.0,21,21,11,30,70
48262,1.0,15.0,1.0,5.0,3.0,3.0,0.1,0.30000000000000004,30.0,2,2566.25,21,21,11,30,70
48262,1.0,15.0,1.0,5.0,3.0,3.0,0.1,0.30000000000000004,30.0,3,2442.8125,21,21,11,30,70
48262,1.0,15.0,1.0,5.0,3.0,3.0,0.1,0.30000000000000004,30.0,4,2273.515625,19,21,11,29,67
48262,1.0,15.0,1.0,5.0,3.0,3.0,0.1,0.30000000000000004,30.0,5,1836.89453125,18,20,10,29,64
48262,1.0,15.0,1.0,5.0,3.0,3.0,0.1,0.30000000000000004,30.0,6,1201.1181640625,18,18,9,29,60
48262,1.0,15.0,1.0,5.0,3.0,3.0,0.1,0.30000000000000004,30.0,7,376.397705078125,17,18,9,29,59
48262,1.0,15.0,1.0,5.0,3.0,3.0,0.1,0.30000000000000004,30.0,8,0,17,14,6,17,48
48262,1.0,15.0,1.0,5.0,3.0,3.0,0.1,0.30000000000000004,30.0,9,0,13,10,5,6,31
48262,1.0,15.0,1.0,5.0,3.0,3.0,0.1,0.30000000000000004,30.0,10,0,9,4,2,3,16
48262,1.0,15.0,1.0,5.0,3.0,3.0,0.1,0.30000000000000004,30.0,11,0,8,3,0,1,11
48262,1.0,15.0,1.0,5.0,3.0,3.0,0.1,0.30000000000000004,30.0,12,0,5,1,0,0,6
48262,1.0,15.0,1.0,5.0,3.0,3.0,0.1,0.30000000000000004,30.0,13,0,3,0,0,0,3
48262,1.0,15.0,1.0,5.0,3.0,3.0,0.1,0.30000000000000004,30.0,14,0,3,0,0,0,3
48262,1.0,15.0,1.0,5.0,3.0,3.0,0.1,0.30000000000000004,30.0,15,0,2,0,0,0,2
48262,1.0,15.0,1.0,5.0,3.0,3.0,0.1,0.30000000000000004,30.0,16,0,1,0,0,0,1