Exp Num,agent:svo_convergence_factor,agent:params:metabolism,agent:params:consumption_factor,agent:params:procreate_cost_factor,agent:params:procreate_req_factor,agent:params:start_energy_factor,agent:params:caught_chance,agent:params:caught_cooldown_factor,agent:params:maximum_age,Epoch,Resource,A,B,C,D,E
48230,1.0,15.0,1.0,5.0,3.0,2.0,0.5,0.2,10.0,0,3500.0,17,27,14,27,73
48230,1.0,15.0,1.0,5.0,3.0,2.0,0.5,0.2,10.0,1,2965.0,17,27,14,27,73
48230,1.0,15.0,1.0,5.0,3.0,2.0,0.5,0.2,10.0,2,2746.25,16,26,14,27,71
48230,1.0,15.0,1.0,5.0,3.0,2.0,0.5,0.2,10.0,3,2487.8125,14,22,13,25,63
48230,1.0,15.0,1.0,5.0,3.0,2.0,0.5,0.2,10.0,4,2179.765625,11,21,13,23,59
48230,1.0,15.0,1.0,5.0,3.0,2.0,0.5,0.2,10.0,5,2064.70703125,8,17,11,23,50
48230,1.0,15.0,1.0,5.0,3.0,2.0,0.5,0.2,10.0,6,1740.8837890625,5,16,11,22,46
48230,1.0,15.0,1.0,5.0,3.0,2.0,0.5,0.2,10.0,7,1291.104736328125,4,15,10,22,43
48230,1.0,15.0,1.0,5.0,3.0,2.0,0.5,0.2,10.0,8,698.8809204101562,4,14,10,22,42
48230,1.0,15.0,1.0,5.0,3.0,2.0,0.5,0.2,10.0,9,0,3,13,10,22,39
48230,1.0,15.0,1.0,5.0,3.0,2.0,0.5,0.2,10.0,10,0,2,8,6,9,21
48230,1.0,15.0,1.0,5.0,3.0,2.0,0.5,0.2,10.0,11,0,0,5,1,6,9
48230,1.0,15.0,1.0,5.0,3.0,2.0,0.5,0.2,10.0,12,0,0,3,0,4,3
48230,1.0,15.0,1.0,5.0,3.0,2.0,0.5,0.2,10.0,13,0,0,2,0,1,2
48230,1.0,15.0,1.0,5.0,3.0,2.0,0.5,0.2,10.0,14,0,0,1,0,0,1