Exp Num,agent:svo_convergence_factor,agent:params:metabolism,agent:params:consumption_factor,agent:params:procreate_cost_factor,agent:params:procreate_req_factor,agent:params:start_energy_factor,agent:params:caught_chance,agent:params:caught_cooldown_factor,agent:params:maximum_age,Epoch,Resource,A,B,C,D,E
47559,1.0,15.0,1.0,5.0,1.0,3.0,0.30000000000000004,0.2,50.0,0,3500.0,9,28,19,28,72
47559,1.0,15.0,1.0,5.0,1.0,3.0,0.30000000000000004,0.2,50.0,1,2980.0,9,28,19,28,72
47559,1.0,15.0,1.0,5.0,1.0,3.0,0.30000000000000004,0.2,50.0,2,2765.0,9,28,19,28,72
47559,1.0,15.0,1.0,5.0,1.0,3.0,0.30000000000000004,0.2,50.0,3,2676.25,8,27,18,28,69
47559,1.0,15.0,1.0,5.0,1.0,3.0,0.30000000000000004,0.2,50.0,4,2610.3125,7,22,16,26,60
47559,1.0,15.0,1.0,5.0,1.0,3.0,0.30000000000000004,0.2,50.0,5,2482.890625,6,18,13,26,52
47559,1.0,15.0,1.0,5.0,1.0,3.0,0.30000000000000004,0.2,50.0,6,2173.61328125,4,18,12,24,49
47559,1.0,15.0,1.0,5.0,1.0,3.0,0.30000000000000004,0.2,50.0,7,1832.0166015625,4,17,10,24,46
47559,1.0,15.0,1.0,5.0,1.0,3.0,0.30000000000000004,0.2,50.0,8,1525.020751953125,4,17,9,24,45
47559,1.0,15.0,1.0,5.0,1.0,3.0,0.30000000000000004,0.2,50.0,9,1216.2759399414062,4,16,9,23,44
47559,1.0,15.0,1.0,5.0,1.0,3.0,0.30000000000000004,0.2,50.0,10,725.3449249267578,3,14,9,23,41
47559,1.0,15.0,1.0,5.0,1.0,3.0,0.30000000000000004,0.2,50.0,11,96.68115615844727,3,13,6,23,37
47559,1.0,15.0,1.0,5.0,1.0,3.0,0.30000000000000004,0.2,50.0,12,0,3,8,3,13,22
47559,1.0,15.0,1.0,5.0,1.0,3.0,0.30000000000000004,0.2,50.0,13,0,3,5,0,6,12
47559,1.0,15.0,1.0,5.0,1.0,3.0,0.30000000000000004,0.2,50.0,14,0,3,4,0,1,8
47559,1.0,15.0,1.0,5.0,1.0,3.0,0.30000000000000004,0.2,50.0,15,0,3,2,0,0,6
47559,1.0,15.0,1.0,5.0,1.0,3.0,0.30000000000000004,0.2,50.0,16,0,2,2,0,0,4
47559,1.0,15.0,1.0,5.0,1.0,3.0,0.30000000000000004,0.2,50.0,17,0,1,1,0,0,2
47559,1.0,15.0,1.0,5.0,1.0,3.0,0.30000000000000004,0.2,50.0,18,0,1,0,0,0,1