Exp Num,agent:svo_convergence_factor,agent:params:metabolism,agent:params:consumption_factor,agent:params:procreate_cost_factor,agent:params:procreate_req_factor,agent:params:start_energy_factor,agent:params:caught_chance,agent:params:caught_cooldown_factor,agent:params:maximum_age,Epoch,Resource,A,B,C,D,E
46271,1.0,15.0,1.0,3.0,1.0,2.0,0.1,0.5,20.0,0,3500.0,20,22,16,25,75
46271,1.0,15.0,1.0,3.0,1.0,2.0,0.1,0.5,20.0,1,2950.0,20,22,16,25,75
46271,1.0,15.0,1.0,3.0,1.0,2.0,0.1,0.5,20.0,2,2547.5,20,21,16,25,74
46271,1.0,15.0,1.0,3.0,1.0,2.0,0.1,0.5,20.0,3,2194.375,18,20,16,25,71
46271,1.0,15.0,1.0,3.0,1.0,2.0,0.1,0.5,20.0,4,1767.96875,16,19,16,23,67
46271,1.0,15.0,1.0,3.0,1.0,2.0,0.1,0.5,20.0,5,1069.9609375,14,18,15,23,63
46271,1.0,15.0,1.0,3.0,1.0,2.0,0.1,0.5,20.0,6,152.451171875,14,18,15,23,63
46271,1.0,15.0,1.0,3.0,1.0,2.0,0.1,0.5,20.0,7,0,11,13,8,13,39
46271,1.0,15.0,1.0,3.0,1.0,2.0,0.1,0.5,20.0,8,0,9,5,3,7,20
46271,1.0,15.0,1.0,3.0,1.0,2.0,0.1,0.5,20.0,9,0,6,1,3,4,11
46271,1.0,15.0,1.0,3.0,1.0,2.0,0.1,0.5,20.0,10,0,3,1,2,1,7
46271,1.0,15.0,1.0,3.0,1.0,2.0,0.1,0.5,20.0,11,0,2,1,1,0,4
46271,1.0,15.0,1.0,3.0,1.0,2.0,0.1,0.5,20.0,12,0,1,0,1,0,2
46271,1.0,15.0,1.0,3.0,1.0,2.0,0.1,0.5,20.0,13,0,0,0,1,0,1