Exp Num,agent:svo_convergence_factor,agent:params:metabolism,agent:params:consumption_factor,agent:params:procreate_cost_factor,agent:params:procreate_req_factor,agent:params:start_energy_factor,agent:params:caught_chance,agent:params:caught_cooldown_factor,agent:params:maximum_age,Epoch,Resource,A,B,C,D,E
46665,1.0,15.0,1.0,3.0,2.0,2.0,0.2,0.4,10.0,0,3500.0,14,31,8,30,70
46665,1.0,15.0,1.0,3.0,2.0,2.0,0.2,0.4,10.0,1,2920.0,14,31,8,30,70
46665,1.0,15.0,1.0,3.0,2.0,2.0,0.2,0.4,10.0,2,2795.0,14,31,8,30,70
46665,1.0,15.0,1.0,3.0,2.0,2.0,0.2,0.4,10.0,3,2458.75,13,23,8,30,60
46665,1.0,15.0,1.0,3.0,2.0,2.0,0.2,0.4,10.0,4,2038.4375,12,23,8,30,59
46665,1.0,15.0,1.0,3.0,2.0,2.0,0.2,0.4,10.0,5,1423.046875,10,23,8,30,57
46665,1.0,15.0,1.0,3.0,2.0,2.0,0.2,0.4,10.0,6,593.80859375,9,22,8,30,55
46665,1.0,15.0,1.0,3.0,2.0,2.0,0.2,0.4,10.0,7,0,7,20,7,24,45
46665,1.0,15.0,1.0,3.0,2.0,2.0,0.2,0.4,10.0,8,0,6,15,3,6,30
46665,1.0,15.0,1.0,3.0,2.0,2.0,0.2,0.4,10.0,9,0,4,10,2,1,17
46665,1.0,15.0,1.0,3.0,2.0,2.0,0.2,0.4,10.0,10,0,1,5,1,1,8
46665,1.0,15.0,1.0,3.0,2.0,2.0,0.2,0.4,10.0,11,0,0,3,0,0,4
46665,1.0,15.0,1.0,3.0,2.0,2.0,0.2,0.4,10.0,12,0,0,2,0,0,2
46665,1.0,15.0,1.0,3.0,2.0,2.0,0.2,0.4,10.0,13,0,0,1,0,0,1