Exp Num,agent:svo_convergence_factor,agent:params:metabolism,agent:params:consumption_factor,agent:params:procreate_cost_factor,agent:params:procreate_req_factor,agent:params:start_energy_factor,agent:params:caught_chance,agent:params:caught_cooldown_factor,agent:params:maximum_age,Epoch,Resource,A,B,C,D,E
45311,1.0,15.0,1.0,1.0,1.0,3.0,0.30000000000000004,0.30000000000000004,20.0,0,3500.0,30,43,15,45,105
45311,1.0,15.0,1.0,1.0,1.0,3.0,0.30000000000000004,0.30000000000000004,20.0,1,3475.0,37,68,38,60,165
45311,1.0,15.0,1.0,1.0,1.0,3.0,0.30000000000000004,0.30000000000000004,20.0,2,2618.75,32,77,52,40,172
45311,1.0,15.0,1.0,1.0,1.0,3.0,0.30000000000000004,0.30000000000000004,20.0,3,1728.4375,20,75,60,26,162
45311,1.0,15.0,1.0,1.0,1.0,3.0,0.30000000000000004,0.30000000000000004,20.0,4,810.546875,12,71,59,9,145
45311,1.0,15.0,1.0,1.0,1.0,3.0,0.30000000000000004,0.30000000000000004,20.0,5,0,9,61,49,4,121
45311,1.0,15.0,1.0,1.0,1.0,3.0,0.30000000000000004,0.30000000000000004,20.0,6,0,6,49,33,2,88
45311,1.0,15.0,1.0,1.0,1.0,3.0,0.30000000000000004,0.30000000000000004,20.0,7,0,2,34,24,1,60
45311,1.0,15.0,1.0,1.0,1.0,3.0,0.30000000000000004,0.30000000000000004,20.0,8,0,0,22,16,0,38
45311,1.0,15.0,1.0,1.0,1.0,3.0,0.30000000000000004,0.30000000000000004,20.0,9,0,0,13,14,0,27
45311,1.0,15.0,1.0,1.0,1.0,3.0,0.30000000000000004,0.30000000000000004,20.0,10,0,0,10,12,0,22
45311,1.0,15.0,1.0,1.0,1.0,3.0,0.30000000000000004,0.30000000000000004,20.0,11,0,0,6,9,0,15
45311,1.0,15.0,1.0,1.0,1.0,3.0,0.30000000000000004,0.30000000000000004,20.0,12,0,0,3,6,0,9
45311,1.0,15.0,1.0,1.0,1.0,3.0,0.30000000000000004,0.30000000000000004,20.0,13,0,0,2,4,0,6
45311,1.0,15.0,1.0,1.0,1.0,3.0,0.30000000000000004,0.30000000000000004,20.0,14,0,0,1,4,0,5
45311,1.0,15.0,1.0,1.0,1.0,3.0,0.30000000000000004,0.30000000000000004,20.0,15,0,0,0,3,0,3
45311,1.0,15.0,1.0,1.0,1.0,3.0,0.30000000000000004,0.30000000000000004,20.0,16,55.0,0,0,3,0,3
45311,1.0,15.0,1.0,1.0,1.0,3.0,0.30000000000000004,0.30000000000000004,20.0,17,38.75,0,0,2,0,2
45311,1.0,15.0,1.0,1.0,1.0,3.0,0.30000000000000004,0.30000000000000004,20.0,18,18.4375,0,0,1,0,1