Exp Num,agent:svo_convergence_factor,agent:params:metabolism,agent:params:consumption_factor,agent:params:procreate_cost_factor,agent:params:procreate_req_factor,agent:params:start_energy_factor,agent:params:caught_chance,agent:params:caught_cooldown_factor,agent:params:maximum_age,Epoch,Resource,A,B,C,D,E
48335,1.0,15.0,1.0,5.0,3.0,3.0,0.4,0.30000000000000004,10.0,0,3500.0,11,28,16,27,73
48335,1.0,15.0,1.0,5.0,3.0,3.0,0.4,0.30000000000000004,10.0,1,2980.0,11,28,16,27,73
48335,1.0,15.0,1.0,5.0,3.0,3.0,0.4,0.30000000000000004,10.0,2,2810.0,11,28,16,27,73
48335,1.0,15.0,1.0,5.0,3.0,3.0,0.4,0.30000000000000004,10.0,3,2732.5,9,27,15,27,69
48335,1.0,15.0,1.0,5.0,3.0,3.0,0.4,0.30000000000000004,10.0,4,2635.625,6,21,14,25,59
48335,1.0,15.0,1.0,5.0,3.0,3.0,0.4,0.30000000000000004,10.0,5,2364.53125,5,17,12,25,52
48335,1.0,15.0,1.0,5.0,3.0,3.0,0.4,0.30000000000000004,10.0,6,2025.6640625,5,16,10,25,49
48335,1.0,15.0,1.0,5.0,3.0,3.0,0.4,0.30000000000000004,10.0,7,1827.080078125,4,15,9,25,46
48335,1.0,15.0,1.0,5.0,3.0,3.0,0.4,0.30000000000000004,10.0,8,1683.85009765625,4,13,8,25,43
48335,1.0,15.0,1.0,5.0,3.0,3.0,0.4,0.30000000000000004,10.0,9,1399.8126220703125,4,13,6,25,40
48335,1.0,15.0,1.0,5.0,3.0,3.0,0.4,0.30000000000000004,10.0,10,1359.7657775878906,1,5,5,15,20
48335,1.0,15.0,1.0,5.0,3.0,3.0,0.4,0.30000000000000004,10.0,11,1414.7072219848633,1,4,1,9,12
48335,1.0,15.0,1.0,5.0,3.0,3.0,0.4,0.30000000000000004,10.0,12,1588.384027481079,1,2,0,6,5
48335,1.0,15.0,1.0,5.0,3.0,3.0,0.4,0.30000000000000004,10.0,13,1910.4800343513489,0,1,0,4,3
48335,1.0,15.0,1.0,5.0,3.0,3.0,0.4,0.30000000000000004,10.0,14,2343.100042939186,0,1,0,0,3
48335,1.0,15.0,1.0,5.0,3.0,3.0,0.4,0.30000000000000004,10.0,15,2898.8750536739826,0,1,0,0,2
48335,1.0,15.0,1.0,5.0,3.0,3.0,0.4,0.30000000000000004,10.0,16,3608.5938170924783,0,0,0,0,1