Exp Num,agent:svo_convergence_factor,agent:params:metabolism,agent:params:consumption_factor,agent:params:procreate_cost_factor,agent:params:procreate_req_factor,agent:params:start_energy_factor,agent:params:caught_chance,agent:params:caught_cooldown_factor,agent:params:maximum_age,Epoch,Resource,A,B,C,D,E
49714,1.0,15.0,1.0,9.0,1.0,2.0,0.4,0.30000000000000004,50.0,0,3500.0,19,25,10,26,74
49714,1.0,15.0,1.0,9.0,1.0,2.0,0.4,0.30000000000000004,50.0,1,2935.0,19,25,10,26,74
49714,1.0,15.0,1.0,9.0,1.0,2.0,0.4,0.30000000000000004,50.0,2,2618.75,18,25,10,26,73
49714,1.0,15.0,1.0,9.0,1.0,2.0,0.4,0.30000000000000004,50.0,3,2508.4375,16,23,8,26,67
49714,1.0,15.0,1.0,9.0,1.0,2.0,0.4,0.30000000000000004,50.0,4,2205.546875,12,21,8,24,61
49714,1.0,15.0,1.0,9.0,1.0,2.0,0.4,0.30000000000000004,50.0,5,1811.93359375,10,18,6,24,54
49714,1.0,15.0,1.0,9.0,1.0,2.0,0.4,0.30000000000000004,50.0,6,1349.9169921875,7,17,6,23,50
49714,1.0,15.0,1.0,9.0,1.0,2.0,0.4,0.30000000000000004,50.0,7,727.396240234375,4,17,5,23,46
49714,1.0,15.0,1.0,9.0,1.0,2.0,0.4,0.30000000000000004,50.0,8,0,4,17,4,23,42
49714,1.0,15.0,1.0,9.0,1.0,2.0,0.4,0.30000000000000004,50.0,9,0,3,7,2,11,21
49714,1.0,15.0,1.0,9.0,1.0,2.0,0.4,0.30000000000000004,50.0,10,0,0,5,2,6,10
49714,1.0,15.0,1.0,9.0,1.0,2.0,0.4,0.30000000000000004,50.0,11,0,0,2,1,4,4
49714,1.0,15.0,1.0,9.0,1.0,2.0,0.4,0.30000000000000004,50.0,12,0,0,1,0,2,2
49714,1.0,15.0,1.0,9.0,1.0,2.0,0.4,0.30000000000000004,50.0,13,0,0,1,0,1,1
49714,1.0,15.0,1.0,9.0,1.0,2.0,0.4,0.30000000000000004,50.0,14,0,0,0,0,1,0