Exp Num,agent:svo_convergence_factor,agent:params:metabolism,agent:params:consumption_factor,agent:params:procreate_cost_factor,agent:params:procreate_req_factor,agent:params:start_energy_factor,agent:params:caught_chance,agent:params:caught_cooldown_factor,agent:params:maximum_age,Epoch,Resource,A,B,C,D,E
45810,1.0,15.0,1.0,1.0,3.0,1.0,0.30000000000000004,0.30000000000000004,10.0,0,3500.0,20,27,15,22,78
45810,1.0,15.0,1.0,1.0,3.0,1.0,0.30000000000000004,0.30000000000000004,10.0,1,2875.0,20,27,15,22,78
45810,1.0,15.0,1.0,1.0,3.0,1.0,0.30000000000000004,0.30000000000000004,10.0,2,2093.75,20,27,15,22,78
45810,1.0,15.0,1.0,1.0,3.0,1.0,0.30000000000000004,0.30000000000000004,10.0,3,1117.1875,20,27,15,22,78
45810,1.0,15.0,1.0,1.0,3.0,1.0,0.30000000000000004,0.30000000000000004,10.0,4,0,20,27,13,21,75
45810,1.0,15.0,1.0,1.0,3.0,1.0,0.30000000000000004,0.30000000000000004,10.0,5,0,10,16,8,8,40
45810,1.0,15.0,1.0,1.0,3.0,1.0,0.30000000000000004,0.30000000000000004,10.0,6,0,4,8,5,4,20
45810,1.0,15.0,1.0,1.0,3.0,1.0,0.30000000000000004,0.30000000000000004,10.0,7,0,2,3,1,3,9
45810,1.0,15.0,1.0,1.0,3.0,1.0,0.30000000000000004,0.30000000000000004,10.0,8,0,2,1,1,2,4
45810,1.0,15.0,1.0,1.0,3.0,1.0,0.30000000000000004,0.30000000000000004,10.0,9,0,0,0,1,2,1
45810,1.0,15.0,1.0,1.0,3.0,1.0,0.30000000000000004,0.30000000000000004,10.0,10,0,0,0,1,0,1