Exp Num,agent:svo_convergence_factor,agent:params:metabolism,agent:params:consumption_factor,agent:params:procreate_cost_factor,agent:params:procreate_req_factor,agent:params:start_energy_factor,agent:params:caught_chance,agent:params:caught_cooldown_factor,agent:params:maximum_age,Epoch,Resource,A,B,C,D,E
42184,1.0,10.0,4.0,5.0,2.0,2.0,0.30000000000000004,0.2,50.0,0,3560.0,14,31,13,24,76
42184,1.0,10.0,4.0,5.0,2.0,2.0,0.30000000000000004,0.2,50.0,1,2650.0,9,23,11,23,60
42184,1.0,10.0,4.0,5.0,2.0,2.0,0.30000000000000004,0.2,50.0,2,2152.5,9,23,11,23,60
42184,1.0,10.0,4.0,5.0,2.0,2.0,0.30000000000000004,0.2,50.0,3,2010.625,9,27,11,23,64
42184,1.0,10.0,4.0,5.0,2.0,2.0,0.30000000000000004,0.2,50.0,4,1633.28125,9,31,11,23,68
42184,1.0,10.0,4.0,5.0,2.0,2.0,0.30000000000000004,0.2,50.0,5,841.6015625,5,29,11,20,62
42184,1.0,10.0,4.0,5.0,2.0,2.0,0.30000000000000004,0.2,50.0,6,12.001953125,4,31,10,19,62
42184,1.0,10.0,4.0,5.0,2.0,2.0,0.30000000000000004,0.2,50.0,7,0,4,30,9,19,59
42184,1.0,10.0,4.0,5.0,2.0,2.0,0.30000000000000004,0.2,50.0,8,0,4,29,9,19,58
42184,1.0,10.0,4.0,5.0,2.0,2.0,0.30000000000000004,0.2,50.0,9,0,4,28,6,16,47
42184,1.0,10.0,4.0,5.0,2.0,2.0,0.30000000000000004,0.2,50.0,10,0,2,26,4,10,36
42184,1.0,10.0,4.0,5.0,2.0,2.0,0.30000000000000004,0.2,50.0,11,0,1,21,3,8,29
42184,1.0,10.0,4.0,5.0,2.0,2.0,0.30000000000000004,0.2,50.0,12,0,1,20,2,6,27
42184,1.0,10.0,4.0,5.0,2.0,2.0,0.30000000000000004,0.2,50.0,13,0,0,19,2,5,24
42184,1.0,10.0,4.0,5.0,2.0,2.0,0.30000000000000004,0.2,50.0,14,0,0,16,2,4,18
42184,1.0,10.0,4.0,5.0,2.0,2.0,0.30000000000000004,0.2,50.0,15,0,0,9,2,4,11
42184,1.0,10.0,4.0,5.0,2.0,2.0,0.30000000000000004,0.2,50.0,16,0,0,7,2,2,9
42184,1.0,10.0,4.0,5.0,2.0,2.0,0.30000000000000004,0.2,50.0,17,0,0,5,2,1,7
42184,1.0,10.0,4.0,5.0,2.0,2.0,0.30000000000000004,0.2,50.0,18,100,0,2,2,0,4
42184,1.0,10.0,4.0,5.0,2.0,2.0,0.30000000000000004,0.2,50.0,19,125.0,0,2,0,0,2
42184,1.0,10.0,4.0,5.0,2.0,2.0,0.30000000000000004,0.2,50.0,20,156.25,0,1,0,0,1