Exp Num,agent:svo_convergence_factor,agent:params:metabolism,agent:params:consumption_factor,agent:params:procreate_cost_factor,agent:params:procreate_req_factor,agent:params:start_energy_factor,agent:params:caught_chance,agent:params:caught_cooldown_factor,agent:params:maximum_age,Epoch,Resource,A,B,C,D,E
49741,1.0,15.0,1.0,9.0,1.0,2.0,0.5,0.4,20.0,0,3500.0,18,26,9,33,67
49741,1.0,15.0,1.0,9.0,1.0,2.0,0.5,0.4,20.0,1,2965.0,18,26,9,33,67
49741,1.0,15.0,1.0,9.0,1.0,2.0,0.5,0.4,20.0,2,2851.25,17,25,9,33,65
49741,1.0,15.0,1.0,9.0,1.0,2.0,0.5,0.4,20.0,3,2559.0625,7,23,8,33,52
49741,1.0,15.0,1.0,9.0,1.0,2.0,0.5,0.4,20.0,4,2253.828125,7,23,8,31,52
49741,1.0,15.0,1.0,9.0,1.0,2.0,0.5,0.4,20.0,5,1947.28515625,5,21,8,31,48
49741,1.0,15.0,1.0,9.0,1.0,2.0,0.5,0.4,20.0,6,1489.1064453125,3,21,8,29,46
49741,1.0,15.0,1.0,9.0,1.0,2.0,0.5,0.4,20.0,7,886.383056640625,2,20,8,28,44
49741,1.0,15.0,1.0,9.0,1.0,2.0,0.5,0.4,20.0,8,147.97882080078125,2,18,8,28,41
49741,1.0,15.0,1.0,9.0,1.0,2.0,0.5,0.4,20.0,9,0,2,11,4,16,25
49741,1.0,15.0,1.0,9.0,1.0,2.0,0.5,0.4,20.0,10,0,0,4,0,12,8
49741,1.0,15.0,1.0,9.0,1.0,2.0,0.5,0.4,20.0,11,0,0,1,0,6,4
49741,1.0,15.0,1.0,9.0,1.0,2.0,0.5,0.4,20.0,12,0,0,1,0,3,2
49741,1.0,15.0,1.0,9.0,1.0,2.0,0.5,0.4,20.0,13,0,0,0,0,1,1
49741,1.0,15.0,1.0,9.0,1.0,2.0,0.5,0.4,20.0,14,0,0,0,0,1,0