Exp Num,agent:svo_convergence_factor,agent:params:metabolism,agent:params:consumption_factor,agent:params:procreate_cost_factor,agent:params:procreate_req_factor,agent:params:start_energy_factor,agent:params:caught_chance,agent:params:caught_cooldown_factor,agent:params:maximum_age,Epoch,Resource,A,B,C,D,E
42323,1.0,10.0,4.0,5.0,2.0,3.0,0.30000000000000004,0.5,40.0,0,3480.0,18,27,11,25,75
42323,1.0,10.0,4.0,5.0,2.0,3.0,0.30000000000000004,0.5,40.0,1,3150.0,18,27,11,25,75
42323,1.0,10.0,4.0,5.0,2.0,3.0,0.30000000000000004,0.5,40.0,2,2257.5,17,24,9,21,67
42323,1.0,10.0,4.0,5.0,2.0,3.0,0.30000000000000004,0.5,40.0,3,1741.875,18,27,9,20,70
42323,1.0,10.0,4.0,5.0,2.0,3.0,0.30000000000000004,0.5,40.0,4,1417.34375,20,30,11,20,77
42323,1.0,10.0,4.0,5.0,2.0,3.0,0.30000000000000004,0.5,40.0,5,691.6796875,21,34,12,20,83
42323,1.0,10.0,4.0,5.0,2.0,3.0,0.30000000000000004,0.5,40.0,6,0,20,29,11,17,76
42323,1.0,10.0,4.0,5.0,2.0,3.0,0.30000000000000004,0.5,40.0,7,0,19,28,9,15,65
42323,1.0,10.0,4.0,5.0,2.0,3.0,0.30000000000000004,0.5,40.0,8,0,17,27,9,15,61
42323,1.0,10.0,4.0,5.0,2.0,3.0,0.30000000000000004,0.5,40.0,9,0,16,24,9,14,57
42323,1.0,10.0,4.0,5.0,2.0,3.0,0.30000000000000004,0.5,40.0,10,0,15,20,4,10,47
42323,1.0,10.0,4.0,5.0,2.0,3.0,0.30000000000000004,0.5,40.0,11,0,13,19,4,8,40
42323,1.0,10.0,4.0,5.0,2.0,3.0,0.30000000000000004,0.5,40.0,12,0,9,15,4,7,30
42323,1.0,10.0,4.0,5.0,2.0,3.0,0.30000000000000004,0.5,40.0,13,0,7,13,2,5,24
42323,1.0,10.0,4.0,5.0,2.0,3.0,0.30000000000000004,0.5,40.0,14,0,6,10,2,3,19
42323,1.0,10.0,4.0,5.0,2.0,3.0,0.30000000000000004,0.5,40.0,15,0,5,8,2,3,16
42323,1.0,10.0,4.0,5.0,2.0,3.0,0.30000000000000004,0.5,40.0,16,0,4,5,1,2,11
42323,1.0,10.0,4.0,5.0,2.0,3.0,0.30000000000000004,0.5,40.0,17,60.0,3,3,0,2,7
42323,1.0,10.0,4.0,5.0,2.0,3.0,0.30000000000000004,0.5,40.0,18,35.0,0,2,0,2,3
42323,1.0,10.0,4.0,5.0,2.0,3.0,0.30000000000000004,0.5,40.0,19,3.75,0,2,0,2,3
42323,1.0,10.0,4.0,5.0,2.0,3.0,0.30000000000000004,0.5,40.0,20,4.6875,0,1,0,1,2
42323,1.0,10.0,4.0,5.0,2.0,3.0,0.30000000000000004,0.5,40.0,21,5.859375,0,0,0,1,1
42323,1.0,10.0,4.0,5.0,2.0,3.0,0.30000000000000004,0.5,40.0,22,7.32421875,0,0,0,1,1
42323,1.0,10.0,4.0,5.0,2.0,3.0,0.30000000000000004,0.5,40.0,23,9.1552734375,0,0,0,1,0