Exp Num,agent:svo_convergence_factor,agent:params:metabolism,agent:params:consumption_factor,agent:params:procreate_cost_factor,agent:params:procreate_req_factor,agent:params:start_energy_factor,agent:params:caught_chance,agent:params:caught_cooldown_factor,agent:params:maximum_age,Epoch,Resource,A,B,C,D,E
41088,1.0,10.0,4.0,3.0,2.0,2.0,0.4,0.30000000000000004,40.0,0,3680.0,14,35,10,22,78
41088,1.0,10.0,4.0,3.0,2.0,2.0,0.4,0.30000000000000004,40.0,1,2920.0,11,25,8,21,62
41088,1.0,10.0,4.0,3.0,2.0,2.0,0.4,0.30000000000000004,40.0,2,2290.0,13,32,11,18,74
41088,1.0,10.0,4.0,3.0,2.0,2.0,0.4,0.30000000000000004,40.0,3,1862.5,14,40,13,19,85
41088,1.0,10.0,4.0,3.0,2.0,2.0,0.4,0.30000000000000004,40.0,4,1528.125,16,46,15,19,95
41088,1.0,10.0,4.0,3.0,2.0,2.0,0.4,0.30000000000000004,40.0,5,630.15625,17,46,16,16,97
41088,1.0,10.0,4.0,3.0,2.0,2.0,0.4,0.30000000000000004,40.0,6,0,16,46,17,13,95
41088,1.0,10.0,4.0,3.0,2.0,2.0,0.4,0.30000000000000004,40.0,7,0,13,39,17,12,83
41088,1.0,10.0,4.0,3.0,2.0,2.0,0.4,0.30000000000000004,40.0,8,0,11,32,12,10,67
41088,1.0,10.0,4.0,3.0,2.0,2.0,0.4,0.30000000000000004,40.0,9,0,8,27,9,8,54
41088,1.0,10.0,4.0,3.0,2.0,2.0,0.4,0.30000000000000004,40.0,10,0,6,22,7,5,42
41088,1.0,10.0,4.0,3.0,2.0,2.0,0.4,0.30000000000000004,40.0,11,0,6,16,5,2,31
41088,1.0,10.0,4.0,3.0,2.0,2.0,0.4,0.30000000000000004,40.0,12,0,5,8,4,1,18
41088,1.0,10.0,4.0,3.0,2.0,2.0,0.4,0.30000000000000004,40.0,13,0,3,4,3,0,10
41088,1.0,10.0,4.0,3.0,2.0,2.0,0.4,0.30000000000000004,40.0,14,0,1,3,2,0,6
41088,1.0,10.0,4.0,3.0,2.0,2.0,0.4,0.30000000000000004,40.0,15,0,0,1,2,0,3
41088,1.0,10.0,4.0,3.0,2.0,2.0,0.4,0.30000000000000004,40.0,16,0,0,1,1,0,2
41088,1.0,10.0,4.0,3.0,2.0,2.0,0.4,0.30000000000000004,40.0,17,100,0,1,0,0,1