Exp Num,agent:svo_convergence_factor,agent:params:metabolism,agent:params:consumption_factor,agent:params:procreate_cost_factor,agent:params:procreate_req_factor,agent:params:start_energy_factor,agent:params:caught_chance,agent:params:caught_cooldown_factor,agent:params:maximum_age,Epoch,Resource,A,B,C,D,E
48500,1.0,15.0,1.0,7.0,1.0,2.0,0.1,0.1,10.0,0,3500.0,19,25,10,28,72
48500,1.0,15.0,1.0,7.0,1.0,2.0,0.1,0.1,10.0,1,2950.0,19,25,10,28,72
48500,1.0,15.0,1.0,7.0,1.0,2.0,0.1,0.1,10.0,2,2637.5,19,25,10,28,72
48500,1.0,15.0,1.0,7.0,1.0,2.0,0.1,0.1,10.0,3,2246.875,19,22,10,27,69
48500,1.0,15.0,1.0,7.0,1.0,2.0,0.1,0.1,10.0,4,1668.59375,19,20,10,27,67
48500,1.0,15.0,1.0,7.0,1.0,2.0,0.1,0.1,10.0,5,915.7421875,18,18,10,27,64
48500,1.0,15.0,1.0,7.0,1.0,2.0,0.1,0.1,10.0,6,0,16,16,9,26,59
48500,1.0,15.0,1.0,7.0,1.0,2.0,0.1,0.1,10.0,7,0,11,8,3,16,31
48500,1.0,15.0,1.0,7.0,1.0,2.0,0.1,0.1,10.0,8,0,4,5,1,10,14
48500,1.0,15.0,1.0,7.0,1.0,2.0,0.1,0.1,10.0,9,0,3,2,1,2,10
48500,1.0,15.0,1.0,7.0,1.0,2.0,0.1,0.1,10.0,10,0,1,2,1,0,6
48500,1.0,15.0,1.0,7.0,1.0,2.0,0.1,0.1,10.0,11,0,0,2,0,0,3
48500,1.0,15.0,1.0,7.0,1.0,2.0,0.1,0.1,10.0,12,0,0,1,0,0,1