Exp Num,agent:svo_convergence_factor,agent:params:metabolism,agent:params:consumption_factor,agent:params:procreate_cost_factor,agent:params:procreate_req_factor,agent:params:start_energy_factor,agent:params:caught_chance,agent:params:caught_cooldown_factor,agent:params:maximum_age,Epoch,Resource,A,B,C,D,E
45995,1.0,15.0,1.0,1.0,3.0,2.0,0.5,0.5,10.0,0,3500.0,18,22,9,28,72
45995,1.0,15.0,1.0,1.0,3.0,2.0,0.5,0.5,10.0,1,2965.0,18,22,9,28,72
45995,1.0,15.0,1.0,1.0,3.0,2.0,0.5,0.5,10.0,2,2746.25,18,22,9,28,72
45995,1.0,15.0,1.0,1.0,3.0,2.0,0.5,0.5,10.0,3,2502.8125,13,20,9,26,63
45995,1.0,15.0,1.0,1.0,3.0,2.0,0.5,0.5,10.0,4,2243.515625,13,17,8,26,59
45995,1.0,15.0,1.0,1.0,3.0,2.0,0.5,0.5,10.0,5,1994.39453125,8,15,6,25,50
45995,1.0,15.0,1.0,1.0,3.0,2.0,0.5,0.5,10.0,6,1667.9931640625,5,12,6,24,43
45995,1.0,15.0,1.0,1.0,3.0,2.0,0.5,0.5,10.0,7,1184.991455078125,5,12,4,24,41
45995,1.0,15.0,1.0,1.0,3.0,2.0,0.5,0.5,10.0,8,551.2393188476562,5,11,4,24,40
45995,1.0,15.0,1.0,1.0,3.0,2.0,0.5,0.5,10.0,9,0,5,9,4,21,33
45995,1.0,15.0,1.0,1.0,3.0,2.0,0.5,0.5,10.0,10,0,2,3,3,11,16
45995,1.0,15.0,1.0,1.0,3.0,2.0,0.5,0.5,10.0,11,0,1,1,1,7,6
45995,1.0,15.0,1.0,1.0,3.0,2.0,0.5,0.5,10.0,12,0,0,0,0,4,2
45995,1.0,15.0,1.0,1.0,3.0,2.0,0.5,0.5,10.0,13,0,0,0,0,2,1
45995,1.0,15.0,1.0,1.0,3.0,2.0,0.5,0.5,10.0,14,0,0,0,0,1,0