Exp Num,agent:svo_convergence_factor,agent:params:metabolism,agent:params:consumption_factor,agent:params:procreate_cost_factor,agent:params:procreate_req_factor,agent:params:start_energy_factor,agent:params:caught_chance,agent:params:caught_cooldown_factor,agent:params:maximum_age,Epoch,Resource,A,B,C,D,E
45335,1.0,15.0,1.0,1.0,1.0,3.0,0.4,0.30000000000000004,10.0,0,3500.0,23,46,22,37,113
45335,1.0,15.0,1.0,1.0,1.0,3.0,0.4,0.30000000000000004,10.0,1,3670.0,29,65,46,58,167
45335,1.0,15.0,1.0,1.0,1.0,3.0,0.4,0.30000000000000004,10.0,2,3057.5,27,62,53,36,156
45335,1.0,15.0,1.0,1.0,1.0,3.0,0.4,0.30000000000000004,10.0,3,2531.875,21,57,48,28,132
45335,1.0,15.0,1.0,1.0,1.0,3.0,0.4,0.30000000000000004,10.0,4,1994.84375,15,52,47,21,117
45335,1.0,15.0,1.0,1.0,1.0,3.0,0.4,0.30000000000000004,10.0,5,1563.5546875,6,49,41,11,98
45335,1.0,15.0,1.0,1.0,1.0,3.0,0.4,0.30000000000000004,10.0,6,1249.443359375,3,46,38,3,89
45335,1.0,15.0,1.0,1.0,1.0,3.0,0.4,0.30000000000000004,10.0,7,916.80419921875,0,43,36,1,79
45335,1.0,15.0,1.0,1.0,1.0,3.0,0.4,0.30000000000000004,10.0,8,591.0052490234375,0,38,26,0,64
45335,1.0,15.0,1.0,1.0,1.0,3.0,0.4,0.30000000000000004,10.0,9,198.75656127929688,0,33,23,0,56
45335,1.0,15.0,1.0,1.0,1.0,3.0,0.4,0.30000000000000004,10.0,10,0,0,28,14,0,42
45335,1.0,15.0,1.0,1.0,1.0,3.0,0.4,0.30000000000000004,10.0,11,0,0,21,10,0,31
45335,1.0,15.0,1.0,1.0,1.0,3.0,0.4,0.30000000000000004,10.0,12,0,0,16,5,0,21
45335,1.0,15.0,1.0,1.0,1.0,3.0,0.4,0.30000000000000004,10.0,13,0,0,9,3,0,12
45335,1.0,15.0,1.0,1.0,1.0,3.0,0.4,0.30000000000000004,10.0,14,0,0,10,2,0,12
45335,1.0,15.0,1.0,1.0,1.0,3.0,0.4,0.30000000000000004,10.0,15,0,0,5,1,0,6
45335,1.0,15.0,1.0,1.0,1.0,3.0,0.4,0.30000000000000004,10.0,16,0,0,4,1,0,5
45335,1.0,15.0,1.0,1.0,1.0,3.0,0.4,0.30000000000000004,10.0,17,0,0,3,0,0,3
45335,1.0,15.0,1.0,1.0,1.0,3.0,0.4,0.30000000000000004,10.0,18,0,0,2,0,0,2
45335,1.0,15.0,1.0,1.0,1.0,3.0,0.4,0.30000000000000004,10.0,19,0,0,1,0,0,1