Exp Num,agent:svo_convergence_factor,agent:params:metabolism,agent:params:consumption_factor,agent:params:procreate_cost_factor,agent:params:procreate_req_factor,agent:params:start_energy_factor,agent:params:caught_chance,agent:params:caught_cooldown_factor,agent:params:maximum_age,Epoch,Resource,A,B,C,D,E
49282,1.0,15.0,1.0,7.0,3.0,2.0,0.2,0.2,30.0,0,3500.0,20,23,8,27,73
49282,1.0,15.0,1.0,7.0,3.0,2.0,0.2,0.2,30.0,1,2965.0,20,23,8,27,73
49282,1.0,15.0,1.0,7.0,3.0,2.0,0.2,0.2,30.0,2,2626.25,20,23,8,27,73
49282,1.0,15.0,1.0,7.0,3.0,2.0,0.2,0.2,30.0,3,2412.8125,18,22,6,27,68
49282,1.0,15.0,1.0,7.0,3.0,2.0,0.2,0.2,30.0,4,1996.015625,15,21,5,26,63
49282,1.0,15.0,1.0,7.0,3.0,2.0,0.2,0.2,30.0,5,1430.01953125,13,19,5,26,59
49282,1.0,15.0,1.0,7.0,3.0,2.0,0.2,0.2,30.0,6,722.5244140625,10,18,5,25,55
49282,1.0,15.0,1.0,7.0,3.0,2.0,0.2,0.2,30.0,7,0,10,16,4,21,50
49282,1.0,15.0,1.0,7.0,3.0,2.0,0.2,0.2,30.0,8,0,8,8,1,10,26
49282,1.0,15.0,1.0,7.0,3.0,2.0,0.2,0.2,30.0,9,0,2,4,0,5,13
49282,1.0,15.0,1.0,7.0,3.0,2.0,0.2,0.2,30.0,10,0,1,1,0,2,7
49282,1.0,15.0,1.0,7.0,3.0,2.0,0.2,0.2,30.0,11,0,1,1,0,1,3
49282,1.0,15.0,1.0,7.0,3.0,2.0,0.2,0.2,30.0,12,0,1,1,0,0,2
49282,1.0,15.0,1.0,7.0,3.0,2.0,0.2,0.2,30.0,13,0,1,0,0,0,1