Exp Num,agent:svo_convergence_factor,agent:params:metabolism,agent:params:consumption_factor,agent:params:procreate_cost_factor,agent:params:procreate_req_factor,agent:params:start_energy_factor,agent:params:caught_chance,agent:params:caught_cooldown_factor,agent:params:maximum_age,Epoch,Resource,A,B,C,D,E
47855,1.0,15.0,1.0,5.0,2.0,2.0,0.5,0.2,10.0,0,3500.0,13,30,12,24,76
47855,1.0,15.0,1.0,5.0,2.0,2.0,0.5,0.2,10.0,1,2950.0,13,30,12,24,76
47855,1.0,15.0,1.0,5.0,2.0,2.0,0.5,0.2,10.0,2,2772.5,13,30,11,23,75
47855,1.0,15.0,1.0,5.0,2.0,2.0,0.5,0.2,10.0,3,2535.625,10,22,9,23,62
47855,1.0,15.0,1.0,5.0,2.0,2.0,0.5,0.2,10.0,4,2239.53125,7,21,9,23,58
47855,1.0,15.0,1.0,5.0,2.0,2.0,0.5,0.2,10.0,5,1899.4140625,6,18,8,23,53
47855,1.0,15.0,1.0,5.0,2.0,2.0,0.5,0.2,10.0,6,1534.267578125,6,16,8,23,50
47855,1.0,15.0,1.0,5.0,2.0,2.0,0.5,0.2,10.0,7,1122.83447265625,3,15,8,20,46
47855,1.0,15.0,1.0,5.0,2.0,2.0,0.5,0.2,10.0,8,533.5430908203125,3,15,7,19,45
47855,1.0,15.0,1.0,5.0,2.0,2.0,0.5,0.2,10.0,9,0,1,11,6,18,36
47855,1.0,15.0,1.0,5.0,2.0,2.0,0.5,0.2,10.0,10,0,1,5,4,7,20
47855,1.0,15.0,1.0,5.0,2.0,2.0,0.5,0.2,10.0,11,0,0,4,2,2,11
47855,1.0,15.0,1.0,5.0,2.0,2.0,0.5,0.2,10.0,12,0,0,2,0,1,5
47855,1.0,15.0,1.0,5.0,2.0,2.0,0.5,0.2,10.0,13,0,0,1,0,0,3
47855,1.0,15.0,1.0,5.0,2.0,2.0,0.5,0.2,10.0,14,0,0,0,0,0,1