Exp Num,agent:svo_convergence_factor,agent:params:metabolism,agent:params:consumption_factor,agent:params:procreate_cost_factor,agent:params:procreate_req_factor,agent:params:start_energy_factor,agent:params:caught_chance,agent:params:caught_cooldown_factor,agent:params:maximum_age,Epoch,Resource,A,B,C,D,E
49120,1.0,15.0,1.0,7.0,2.0,3.0,0.5,0.5,10.0,0,3500.0,6,36,13,24,76
49120,1.0,15.0,1.0,7.0,2.0,3.0,0.5,0.5,10.0,1,2980.0,6,36,13,24,76
49120,1.0,15.0,1.0,7.0,2.0,3.0,0.5,0.5,10.0,2,2780.0,6,36,13,24,76
49120,1.0,15.0,1.0,7.0,2.0,3.0,0.5,0.5,10.0,3,2815.0,6,36,12,24,75
49120,1.0,15.0,1.0,7.0,2.0,3.0,0.5,0.5,10.0,4,2828.75,5,30,9,23,64
49120,1.0,15.0,1.0,7.0,2.0,3.0,0.5,0.5,10.0,5,2740.9375,4,23,7,20,54
49120,1.0,15.0,1.0,7.0,2.0,3.0,0.5,0.5,10.0,6,2511.171875,4,21,6,20,51
49120,1.0,15.0,1.0,7.0,2.0,3.0,0.5,0.5,10.0,7,2193.96484375,4,20,6,19,50
49120,1.0,15.0,1.0,7.0,2.0,3.0,0.5,0.5,10.0,8,1842.4560546875,3,18,6,19,47
49120,1.0,15.0,1.0,7.0,2.0,3.0,0.5,0.5,10.0,9,1493.070068359375,3,18,6,19,47
49120,1.0,15.0,1.0,7.0,2.0,3.0,0.5,0.5,10.0,10,1431.3375854492188,2,8,2,16,25
49120,1.0,15.0,1.0,7.0,2.0,3.0,0.5,0.5,10.0,11,1444.1719818115234,2,6,0,9,16
49120,1.0,15.0,1.0,7.0,2.0,3.0,0.5,0.5,10.0,12,1580.2149772644043,1,5,0,3,11
49120,1.0,15.0,1.0,7.0,2.0,3.0,0.5,0.5,10.0,13,1870.2687215805054,0,4,0,1,6
49120,1.0,15.0,1.0,7.0,2.0,3.0,0.5,0.5,10.0,14,2277.8359019756317,0,2,0,1,3
49120,1.0,15.0,1.0,7.0,2.0,3.0,0.5,0.5,10.0,15,2817.2948774695396,0,1,0,1,1
49120,1.0,15.0,1.0,7.0,2.0,3.0,0.5,0.5,10.0,16,3506.6185968369246,0,1,0,0,1