Exp Num,agent:svo_convergence_factor,agent:params:metabolism,agent:params:consumption_factor,agent:params:procreate_cost_factor,agent:params:procreate_req_factor,agent:params:start_energy_factor,agent:params:caught_chance,agent:params:caught_cooldown_factor,agent:params:maximum_age,Epoch,Resource,A,B,C,D,E
41059,1.0,10.0,4.0,3.0,2.0,2.0,0.30000000000000004,0.2,50.0,0,3400.0,21,30,12,25,75
41059,1.0,10.0,4.0,3.0,2.0,2.0,0.30000000000000004,0.2,50.0,1,1770.0,23,28,11,25,74
41059,1.0,10.0,4.0,3.0,2.0,2.0,0.30000000000000004,0.2,50.0,2,732.5,25,33,16,28,86
41059,1.0,10.0,4.0,3.0,2.0,2.0,0.30000000000000004,0.2,50.0,3,0,27,36,18,31,93
41059,1.0,10.0,4.0,3.0,2.0,2.0,0.30000000000000004,0.2,50.0,4,0,27,36,18,31,93
41059,1.0,10.0,4.0,3.0,2.0,2.0,0.30000000000000004,0.2,50.0,5,0,21,29,17,21,74
41059,1.0,10.0,4.0,3.0,2.0,2.0,0.30000000000000004,0.2,50.0,6,0,17,24,16,13,59
41059,1.0,10.0,4.0,3.0,2.0,2.0,0.30000000000000004,0.2,50.0,7,0,11,19,11,10,41
41059,1.0,10.0,4.0,3.0,2.0,2.0,0.30000000000000004,0.2,50.0,8,0,10,13,7,7,30
41059,1.0,10.0,4.0,3.0,2.0,2.0,0.30000000000000004,0.2,50.0,9,0,6,6,5,6,17
41059,1.0,10.0,4.0,3.0,2.0,2.0,0.30000000000000004,0.2,50.0,10,0,5,4,2,5,11
41059,1.0,10.0,4.0,3.0,2.0,2.0,0.30000000000000004,0.2,50.0,11,0,4,2,1,2,7
41059,1.0,10.0,4.0,3.0,2.0,2.0,0.30000000000000004,0.2,50.0,12,0,3,1,0,1,4
41059,1.0,10.0,4.0,3.0,2.0,2.0,0.30000000000000004,0.2,50.0,13,0,2,1,0,1,3
41059,1.0,10.0,4.0,3.0,2.0,2.0,0.30000000000000004,0.2,50.0,14,60.0,1,0,0,1,1
41059,1.0,10.0,4.0,3.0,2.0,2.0,0.30000000000000004,0.2,50.0,15,75.0,0,0,0,1,0