Exp Num,agent:svo_convergence_factor,agent:params:metabolism,agent:params:consumption_factor,agent:params:procreate_cost_factor,agent:params:procreate_req_factor,agent:params:start_energy_factor,agent:params:caught_chance,agent:params:caught_cooldown_factor,agent:params:maximum_age,Epoch,Resource,A,B,C,D,E
41466,1.0,10.0,4.0,3.0,3.0,2.0,0.4,0.4,20.0,0,3800.0,13,26,7,33,67
41466,1.0,10.0,4.0,3.0,3.0,2.0,0.4,0.4,20.0,1,2390.0,10,20,7,31,57
41466,1.0,10.0,4.0,3.0,3.0,2.0,0.4,0.4,20.0,2,2187.5,7,21,7,31,55
41466,1.0,10.0,4.0,3.0,3.0,2.0,0.4,0.4,20.0,3,1974.375,7,25,7,31,59
41466,1.0,10.0,4.0,3.0,3.0,2.0,0.4,0.4,20.0,4,1787.96875,7,29,7,31,63
41466,1.0,10.0,4.0,3.0,3.0,2.0,0.4,0.4,20.0,5,1154.9609375,5,30,4,27,55
41466,1.0,10.0,4.0,3.0,3.0,2.0,0.4,0.4,20.0,6,843.701171875,4,31,4,24,54
41466,1.0,10.0,4.0,3.0,3.0,2.0,0.4,0.4,20.0,7,614.62646484375,4,34,4,24,57
41466,1.0,10.0,4.0,3.0,3.0,2.0,0.4,0.4,20.0,8,248.2830810546875,4,36,4,25,59
41466,1.0,10.0,4.0,3.0,3.0,2.0,0.4,0.4,20.0,9,0,3,33,2,19,50
41466,1.0,10.0,4.0,3.0,3.0,2.0,0.4,0.4,20.0,10,0,2,27,2,17,40
41466,1.0,10.0,4.0,3.0,3.0,2.0,0.4,0.4,20.0,11,0,0,21,0,16,28
41466,1.0,10.0,4.0,3.0,3.0,2.0,0.4,0.4,20.0,12,0,0,19,0,16,26
41466,1.0,10.0,4.0,3.0,3.0,2.0,0.4,0.4,20.0,13,0,0,16,0,12,19
41466,1.0,10.0,4.0,3.0,3.0,2.0,0.4,0.4,20.0,14,0,0,10,0,10,12
41466,1.0,10.0,4.0,3.0,3.0,2.0,0.4,0.4,20.0,15,0,0,5,0,7,7
41466,1.0,10.0,4.0,3.0,3.0,2.0,0.4,0.4,20.0,16,0,0,4,0,5,5
41466,1.0,10.0,4.0,3.0,3.0,2.0,0.4,0.4,20.0,17,0,0,2,0,4,2
41466,1.0,10.0,4.0,3.0,3.0,2.0,0.4,0.4,20.0,18,0,0,2,0,2,2
41466,1.0,10.0,4.0,3.0,3.0,2.0,0.4,0.4,20.0,19,0,0,1,0,1,1
41466,1.0,10.0,4.0,3.0,3.0,2.0,0.4,0.4,20.0,20,100,0,1,0,1,1
41466,1.0,10.0,4.0,3.0,3.0,2.0,0.4,0.4,20.0,21,125.0,0,0,0,1,0