Exp Num,agent:svo_convergence_factor,agent:params:metabolism,agent:params:consumption_factor,agent:params:procreate_cost_factor,agent:params:procreate_req_factor,agent:params:start_energy_factor,agent:params:caught_chance,agent:params:caught_cooldown_factor,agent:params:maximum_age,Epoch,Resource,A,B,C,D,E
41079,1.0,10.0,4.0,3.0,2.0,2.0,0.4,0.1,50.0,0,3760.0,20,34,8,22,78
41079,1.0,10.0,4.0,3.0,2.0,2.0,0.4,0.1,50.0,1,2820.0,14,28,7,19,65
41079,1.0,10.0,4.0,3.0,2.0,2.0,0.4,0.1,50.0,2,2005.0,16,36,11,19,79
41079,1.0,10.0,4.0,3.0,2.0,2.0,0.4,0.1,50.0,3,1946.25,18,39,13,19,86
41079,1.0,10.0,4.0,3.0,2.0,2.0,0.4,0.1,50.0,4,1472.8125,21,44,15,20,96
41079,1.0,10.0,4.0,3.0,2.0,2.0,0.4,0.1,50.0,5,801.015625,17,44,15,15,92
41079,1.0,10.0,4.0,3.0,2.0,2.0,0.4,0.1,50.0,6,81.26953125,16,40,14,15,87
41079,1.0,10.0,4.0,3.0,2.0,2.0,0.4,0.1,50.0,7,0,14,32,14,13,76
41079,1.0,10.0,4.0,3.0,2.0,2.0,0.4,0.1,50.0,8,0,11,25,11,11,63
41079,1.0,10.0,4.0,3.0,2.0,2.0,0.4,0.1,50.0,9,0,10,24,9,7,56
41079,1.0,10.0,4.0,3.0,2.0,2.0,0.4,0.1,50.0,10,0,7,21,5,4,40
41079,1.0,10.0,4.0,3.0,2.0,2.0,0.4,0.1,50.0,11,0,4,20,4,2,30
41079,1.0,10.0,4.0,3.0,2.0,2.0,0.4,0.1,50.0,12,0,3,12,3,1,19
41079,1.0,10.0,4.0,3.0,2.0,2.0,0.4,0.1,50.0,13,0,2,7,0,1,10
41079,1.0,10.0,4.0,3.0,2.0,2.0,0.4,0.1,50.0,14,0,1,6,0,0,7
41079,1.0,10.0,4.0,3.0,2.0,2.0,0.4,0.1,50.0,15,0,1,4,0,0,5
41079,1.0,10.0,4.0,3.0,2.0,2.0,0.4,0.1,50.0,16,0,1,2,0,0,3
41079,1.0,10.0,4.0,3.0,2.0,2.0,0.4,0.1,50.0,17,0,1,1,0,0,2
41079,1.0,10.0,4.0,3.0,2.0,2.0,0.4,0.1,50.0,18,100,1,1,0,0,2
41079,1.0,10.0,4.0,3.0,2.0,2.0,0.4,0.1,50.0,19,125.0,1,0,0,0,1