Exp Num,agent:svo_convergence_factor,agent:params:metabolism,agent:params:consumption_factor,agent:params:procreate_cost_factor,agent:params:procreate_req_factor,agent:params:start_energy_factor,agent:params:caught_chance,agent:params:caught_cooldown_factor,agent:params:maximum_age,Epoch,Resource,A,B,C,D,E
40861,1.0,10.0,4.0,3.0,1.0,3.0,0.5,0.30000000000000004,20.0,0,3840.0,19,33,18,31,83
40861,1.0,10.0,4.0,3.0,1.0,3.0,0.5,0.30000000000000004,20.0,1,4000.0,22,40,23,31,98
40861,1.0,10.0,4.0,3.0,1.0,3.0,0.5,0.30000000000000004,20.0,2,3240.0,20,33,33,35,100
40861,1.0,10.0,4.0,3.0,1.0,3.0,0.5,0.30000000000000004,20.0,3,1450.0,15,32,47,51,112
40861,1.0,10.0,4.0,3.0,1.0,3.0,0.5,0.30000000000000004,20.0,4,0,11,32,53,66,113
40861,1.0,10.0,4.0,3.0,1.0,3.0,0.5,0.30000000000000004,20.0,5,0,10,28,49,51,99
40861,1.0,10.0,4.0,3.0,1.0,3.0,0.5,0.30000000000000004,20.0,6,0,8,19,41,45,74
40861,1.0,10.0,4.0,3.0,1.0,3.0,0.5,0.30000000000000004,20.0,7,0,4,14,35,39,56
40861,1.0,10.0,4.0,3.0,1.0,3.0,0.5,0.30000000000000004,20.0,8,0,2,10,26,31,40
40861,1.0,10.0,4.0,3.0,1.0,3.0,0.5,0.30000000000000004,20.0,9,0,1,6,19,20,27
40861,1.0,10.0,4.0,3.0,1.0,3.0,0.5,0.30000000000000004,20.0,10,0,1,4,14,15,20
40861,1.0,10.0,4.0,3.0,1.0,3.0,0.5,0.30000000000000004,20.0,11,0,0,3,11,8,15
40861,1.0,10.0,4.0,3.0,1.0,3.0,0.5,0.30000000000000004,20.0,12,0,0,3,8,7,11
40861,1.0,10.0,4.0,3.0,1.0,3.0,0.5,0.30000000000000004,20.0,13,0,0,2,6,3,8
40861,1.0,10.0,4.0,3.0,1.0,3.0,0.5,0.30000000000000004,20.0,14,0,0,0,5,2,5
40861,1.0,10.0,4.0,3.0,1.0,3.0,0.5,0.30000000000000004,20.0,15,20.0,0,0,5,1,5
40861,1.0,10.0,4.0,3.0,1.0,3.0,0.5,0.30000000000000004,20.0,16,0,0,0,4,1,4
40861,1.0,10.0,4.0,3.0,1.0,3.0,0.5,0.30000000000000004,20.0,17,0,0,0,2,1,2
40861,1.0,10.0,4.0,3.0,1.0,3.0,0.5,0.30000000000000004,20.0,18,0,0,0,2,0,2
40861,1.0,10.0,4.0,3.0,1.0,3.0,0.5,0.30000000000000004,20.0,19,0,0,0,1,0,1