Exp Num,agent:svo_convergence_factor,agent:params:metabolism,agent:params:consumption_factor,agent:params:procreate_cost_factor,agent:params:procreate_req_factor,agent:params:start_energy_factor,agent:params:caught_chance,agent:params:caught_cooldown_factor,agent:params:maximum_age,Epoch,Resource,A,B,C,D,E
46312,1.0,15.0,1.0,3.0,1.0,2.0,0.30000000000000004,0.30000000000000004,30.0,0,3500.0,14,36,11,24,76
46312,1.0,15.0,1.0,3.0,1.0,2.0,0.30000000000000004,0.30000000000000004,30.0,1,2980.0,14,36,11,24,76
46312,1.0,15.0,1.0,3.0,1.0,2.0,0.30000000000000004,0.30000000000000004,30.0,2,2735.0,14,34,10,23,73
46312,1.0,15.0,1.0,3.0,1.0,2.0,0.30000000000000004,0.30000000000000004,30.0,3,2458.75,11,31,8,23,65
46312,1.0,15.0,1.0,3.0,1.0,2.0,0.30000000000000004,0.30000000000000004,30.0,4,2173.4375,10,26,8,23,59
46312,1.0,15.0,1.0,3.0,1.0,2.0,0.30000000000000004,0.30000000000000004,30.0,5,1846.796875,8,26,8,21,57
46312,1.0,15.0,1.0,3.0,1.0,2.0,0.30000000000000004,0.30000000000000004,30.0,6,1363.49609375,8,24,8,21,55
46312,1.0,15.0,1.0,3.0,1.0,2.0,0.30000000000000004,0.30000000000000004,30.0,7,699.3701171875,8,21,8,21,52
46312,1.0,15.0,1.0,3.0,1.0,2.0,0.30000000000000004,0.30000000000000004,30.0,8,0,6,17,8,20,46
46312,1.0,15.0,1.0,3.0,1.0,2.0,0.30000000000000004,0.30000000000000004,30.0,9,0,6,10,3,11,23
46312,1.0,15.0,1.0,3.0,1.0,2.0,0.30000000000000004,0.30000000000000004,30.0,10,0,2,5,1,8,9
46312,1.0,15.0,1.0,3.0,1.0,2.0,0.30000000000000004,0.30000000000000004,30.0,11,0,1,3,1,3,5
46312,1.0,15.0,1.0,3.0,1.0,2.0,0.30000000000000004,0.30000000000000004,30.0,12,0,1,2,1,0,4
46312,1.0,15.0,1.0,3.0,1.0,2.0,0.30000000000000004,0.30000000000000004,30.0,13,0,0,1,1,0,2
46312,1.0,15.0,1.0,3.0,1.0,2.0,0.30000000000000004,0.30000000000000004,30.0,14,0,0,0,1,0,1