Exp Num,agent:svo_convergence_factor,agent:params:metabolism,agent:params:consumption_factor,agent:params:procreate_cost_factor,agent:params:procreate_req_factor,agent:params:start_energy_factor,agent:params:caught_chance,agent:params:caught_cooldown_factor,agent:params:maximum_age,Epoch,Resource,A,B,C,D,E
40553,1.0,10.0,4.0,3.0,1.0,1.0,0.30000000000000004,0.1,40.0,0,1000.0,21,49,23,33,117
40553,1.0,10.0,4.0,3.0,1.0,1.0,0.30000000000000004,0.1,40.0,1,0,19,48,27,29,112
40553,1.0,10.0,4.0,3.0,1.0,1.0,0.30000000000000004,0.1,40.0,2,0,12,39,29,23,93
40553,1.0,10.0,4.0,3.0,1.0,1.0,0.30000000000000004,0.1,40.0,3,0,8,33,31,19,77
40553,1.0,10.0,4.0,3.0,1.0,1.0,0.30000000000000004,0.1,40.0,4,0,5,27,28,10,64
40553,1.0,10.0,4.0,3.0,1.0,1.0,0.30000000000000004,0.1,40.0,5,0,4,16,25,9,48
40553,1.0,10.0,4.0,3.0,1.0,1.0,0.30000000000000004,0.1,40.0,6,0,2,8,18,6,29
40553,1.0,10.0,4.0,3.0,1.0,1.0,0.30000000000000004,0.1,40.0,7,0,0,4,14,4,19
40553,1.0,10.0,4.0,3.0,1.0,1.0,0.30000000000000004,0.1,40.0,8,0,0,2,10,3,13
40553,1.0,10.0,4.0,3.0,1.0,1.0,0.30000000000000004,0.1,40.0,9,0,0,0,9,1,10
40553,1.0,10.0,4.0,3.0,1.0,1.0,0.30000000000000004,0.1,40.0,10,0,0,0,10,0,10
40553,1.0,10.0,4.0,3.0,1.0,1.0,0.30000000000000004,0.1,40.0,11,0,0,0,6,0,6
40553,1.0,10.0,4.0,3.0,1.0,1.0,0.30000000000000004,0.1,40.0,12,20.0,0,0,8,0,8
40553,1.0,10.0,4.0,3.0,1.0,1.0,0.30000000000000004,0.1,40.0,13,0,0,0,4,0,4
40553,1.0,10.0,4.0,3.0,1.0,1.0,0.30000000000000004,0.1,40.0,14,0,0,0,3,0,3
40553,1.0,10.0,4.0,3.0,1.0,1.0,0.30000000000000004,0.1,40.0,15,0,0,0,2,0,2
40553,1.0,10.0,4.0,3.0,1.0,1.0,0.30000000000000004,0.1,40.0,16,0,0,0,3,0,3
40553,1.0,10.0,4.0,3.0,1.0,1.0,0.30000000000000004,0.1,40.0,17,0,0,0,1,0,1