Exp Num,agent:svo_convergence_factor,agent:params:metabolism,agent:params:consumption_factor,agent:params:procreate_cost_factor,agent:params:procreate_req_factor,agent:params:start_energy_factor,agent:params:caught_chance,agent:params:caught_cooldown_factor,agent:params:maximum_age,Epoch,Resource,A,B,C,D,E
46094,1.0,15.0,1.0,1.0,3.0,3.0,0.4,0.4,50.0,0,3500.0,25,44,28,31,119
46094,1.0,15.0,1.0,1.0,3.0,3.0,0.4,0.4,50.0,1,3610.0,25,44,28,31,119
46094,1.0,15.0,1.0,1.0,3.0,3.0,0.4,0.4,50.0,2,3402.5,20,34,24,27,100
46094,1.0,15.0,1.0,1.0,3.0,3.0,0.4,0.4,50.0,3,3068.125,10,30,21,26,83
46094,1.0,15.0,1.0,1.0,3.0,3.0,0.4,0.4,50.0,4,2545.15625,6,26,21,26,75
46094,1.0,15.0,1.0,1.0,3.0,3.0,0.4,0.4,50.0,5,1801.4453125,3,25,21,26,71
46094,1.0,15.0,1.0,1.0,3.0,3.0,0.4,0.4,50.0,6,826.806640625,3,24,21,26,70
46094,1.0,15.0,1.0,1.0,3.0,3.0,0.4,0.4,50.0,7,0,2,22,19,22,60
46094,1.0,15.0,1.0,1.0,3.0,3.0,0.4,0.4,50.0,8,0,1,12,7,12,29
46094,1.0,15.0,1.0,1.0,3.0,3.0,0.4,0.4,50.0,9,0,0,7,3,5,15
46094,1.0,15.0,1.0,1.0,3.0,3.0,0.4,0.4,50.0,10,0,0,6,2,1,9
46094,1.0,15.0,1.0,1.0,3.0,3.0,0.4,0.4,50.0,11,0,0,3,2,0,5
46094,1.0,15.0,1.0,1.0,3.0,3.0,0.4,0.4,50.0,12,0,0,1,1,0,2
46094,1.0,15.0,1.0,1.0,3.0,3.0,0.4,0.4,50.0,13,0,0,1,0,0,1