Exp Num,agent:svo_convergence_factor,agent:params:metabolism,agent:params:consumption_factor,agent:params:procreate_cost_factor,agent:params:procreate_req_factor,agent:params:start_energy_factor,agent:params:caught_chance,agent:params:caught_cooldown_factor,agent:params:maximum_age,Epoch,Resource,A,B,C,D,E
47638,1.0,15.0,1.0,5.0,2.0,1.0,0.1,0.30000000000000004,40.0,0,3500.0,26,24,10,25,75
47638,1.0,15.0,1.0,5.0,2.0,1.0,0.1,0.30000000000000004,40.0,1,2875.0,26,24,10,25,75
47638,1.0,15.0,1.0,5.0,2.0,1.0,0.1,0.30000000000000004,40.0,2,2093.75,26,24,10,25,75
47638,1.0,15.0,1.0,5.0,2.0,1.0,0.1,0.30000000000000004,40.0,3,1117.1875,26,24,10,25,75
47638,1.0,15.0,1.0,5.0,2.0,1.0,0.1,0.30000000000000004,40.0,4,0,25,23,10,24,72
47638,1.0,15.0,1.0,5.0,2.0,1.0,0.1,0.30000000000000004,40.0,5,0,11,13,5,12,36
47638,1.0,15.0,1.0,5.0,2.0,1.0,0.1,0.30000000000000004,40.0,6,0,7,4,4,6,18
47638,1.0,15.0,1.0,5.0,2.0,1.0,0.1,0.30000000000000004,40.0,7,0,4,1,3,4,8
47638,1.0,15.0,1.0,5.0,2.0,1.0,0.1,0.30000000000000004,40.0,8,0,3,0,1,2,4
47638,1.0,15.0,1.0,5.0,2.0,1.0,0.1,0.30000000000000004,40.0,9,0,2,0,1,0,3
47638,1.0,15.0,1.0,5.0,2.0,1.0,0.1,0.30000000000000004,40.0,10,0,1,0,0,0,1