Exp Num,agent:svo_convergence_factor,agent:params:metabolism,agent:params:consumption_factor,agent:params:procreate_cost_factor,agent:params:procreate_req_factor,agent:params:start_energy_factor,agent:params:caught_chance,agent:params:caught_cooldown_factor,agent:params:maximum_age,Epoch,Resource,A,B,C,D,E
48345,1.0,15.0,1.0,5.0,3.0,3.0,0.4,0.5,10.0,0,3500.0,11,32,12,27,73
48345,1.0,15.0,1.0,5.0,3.0,3.0,0.4,0.5,10.0,1,2965.0,11,32,12,27,73
48345,1.0,15.0,1.0,5.0,3.0,3.0,0.4,0.5,10.0,2,2776.25,11,32,12,27,73
48345,1.0,15.0,1.0,5.0,3.0,3.0,0.4,0.5,10.0,3,2810.3125,10,31,12,27,71
48345,1.0,15.0,1.0,5.0,3.0,3.0,0.4,0.5,10.0,4,2717.890625,9,29,11,26,66
48345,1.0,15.0,1.0,5.0,3.0,3.0,0.4,0.5,10.0,5,2497.36328125,6,24,8,26,54
48345,1.0,15.0,1.0,5.0,3.0,3.0,0.4,0.5,10.0,6,2206.7041015625,3,22,7,25,48
48345,1.0,15.0,1.0,5.0,3.0,3.0,0.4,0.5,10.0,7,1843.380126953125,2,22,7,24,47
48345,1.0,15.0,1.0,5.0,3.0,3.0,0.4,0.5,10.0,8,1584.2251586914062,2,21,7,24,46
48345,1.0,15.0,1.0,5.0,3.0,3.0,0.4,0.5,10.0,9,1230.2814483642578,2,19,7,23,44
48345,1.0,15.0,1.0,5.0,3.0,3.0,0.4,0.5,10.0,10,1027.8518104553223,2,11,3,15,25
48345,1.0,15.0,1.0,5.0,3.0,3.0,0.4,0.5,10.0,11,984.8147630691528,1,8,1,7,16
48345,1.0,15.0,1.0,5.0,3.0,3.0,0.4,0.5,10.0,12,1066.018453836441,0,6,1,2,9
48345,1.0,15.0,1.0,5.0,3.0,3.0,0.4,0.5,10.0,13,1242.5230672955513,0,4,0,0,6
48345,1.0,15.0,1.0,5.0,3.0,3.0,0.4,0.5,10.0,14,1508.1538341194391,0,2,0,0,3
48345,1.0,15.0,1.0,5.0,3.0,3.0,0.4,0.5,10.0,15,1855.192292649299,0,1,0,0,1