Exp Num,agent:svo_convergence_factor,agent:params:metabolism,agent:params:consumption_factor,agent:params:procreate_cost_factor,agent:params:procreate_req_factor,agent:params:start_energy_factor,agent:params:caught_chance,agent:params:caught_cooldown_factor,agent:params:maximum_age,Epoch,Resource,A,B,C,D,E
45561,1.0,15.0,1.0,1.0,2.0,2.0,0.30000000000000004,0.30000000000000004,20.0,0,3500.0,17,27,30,56,94
45561,1.0,15.0,1.0,1.0,2.0,2.0,0.30000000000000004,0.30000000000000004,20.0,1,2635.0,18,28,33,58,100
45561,1.0,15.0,1.0,1.0,2.0,2.0,0.30000000000000004,0.30000000000000004,20.0,2,1163.75,17,28,29,58,95
45561,1.0,15.0,1.0,1.0,2.0,2.0,0.30000000000000004,0.30000000000000004,20.0,3,0,14,25,20,49,76
45561,1.0,15.0,1.0,1.0,2.0,2.0,0.30000000000000004,0.30000000000000004,20.0,4,0,8,13,15,21,41
45561,1.0,15.0,1.0,1.0,2.0,2.0,0.30000000000000004,0.30000000000000004,20.0,5,0,4,8,8,7,24
45561,1.0,15.0,1.0,1.0,2.0,2.0,0.30000000000000004,0.30000000000000004,20.0,6,0,3,4,5,3,13
45561,1.0,15.0,1.0,1.0,2.0,2.0,0.30000000000000004,0.30000000000000004,20.0,7,0,1,2,3,1,7
45561,1.0,15.0,1.0,1.0,2.0,2.0,0.30000000000000004,0.30000000000000004,20.0,8,0,0,2,1,1,3
45561,1.0,15.0,1.0,1.0,2.0,2.0,0.30000000000000004,0.30000000000000004,20.0,9,0,0,2,0,0,2
45561,1.0,15.0,1.0,1.0,2.0,2.0,0.30000000000000004,0.30000000000000004,20.0,10,0,0,1,0,0,1