Exp Num,agent:svo_convergence_factor,agent:params:metabolism,agent:params:consumption_factor,agent:params:procreate_cost_factor,agent:params:procreate_req_factor,agent:params:start_energy_factor,agent:params:caught_chance,agent:params:caught_cooldown_factor,agent:params:maximum_age,Epoch,Resource,A,B,C,D,E
45189,1.0,15.0,1.0,1.0,1.0,2.0,0.30000000000000004,0.30000000000000004,50.0,0,3500.0,27,31,22,47,103
45189,1.0,15.0,1.0,1.0,1.0,2.0,0.30000000000000004,0.30000000000000004,50.0,1,2620.0,32,49,48,69,156
45189,1.0,15.0,1.0,1.0,1.0,2.0,0.30000000000000004,0.30000000000000004,50.0,2,1640.0,15,46,48,49,124
45189,1.0,15.0,1.0,1.0,1.0,2.0,0.30000000000000004,0.30000000000000004,50.0,3,955.0,9,36,44,33,98
45189,1.0,15.0,1.0,1.0,1.0,2.0,0.30000000000000004,0.30000000000000004,50.0,4,278.75,5,32,43,27,83
45189,1.0,15.0,1.0,1.0,1.0,2.0,0.30000000000000004,0.30000000000000004,50.0,5,0,3,25,34,18,63
45189,1.0,15.0,1.0,1.0,1.0,2.0,0.30000000000000004,0.30000000000000004,50.0,6,0,2,18,26,8,46
45189,1.0,15.0,1.0,1.0,1.0,2.0,0.30000000000000004,0.30000000000000004,50.0,7,0,1,9,19,4,29
45189,1.0,15.0,1.0,1.0,1.0,2.0,0.30000000000000004,0.30000000000000004,50.0,8,0,1,6,17,2,24
45189,1.0,15.0,1.0,1.0,1.0,2.0,0.30000000000000004,0.30000000000000004,50.0,9,0,0,3,15,1,18
45189,1.0,15.0,1.0,1.0,1.0,2.0,0.30000000000000004,0.30000000000000004,50.0,10,0,0,1,11,1,12
45189,1.0,15.0,1.0,1.0,1.0,2.0,0.30000000000000004,0.30000000000000004,50.0,11,0,0,1,6,0,7
45189,1.0,15.0,1.0,1.0,1.0,2.0,0.30000000000000004,0.30000000000000004,50.0,12,0,0,2,3,0,5
45189,1.0,15.0,1.0,1.0,1.0,2.0,0.30000000000000004,0.30000000000000004,50.0,13,0,0,1,3,0,4
45189,1.0,15.0,1.0,1.0,1.0,2.0,0.30000000000000004,0.30000000000000004,50.0,14,0,0,0,4,0,4
45189,1.0,15.0,1.0,1.0,1.0,2.0,0.30000000000000004,0.30000000000000004,50.0,15,0,0,0,2,0,2
45189,1.0,15.0,1.0,1.0,1.0,2.0,0.30000000000000004,0.30000000000000004,50.0,16,85.0,0,0,1,0,1