Exp Num,agent:svo_convergence_factor,agent:params:metabolism,agent:params:consumption_factor,agent:params:procreate_cost_factor,agent:params:procreate_req_factor,agent:params:start_energy_factor,agent:params:caught_chance,agent:params:caught_cooldown_factor,agent:params:maximum_age,Epoch,Resource,A,B,C,D,E
45683,1.0,15.0,1.0,1.0,2.0,3.0,0.30000000000000004,0.2,40.0,0,3500.0,29,46,24,32,118
45683,1.0,15.0,1.0,1.0,2.0,3.0,0.30000000000000004,0.2,40.0,1,3400.0,38,58,33,34,148
45683,1.0,15.0,1.0,1.0,2.0,3.0,0.30000000000000004,0.2,40.0,2,2330.0,34,53,35,31,140
45683,1.0,15.0,1.0,1.0,2.0,3.0,0.30000000000000004,0.2,40.0,3,572.5,30,53,35,31,136
45683,1.0,15.0,1.0,1.0,2.0,3.0,0.30000000000000004,0.2,40.0,4,0,18,36,22,19,89
45683,1.0,15.0,1.0,1.0,2.0,3.0,0.30000000000000004,0.2,40.0,5,0,10,18,10,10,44
45683,1.0,15.0,1.0,1.0,2.0,3.0,0.30000000000000004,0.2,40.0,6,0,4,10,4,6,21
45683,1.0,15.0,1.0,1.0,2.0,3.0,0.30000000000000004,0.2,40.0,7,0,2,5,2,2,11
45683,1.0,15.0,1.0,1.0,2.0,3.0,0.30000000000000004,0.2,40.0,8,0,1,2,2,1,5
45683,1.0,15.0,1.0,1.0,2.0,3.0,0.30000000000000004,0.2,40.0,9,0,0,2,0,1,2
45683,1.0,15.0,1.0,1.0,2.0,3.0,0.30000000000000004,0.2,40.0,10,0,0,1,0,0,1