Exp Num,agent:svo_convergence_factor,agent:params:metabolism,agent:params:consumption_factor,agent:params:procreate_cost_factor,agent:params:procreate_req_factor,agent:params:start_energy_factor,agent:params:caught_chance,agent:params:caught_cooldown_factor,agent:params:maximum_age,Epoch,Resource,A,B,C,D,E
45974,1.0,15.0,1.0,1.0,3.0,2.0,0.4,0.5,50.0,0,3500.0,14,26,6,32,68
45974,1.0,15.0,1.0,1.0,3.0,2.0,0.4,0.5,50.0,1,2980.0,14,26,6,32,68
45974,1.0,15.0,1.0,1.0,3.0,2.0,0.4,0.5,50.0,2,2765.0,13,25,6,31,66
45974,1.0,15.0,1.0,1.0,3.0,2.0,0.4,0.5,50.0,3,2496.25,12,24,5,30,63
45974,1.0,15.0,1.0,1.0,3.0,2.0,0.4,0.5,50.0,4,2130.3125,11,22,4,29,58
45974,1.0,15.0,1.0,1.0,3.0,2.0,0.4,0.5,50.0,5,1732.890625,8,20,4,28,53
45974,1.0,15.0,1.0,1.0,3.0,2.0,0.4,0.5,50.0,6,1116.11328125,7,19,4,28,51
45974,1.0,15.0,1.0,1.0,3.0,2.0,0.4,0.5,50.0,7,345.1416015625,6,18,4,27,49
45974,1.0,15.0,1.0,1.0,3.0,2.0,0.4,0.5,50.0,8,0,5,12,4,17,35
45974,1.0,15.0,1.0,1.0,3.0,2.0,0.4,0.5,50.0,9,0,4,4,4,6,20
45974,1.0,15.0,1.0,1.0,3.0,2.0,0.4,0.5,50.0,10,0,2,3,1,3,10
45974,1.0,15.0,1.0,1.0,3.0,2.0,0.4,0.5,50.0,11,0,1,2,1,1,5
45974,1.0,15.0,1.0,1.0,3.0,2.0,0.4,0.5,50.0,12,0,1,1,0,0,3
45974,1.0,15.0,1.0,1.0,3.0,2.0,0.4,0.5,50.0,13,0,0,0,0,0,1