Exp Num,agent:svo_convergence_factor,agent:params:metabolism,agent:params:consumption_factor,agent:params:procreate_cost_factor,agent:params:procreate_req_factor,agent:params:start_energy_factor,agent:params:caught_chance,agent:params:caught_cooldown_factor,agent:params:maximum_age,Epoch,Resource,A,B,C,D,E
49668,1.0,15.0,1.0,9.0,1.0,2.0,0.2,0.4,40.0,0,3500.0,17,23,13,26,74
49668,1.0,15.0,1.0,9.0,1.0,2.0,0.2,0.4,40.0,1,2950.0,17,23,13,26,74
49668,1.0,15.0,1.0,9.0,1.0,2.0,0.2,0.4,40.0,2,2727.5,17,23,13,26,74
49668,1.0,15.0,1.0,9.0,1.0,2.0,0.2,0.4,40.0,3,2329.375,16,21,13,25,71
49668,1.0,15.0,1.0,9.0,1.0,2.0,0.2,0.4,40.0,4,2026.71875,15,17,12,24,64
49668,1.0,15.0,1.0,9.0,1.0,2.0,0.2,0.4,40.0,5,1438.3984375,13,17,11,24,61
49668,1.0,15.0,1.0,9.0,1.0,2.0,0.2,0.4,40.0,6,687.998046875,11,16,10,24,57
49668,1.0,15.0,1.0,9.0,1.0,2.0,0.2,0.4,40.0,7,0,9,14,9,20,49
49668,1.0,15.0,1.0,9.0,1.0,2.0,0.2,0.4,40.0,8,0,7,7,3,11,24
49668,1.0,15.0,1.0,9.0,1.0,2.0,0.2,0.4,40.0,9,0,5,3,1,6,12
49668,1.0,15.0,1.0,9.0,1.0,2.0,0.2,0.4,40.0,10,0,2,3,0,4,5
49668,1.0,15.0,1.0,9.0,1.0,2.0,0.2,0.4,40.0,11,0,1,2,0,1,3
49668,1.0,15.0,1.0,9.0,1.0,2.0,0.2,0.4,40.0,12,0,1,1,0,0,2
49668,1.0,15.0,1.0,9.0,1.0,2.0,0.2,0.4,40.0,13,0,1,0,0,0,1