Exp Num,agent:svo_convergence_factor,agent:params:metabolism,agent:params:consumption_factor,agent:params:procreate_cost_factor,agent:params:procreate_req_factor,agent:params:start_energy_factor,agent:params:caught_chance,agent:params:caught_cooldown_factor,agent:params:maximum_age,Epoch,Resource,A,B,C,D,E
49392,1.0,15.0,1.0,7.0,3.0,3.0,0.1,0.4,30.0,0,3500.0,16,20,16,27,73
49392,1.0,15.0,1.0,7.0,3.0,3.0,0.1,0.4,30.0,1,2965.0,16,20,16,27,73
49392,1.0,15.0,1.0,7.0,3.0,3.0,0.1,0.4,30.0,2,2746.25,16,20,16,27,73
49392,1.0,15.0,1.0,7.0,3.0,3.0,0.1,0.4,30.0,3,2637.8125,16,20,16,27,73
49392,1.0,15.0,1.0,7.0,3.0,3.0,0.1,0.4,30.0,4,2382.265625,16,20,16,27,72
49392,1.0,15.0,1.0,7.0,3.0,3.0,0.1,0.4,30.0,5,1927.83203125,16,19,15,27,69
49392,1.0,15.0,1.0,7.0,3.0,3.0,0.1,0.4,30.0,6,1284.7900390625,14,19,15,27,67
49392,1.0,15.0,1.0,7.0,3.0,3.0,0.1,0.4,30.0,7,450.987548828125,12,19,15,27,65
49392,1.0,15.0,1.0,7.0,3.0,3.0,0.1,0.4,30.0,8,0,9,17,10,17,51
49392,1.0,15.0,1.0,7.0,3.0,3.0,0.1,0.4,30.0,9,0,8,7,4,8,27
49392,1.0,15.0,1.0,7.0,3.0,3.0,0.1,0.4,30.0,10,0,7,4,1,5,14
49392,1.0,15.0,1.0,7.0,3.0,3.0,0.1,0.4,30.0,11,0,6,3,0,2,9
49392,1.0,15.0,1.0,7.0,3.0,3.0,0.1,0.4,30.0,12,0,6,0,0,1,6
49392,1.0,15.0,1.0,7.0,3.0,3.0,0.1,0.4,30.0,13,0,2,0,0,1,2
49392,1.0,15.0,1.0,7.0,3.0,3.0,0.1,0.4,30.0,14,0,2,0,0,0,2
49392,1.0,15.0,1.0,7.0,3.0,3.0,0.1,0.4,30.0,15,0,1,0,0,0,1