Exp Num,agent:svo_convergence_factor,agent:params:metabolism,agent:params:consumption_factor,agent:params:procreate_cost_factor,agent:params:procreate_req_factor,agent:params:start_energy_factor,agent:params:caught_chance,agent:params:caught_cooldown_factor,agent:params:maximum_age,Epoch,Resource,A,B,C,D,E
42182,1.0,10.0,4.0,5.0,2.0,2.0,0.30000000000000004,0.2,30.0,0,3480.0,22,28,11,25,75
42182,1.0,10.0,4.0,5.0,2.0,2.0,0.30000000000000004,0.2,30.0,1,2110.0,17,23,9,24,62
42182,1.0,10.0,4.0,5.0,2.0,2.0,0.30000000000000004,0.2,30.0,2,1517.5,19,26,9,23,67
42182,1.0,10.0,4.0,5.0,2.0,2.0,0.30000000000000004,0.2,30.0,3,936.875,21,28,10,23,72
42182,1.0,10.0,4.0,5.0,2.0,2.0,0.30000000000000004,0.2,30.0,4,131.09375,22,30,11,23,76
42182,1.0,10.0,4.0,5.0,2.0,2.0,0.30000000000000004,0.2,30.0,5,0,20,24,9,13,62
42182,1.0,10.0,4.0,5.0,2.0,2.0,0.30000000000000004,0.2,30.0,6,0,19,20,7,12,53
42182,1.0,10.0,4.0,5.0,2.0,2.0,0.30000000000000004,0.2,30.0,7,0,17,19,7,11,50
42182,1.0,10.0,4.0,5.0,2.0,2.0,0.30000000000000004,0.2,30.0,8,0,16,17,7,10,46
42182,1.0,10.0,4.0,5.0,2.0,2.0,0.30000000000000004,0.2,30.0,9,0,15,16,5,7,41
42182,1.0,10.0,4.0,5.0,2.0,2.0,0.30000000000000004,0.2,30.0,10,0,12,14,5,4,32
42182,1.0,10.0,4.0,5.0,2.0,2.0,0.30000000000000004,0.2,30.0,11,0,10,12,5,1,28
42182,1.0,10.0,4.0,5.0,2.0,2.0,0.30000000000000004,0.2,30.0,12,0,9,9,4,1,23
42182,1.0,10.0,4.0,5.0,2.0,2.0,0.30000000000000004,0.2,30.0,13,0,5,8,3,1,17
42182,1.0,10.0,4.0,5.0,2.0,2.0,0.30000000000000004,0.2,30.0,14,0,3,4,3,1,10
42182,1.0,10.0,4.0,5.0,2.0,2.0,0.30000000000000004,0.2,30.0,15,0,2,2,2,1,6
42182,1.0,10.0,4.0,5.0,2.0,2.0,0.30000000000000004,0.2,30.0,16,60.0,2,1,2,1,5
42182,1.0,10.0,4.0,5.0,2.0,2.0,0.30000000000000004,0.2,30.0,17,0,2,1,0,1,3
42182,1.0,10.0,4.0,5.0,2.0,2.0,0.30000000000000004,0.2,30.0,18,0,2,1,0,1,3
42182,1.0,10.0,4.0,5.0,2.0,2.0,0.30000000000000004,0.2,30.0,19,0,0,1,0,1,1
42182,1.0,10.0,4.0,5.0,2.0,2.0,0.30000000000000004,0.2,30.0,20,0,0,1,0,1,1
42182,1.0,10.0,4.0,5.0,2.0,2.0,0.30000000000000004,0.2,30.0,21,0,0,1,0,1,1
42182,1.0,10.0,4.0,5.0,2.0,2.0,0.30000000000000004,0.2,30.0,22,0,0,0,0,1,0