Exp Num,agent:svo_convergence_factor,agent:params:metabolism,agent:params:consumption_factor,agent:params:procreate_cost_factor,agent:params:procreate_req_factor,agent:params:start_energy_factor,agent:params:caught_chance,agent:params:caught_cooldown_factor,agent:params:maximum_age,Epoch,Resource,A,B,C,D,E
49869,1.0,15.0,1.0,9.0,1.0,3.0,0.5,0.4,50.0,0,3500.0,7,33,13,31,69
49869,1.0,15.0,1.0,9.0,1.0,3.0,0.5,0.4,50.0,1,2965.0,7,33,13,31,69
49869,1.0,15.0,1.0,9.0,1.0,3.0,0.5,0.4,50.0,2,2746.25,7,33,13,31,69
49869,1.0,15.0,1.0,9.0,1.0,3.0,0.5,0.4,50.0,3,2832.8125,7,31,13,30,67
49869,1.0,15.0,1.0,9.0,1.0,3.0,0.5,0.4,50.0,4,2956.015625,4,27,11,26,57
49869,1.0,15.0,1.0,9.0,1.0,3.0,0.5,0.4,50.0,5,2885.01953125,3,21,11,24,49
49869,1.0,15.0,1.0,9.0,1.0,3.0,0.5,0.4,50.0,6,2721.2744140625,3,17,11,24,44
49869,1.0,15.0,1.0,9.0,1.0,3.0,0.5,0.4,50.0,7,2486.593017578125,2,15,11,24,41
49869,1.0,15.0,1.0,9.0,1.0,3.0,0.5,0.4,50.0,8,2178.2412719726562,2,15,10,24,40
49869,1.0,15.0,1.0,9.0,1.0,3.0,0.5,0.4,50.0,9,1852.8015899658203,2,15,10,24,40
49869,1.0,15.0,1.0,9.0,1.0,3.0,0.5,0.4,50.0,10,1611.0019874572754,2,15,10,24,40
49869,1.0,15.0,1.0,9.0,1.0,3.0,0.5,0.4,50.0,11,1443.7524843215942,1,12,10,24,36
49869,1.0,15.0,1.0,9.0,1.0,3.0,0.5,0.4,50.0,12,1234.6906054019928,1,10,9,22,32
49869,1.0,15.0,1.0,9.0,1.0,3.0,0.5,0.4,50.0,13,943.363256752491,1,7,8,22,28
49869,1.0,15.0,1.0,9.0,1.0,3.0,0.5,0.4,50.0,14,519.2040709406137,1,5,7,22,25
49869,1.0,15.0,1.0,9.0,1.0,3.0,0.5,0.4,50.0,15,0,1,4,7,22,23
49869,1.0,15.0,1.0,9.0,1.0,3.0,0.5,0.4,50.0,16,0,0,3,4,8,14
49869,1.0,15.0,1.0,9.0,1.0,3.0,0.5,0.4,50.0,17,0,0,3,1,4,7
49869,1.0,15.0,1.0,9.0,1.0,3.0,0.5,0.4,50.0,18,0,0,2,0,3,2
49869,1.0,15.0,1.0,9.0,1.0,3.0,0.5,0.4,50.0,19,0,0,1,0,1,1
49869,1.0,15.0,1.0,9.0,1.0,3.0,0.5,0.4,50.0,20,0,0,1,0,0,1