Exp Num,agent:svo_convergence_factor,agent:params:metabolism,agent:params:consumption_factor,agent:params:procreate_cost_factor,agent:params:procreate_req_factor,agent:params:start_energy_factor,agent:params:caught_chance,agent:params:caught_cooldown_factor,agent:params:maximum_age,Epoch,Resource,A,B,C,D,E
49104,1.0,15.0,1.0,7.0,2.0,3.0,0.5,0.1,50.0,0,3500.0,16,25,9,28,72
49104,1.0,15.0,1.0,7.0,2.0,3.0,0.5,0.1,50.0,1,2995.0,16,25,9,28,72
49104,1.0,15.0,1.0,7.0,2.0,3.0,0.5,0.1,50.0,2,2753.75,16,25,9,28,72
49104,1.0,15.0,1.0,7.0,2.0,3.0,0.5,0.1,50.0,3,2752.1875,16,21,9,28,68
49104,1.0,15.0,1.0,7.0,2.0,3.0,0.5,0.1,50.0,4,2780.234375,15,17,8,25,62
49104,1.0,15.0,1.0,7.0,2.0,3.0,0.5,0.1,50.0,5,2710.29296875,13,8,7,24,50
49104,1.0,15.0,1.0,7.0,2.0,3.0,0.5,0.1,50.0,6,2562.8662109375,9,6,7,23,43
49104,1.0,15.0,1.0,7.0,2.0,3.0,0.5,0.1,50.0,7,2303.582763671875,9,6,7,21,43
49104,1.0,15.0,1.0,7.0,2.0,3.0,0.5,0.1,50.0,8,1979.4784545898438,8,6,7,21,42
49104,1.0,15.0,1.0,7.0,2.0,3.0,0.5,0.1,50.0,9,1679.3480682373047,7,6,7,21,41
49104,1.0,15.0,1.0,7.0,2.0,3.0,0.5,0.1,50.0,10,1394.1850852966309,7,6,7,21,41
49104,1.0,15.0,1.0,7.0,2.0,3.0,0.5,0.1,50.0,11,1097.7313566207886,6,6,7,21,40
49104,1.0,15.0,1.0,7.0,2.0,3.0,0.5,0.1,50.0,12,667.1641957759857,6,5,7,20,39
49104,1.0,15.0,1.0,7.0,2.0,3.0,0.5,0.1,50.0,13,113.95524471998215,5,3,7,20,35
49104,1.0,15.0,1.0,7.0,2.0,3.0,0.5,0.1,50.0,14,0,4,2,4,11,22
49104,1.0,15.0,1.0,7.0,2.0,3.0,0.5,0.1,50.0,15,0,3,1,2,6,11
49104,1.0,15.0,1.0,7.0,2.0,3.0,0.5,0.1,50.0,16,0,3,0,1,2,8
49104,1.0,15.0,1.0,7.0,2.0,3.0,0.5,0.1,50.0,17,0,3,0,1,0,5
49104,1.0,15.0,1.0,7.0,2.0,3.0,0.5,0.1,50.0,18,0,0,0,1,0,2
49104,1.0,15.0,1.0,7.0,2.0,3.0,0.5,0.1,50.0,19,0,0,0,0,0,1