Exp Num,agent:svo_convergence_factor,agent:params:metabolism,agent:params:consumption_factor,agent:params:procreate_cost_factor,agent:params:procreate_req_factor,agent:params:start_energy_factor,agent:params:caught_chance,agent:params:caught_cooldown_factor,agent:params:maximum_age,Epoch,Resource,A,B,C,D,E
40063,1.0,10.0,4.0,1.0,2.0,3.0,0.30000000000000004,0.30000000000000004,40.0,0,3560.0,23,43,25,44,106
40063,1.0,10.0,4.0,1.0,2.0,3.0,0.30000000000000004,0.30000000000000004,40.0,1,1570.0,17,48,37,58,118
40063,1.0,10.0,4.0,1.0,2.0,3.0,0.30000000000000004,0.30000000000000004,40.0,2,0,18,60,54,70,152
40063,1.0,10.0,4.0,1.0,2.0,3.0,0.30000000000000004,0.30000000000000004,40.0,3,0,16,63,48,49,140
40063,1.0,10.0,4.0,1.0,2.0,3.0,0.30000000000000004,0.30000000000000004,40.0,4,0,13,49,31,30,99
40063,1.0,10.0,4.0,1.0,2.0,3.0,0.30000000000000004,0.30000000000000004,40.0,5,0,12,36,24,18,76
40063,1.0,10.0,4.0,1.0,2.0,3.0,0.30000000000000004,0.30000000000000004,40.0,6,0,7,26,15,9,52
40063,1.0,10.0,4.0,1.0,2.0,3.0,0.30000000000000004,0.30000000000000004,40.0,7,0,4,17,12,3,34
40063,1.0,10.0,4.0,1.0,2.0,3.0,0.30000000000000004,0.30000000000000004,40.0,8,0,4,12,10,0,27
40063,1.0,10.0,4.0,1.0,2.0,3.0,0.30000000000000004,0.30000000000000004,40.0,9,0,3,7,7,0,18
40063,1.0,10.0,4.0,1.0,2.0,3.0,0.30000000000000004,0.30000000000000004,40.0,10,0,1,6,3,0,11
40063,1.0,10.0,4.0,1.0,2.0,3.0,0.30000000000000004,0.30000000000000004,40.0,11,0,1,3,3,0,7
40063,1.0,10.0,4.0,1.0,2.0,3.0,0.30000000000000004,0.30000000000000004,40.0,12,0,1,2,1,0,4
40063,1.0,10.0,4.0,1.0,2.0,3.0,0.30000000000000004,0.30000000000000004,40.0,13,20.0,1,3,0,0,4
40063,1.0,10.0,4.0,1.0,2.0,3.0,0.30000000000000004,0.30000000000000004,40.0,14,0,1,3,0,0,4
40063,1.0,10.0,4.0,1.0,2.0,3.0,0.30000000000000004,0.30000000000000004,40.0,15,0,0,2,0,0,2
40063,1.0,10.0,4.0,1.0,2.0,3.0,0.30000000000000004,0.30000000000000004,40.0,16,0,0,1,0,0,1