Exp Num,agent:svo_convergence_factor,agent:params:metabolism,agent:params:consumption_factor,agent:params:procreate_cost_factor,agent:params:procreate_req_factor,agent:params:start_energy_factor,agent:params:caught_chance,agent:params:caught_cooldown_factor,agent:params:maximum_age,Epoch,Resource,A,B,C,D,E
49377,1.0,15.0,1.0,7.0,3.0,3.0,0.1,0.1,30.0,0,3500.0,17,19,14,24,76
49377,1.0,15.0,1.0,7.0,3.0,3.0,0.1,0.1,30.0,1,2905.0,17,19,14,24,76
49377,1.0,15.0,1.0,7.0,3.0,3.0,0.1,0.1,30.0,2,2671.25,17,19,14,24,76
49377,1.0,15.0,1.0,7.0,3.0,3.0,0.1,0.1,30.0,3,2589.0625,16,19,14,24,75
49377,1.0,15.0,1.0,7.0,3.0,3.0,0.1,0.1,30.0,4,2396.328125,14,18,14,23,71
49377,1.0,15.0,1.0,7.0,3.0,3.0,0.1,0.1,30.0,5,2095.41015625,12,18,13,23,67
49377,1.0,15.0,1.0,7.0,3.0,3.0,0.1,0.1,30.0,6,1659.2626953125,12,17,12,22,65
49377,1.0,15.0,1.0,7.0,3.0,3.0,0.1,0.1,30.0,7,1054.078369140625,10,14,12,22,60
49377,1.0,15.0,1.0,7.0,3.0,3.0,0.1,0.1,30.0,8,252.59796142578125,9,14,12,21,59
49377,1.0,15.0,1.0,7.0,3.0,3.0,0.1,0.1,30.0,9,0,8,13,8,12,42
49377,1.0,15.0,1.0,7.0,3.0,3.0,0.1,0.1,30.0,10,0,7,9,3,6,22
49377,1.0,15.0,1.0,7.0,3.0,3.0,0.1,0.1,30.0,11,0,5,6,1,2,13
49377,1.0,15.0,1.0,7.0,3.0,3.0,0.1,0.1,30.0,12,0,4,4,0,1,8
49377,1.0,15.0,1.0,7.0,3.0,3.0,0.1,0.1,30.0,13,0,3,2,0,0,5
49377,1.0,15.0,1.0,7.0,3.0,3.0,0.1,0.1,30.0,14,0,3,0,0,0,3
49377,1.0,15.0,1.0,7.0,3.0,3.0,0.1,0.1,30.0,15,0,1,0,0,0,1