Exp Num,agent:svo_convergence_factor,agent:params:metabolism,agent:params:consumption_factor,agent:params:procreate_cost_factor,agent:params:procreate_req_factor,agent:params:start_energy_factor,agent:params:caught_chance,agent:params:caught_cooldown_factor,agent:params:maximum_age,Epoch,Resource,A,B,C,D,E
48761,1.0,15.0,1.0,7.0,2.0,1.0,0.1,0.30000000000000004,20.0,0,3500.0,14,31,10,28,72
48761,1.0,15.0,1.0,7.0,2.0,1.0,0.1,0.30000000000000004,20.0,1,2875.0,14,31,10,28,72
48761,1.0,15.0,1.0,7.0,2.0,1.0,0.1,0.30000000000000004,20.0,2,2093.75,14,31,10,28,72
48761,1.0,15.0,1.0,7.0,2.0,1.0,0.1,0.30000000000000004,20.0,3,1117.1875,14,31,10,28,72
48761,1.0,15.0,1.0,7.0,2.0,1.0,0.1,0.30000000000000004,20.0,4,0,13,30,9,27,69
48761,1.0,15.0,1.0,7.0,2.0,1.0,0.1,0.30000000000000004,20.0,5,0,7,18,5,12,36
48761,1.0,15.0,1.0,7.0,2.0,1.0,0.1,0.30000000000000004,20.0,6,0,2,9,2,6,18
48761,1.0,15.0,1.0,7.0,2.0,1.0,0.1,0.30000000000000004,20.0,7,0,1,4,0,4,8
48761,1.0,15.0,1.0,7.0,2.0,1.0,0.1,0.30000000000000004,20.0,8,0,1,3,0,1,5
48761,1.0,15.0,1.0,7.0,2.0,1.0,0.1,0.30000000000000004,20.0,9,0,0,2,0,0,3
48761,1.0,15.0,1.0,7.0,2.0,1.0,0.1,0.30000000000000004,20.0,10,0,0,1,0,0,1