Exp Num,agent:svo_convergence_factor,agent:params:metabolism,agent:params:consumption_factor,agent:params:procreate_cost_factor,agent:params:procreate_req_factor,agent:params:start_energy_factor,agent:params:caught_chance,agent:params:caught_cooldown_factor,agent:params:maximum_age,Epoch,Resource,A,B,C,D,E
49427,1.0,15.0,1.0,7.0,3.0,3.0,0.30000000000000004,0.1,30.0,0,3500.0,13,34,10,24,76
49427,1.0,15.0,1.0,7.0,3.0,3.0,0.30000000000000004,0.1,30.0,1,2920.0,13,34,10,24,76
49427,1.0,15.0,1.0,7.0,3.0,3.0,0.30000000000000004,0.1,30.0,2,2735.0,13,34,10,24,76
49427,1.0,15.0,1.0,7.0,3.0,3.0,0.30000000000000004,0.1,30.0,3,2758.75,13,34,10,24,76
49427,1.0,15.0,1.0,7.0,3.0,3.0,0.30000000000000004,0.1,30.0,4,2683.4375,13,29,8,21,69
49427,1.0,15.0,1.0,7.0,3.0,3.0,0.30000000000000004,0.1,30.0,5,2619.296875,8,23,8,18,57
49427,1.0,15.0,1.0,7.0,3.0,3.0,0.30000000000000004,0.1,30.0,6,2494.12109375,7,19,7,18,51
49427,1.0,15.0,1.0,7.0,3.0,3.0,0.30000000000000004,0.1,30.0,7,2247.6513671875,5,17,7,18,47
49427,1.0,15.0,1.0,7.0,3.0,3.0,0.30000000000000004,0.1,30.0,8,1894.564208984375,5,17,7,18,47
49427,1.0,15.0,1.0,7.0,3.0,3.0,0.30000000000000004,0.1,30.0,9,1573.2052612304688,5,17,7,18,47
49427,1.0,15.0,1.0,7.0,3.0,3.0,0.30000000000000004,0.1,30.0,10,1276.506576538086,4,15,7,18,44
49427,1.0,15.0,1.0,7.0,3.0,3.0,0.30000000000000004,0.1,30.0,11,890.6332206726074,3,13,7,18,41
49427,1.0,15.0,1.0,7.0,3.0,3.0,0.30000000000000004,0.1,30.0,12,378.2915258407593,3,11,6,18,38
49427,1.0,15.0,1.0,7.0,3.0,3.0,0.30000000000000004,0.1,30.0,13,0,3,10,4,13,32
49427,1.0,15.0,1.0,7.0,3.0,3.0,0.30000000000000004,0.1,30.0,14,0,1,5,2,5,18
49427,1.0,15.0,1.0,7.0,3.0,3.0,0.30000000000000004,0.1,30.0,15,0,1,4,0,3,8
49427,1.0,15.0,1.0,7.0,3.0,3.0,0.30000000000000004,0.1,30.0,16,0,0,2,0,2,4
49427,1.0,15.0,1.0,7.0,3.0,3.0,0.30000000000000004,0.1,30.0,17,0,0,1,0,1,2
49427,1.0,15.0,1.0,7.0,3.0,3.0,0.30000000000000004,0.1,30.0,18,0,0,1,0,0,1