Exp Num,agent:svo_convergence_factor,agent:params:metabolism,agent:params:consumption_factor,agent:params:procreate_cost_factor,agent:params:procreate_req_factor,agent:params:start_energy_factor,agent:params:caught_chance,agent:params:caught_cooldown_factor,agent:params:maximum_age,Epoch,Resource,A,B,C,D,E
44414,1.0,10.0,4.0,9.0,2.0,2.0,0.2,0.30000000000000004,50.0,0,3080.0,24,30,12,25,75
44414,1.0,10.0,4.0,9.0,2.0,2.0,0.2,0.30000000000000004,50.0,1,1610.0,20,27,12,22,68
44414,1.0,10.0,4.0,9.0,2.0,2.0,0.2,0.30000000000000004,50.0,2,492.5,19,27,12,22,67
44414,1.0,10.0,4.0,9.0,2.0,2.0,0.2,0.30000000000000004,50.0,3,0,19,27,12,22,67
44414,1.0,10.0,4.0,9.0,2.0,2.0,0.2,0.30000000000000004,50.0,4,0,19,27,12,22,67
44414,1.0,10.0,4.0,9.0,2.0,2.0,0.2,0.30000000000000004,50.0,5,0,15,22,8,13,48
44414,1.0,10.0,4.0,9.0,2.0,2.0,0.2,0.30000000000000004,50.0,6,0,15,20,7,5,44
44414,1.0,10.0,4.0,9.0,2.0,2.0,0.2,0.30000000000000004,50.0,7,0,15,19,6,4,41
44414,1.0,10.0,4.0,9.0,2.0,2.0,0.2,0.30000000000000004,50.0,8,0,15,18,6,3,40
44414,1.0,10.0,4.0,9.0,2.0,2.0,0.2,0.30000000000000004,50.0,9,0,15,13,4,1,33
44414,1.0,10.0,4.0,9.0,2.0,2.0,0.2,0.30000000000000004,50.0,10,0,13,9,3,1,26
44414,1.0,10.0,4.0,9.0,2.0,2.0,0.2,0.30000000000000004,50.0,11,0,11,8,2,1,22
44414,1.0,10.0,4.0,9.0,2.0,2.0,0.2,0.30000000000000004,50.0,12,0,11,8,2,0,21
44414,1.0,10.0,4.0,9.0,2.0,2.0,0.2,0.30000000000000004,50.0,13,0,9,5,2,0,16
44414,1.0,10.0,4.0,9.0,2.0,2.0,0.2,0.30000000000000004,50.0,14,0,6,5,2,0,13
44414,1.0,10.0,4.0,9.0,2.0,2.0,0.2,0.30000000000000004,50.0,15,0,5,3,2,0,10
44414,1.0,10.0,4.0,9.0,2.0,2.0,0.2,0.30000000000000004,50.0,16,0,4,3,2,0,9
44414,1.0,10.0,4.0,9.0,2.0,2.0,0.2,0.30000000000000004,50.0,17,0,3,2,2,0,7
44414,1.0,10.0,4.0,9.0,2.0,2.0,0.2,0.30000000000000004,50.0,18,0,3,1,2,0,6
44414,1.0,10.0,4.0,9.0,2.0,2.0,0.2,0.30000000000000004,50.0,19,0,3,1,0,0,4
44414,1.0,10.0,4.0,9.0,2.0,2.0,0.2,0.30000000000000004,50.0,20,0,2,1,0,0,3
44414,1.0,10.0,4.0,9.0,2.0,2.0,0.2,0.30000000000000004,50.0,21,0,1,1,0,0,2
44414,1.0,10.0,4.0,9.0,2.0,2.0,0.2,0.30000000000000004,50.0,22,0,1,0,0,0,1