Exp Num,agent:svo_convergence_factor,agent:params:metabolism,agent:params:consumption_factor,agent:params:procreate_cost_factor,agent:params:procreate_req_factor,agent:params:start_energy_factor,agent:params:caught_chance,agent:params:caught_cooldown_factor,agent:params:maximum_age,Epoch,Resource,A,B,C,D,E
47062,1.0,15.0,1.0,3.0,3.0,2.0,0.30000000000000004,0.30000000000000004,30.0,0,3500.0,15,24,16,30,70
47062,1.0,15.0,1.0,3.0,3.0,2.0,0.30000000000000004,0.30000000000000004,30.0,1,2920.0,15,24,16,30,70
47062,1.0,15.0,1.0,3.0,3.0,2.0,0.30000000000000004,0.30000000000000004,30.0,2,2675.0,15,24,15,30,69
47062,1.0,15.0,1.0,3.0,3.0,2.0,0.30000000000000004,0.30000000000000004,30.0,3,2503.75,14,19,15,29,63
47062,1.0,15.0,1.0,3.0,3.0,2.0,0.30000000000000004,0.30000000000000004,30.0,4,2319.6875,12,13,12,29,52
47062,1.0,15.0,1.0,3.0,3.0,2.0,0.30000000000000004,0.30000000000000004,30.0,5,1864.609375,10,12,12,29,49
47062,1.0,15.0,1.0,3.0,3.0,2.0,0.30000000000000004,0.30000000000000004,30.0,6,1310.76171875,9,12,12,28,48
47062,1.0,15.0,1.0,3.0,3.0,2.0,0.30000000000000004,0.30000000000000004,30.0,7,648.4521484375,7,11,12,28,45
47062,1.0,15.0,1.0,3.0,3.0,2.0,0.30000000000000004,0.30000000000000004,30.0,8,0,6,9,11,24,40
47062,1.0,15.0,1.0,3.0,3.0,2.0,0.30000000000000004,0.30000000000000004,30.0,9,0,2,6,3,17,15
47062,1.0,15.0,1.0,3.0,3.0,2.0,0.30000000000000004,0.30000000000000004,30.0,10,0,2,3,2,7,9
47062,1.0,15.0,1.0,3.0,3.0,2.0,0.30000000000000004,0.30000000000000004,30.0,11,0,0,1,1,4,4
47062,1.0,15.0,1.0,3.0,3.0,2.0,0.30000000000000004,0.30000000000000004,30.0,12,0,0,1,0,2,2
47062,1.0,15.0,1.0,3.0,3.0,2.0,0.30000000000000004,0.30000000000000004,30.0,13,0,0,1,0,1,1
47062,1.0,15.0,1.0,3.0,3.0,2.0,0.30000000000000004,0.30000000000000004,30.0,14,0,0,0,0,1,0