Exp Num,agent:svo_convergence_factor,agent:params:metabolism,agent:params:consumption_factor,agent:params:procreate_cost_factor,agent:params:procreate_req_factor,agent:params:start_energy_factor,agent:params:caught_chance,agent:params:caught_cooldown_factor,agent:params:maximum_age,Epoch,Resource,A,B,C,D,E
54194,1.0,15.0,2.0,7.0,1.0,2.0,0.30000000000000004,0.4,50.0,0,4130.0,9,25,13,35,65
54194,1.0,15.0,2.0,7.0,1.0,2.0,0.30000000000000004,0.4,50.0,1,2822.5,7,23,12,35,60
54194,1.0,15.0,2.0,7.0,1.0,2.0,0.30000000000000004,0.4,50.0,2,2538.125,7,23,12,34,60
54194,1.0,15.0,2.0,7.0,1.0,2.0,0.30000000000000004,0.4,50.0,3,1852.65625,5,18,9,32,49
54194,1.0,15.0,2.0,7.0,1.0,2.0,0.30000000000000004,0.4,50.0,4,1565.8203125,5,16,7,32,45
54194,1.0,15.0,2.0,7.0,1.0,2.0,0.30000000000000004,0.4,50.0,5,817.275390625,5,16,7,29,45
54194,1.0,15.0,2.0,7.0,1.0,2.0,0.30000000000000004,0.4,50.0,6,331.59423828125,6,15,5,28,43
54194,1.0,15.0,2.0,7.0,1.0,2.0,0.30000000000000004,0.4,50.0,7,0,7,8,3,22,29
54194,1.0,15.0,2.0,7.0,1.0,2.0,0.30000000000000004,0.4,50.0,8,0,4,8,2,17,19
54194,1.0,15.0,2.0,7.0,1.0,2.0,0.30000000000000004,0.4,50.0,9,0,3,6,2,8,14
54194,1.0,15.0,2.0,7.0,1.0,2.0,0.30000000000000004,0.4,50.0,10,0,3,3,2,5,10
54194,1.0,15.0,2.0,7.0,1.0,2.0,0.30000000000000004,0.4,50.0,11,0,3,3,0,2,7
54194,1.0,15.0,2.0,7.0,1.0,2.0,0.30000000000000004,0.4,50.0,12,0,3,1,0,1,5
54194,1.0,15.0,2.0,7.0,1.0,2.0,0.30000000000000004,0.4,50.0,13,0,3,1,0,1,5
54194,1.0,15.0,2.0,7.0,1.0,2.0,0.30000000000000004,0.4,50.0,14,0,3,1,0,1,5
54194,1.0,15.0,2.0,7.0,1.0,2.0,0.30000000000000004,0.4,50.0,15,0,3,1,0,0,5
54194,1.0,15.0,2.0,7.0,1.0,2.0,0.30000000000000004,0.4,50.0,16,0,3,0,0,0,3
54194,1.0,15.0,2.0,7.0,1.0,2.0,0.30000000000000004,0.4,50.0,17,0,2,0,0,0,2
54194,1.0,15.0,2.0,7.0,1.0,2.0,0.30000000000000004,0.4,50.0,18,100,2,0,0,0,2
54194,1.0,15.0,2.0,7.0,1.0,2.0,0.30000000000000004,0.4,50.0,19,95.0,1,0,0,0,1