Exp Num,agent:svo_convergence_factor,agent:params:metabolism,agent:params:consumption_factor,agent:params:procreate_cost_factor,agent:params:procreate_req_factor,agent:params:start_energy_factor,agent:params:caught_chance,agent:params:caught_cooldown_factor,agent:params:maximum_age,Epoch,Resource,A,B,C,D,E
58986,1.0,15.0,3.0,5.0,2.0,1.0,0.5,0.30000000000000004,20.0,0,500.0,15,28,19,24,76
58986,1.0,15.0,3.0,5.0,2.0,1.0,0.5,0.30000000000000004,20.0,1,0,15,28,19,24,76
58986,1.0,15.0,3.0,5.0,2.0,1.0,0.5,0.30000000000000004,20.0,2,0,15,28,19,24,76
58986,1.0,15.0,3.0,5.0,2.0,1.0,0.5,0.30000000000000004,20.0,3,0,9,19,11,10,44
58986,1.0,15.0,3.0,5.0,2.0,1.0,0.5,0.30000000000000004,20.0,4,0,4,11,7,4,26
58986,1.0,15.0,3.0,5.0,2.0,1.0,0.5,0.30000000000000004,20.0,5,0,4,5,7,1,18
58986,1.0,15.0,3.0,5.0,2.0,1.0,0.5,0.30000000000000004,20.0,6,0,2,4,7,0,13
58986,1.0,15.0,3.0,5.0,2.0,1.0,0.5,0.30000000000000004,20.0,7,0,2,3,4,0,9
58986,1.0,15.0,3.0,5.0,2.0,1.0,0.5,0.30000000000000004,20.0,8,0,1,2,3,0,6
58986,1.0,15.0,3.0,5.0,2.0,1.0,0.5,0.30000000000000004,20.0,9,0,0,1,2,0,3
58986,1.0,15.0,3.0,5.0,2.0,1.0,0.5,0.30000000000000004,20.0,10,0,0,0,1,0,1