Exp Num,agent:svo_convergence_factor,agent:params:metabolism,agent:params:consumption_factor,agent:params:procreate_cost_factor,agent:params:procreate_req_factor,agent:params:start_energy_factor,agent:params:caught_chance,agent:params:caught_cooldown_factor,agent:params:maximum_age,Epoch,Resource,A,B,C,D,E
56822,1.0,15.0,3.0,1.0,2.0,2.0,0.30000000000000004,0.5,30.0,0,3650.0,22,36,15,23,92
56822,1.0,15.0,3.0,1.0,2.0,2.0,0.30000000000000004,0.5,30.0,1,1817.5,20,38,26,31,104
56822,1.0,15.0,3.0,1.0,2.0,2.0,0.30000000000000004,0.5,30.0,2,0,20,43,36,32,120
56822,1.0,15.0,3.0,1.0,2.0,2.0,0.30000000000000004,0.5,30.0,3,0,16,44,32,18,101
56822,1.0,15.0,3.0,1.0,2.0,2.0,0.30000000000000004,0.5,30.0,4,0,11,31,20,11,66
56822,1.0,15.0,3.0,1.0,2.0,2.0,0.30000000000000004,0.5,30.0,5,0,10,21,12,5,45
56822,1.0,15.0,3.0,1.0,2.0,2.0,0.30000000000000004,0.5,30.0,6,0,11,10,6,4,28
56822,1.0,15.0,3.0,1.0,2.0,2.0,0.30000000000000004,0.5,30.0,7,0,7,7,2,2,17
56822,1.0,15.0,3.0,1.0,2.0,2.0,0.30000000000000004,0.5,30.0,8,0,5,3,2,0,11
56822,1.0,15.0,3.0,1.0,2.0,2.0,0.30000000000000004,0.5,30.0,9,0,2,2,2,0,6
56822,1.0,15.0,3.0,1.0,2.0,2.0,0.30000000000000004,0.5,30.0,10,0,2,1,0,0,3
56822,1.0,15.0,3.0,1.0,2.0,2.0,0.30000000000000004,0.5,30.0,11,0,1,0,0,0,1