Exp Num,agent:svo_convergence_factor,agent:params:metabolism,agent:params:consumption_factor,agent:params:procreate_cost_factor,agent:params:procreate_req_factor,agent:params:start_energy_factor,agent:params:caught_chance,agent:params:caught_cooldown_factor,agent:params:maximum_age,Epoch,Resource,A,B,C,D,E
55766,1.0,15.0,2.0,9.0,2.0,3.0,0.1,0.4,20.0,0,3650.0,16,24,12,32,68
55766,1.0,15.0,2.0,9.0,2.0,3.0,0.1,0.4,20.0,1,3482.5,16,24,12,32,68
55766,1.0,15.0,2.0,9.0,2.0,3.0,0.1,0.4,20.0,2,2643.125,12,23,10,31,61
55766,1.0,15.0,2.0,9.0,2.0,3.0,0.1,0.4,20.0,3,2313.90625,12,22,10,31,60
55766,1.0,15.0,2.0,9.0,2.0,3.0,0.1,0.4,20.0,4,1452.3828125,10,21,8,31,55
55766,1.0,15.0,2.0,9.0,2.0,3.0,0.1,0.4,20.0,5,705.478515625,10,21,8,31,55
55766,1.0,15.0,2.0,9.0,2.0,3.0,0.1,0.4,20.0,6,0,9,21,6,25,50
55766,1.0,15.0,2.0,9.0,2.0,3.0,0.1,0.4,20.0,7,0,8,21,5,21,43
55766,1.0,15.0,2.0,9.0,2.0,3.0,0.1,0.4,20.0,8,0,7,20,1,14,32
55766,1.0,15.0,2.0,9.0,2.0,3.0,0.1,0.4,20.0,9,0,6,18,1,7,27
55766,1.0,15.0,2.0,9.0,2.0,3.0,0.1,0.4,20.0,10,0,5,14,1,4,20
55766,1.0,15.0,2.0,9.0,2.0,3.0,0.1,0.4,20.0,11,0,4,9,1,2,14
55766,1.0,15.0,2.0,9.0,2.0,3.0,0.1,0.4,20.0,12,0,4,8,0,1,12
55766,1.0,15.0,2.0,9.0,2.0,3.0,0.1,0.4,20.0,13,0,4,6,0,0,10
55766,1.0,15.0,2.0,9.0,2.0,3.0,0.1,0.4,20.0,14,0,3,6,0,0,9
55766,1.0,15.0,2.0,9.0,2.0,3.0,0.1,0.4,20.0,15,0,3,4,0,0,7
55766,1.0,15.0,2.0,9.0,2.0,3.0,0.1,0.4,20.0,16,0,3,2,0,0,5
55766,1.0,15.0,2.0,9.0,2.0,3.0,0.1,0.4,20.0,17,100,3,1,0,0,4
55766,1.0,15.0,2.0,9.0,2.0,3.0,0.1,0.4,20.0,18,125.0,2,0,0,0,2
55766,1.0,15.0,2.0,9.0,2.0,3.0,0.1,0.4,20.0,19,126.25,2,0,0,0,2
55766,1.0,15.0,2.0,9.0,2.0,3.0,0.1,0.4,20.0,20,127.8125,1,0,0,0,1