Exp Num,agent:svo_convergence_factor,agent:params:metabolism,agent:params:consumption_factor,agent:params:procreate_cost_factor,agent:params:procreate_req_factor,agent:params:start_energy_factor,agent:params:caught_chance,agent:params:caught_cooldown_factor,agent:params:maximum_age,Epoch,Resource,A,B,C,D,E
53065,1.0,15.0,2.0,5.0,1.0,2.0,0.30000000000000004,0.4,10.0,0,3950.0,17,23,11,28,72
53065,1.0,15.0,2.0,5.0,1.0,2.0,0.30000000000000004,0.4,10.0,1,3227.5,15,19,9,25,62
53065,1.0,15.0,2.0,5.0,1.0,2.0,0.30000000000000004,0.4,10.0,2,3104.375,17,18,9,25,63
53065,1.0,15.0,2.0,5.0,1.0,2.0,0.30000000000000004,0.4,10.0,3,2680.46875,18,11,8,24,55
53065,1.0,15.0,2.0,5.0,1.0,2.0,0.30000000000000004,0.4,10.0,4,2450.5859375,19,12,7,23,56
53065,1.0,15.0,2.0,5.0,1.0,2.0,0.30000000000000004,0.4,10.0,5,2043.232421875,15,11,5,23,49
53065,1.0,15.0,2.0,5.0,1.0,2.0,0.30000000000000004,0.4,10.0,6,1744.04052734375,14,13,4,23,48
53065,1.0,15.0,2.0,5.0,1.0,2.0,0.30000000000000004,0.4,10.0,7,1130.0506591796875,12,12,4,23,45
53065,1.0,15.0,2.0,5.0,1.0,2.0,0.30000000000000004,0.4,10.0,8,572.5633239746094,10,12,4,23,43
53065,1.0,15.0,2.0,5.0,1.0,2.0,0.30000000000000004,0.4,10.0,9,0,10,10,4,21,37
53065,1.0,15.0,2.0,5.0,1.0,2.0,0.30000000000000004,0.4,10.0,10,0,9,8,2,11,26
53065,1.0,15.0,2.0,5.0,1.0,2.0,0.30000000000000004,0.4,10.0,11,0,7,6,2,5,19
53065,1.0,15.0,2.0,5.0,1.0,2.0,0.30000000000000004,0.4,10.0,12,0,7,5,0,4,12
53065,1.0,15.0,2.0,5.0,1.0,2.0,0.30000000000000004,0.4,10.0,13,0,5,4,0,1,9
53065,1.0,15.0,2.0,5.0,1.0,2.0,0.30000000000000004,0.4,10.0,14,0,3,2,0,1,5
53065,1.0,15.0,2.0,5.0,1.0,2.0,0.30000000000000004,0.4,10.0,15,0,1,2,0,0,3
53065,1.0,15.0,2.0,5.0,1.0,2.0,0.30000000000000004,0.4,10.0,16,0,1,2,0,0,3
53065,1.0,15.0,2.0,5.0,1.0,2.0,0.30000000000000004,0.4,10.0,17,0,0,1,0,0,1