Exp Num,agent:svo_convergence_factor,agent:params:metabolism,agent:params:consumption_factor,agent:params:procreate_cost_factor,agent:params:procreate_req_factor,agent:params:start_energy_factor,agent:params:caught_chance,agent:params:caught_cooldown_factor,agent:params:maximum_age,Epoch,Resource,A,B,C,D,E
51014,1.0,15.0,2.0,1.0,2.0,1.0,0.1,0.30000000000000004,50.0,0,2000.0,13,23,32,53,97
51014,1.0,15.0,2.0,1.0,2.0,1.0,0.1,0.30000000000000004,50.0,1,0,13,26,39,64,110
51014,1.0,15.0,2.0,1.0,2.0,1.0,0.1,0.30000000000000004,50.0,2,0,10,15,26,41,63
51014,1.0,15.0,2.0,1.0,2.0,1.0,0.1,0.30000000000000004,50.0,3,0,6,10,11,24,34
51014,1.0,15.0,2.0,1.0,2.0,1.0,0.1,0.30000000000000004,50.0,4,0,2,6,8,10,21
51014,1.0,15.0,2.0,1.0,2.0,1.0,0.1,0.30000000000000004,50.0,5,0,1,4,5,7,11
51014,1.0,15.0,2.0,1.0,2.0,1.0,0.1,0.30000000000000004,50.0,6,0,0,2,4,3,7
51014,1.0,15.0,2.0,1.0,2.0,1.0,0.1,0.30000000000000004,50.0,7,0,0,1,2,2,3
51014,1.0,15.0,2.0,1.0,2.0,1.0,0.1,0.30000000000000004,50.0,8,0,0,0,1,1,1
51014,1.0,15.0,2.0,1.0,2.0,1.0,0.1,0.30000000000000004,50.0,9,0,0,0,1,0,1