Exp Num,agent:svo_convergence_factor,agent:params:metabolism,agent:params:consumption_factor,agent:params:procreate_cost_factor,agent:params:procreate_req_factor,agent:params:start_energy_factor,agent:params:caught_chance,agent:params:caught_cooldown_factor,agent:params:maximum_age,Epoch,Resource,A,B,C,D,E
56571,1.0,15.0,3.0,1.0,1.0,3.0,0.30000000000000004,0.5,20.0,0,3380.0,14,47,16,47,103
56571,1.0,15.0,3.0,1.0,1.0,3.0,0.30000000000000004,0.5,20.0,1,1570.0,17,52,30,58,131
56571,1.0,15.0,3.0,1.0,1.0,3.0,0.30000000000000004,0.5,20.0,2,0,18,63,48,79,162
56571,1.0,15.0,3.0,1.0,1.0,3.0,0.30000000000000004,0.5,20.0,3,0,16,65,57,64,153
56571,1.0,15.0,3.0,1.0,1.0,3.0,0.30000000000000004,0.5,20.0,4,0,9,48,53,44,121
56571,1.0,15.0,3.0,1.0,1.0,3.0,0.30000000000000004,0.5,20.0,5,0,6,31,40,35,82
56571,1.0,15.0,3.0,1.0,1.0,3.0,0.30000000000000004,0.5,20.0,6,0,4,19,31,28,56
56571,1.0,15.0,3.0,1.0,1.0,3.0,0.30000000000000004,0.5,20.0,7,0,4,11,24,22,40
56571,1.0,15.0,3.0,1.0,1.0,3.0,0.30000000000000004,0.5,20.0,8,0,2,7,20,9,30
56571,1.0,15.0,3.0,1.0,1.0,3.0,0.30000000000000004,0.5,20.0,9,0,2,4,18,5,24
56571,1.0,15.0,3.0,1.0,1.0,3.0,0.30000000000000004,0.5,20.0,10,0,1,2,12,2,15
56571,1.0,15.0,3.0,1.0,1.0,3.0,0.30000000000000004,0.5,20.0,11,0,1,1,10,1,12
56571,1.0,15.0,3.0,1.0,1.0,3.0,0.30000000000000004,0.5,20.0,12,0,1,0,5,1,6
56571,1.0,15.0,3.0,1.0,1.0,3.0,0.30000000000000004,0.5,20.0,13,0,1,0,6,1,7
56571,1.0,15.0,3.0,1.0,1.0,3.0,0.30000000000000004,0.5,20.0,14,0,0,0,3,1,3
56571,1.0,15.0,3.0,1.0,1.0,3.0,0.30000000000000004,0.5,20.0,15,0,0,0,3,1,3
56571,1.0,15.0,3.0,1.0,1.0,3.0,0.30000000000000004,0.5,20.0,16,0,0,0,1,1,1
56571,1.0,15.0,3.0,1.0,1.0,3.0,0.30000000000000004,0.5,20.0,17,0,0,0,1,0,1