Exp Num,agent:svo_convergence_factor,agent:params:metabolism,agent:params:consumption_factor,agent:params:procreate_cost_factor,agent:params:procreate_req_factor,agent:params:start_energy_factor,agent:params:caught_chance,agent:params:caught_cooldown_factor,agent:params:maximum_age,Epoch,Resource,A,B,C,D,E
56813,1.0,15.0,3.0,1.0,2.0,2.0,0.30000000000000004,0.30000000000000004,40.0,0,3380.0,22,44,10,26,92
56813,1.0,15.0,3.0,1.0,2.0,2.0,0.30000000000000004,0.30000000000000004,40.0,1,1120.0,23,48,28,34,116
56813,1.0,15.0,3.0,1.0,2.0,2.0,0.30000000000000004,0.30000000000000004,40.0,2,0,21,47,29,34,114
56813,1.0,15.0,3.0,1.0,2.0,2.0,0.30000000000000004,0.30000000000000004,40.0,3,0,20,39,27,21,92
56813,1.0,15.0,3.0,1.0,2.0,2.0,0.30000000000000004,0.30000000000000004,40.0,4,0,18,25,13,9,60
56813,1.0,15.0,3.0,1.0,2.0,2.0,0.30000000000000004,0.30000000000000004,40.0,5,0,11,15,7,4,36
56813,1.0,15.0,3.0,1.0,2.0,2.0,0.30000000000000004,0.30000000000000004,40.0,6,0,10,8,4,2,22
56813,1.0,15.0,3.0,1.0,2.0,2.0,0.30000000000000004,0.30000000000000004,40.0,7,0,8,4,2,1,14
56813,1.0,15.0,3.0,1.0,2.0,2.0,0.30000000000000004,0.30000000000000004,40.0,8,0,4,3,1,0,8
56813,1.0,15.0,3.0,1.0,2.0,2.0,0.30000000000000004,0.30000000000000004,40.0,9,0,2,2,0,0,4
56813,1.0,15.0,3.0,1.0,2.0,2.0,0.30000000000000004,0.30000000000000004,40.0,10,0,2,1,0,0,3
56813,1.0,15.0,3.0,1.0,2.0,2.0,0.30000000000000004,0.30000000000000004,40.0,11,0,1,1,0,0,2
56813,1.0,15.0,3.0,1.0,2.0,2.0,0.30000000000000004,0.30000000000000004,40.0,12,0,2,1,0,0,3
56813,1.0,15.0,3.0,1.0,2.0,2.0,0.30000000000000004,0.30000000000000004,40.0,13,55.0,2,0,0,0,2
56813,1.0,15.0,3.0,1.0,2.0,2.0,0.30000000000000004,0.30000000000000004,40.0,14,23.75,2,0,0,0,2
56813,1.0,15.0,3.0,1.0,2.0,2.0,0.30000000000000004,0.30000000000000004,40.0,15,29.6875,1,0,0,0,1