Exp Num,agent:svo_convergence_factor,agent:params:metabolism,agent:params:consumption_factor,agent:params:procreate_cost_factor,agent:params:procreate_req_factor,agent:params:start_energy_factor,agent:params:caught_chance,agent:params:caught_cooldown_factor,agent:params:maximum_age,Epoch,Resource,A,B,C,D,E
55943,1.0,15.0,2.0,9.0,3.0,1.0,0.30000000000000004,0.4,40.0,0,2000.0,11,32,18,23,77
55943,1.0,15.0,2.0,9.0,3.0,1.0,0.30000000000000004,0.4,40.0,1,1300.0,11,32,18,23,77
55943,1.0,15.0,2.0,9.0,3.0,1.0,0.30000000000000004,0.4,40.0,2,5.0,11,26,14,20,67
55943,1.0,15.0,2.0,9.0,3.0,1.0,0.30000000000000004,0.4,40.0,3,0,10,22,11,20,58
55943,1.0,15.0,2.0,9.0,3.0,1.0,0.30000000000000004,0.4,40.0,4,0,7,15,8,11,36
55943,1.0,15.0,2.0,9.0,3.0,1.0,0.30000000000000004,0.4,40.0,5,0,5,12,4,6,24
55943,1.0,15.0,2.0,9.0,3.0,1.0,0.30000000000000004,0.4,40.0,6,0,3,7,3,4,15
55943,1.0,15.0,2.0,9.0,3.0,1.0,0.30000000000000004,0.4,40.0,7,0,3,5,1,2,9
55943,1.0,15.0,2.0,9.0,3.0,1.0,0.30000000000000004,0.4,40.0,8,0,2,4,1,0,7
55943,1.0,15.0,2.0,9.0,3.0,1.0,0.30000000000000004,0.4,40.0,9,0,1,3,0,0,4
55943,1.0,15.0,2.0,9.0,3.0,1.0,0.30000000000000004,0.4,40.0,10,0,0,2,0,0,2
55943,1.0,15.0,2.0,9.0,3.0,1.0,0.30000000000000004,0.4,40.0,11,0,0,1,0,0,1