Exp Num,agent:svo_convergence_factor,agent:params:metabolism,agent:params:consumption_factor,agent:params:procreate_cost_factor,agent:params:procreate_req_factor,agent:params:start_energy_factor,agent:params:caught_chance,agent:params:caught_cooldown_factor,agent:params:maximum_age,Epoch,Resource,A,B,C,D,E
51138,1.0,15.0,2.0,1.0,2.0,2.0,0.1,0.30000000000000004,40.0,0,3710.0,17,34,18,37,84
51138,1.0,15.0,2.0,1.0,2.0,2.0,0.1,0.30000000000000004,40.0,1,1847.5,18,49,35,44,121
51138,1.0,15.0,2.0,1.0,2.0,2.0,0.1,0.30000000000000004,40.0,2,0,18,58,47,40,140
51138,1.0,15.0,2.0,1.0,2.0,2.0,0.1,0.30000000000000004,40.0,3,0,14,43,29,20,96
51138,1.0,15.0,2.0,1.0,2.0,2.0,0.1,0.30000000000000004,40.0,4,0,10,27,19,8,61
51138,1.0,15.0,2.0,1.0,2.0,2.0,0.1,0.30000000000000004,40.0,5,0,8,14,9,4,33
51138,1.0,15.0,2.0,1.0,2.0,2.0,0.1,0.30000000000000004,40.0,6,0,5,4,7,3,17
51138,1.0,15.0,2.0,1.0,2.0,2.0,0.1,0.30000000000000004,40.0,7,0,1,3,2,3,7
51138,1.0,15.0,2.0,1.0,2.0,2.0,0.1,0.30000000000000004,40.0,8,0,0,1,2,1,4
51138,1.0,15.0,2.0,1.0,2.0,2.0,0.1,0.30000000000000004,40.0,9,0,0,1,1,0,2
51138,1.0,15.0,2.0,1.0,2.0,2.0,0.1,0.30000000000000004,40.0,10,0,0,0,1,0,1