Exp Num,agent:svo_convergence_factor,agent:params:metabolism,agent:params:consumption_factor,agent:params:procreate_cost_factor,agent:params:procreate_req_factor,agent:params:start_energy_factor,agent:params:caught_chance,agent:params:caught_cooldown_factor,agent:params:maximum_age,Epoch,Resource,A,B,C,D,E
58012,1.0,15.0,3.0,3.0,2.0,3.0,0.1,0.30000000000000004,30.0,0,2885.0,17,36,9,27,73
58012,1.0,15.0,3.0,3.0,2.0,3.0,0.1,0.30000000000000004,30.0,1,1626.25,24,42,10,27,87
58012,1.0,15.0,3.0,3.0,2.0,3.0,0.1,0.30000000000000004,30.0,2,0,26,47,8,22,92
58012,1.0,15.0,3.0,3.0,2.0,3.0,0.1,0.30000000000000004,30.0,3,0,25,47,8,18,89
58012,1.0,15.0,3.0,3.0,2.0,3.0,0.1,0.30000000000000004,30.0,4,0,25,47,8,18,89
58012,1.0,15.0,3.0,3.0,2.0,3.0,0.1,0.30000000000000004,30.0,5,0,19,29,3,11,57
58012,1.0,15.0,3.0,3.0,2.0,3.0,0.1,0.30000000000000004,30.0,6,0,17,20,2,6,41
58012,1.0,15.0,3.0,3.0,2.0,3.0,0.1,0.30000000000000004,30.0,7,0,10,15,2,3,28
58012,1.0,15.0,3.0,3.0,2.0,3.0,0.1,0.30000000000000004,30.0,8,0,7,11,1,0,19
58012,1.0,15.0,3.0,3.0,2.0,3.0,0.1,0.30000000000000004,30.0,9,0,2,8,1,0,11
58012,1.0,15.0,3.0,3.0,2.0,3.0,0.1,0.30000000000000004,30.0,10,0,2,5,0,0,7
58012,1.0,15.0,3.0,3.0,2.0,3.0,0.1,0.30000000000000004,30.0,11,0,2,3,0,0,5
58012,1.0,15.0,3.0,3.0,2.0,3.0,0.1,0.30000000000000004,30.0,12,0,1,1,0,0,2
58012,1.0,15.0,3.0,3.0,2.0,3.0,0.1,0.30000000000000004,30.0,13,100,1,0,0,0,1