Exp Num,agent:svo_convergence_factor,agent:params:metabolism,agent:params:consumption_factor,agent:params:procreate_cost_factor,agent:params:procreate_req_factor,agent:params:start_energy_factor,agent:params:caught_chance,agent:params:caught_cooldown_factor,agent:params:maximum_age,Epoch,Resource,A,B,C,D,E
54935,1.0,15.0,2.0,7.0,3.0,2.0,0.30000000000000004,0.30000000000000004,10.0,0,3980.0,19,31,6,20,80
54935,1.0,15.0,2.0,7.0,3.0,2.0,0.30000000000000004,0.30000000000000004,10.0,1,3145.0,14,28,5,18,71
54935,1.0,15.0,2.0,7.0,3.0,2.0,0.30000000000000004,0.30000000000000004,10.0,2,2671.25,14,28,5,18,71
54935,1.0,15.0,2.0,7.0,3.0,2.0,0.30000000000000004,0.30000000000000004,10.0,3,1959.0625,14,22,5,15,65
54935,1.0,15.0,2.0,7.0,3.0,2.0,0.30000000000000004,0.30000000000000004,10.0,4,1758.828125,13,20,5,15,62
54935,1.0,15.0,2.0,7.0,3.0,2.0,0.30000000000000004,0.30000000000000004,10.0,5,1148.53515625,11,19,5,14,58
54935,1.0,15.0,2.0,7.0,3.0,2.0,0.30000000000000004,0.30000000000000004,10.0,6,835.6689453125,10,17,4,14,53
54935,1.0,15.0,2.0,7.0,3.0,2.0,0.30000000000000004,0.30000000000000004,10.0,7,114.586181640625,9,13,4,13,48
54935,1.0,15.0,2.0,7.0,3.0,2.0,0.30000000000000004,0.30000000000000004,10.0,8,0,7,11,4,12,41
54935,1.0,15.0,2.0,7.0,3.0,2.0,0.30000000000000004,0.30000000000000004,10.0,9,0,6,10,1,4,28
54935,1.0,15.0,2.0,7.0,3.0,2.0,0.30000000000000004,0.30000000000000004,10.0,10,0,5,6,0,1,19
54935,1.0,15.0,2.0,7.0,3.0,2.0,0.30000000000000004,0.30000000000000004,10.0,11,0,4,4,0,0,11
54935,1.0,15.0,2.0,7.0,3.0,2.0,0.30000000000000004,0.30000000000000004,10.0,12,0,3,1,0,0,6
54935,1.0,15.0,2.0,7.0,3.0,2.0,0.30000000000000004,0.30000000000000004,10.0,13,0,2,1,0,0,4
54935,1.0,15.0,2.0,7.0,3.0,2.0,0.30000000000000004,0.30000000000000004,10.0,14,0,1,1,0,0,2
54935,1.0,15.0,2.0,7.0,3.0,2.0,0.30000000000000004,0.30000000000000004,10.0,15,0,1,0,0,0,1