Exp Num,agent:svo_convergence_factor,agent:params:metabolism,agent:params:consumption_factor,agent:params:procreate_cost_factor,agent:params:procreate_req_factor,agent:params:start_energy_factor,agent:params:caught_chance,agent:params:caught_cooldown_factor,agent:params:maximum_age,Epoch,Resource,A,B,C,D,E
50287,1.0,15.0,1.0,9.0,3.0,1.0,0.2,0.30000000000000004,30.0,0,3500.0,14,16,15,31,69
50287,1.0,15.0,1.0,9.0,3.0,1.0,0.2,0.30000000000000004,30.0,1,2875.0,14,16,15,31,69
50287,1.0,15.0,1.0,9.0,3.0,1.0,0.2,0.30000000000000004,30.0,2,2093.75,14,16,15,31,69
50287,1.0,15.0,1.0,9.0,3.0,1.0,0.2,0.30000000000000004,30.0,3,1117.1875,14,16,15,31,69
50287,1.0,15.0,1.0,9.0,3.0,1.0,0.2,0.30000000000000004,30.0,4,0,14,16,14,30,66
50287,1.0,15.0,1.0,9.0,3.0,1.0,0.2,0.30000000000000004,30.0,5,0,9,8,4,14,34
50287,1.0,15.0,1.0,9.0,3.0,1.0,0.2,0.30000000000000004,30.0,6,0,5,4,3,7,17
50287,1.0,15.0,1.0,9.0,3.0,1.0,0.2,0.30000000000000004,30.0,7,0,4,3,1,1,11
50287,1.0,15.0,1.0,9.0,3.0,1.0,0.2,0.30000000000000004,30.0,8,0,1,2,1,1,5
50287,1.0,15.0,1.0,9.0,3.0,1.0,0.2,0.30000000000000004,30.0,9,0,0,1,1,1,2
50287,1.0,15.0,1.0,9.0,3.0,1.0,0.2,0.30000000000000004,30.0,10,0,0,1,0,0,1