Exp Num,agent:svo_convergence_factor,agent:params:metabolism,agent:params:consumption_factor,agent:params:procreate_cost_factor,agent:params:procreate_req_factor,agent:params:start_energy_factor,agent:params:caught_chance,agent:params:caught_cooldown_factor,agent:params:maximum_age,Epoch,Resource,A,B,C,D,E
58552,1.0,15.0,3.0,5.0,1.0,1.0,0.30000000000000004,0.1,30.0,0,500.0,16,27,9,30,70
58552,1.0,15.0,3.0,5.0,1.0,1.0,0.30000000000000004,0.1,30.0,1,0,16,29,12,31,75
58552,1.0,15.0,3.0,5.0,1.0,1.0,0.30000000000000004,0.1,30.0,2,0,13,27,11,28,69
58552,1.0,15.0,3.0,5.0,1.0,1.0,0.30000000000000004,0.1,30.0,3,0,4,19,8,14,40
58552,1.0,15.0,3.0,5.0,1.0,1.0,0.30000000000000004,0.1,30.0,4,0,2,11,7,6,23
58552,1.0,15.0,3.0,5.0,1.0,1.0,0.30000000000000004,0.1,30.0,5,0,0,8,5,4,13
58552,1.0,15.0,3.0,5.0,1.0,1.0,0.30000000000000004,0.1,30.0,6,0,0,5,6,2,11
58552,1.0,15.0,3.0,5.0,1.0,1.0,0.30000000000000004,0.1,30.0,7,0,0,3,5,2,8
58552,1.0,15.0,3.0,5.0,1.0,1.0,0.30000000000000004,0.1,30.0,8,0,0,2,5,0,7
58552,1.0,15.0,3.0,5.0,1.0,1.0,0.30000000000000004,0.1,30.0,9,0,0,2,2,0,4
58552,1.0,15.0,3.0,5.0,1.0,1.0,0.30000000000000004,0.1,30.0,10,0,0,3,1,0,4
58552,1.0,15.0,3.0,5.0,1.0,1.0,0.30000000000000004,0.1,30.0,11,0,0,2,1,0,3
58552,1.0,15.0,3.0,5.0,1.0,1.0,0.30000000000000004,0.1,30.0,12,55.0,0,2,1,0,3
58552,1.0,15.0,3.0,5.0,1.0,1.0,0.30000000000000004,0.1,30.0,13,23.75,0,3,1,0,4
58552,1.0,15.0,3.0,5.0,1.0,1.0,0.30000000000000004,0.1,30.0,14,0,0,2,0,0,2
58552,1.0,15.0,3.0,5.0,1.0,1.0,0.30000000000000004,0.1,30.0,15,0,0,1,0,0,1