Exp Num,agent:svo_convergence_factor,agent:params:metabolism,agent:params:consumption_factor,agent:params:procreate_cost_factor,agent:params:procreate_req_factor,agent:params:start_energy_factor,agent:params:caught_chance,agent:params:caught_cooldown_factor,agent:params:maximum_age,Epoch,Resource,A,B,C,D,E
50184,1.0,15.0,1.0,9.0,2.0,3.0,0.30000000000000004,0.2,50.0,0,3500.0,18,20,8,32,68
50184,1.0,15.0,1.0,9.0,2.0,3.0,0.30000000000000004,0.2,50.0,1,2980.0,18,20,8,32,68
50184,1.0,15.0,1.0,9.0,2.0,3.0,0.30000000000000004,0.2,50.0,2,2795.0,18,20,8,32,68
50184,1.0,15.0,1.0,9.0,2.0,3.0,0.30000000000000004,0.2,50.0,3,2818.75,17,18,8,32,65
50184,1.0,15.0,1.0,9.0,2.0,3.0,0.30000000000000004,0.2,50.0,4,2713.4375,15,16,7,28,59
50184,1.0,15.0,1.0,9.0,2.0,3.0,0.30000000000000004,0.2,50.0,5,2476.796875,12,16,5,27,54
50184,1.0,15.0,1.0,9.0,2.0,3.0,0.30000000000000004,0.2,50.0,6,2165.99609375,10,15,5,26,51
50184,1.0,15.0,1.0,9.0,2.0,3.0,0.30000000000000004,0.2,50.0,7,1837.4951171875,9,15,4,26,49
50184,1.0,15.0,1.0,9.0,2.0,3.0,0.30000000000000004,0.2,50.0,8,1516.868896484375,9,13,3,24,46
50184,1.0,15.0,1.0,9.0,2.0,3.0,0.30000000000000004,0.2,50.0,9,1071.0861206054688,7,13,3,24,44
50184,1.0,15.0,1.0,9.0,2.0,3.0,0.30000000000000004,0.2,50.0,10,498.85765075683594,5,13,3,24,42
50184,1.0,15.0,1.0,9.0,2.0,3.0,0.30000000000000004,0.2,50.0,11,0,3,12,3,19,37
50184,1.0,15.0,1.0,9.0,2.0,3.0,0.30000000000000004,0.2,50.0,12,0,2,7,1,7,22
50184,1.0,15.0,1.0,9.0,2.0,3.0,0.30000000000000004,0.2,50.0,13,0,1,5,0,3,12
50184,1.0,15.0,1.0,9.0,2.0,3.0,0.30000000000000004,0.2,50.0,14,0,1,1,0,2,5
50184,1.0,15.0,1.0,9.0,2.0,3.0,0.30000000000000004,0.2,50.0,15,0,0,1,0,1,3
50184,1.0,15.0,1.0,9.0,2.0,3.0,0.30000000000000004,0.2,50.0,16,0,0,0,0,1,1
50184,1.0,15.0,1.0,9.0,2.0,3.0,0.30000000000000004,0.2,50.0,17,0,0,0,0,0,1