Exp Num,agent:svo_convergence_factor,agent:params:metabolism,agent:params:consumption_factor,agent:params:procreate_cost_factor,agent:params:procreate_req_factor,agent:params:start_energy_factor,agent:params:caught_chance,agent:params:caught_cooldown_factor,agent:params:maximum_age,Epoch,Resource,A,B,C,D,E
53823,1.0,15.0,2.0,5.0,3.0,2.0,0.30000000000000004,0.5,40.0,0,3800.0,22,27,8,30,70
53823,1.0,15.0,2.0,5.0,3.0,2.0,0.30000000000000004,0.5,40.0,1,3010.0,16,24,6,29,59
53823,1.0,15.0,2.0,5.0,3.0,2.0,0.30000000000000004,0.5,40.0,2,2862.5,16,24,6,29,59
53823,1.0,15.0,2.0,5.0,3.0,2.0,0.30000000000000004,0.5,40.0,3,2138.125,13,21,5,27,52
53823,1.0,15.0,2.0,5.0,3.0,2.0,0.30000000000000004,0.5,40.0,4,2072.65625,11,19,5,26,48
53823,1.0,15.0,2.0,5.0,3.0,2.0,0.30000000000000004,0.5,40.0,5,1540.8203125,10,16,4,22,42
53823,1.0,15.0,2.0,5.0,3.0,2.0,0.30000000000000004,0.5,40.0,6,1416.025390625,9,14,4,22,39
53823,1.0,15.0,2.0,5.0,3.0,2.0,0.30000000000000004,0.5,40.0,7,960.03173828125,7,12,3,19,34
53823,1.0,15.0,2.0,5.0,3.0,2.0,0.30000000000000004,0.5,40.0,8,720.0396728515625,7,10,3,18,32
53823,1.0,15.0,2.0,5.0,3.0,2.0,0.30000000000000004,0.5,40.0,9,480.0495910644531,6,8,3,15,29
53823,1.0,15.0,2.0,5.0,3.0,2.0,0.30000000000000004,0.5,40.0,10,150.0619888305664,6,7,3,13,28
53823,1.0,15.0,2.0,5.0,3.0,2.0,0.30000000000000004,0.5,40.0,11,0,6,5,2,9,23
53823,1.0,15.0,2.0,5.0,3.0,2.0,0.30000000000000004,0.5,40.0,12,0,5,5,2,5,18
53823,1.0,15.0,2.0,5.0,3.0,2.0,0.30000000000000004,0.5,40.0,13,0,4,4,0,4,12
53823,1.0,15.0,2.0,5.0,3.0,2.0,0.30000000000000004,0.5,40.0,14,0,4,4,0,2,9
53823,1.0,15.0,2.0,5.0,3.0,2.0,0.30000000000000004,0.5,40.0,15,0,3,3,0,2,6
53823,1.0,15.0,2.0,5.0,3.0,2.0,0.30000000000000004,0.5,40.0,16,0,3,1,0,0,4
53823,1.0,15.0,2.0,5.0,3.0,2.0,0.30000000000000004,0.5,40.0,17,0,3,1,0,0,4
53823,1.0,15.0,2.0,5.0,3.0,2.0,0.30000000000000004,0.5,40.0,18,0,2,1,0,0,3
53823,1.0,15.0,2.0,5.0,3.0,2.0,0.30000000000000004,0.5,40.0,19,0,1,1,0,0,2
53823,1.0,15.0,2.0,5.0,3.0,2.0,0.30000000000000004,0.5,40.0,20,0,0,1,0,0,1