Exp Num,agent:svo_convergence_factor,agent:params:metabolism,agent:params:consumption_factor,agent:params:procreate_cost_factor,agent:params:procreate_req_factor,agent:params:start_energy_factor,agent:params:caught_chance,agent:params:caught_cooldown_factor,agent:params:maximum_age,Epoch,Resource,A,B,C,D,E
55182,1.0,15.0,2.0,9.0,1.0,1.0,0.30000000000000004,0.2,30.0,0,2000.0,22,32,5,25,75
55182,1.0,15.0,2.0,9.0,1.0,1.0,0.30000000000000004,0.2,30.0,1,1240.0,22,32,5,25,75
55182,1.0,15.0,2.0,9.0,1.0,1.0,0.30000000000000004,0.2,30.0,2,0,19,25,5,22,64
55182,1.0,15.0,2.0,9.0,1.0,1.0,0.30000000000000004,0.2,30.0,3,0,19,24,3,20,61
55182,1.0,15.0,2.0,9.0,1.0,1.0,0.30000000000000004,0.2,30.0,4,0,15,15,2,9,37
55182,1.0,15.0,2.0,9.0,1.0,1.0,0.30000000000000004,0.2,30.0,5,0,11,10,1,4,22
55182,1.0,15.0,2.0,9.0,1.0,1.0,0.30000000000000004,0.2,30.0,6,0,9,6,1,3,16
55182,1.0,15.0,2.0,9.0,1.0,1.0,0.30000000000000004,0.2,30.0,7,0,6,3,0,3,9
55182,1.0,15.0,2.0,9.0,1.0,1.0,0.30000000000000004,0.2,30.0,8,0,4,1,0,1,5
55182,1.0,15.0,2.0,9.0,1.0,1.0,0.30000000000000004,0.2,30.0,9,0,3,1,0,0,4
55182,1.0,15.0,2.0,9.0,1.0,1.0,0.30000000000000004,0.2,30.0,10,0,1,1,0,0,2
55182,1.0,15.0,2.0,9.0,1.0,1.0,0.30000000000000004,0.2,30.0,11,0,1,0,0,0,1