Exp Num,agent:svo_convergence_factor,agent:params:metabolism,agent:params:consumption_factor,agent:params:procreate_cost_factor,agent:params:procreate_req_factor,agent:params:start_energy_factor,agent:params:caught_chance,agent:params:caught_cooldown_factor,agent:params:maximum_age,Epoch,Resource,A,B,C,D,E
58238,1.0,15.0,3.0,3.0,3.0,1.0,0.5,0.30000000000000004,40.0,0,500.0,19,36,9,22,78
58238,1.0,15.0,3.0,3.0,3.0,1.0,0.5,0.30000000000000004,40.0,1,0,19,36,9,22,78
58238,1.0,15.0,3.0,3.0,3.0,1.0,0.5,0.30000000000000004,40.0,2,0,19,36,9,22,78
58238,1.0,15.0,3.0,3.0,3.0,1.0,0.5,0.30000000000000004,40.0,3,0,10,23,5,10,44
58238,1.0,15.0,3.0,3.0,3.0,1.0,0.5,0.30000000000000004,40.0,4,0,6,15,3,3,27
58238,1.0,15.0,3.0,3.0,3.0,1.0,0.5,0.30000000000000004,40.0,5,0,4,12,1,2,18
58238,1.0,15.0,3.0,3.0,3.0,1.0,0.5,0.30000000000000004,40.0,6,0,3,8,1,1,12
58238,1.0,15.0,3.0,3.0,3.0,1.0,0.5,0.30000000000000004,40.0,7,0,2,5,1,1,8
58238,1.0,15.0,3.0,3.0,3.0,1.0,0.5,0.30000000000000004,40.0,8,0,0,3,1,1,4
58238,1.0,15.0,3.0,3.0,3.0,1.0,0.5,0.30000000000000004,40.0,9,0,0,1,0,1,1
58238,1.0,15.0,3.0,3.0,3.0,1.0,0.5,0.30000000000000004,40.0,10,0,0,0,0,1,0