Exp Num,agent:svo_convergence_factor,agent:params:metabolism,agent:params:consumption_factor,agent:params:procreate_cost_factor,agent:params:procreate_req_factor,agent:params:start_energy_factor,agent:params:caught_chance,agent:params:caught_cooldown_factor,agent:params:maximum_age,Epoch,Resource,A,B,C,D,E
57435,1.0,15.0,3.0,3.0,1.0,1.0,0.30000000000000004,0.30000000000000004,10.0,0,500.0,23,42,24,43,107
57435,1.0,15.0,3.0,3.0,1.0,1.0,0.30000000000000004,0.30000000000000004,10.0,1,0,19,33,26,24,87
57435,1.0,15.0,3.0,3.0,1.0,1.0,0.30000000000000004,0.30000000000000004,10.0,2,0,12,31,32,20,82
57435,1.0,15.0,3.0,3.0,1.0,1.0,0.30000000000000004,0.30000000000000004,10.0,3,0,5,22,31,16,61
57435,1.0,15.0,3.0,3.0,1.0,1.0,0.30000000000000004,0.30000000000000004,10.0,4,0,3,13,26,10,43
57435,1.0,15.0,3.0,3.0,1.0,1.0,0.30000000000000004,0.30000000000000004,10.0,5,0,2,11,15,9,28
57435,1.0,15.0,3.0,3.0,1.0,1.0,0.30000000000000004,0.30000000000000004,10.0,6,0,1,7,11,6,19
57435,1.0,15.0,3.0,3.0,1.0,1.0,0.30000000000000004,0.30000000000000004,10.0,7,0,1,5,9,4,15
57435,1.0,15.0,3.0,3.0,1.0,1.0,0.30000000000000004,0.30000000000000004,10.0,8,0,1,2,8,2,11
57435,1.0,15.0,3.0,3.0,1.0,1.0,0.30000000000000004,0.30000000000000004,10.0,9,0,1,3,5,1,9
57435,1.0,15.0,3.0,3.0,1.0,1.0,0.30000000000000004,0.30000000000000004,10.0,10,0,0,2,3,0,5
57435,1.0,15.0,3.0,3.0,1.0,1.0,0.30000000000000004,0.30000000000000004,10.0,11,0,0,3,2,0,5
57435,1.0,15.0,3.0,3.0,1.0,1.0,0.30000000000000004,0.30000000000000004,10.0,12,55.0,0,3,2,0,5
57435,1.0,15.0,3.0,3.0,1.0,1.0,0.30000000000000004,0.30000000000000004,10.0,13,0,0,3,1,0,4
57435,1.0,15.0,3.0,3.0,1.0,1.0,0.30000000000000004,0.30000000000000004,10.0,14,0,0,3,1,0,4
57435,1.0,15.0,3.0,3.0,1.0,1.0,0.30000000000000004,0.30000000000000004,10.0,15,0,0,3,0,0,3
57435,1.0,15.0,3.0,3.0,1.0,1.0,0.30000000000000004,0.30000000000000004,10.0,16,0,0,1,0,0,1