Exp Num,agent:svo_convergence_factor,agent:params:metabolism,agent:params:consumption_factor,agent:params:procreate_cost_factor,agent:params:procreate_req_factor,agent:params:start_energy_factor,agent:params:caught_chance,agent:params:caught_cooldown_factor,agent:params:maximum_age,Epoch,Resource,A,B,C,D,E
56210,1.0,15.0,2.0,9.0,3.0,3.0,0.4,0.30000000000000004,10.0,0,4160.0,14,32,8,27,73
56210,1.0,15.0,2.0,9.0,3.0,3.0,0.4,0.30000000000000004,10.0,1,4510.0,14,32,8,27,73
56210,1.0,15.0,2.0,9.0,3.0,3.0,0.4,0.30000000000000004,10.0,2,4467.5,10,23,7,23,57
56210,1.0,15.0,2.0,9.0,3.0,3.0,0.4,0.30000000000000004,10.0,3,4894.375,8,19,7,23,51
56210,1.0,15.0,2.0,9.0,3.0,3.0,0.4,0.30000000000000004,10.0,4,5367.96875,5,16,5,19,43
56210,1.0,15.0,2.0,9.0,3.0,3.0,0.4,0.30000000000000004,10.0,5,5329.9609375,5,14,5,19,41
56210,1.0,15.0,2.0,9.0,3.0,3.0,0.4,0.30000000000000004,10.0,6,5282.451171875,3,12,4,19,36
56210,1.0,15.0,2.0,9.0,3.0,3.0,0.4,0.30000000000000004,10.0,7,5133.06396484375,2,11,4,19,34
56210,1.0,15.0,2.0,9.0,3.0,3.0,0.4,0.30000000000000004,10.0,8,4886.3299560546875,2,11,4,19,34
56210,1.0,15.0,2.0,9.0,3.0,3.0,0.4,0.30000000000000004,10.0,9,4577.912445068359,1,11,4,19,33
56210,1.0,15.0,2.0,9.0,3.0,3.0,0.4,0.30000000000000004,10.0,10,4672.390556335449,1,7,3,11,23
56210,1.0,15.0,2.0,9.0,3.0,3.0,0.4,0.30000000000000004,10.0,11,5180.4881954193115,0,5,2,5,16
56210,1.0,15.0,2.0,9.0,3.0,3.0,0.4,0.30000000000000004,10.0,12,6055.610244274139,0,4,2,1,12
56210,1.0,15.0,2.0,9.0,3.0,3.0,0.4,0.30000000000000004,10.0,13,7329.512805342674,0,2,2,1,6
56210,1.0,15.0,2.0,9.0,3.0,3.0,0.4,0.30000000000000004,10.0,14,9041.891006678343,0,1,1,1,2
56210,1.0,15.0,2.0,9.0,3.0,3.0,0.4,0.30000000000000004,10.0,15,9940.0,0,1,0,0,1