Exp Num,agent:svo_convergence_factor,agent:params:metabolism,agent:params:consumption_factor,agent:params:procreate_cost_factor,agent:params:procreate_req_factor,agent:params:start_energy_factor,agent:params:caught_chance,agent:params:caught_cooldown_factor,agent:params:maximum_age,Epoch,Resource,A,B,C,D,E
55962,1.0,15.0,2.0,9.0,3.0,1.0,0.4,0.30000000000000004,30.0,0,2000.0,12,34,5,34,66
55962,1.0,15.0,2.0,9.0,3.0,1.0,0.4,0.30000000000000004,30.0,1,1510.0,12,34,5,34,66
55962,1.0,15.0,2.0,9.0,3.0,1.0,0.4,0.30000000000000004,30.0,2,87.5,9,28,5,32,57
55962,1.0,15.0,2.0,9.0,3.0,1.0,0.4,0.30000000000000004,30.0,3,0,9,27,4,27,55
55962,1.0,15.0,2.0,9.0,3.0,1.0,0.4,0.30000000000000004,30.0,4,0,7,20,0,13,33
55962,1.0,15.0,2.0,9.0,3.0,1.0,0.4,0.30000000000000004,30.0,5,0,5,16,0,4,23
55962,1.0,15.0,2.0,9.0,3.0,1.0,0.4,0.30000000000000004,30.0,6,0,4,12,0,2,16
55962,1.0,15.0,2.0,9.0,3.0,1.0,0.4,0.30000000000000004,30.0,7,0,3,8,0,0,11
55962,1.0,15.0,2.0,9.0,3.0,1.0,0.4,0.30000000000000004,30.0,8,0,3,3,0,0,6
55962,1.0,15.0,2.0,9.0,3.0,1.0,0.4,0.30000000000000004,30.0,9,0,3,1,0,0,4
55962,1.0,15.0,2.0,9.0,3.0,1.0,0.4,0.30000000000000004,30.0,10,0,2,1,0,0,3
55962,1.0,15.0,2.0,9.0,3.0,1.0,0.4,0.30000000000000004,30.0,11,0,1,0,0,0,1