Exp Num,agent:svo_convergence_factor,agent:params:metabolism,agent:params:consumption_factor,agent:params:procreate_cost_factor,agent:params:procreate_req_factor,agent:params:start_energy_factor,agent:params:caught_chance,agent:params:caught_cooldown_factor,agent:params:maximum_age,Epoch,Resource,A,B,C,D,E
50426,1.0,15.0,1.0,9.0,3.0,2.0,0.30000000000000004,0.1,20.0,0,3500.0,22,20,7,29,71
50426,1.0,15.0,1.0,9.0,3.0,2.0,0.30000000000000004,0.1,20.0,1,2920.0,22,20,7,29,71
50426,1.0,15.0,1.0,9.0,3.0,2.0,0.30000000000000004,0.1,20.0,2,2675.0,22,19,7,29,70
50426,1.0,15.0,1.0,9.0,3.0,2.0,0.30000000000000004,0.1,20.0,3,2473.75,18,15,6,28,61
50426,1.0,15.0,1.0,9.0,3.0,2.0,0.30000000000000004,0.1,20.0,4,2222.1875,13,14,5,28,54
50426,1.0,15.0,1.0,9.0,3.0,2.0,0.30000000000000004,0.1,20.0,5,1787.734375,10,14,5,28,51
50426,1.0,15.0,1.0,9.0,3.0,2.0,0.30000000000000004,0.1,20.0,6,1274.66796875,9,14,4,27,49
50426,1.0,15.0,1.0,9.0,3.0,2.0,0.30000000000000004,0.1,20.0,7,633.3349609375,8,14,3,25,47
50426,1.0,15.0,1.0,9.0,3.0,2.0,0.30000000000000004,0.1,20.0,8,0,5,14,3,22,40
50426,1.0,15.0,1.0,9.0,3.0,2.0,0.30000000000000004,0.1,20.0,9,0,2,5,2,10,21
50426,1.0,15.0,1.0,9.0,3.0,2.0,0.30000000000000004,0.1,20.0,10,0,1,3,1,5,10
50426,1.0,15.0,1.0,9.0,3.0,2.0,0.30000000000000004,0.1,20.0,11,0,1,1,1,2,5
50426,1.0,15.0,1.0,9.0,3.0,2.0,0.30000000000000004,0.1,20.0,12,0,1,0,0,1,2
50426,1.0,15.0,1.0,9.0,3.0,2.0,0.30000000000000004,0.1,20.0,13,0,1,0,0,0,1