Exp Num,agent:svo_convergence_factor,agent:params:metabolism,agent:params:consumption_factor,agent:params:procreate_cost_factor,agent:params:procreate_req_factor,agent:params:start_energy_factor,agent:params:caught_chance,agent:params:caught_cooldown_factor,agent:params:maximum_age,Epoch,Resource,A,B,C,D,E
52307,1.0,15.0,2.0,3.0,2.0,2.0,0.30000000000000004,0.2,30.0,0,3770.0,12,31,12,25,75
52307,1.0,15.0,2.0,3.0,2.0,2.0,0.30000000000000004,0.2,30.0,1,3062.5,9,26,10,25,64
52307,1.0,15.0,2.0,3.0,2.0,2.0,0.30000000000000004,0.2,30.0,2,2988.125,9,26,10,25,64
52307,1.0,15.0,2.0,3.0,2.0,2.0,0.30000000000000004,0.2,30.0,3,2505.15625,7,19,8,24,52
52307,1.0,15.0,2.0,3.0,2.0,2.0,0.30000000000000004,0.2,30.0,4,2441.4453125,7,18,8,23,49
52307,1.0,15.0,2.0,3.0,2.0,2.0,0.30000000000000004,0.2,30.0,5,2151.806640625,6,14,7,22,43
52307,1.0,15.0,2.0,3.0,2.0,2.0,0.30000000000000004,0.2,30.0,6,1789.75830078125,7,13,7,21,43
52307,1.0,15.0,2.0,3.0,2.0,2.0,0.30000000000000004,0.2,30.0,7,1427.1978759765625,6,12,7,20,40
52307,1.0,15.0,2.0,3.0,2.0,2.0,0.30000000000000004,0.2,30.0,8,1273.9973449707031,5,11,7,19,37
52307,1.0,15.0,2.0,3.0,2.0,2.0,0.30000000000000004,0.2,30.0,9,782.4966812133789,5,12,5,17,36
52307,1.0,15.0,2.0,3.0,2.0,2.0,0.30000000000000004,0.2,30.0,10,318.12085151672363,4,11,5,16,34
52307,1.0,15.0,2.0,3.0,2.0,2.0,0.30000000000000004,0.2,30.0,11,0,4,9,4,15,27
52307,1.0,15.0,2.0,3.0,2.0,2.0,0.30000000000000004,0.2,30.0,12,0,1,8,4,12,20
52307,1.0,15.0,2.0,3.0,2.0,2.0,0.30000000000000004,0.2,30.0,13,0,1,6,4,8,14
52307,1.0,15.0,2.0,3.0,2.0,2.0,0.30000000000000004,0.2,30.0,14,0,1,5,3,5,9
52307,1.0,15.0,2.0,3.0,2.0,2.0,0.30000000000000004,0.2,30.0,15,0,1,3,2,3,6
52307,1.0,15.0,2.0,3.0,2.0,2.0,0.30000000000000004,0.2,30.0,16,0,1,3,1,1,5
52307,1.0,15.0,2.0,3.0,2.0,2.0,0.30000000000000004,0.2,30.0,17,0,1,3,0,0,4
52307,1.0,15.0,2.0,3.0,2.0,2.0,0.30000000000000004,0.2,30.0,18,0,1,1,0,0,2
52307,1.0,15.0,2.0,3.0,2.0,2.0,0.30000000000000004,0.2,30.0,19,0,0,1,0,0,1