Exp Num,agent:svo_convergence_factor,agent:params:metabolism,agent:params:consumption_factor,agent:params:procreate_cost_factor,agent:params:procreate_req_factor,agent:params:start_energy_factor,agent:params:caught_chance,agent:params:caught_cooldown_factor,agent:params:maximum_age,Epoch,Resource,A,B,C,D,E
50820,1.0,15.0,2.0,1.0,1.0,2.0,0.30000000000000004,0.5,10.0,0,4010.0,21,37,27,40,110
50820,1.0,15.0,2.0,1.0,1.0,2.0,0.30000000000000004,0.5,10.0,1,2312.5,23,51,48,54,153
50820,1.0,15.0,2.0,1.0,1.0,2.0,0.30000000000000004,0.5,10.0,2,0,19,72,64,75,179
50820,1.0,15.0,2.0,1.0,1.0,2.0,0.30000000000000004,0.5,10.0,3,0,18,71,66,52,165
50820,1.0,15.0,2.0,1.0,1.0,2.0,0.30000000000000004,0.5,10.0,4,0,11,50,59,33,128
50820,1.0,15.0,2.0,1.0,1.0,2.0,0.30000000000000004,0.5,10.0,5,0,5,42,44,19,95
50820,1.0,15.0,2.0,1.0,1.0,2.0,0.30000000000000004,0.5,10.0,6,0,3,28,35,11,68
50820,1.0,15.0,2.0,1.0,1.0,2.0,0.30000000000000004,0.5,10.0,7,0,2,20,26,4,50
50820,1.0,15.0,2.0,1.0,1.0,2.0,0.30000000000000004,0.5,10.0,8,0,2,13,21,2,37
50820,1.0,15.0,2.0,1.0,1.0,2.0,0.30000000000000004,0.5,10.0,9,0,1,8,13,2,22
50820,1.0,15.0,2.0,1.0,1.0,2.0,0.30000000000000004,0.5,10.0,10,0,0,8,9,1,17
50820,1.0,15.0,2.0,1.0,1.0,2.0,0.30000000000000004,0.5,10.0,11,0,0,6,6,1,12
50820,1.0,15.0,2.0,1.0,1.0,2.0,0.30000000000000004,0.5,10.0,12,0,0,3,4,0,7
50820,1.0,15.0,2.0,1.0,1.0,2.0,0.30000000000000004,0.5,10.0,13,0,0,2,4,0,6
50820,1.0,15.0,2.0,1.0,1.0,2.0,0.30000000000000004,0.5,10.0,14,0,0,3,2,0,5
50820,1.0,15.0,2.0,1.0,1.0,2.0,0.30000000000000004,0.5,10.0,15,0,0,1,2,0,3
50820,1.0,15.0,2.0,1.0,1.0,2.0,0.30000000000000004,0.5,10.0,16,0,0,1,1,0,2
50820,1.0,15.0,2.0,1.0,1.0,2.0,0.30000000000000004,0.5,10.0,17,0,0,0,1,0,1