Exp Num,agent:svo_convergence_factor,agent:params:metabolism,agent:params:consumption_factor,agent:params:procreate_cost_factor,agent:params:procreate_req_factor,agent:params:start_energy_factor,agent:params:caught_chance,agent:params:caught_cooldown_factor,agent:params:maximum_age,Epoch,Resource,A,B,C,D,E
50440,1.0,15.0,1.0,9.0,3.0,2.0,0.30000000000000004,0.4,10.0,0,3500.0,16,22,14,27,73
50440,1.0,15.0,1.0,9.0,3.0,2.0,0.30000000000000004,0.4,10.0,1,2965.0,16,22,14,27,73
50440,1.0,15.0,1.0,9.0,3.0,2.0,0.30000000000000004,0.4,10.0,2,2746.25,16,22,14,27,73
50440,1.0,15.0,1.0,9.0,3.0,2.0,0.30000000000000004,0.4,10.0,3,2457.8125,15,22,12,26,69
50440,1.0,15.0,1.0,9.0,3.0,2.0,0.30000000000000004,0.4,10.0,4,2157.265625,12,20,12,24,64
50440,1.0,15.0,1.0,9.0,3.0,2.0,0.30000000000000004,0.4,10.0,5,1706.58203125,9,17,10,24,56
50440,1.0,15.0,1.0,9.0,3.0,2.0,0.30000000000000004,0.4,10.0,6,1038.2275390625,8,16,10,24,54
50440,1.0,15.0,1.0,9.0,3.0,2.0,0.30000000000000004,0.4,10.0,7,247.784423828125,6,16,9,24,51
50440,1.0,15.0,1.0,9.0,3.0,2.0,0.30000000000000004,0.4,10.0,8,0,5,10,4,17,31
50440,1.0,15.0,1.0,9.0,3.0,2.0,0.30000000000000004,0.4,10.0,9,0,3,4,1,8,16
50440,1.0,15.0,1.0,9.0,3.0,2.0,0.30000000000000004,0.4,10.0,10,0,1,4,1,4,8
50440,1.0,15.0,1.0,9.0,3.0,2.0,0.30000000000000004,0.4,10.0,11,0,1,2,1,1,5
50440,1.0,15.0,1.0,9.0,3.0,2.0,0.30000000000000004,0.4,10.0,12,0,0,1,0,1,2
50440,1.0,15.0,1.0,9.0,3.0,2.0,0.30000000000000004,0.4,10.0,13,0,0,0,0,0,1