Exp Num,agent:svo_convergence_factor,agent:params:metabolism,agent:params:consumption_factor,agent:params:procreate_cost_factor,agent:params:procreate_req_factor,agent:params:start_energy_factor,agent:params:caught_chance,agent:params:caught_cooldown_factor,agent:params:maximum_age,Epoch,Resource,A,B,C,D,E
54605,1.0,15.0,2.0,7.0,2.0,2.0,0.5,0.2,10.0,0,4250.0,17,29,11,21,79
54605,1.0,15.0,2.0,7.0,2.0,2.0,0.5,0.2,10.0,1,3902.5,11,23,9,18,63
54605,1.0,15.0,2.0,7.0,2.0,2.0,0.5,0.2,10.0,2,4308.125,11,20,8,18,58
54605,1.0,15.0,2.0,7.0,2.0,2.0,0.5,0.2,10.0,3,4515.15625,7,15,5,17,46
54605,1.0,15.0,2.0,7.0,2.0,2.0,0.5,0.2,10.0,4,5043.9453125,4,15,4,16,41
54605,1.0,15.0,2.0,7.0,2.0,2.0,0.5,0.2,10.0,5,5014.931640625,3,12,4,15,36
54605,1.0,15.0,2.0,7.0,2.0,2.0,0.5,0.2,10.0,6,4888.66455078125,3,10,4,15,34
54605,1.0,15.0,2.0,7.0,2.0,2.0,0.5,0.2,10.0,7,4640.8306884765625,3,10,4,15,34
54605,1.0,15.0,2.0,7.0,2.0,2.0,0.5,0.2,10.0,8,4331.038360595703,3,10,4,15,34
54605,1.0,15.0,2.0,7.0,2.0,2.0,0.5,0.2,10.0,9,3943.797950744629,3,10,4,15,34
54605,1.0,15.0,2.0,7.0,2.0,2.0,0.5,0.2,10.0,10,3909.747438430786,2,7,3,7,27
54605,1.0,15.0,2.0,7.0,2.0,2.0,0.5,0.2,10.0,11,4257.184298038483,2,5,1,3,18
54605,1.0,15.0,2.0,7.0,2.0,2.0,0.5,0.2,10.0,12,4931.480372548103,2,4,0,1,12
54605,1.0,15.0,2.0,7.0,2.0,2.0,0.5,0.2,10.0,13,5924.350465685129,1,2,0,1,6
54605,1.0,15.0,2.0,7.0,2.0,2.0,0.5,0.2,10.0,14,7255.4380821064115,1,1,0,1,3
54605,1.0,15.0,2.0,7.0,2.0,2.0,0.5,0.2,10.0,15,8979.297602633014,0,0,0,1,1
54605,1.0,15.0,2.0,7.0,2.0,2.0,0.5,0.2,10.0,16,9970.0,0,0,0,0,1