Exp Num,agent:svo_convergence_factor,agent:params:metabolism,agent:params:consumption_factor,agent:params:procreate_cost_factor,agent:params:procreate_req_factor,agent:params:start_energy_factor,agent:params:caught_chance,agent:params:caught_cooldown_factor,agent:params:maximum_age,Epoch,Resource,A,B,C,D,E
57739,1.0,15.0,3.0,3.0,1.0,3.0,0.5,0.30000000000000004,50.0,0,3380.0,22,44,12,26,92
57739,1.0,15.0,3.0,3.0,1.0,3.0,0.5,0.30000000000000004,50.0,1,3055.0,25,54,18,26,111
57739,1.0,15.0,3.0,3.0,1.0,3.0,0.5,0.30000000000000004,50.0,2,1523.75,16,59,24,24,113
57739,1.0,15.0,3.0,3.0,1.0,3.0,0.5,0.30000000000000004,50.0,3,0,13,52,29,19,105
57739,1.0,15.0,3.0,3.0,1.0,3.0,0.5,0.30000000000000004,50.0,4,0,10,50,26,15,93
57739,1.0,15.0,3.0,3.0,1.0,3.0,0.5,0.30000000000000004,50.0,5,0,5,42,25,9,76
57739,1.0,15.0,3.0,3.0,1.0,3.0,0.5,0.30000000000000004,50.0,6,0,2,28,20,4,51
57739,1.0,15.0,3.0,3.0,1.0,3.0,0.5,0.30000000000000004,50.0,7,0,0,25,14,3,40
57739,1.0,15.0,3.0,3.0,1.0,3.0,0.5,0.30000000000000004,50.0,8,0,0,13,16,2,29
57739,1.0,15.0,3.0,3.0,1.0,3.0,0.5,0.30000000000000004,50.0,9,0,0,8,13,1,21
57739,1.0,15.0,3.0,3.0,1.0,3.0,0.5,0.30000000000000004,50.0,10,0,0,5,11,0,16
57739,1.0,15.0,3.0,3.0,1.0,3.0,0.5,0.30000000000000004,50.0,11,0,0,6,9,0,15
57739,1.0,15.0,3.0,3.0,1.0,3.0,0.5,0.30000000000000004,50.0,12,0,0,5,6,0,11
57739,1.0,15.0,3.0,3.0,1.0,3.0,0.5,0.30000000000000004,50.0,13,0,0,4,4,0,8
57739,1.0,15.0,3.0,3.0,1.0,3.0,0.5,0.30000000000000004,50.0,14,10.0,0,2,4,0,6
57739,1.0,15.0,3.0,3.0,1.0,3.0,0.5,0.30000000000000004,50.0,15,0,0,0,3,0,3
57739,1.0,15.0,3.0,3.0,1.0,3.0,0.5,0.30000000000000004,50.0,16,0,0,0,2,0,2
57739,1.0,15.0,3.0,3.0,1.0,3.0,0.5,0.30000000000000004,50.0,17,0,0,0,3,0,3
57739,1.0,15.0,3.0,3.0,1.0,3.0,0.5,0.30000000000000004,50.0,18,0,0,0,2,0,2
57739,1.0,15.0,3.0,3.0,1.0,3.0,0.5,0.30000000000000004,50.0,19,0,0,0,1,0,1