Exp Num,agent:svo_convergence_factor,agent:params:metabolism,agent:params:consumption_factor,agent:params:procreate_cost_factor,agent:params:procreate_req_factor,agent:params:start_energy_factor,agent:params:caught_chance,agent:params:caught_cooldown_factor,agent:params:maximum_age,Epoch,Resource,A,B,C,D,E
58819,1.0,15.0,3.0,5.0,1.0,3.0,0.30000000000000004,0.4,50.0,0,3560.0,18,34,20,28,88
58819,1.0,15.0,3.0,5.0,1.0,3.0,0.30000000000000004,0.4,50.0,1,2380.0,18,40,22,28,96
58819,1.0,15.0,3.0,5.0,1.0,3.0,0.30000000000000004,0.4,50.0,2,275.0,14,41,21,25,91
58819,1.0,15.0,3.0,5.0,1.0,3.0,0.30000000000000004,0.4,50.0,3,0,11,40,13,18,77
58819,1.0,15.0,3.0,5.0,1.0,3.0,0.30000000000000004,0.4,50.0,4,0,9,38,13,18,73
58819,1.0,15.0,3.0,5.0,1.0,3.0,0.30000000000000004,0.4,50.0,5,0,8,32,13,10,59
58819,1.0,15.0,3.0,5.0,1.0,3.0,0.30000000000000004,0.4,50.0,6,0,6,25,9,4,44
58819,1.0,15.0,3.0,5.0,1.0,3.0,0.30000000000000004,0.4,50.0,7,0,3,21,7,1,31
58819,1.0,15.0,3.0,5.0,1.0,3.0,0.30000000000000004,0.4,50.0,8,0,3,17,6,0,26
58819,1.0,15.0,3.0,5.0,1.0,3.0,0.30000000000000004,0.4,50.0,9,0,1,12,5,0,18
58819,1.0,15.0,3.0,5.0,1.0,3.0,0.30000000000000004,0.4,50.0,10,0,1,9,4,0,14
58819,1.0,15.0,3.0,5.0,1.0,3.0,0.30000000000000004,0.4,50.0,11,0,1,6,3,0,10
58819,1.0,15.0,3.0,5.0,1.0,3.0,0.30000000000000004,0.4,50.0,12,0,0,4,2,0,6
58819,1.0,15.0,3.0,5.0,1.0,3.0,0.30000000000000004,0.4,50.0,13,0,0,4,1,0,5
58819,1.0,15.0,3.0,5.0,1.0,3.0,0.30000000000000004,0.4,50.0,14,0,0,4,0,0,4
58819,1.0,15.0,3.0,5.0,1.0,3.0,0.30000000000000004,0.4,50.0,15,0,0,3,0,0,3
58819,1.0,15.0,3.0,5.0,1.0,3.0,0.30000000000000004,0.4,50.0,16,0,0,3,0,0,3
58819,1.0,15.0,3.0,5.0,1.0,3.0,0.30000000000000004,0.4,50.0,17,0,0,2,0,0,2
58819,1.0,15.0,3.0,5.0,1.0,3.0,0.30000000000000004,0.4,50.0,18,0,0,1,0,0,1