Exp Num,agent:svo_convergence_factor,agent:params:metabolism,agent:params:consumption_factor,agent:params:procreate_cost_factor,agent:params:procreate_req_factor,agent:params:start_energy_factor,agent:params:caught_chance,agent:params:caught_cooldown_factor,agent:params:maximum_age,Epoch,Resource,A,B,C,D,E
54800,1.0,15.0,2.0,7.0,3.0,1.0,0.30000000000000004,0.1,10.0,0,2000.0,16,22,14,27,73
54800,1.0,15.0,2.0,7.0,3.0,1.0,0.30000000000000004,0.1,10.0,1,1630.0,16,22,14,27,73
54800,1.0,15.0,2.0,7.0,3.0,1.0,0.30000000000000004,0.1,10.0,2,117.5,14,17,12,26,64
54800,1.0,15.0,2.0,7.0,3.0,1.0,0.30000000000000004,0.1,10.0,3,0,13,16,11,23,60
54800,1.0,15.0,2.0,7.0,3.0,1.0,0.30000000000000004,0.1,10.0,4,0,12,13,5,13,36
54800,1.0,15.0,2.0,7.0,3.0,1.0,0.30000000000000004,0.1,10.0,5,0,11,9,3,1,27
54800,1.0,15.0,2.0,7.0,3.0,1.0,0.30000000000000004,0.1,10.0,6,0,10,5,2,1,18
54800,1.0,15.0,2.0,7.0,3.0,1.0,0.30000000000000004,0.1,10.0,7,0,4,2,1,1,8
54800,1.0,15.0,2.0,7.0,3.0,1.0,0.30000000000000004,0.1,10.0,8,0,3,1,0,1,5
54800,1.0,15.0,2.0,7.0,3.0,1.0,0.30000000000000004,0.1,10.0,9,0,2,0,0,1,3
54800,1.0,15.0,2.0,7.0,3.0,1.0,0.30000000000000004,0.1,10.0,10,0,2,0,0,0,2
54800,1.0,15.0,2.0,7.0,3.0,1.0,0.30000000000000004,0.1,10.0,11,0,1,0,0,0,1