Exp Num,agent:svo_convergence_factor,agent:params:metabolism,agent:params:consumption_factor,agent:params:procreate_cost_factor,agent:params:procreate_req_factor,agent:params:start_energy_factor,agent:params:caught_chance,agent:params:caught_cooldown_factor,agent:params:maximum_age,Epoch,Resource,A,B,C,D,E
51262,1.0,15.0,2.0,1.0,2.0,3.0,0.1,0.30000000000000004,30.0,0,3710.0,22,38,32,39,111
51262,1.0,15.0,2.0,1.0,2.0,3.0,0.1,0.30000000000000004,30.0,1,1817.5,22,53,52,51,149
51262,1.0,15.0,2.0,1.0,2.0,3.0,0.1,0.30000000000000004,30.0,2,0,20,60,66,50,163
51262,1.0,15.0,2.0,1.0,2.0,3.0,0.1,0.30000000000000004,30.0,3,0,17,44,42,24,110
51262,1.0,15.0,2.0,1.0,2.0,3.0,0.1,0.30000000000000004,30.0,4,0,11,28,19,12,61
51262,1.0,15.0,2.0,1.0,2.0,3.0,0.1,0.30000000000000004,30.0,5,0,7,14,11,9,35
51262,1.0,15.0,2.0,1.0,2.0,3.0,0.1,0.30000000000000004,30.0,6,0,5,10,6,6,23
51262,1.0,15.0,2.0,1.0,2.0,3.0,0.1,0.30000000000000004,30.0,7,0,4,5,3,2,13
51262,1.0,15.0,2.0,1.0,2.0,3.0,0.1,0.30000000000000004,30.0,8,0,4,3,0,1,8
51262,1.0,15.0,2.0,1.0,2.0,3.0,0.1,0.30000000000000004,30.0,9,0,3,0,0,1,3
51262,1.0,15.0,2.0,1.0,2.0,3.0,0.1,0.30000000000000004,30.0,10,0,2,0,0,0,2
51262,1.0,15.0,2.0,1.0,2.0,3.0,0.1,0.30000000000000004,30.0,11,0,1,0,0,0,1