Exp Num,agent:svo_convergence_factor,agent:params:metabolism,agent:params:consumption_factor,agent:params:procreate_cost_factor,agent:params:procreate_req_factor,agent:params:start_energy_factor,agent:params:caught_chance,agent:params:caught_cooldown_factor,agent:params:maximum_age,Epoch,Resource,A,B,C,D,E
51561,1.0,15.0,2.0,1.0,3.0,2.0,0.30000000000000004,0.30000000000000004,20.0,0,3920.0,18,38,13,34,84
51561,1.0,15.0,2.0,1.0,3.0,2.0,0.30000000000000004,0.30000000000000004,20.0,1,2830.0,18,40,11,33,84
51561,1.0,15.0,2.0,1.0,3.0,2.0,0.30000000000000004,0.30000000000000004,20.0,2,1947.5,23,41,12,34,91
51561,1.0,15.0,2.0,1.0,3.0,2.0,0.30000000000000004,0.30000000000000004,20.0,3,394.375,22,45,16,32,98
51561,1.0,15.0,2.0,1.0,3.0,2.0,0.30000000000000004,0.30000000000000004,20.0,4,0,16,43,13,25,84
51561,1.0,15.0,2.0,1.0,3.0,2.0,0.30000000000000004,0.30000000000000004,20.0,5,0,10,29,9,14,53
51561,1.0,15.0,2.0,1.0,3.0,2.0,0.30000000000000004,0.30000000000000004,20.0,6,0,4,19,5,7,31
51561,1.0,15.0,2.0,1.0,3.0,2.0,0.30000000000000004,0.30000000000000004,20.0,7,0,2,12,2,3,17
51561,1.0,15.0,2.0,1.0,3.0,2.0,0.30000000000000004,0.30000000000000004,20.0,8,0,2,4,1,3,7
51561,1.0,15.0,2.0,1.0,3.0,2.0,0.30000000000000004,0.30000000000000004,20.0,9,0,0,2,0,3,2
51561,1.0,15.0,2.0,1.0,3.0,2.0,0.30000000000000004,0.30000000000000004,20.0,10,0,0,2,0,1,2
51561,1.0,15.0,2.0,1.0,3.0,2.0,0.30000000000000004,0.30000000000000004,20.0,11,0,0,2,0,0,2
51561,1.0,15.0,2.0,1.0,3.0,2.0,0.30000000000000004,0.30000000000000004,20.0,12,0,0,1,0,0,1