Exp Num,agent:svo_convergence_factor,agent:params:metabolism,agent:params:consumption_factor,agent:params:procreate_cost_factor,agent:params:procreate_req_factor,agent:params:start_energy_factor,agent:params:caught_chance,agent:params:caught_cooldown_factor,agent:params:maximum_age,Epoch,Resource,A,B,C,D,E
50862,1.0,15.0,2.0,1.0,1.0,2.0,0.5,0.30000000000000004,30.0,0,4280.0,26,44,23,27,123
50862,1.0,15.0,2.0,1.0,1.0,2.0,0.5,0.30000000000000004,30.0,1,3580.0,21,59,29,36,141
50862,1.0,15.0,2.0,1.0,1.0,2.0,0.5,0.30000000000000004,30.0,2,2045.0,20,61,53,49,172
50862,1.0,15.0,2.0,1.0,1.0,2.0,0.5,0.30000000000000004,30.0,3,0,17,62,79,60,195
50862,1.0,15.0,2.0,1.0,1.0,2.0,0.5,0.30000000000000004,30.0,4,0,10,48,73,45,152
50862,1.0,15.0,2.0,1.0,1.0,2.0,0.5,0.30000000000000004,30.0,5,0,7,31,58,35,108
50862,1.0,15.0,2.0,1.0,1.0,2.0,0.5,0.30000000000000004,30.0,6,0,3,20,47,25,76
50862,1.0,15.0,2.0,1.0,1.0,2.0,0.5,0.30000000000000004,30.0,7,0,1,17,38,13,60
50862,1.0,15.0,2.0,1.0,1.0,2.0,0.5,0.30000000000000004,30.0,8,0,0,11,31,5,45
50862,1.0,15.0,2.0,1.0,1.0,2.0,0.5,0.30000000000000004,30.0,9,0,0,7,25,1,34
50862,1.0,15.0,2.0,1.0,1.0,2.0,0.5,0.30000000000000004,30.0,10,0,0,5,17,1,24
50862,1.0,15.0,2.0,1.0,1.0,2.0,0.5,0.30000000000000004,30.0,11,0,0,2,13,1,17
50862,1.0,15.0,2.0,1.0,1.0,2.0,0.5,0.30000000000000004,30.0,12,0,0,2,8,1,10
50862,1.0,15.0,2.0,1.0,1.0,2.0,0.5,0.30000000000000004,30.0,13,0,0,2,5,1,7
50862,1.0,15.0,2.0,1.0,1.0,2.0,0.5,0.30000000000000004,30.0,14,0,0,1,5,2,6
50862,1.0,15.0,2.0,1.0,1.0,2.0,0.5,0.30000000000000004,30.0,15,0,0,0,4,2,4
50862,1.0,15.0,2.0,1.0,1.0,2.0,0.5,0.30000000000000004,30.0,16,0,0,0,2,1,2
50862,1.0,15.0,2.0,1.0,1.0,2.0,0.5,0.30000000000000004,30.0,17,0,0,0,1,1,1
50862,1.0,15.0,2.0,1.0,1.0,2.0,0.5,0.30000000000000004,30.0,18,0,0,0,1,0,1