Exp Num,agent:svo_convergence_factor,agent:params:metabolism,agent:params:consumption_factor,agent:params:procreate_cost_factor,agent:params:procreate_req_factor,agent:params:start_energy_factor,agent:params:caught_chance,agent:params:caught_cooldown_factor,agent:params:maximum_age,Epoch,Resource,A,B,C,D,E
58565,1.0,15.0,3.0,5.0,1.0,1.0,0.30000000000000004,0.4,10.0,0,500.0,13,21,14,40,60
58565,1.0,15.0,3.0,5.0,1.0,1.0,0.30000000000000004,0.4,10.0,1,0,15,24,14,41,65
58565,1.0,15.0,3.0,5.0,1.0,1.0,0.30000000000000004,0.4,10.0,2,0,11,22,12,40,57
58565,1.0,15.0,3.0,5.0,1.0,1.0,0.30000000000000004,0.4,10.0,3,0,7,14,7,21,33
58565,1.0,15.0,3.0,5.0,1.0,1.0,0.30000000000000004,0.4,10.0,4,0,5,11,3,10,21
58565,1.0,15.0,3.0,5.0,1.0,1.0,0.30000000000000004,0.4,10.0,5,0,4,9,1,6,14
58565,1.0,15.0,3.0,5.0,1.0,1.0,0.30000000000000004,0.4,10.0,6,0,3,8,1,2,12
58565,1.0,15.0,3.0,5.0,1.0,1.0,0.30000000000000004,0.4,10.0,7,0,2,6,1,1,9
58565,1.0,15.0,3.0,5.0,1.0,1.0,0.30000000000000004,0.4,10.0,8,0,2,4,0,0,6
58565,1.0,15.0,3.0,5.0,1.0,1.0,0.30000000000000004,0.4,10.0,9,0,0,5,0,0,5
58565,1.0,15.0,3.0,5.0,1.0,1.0,0.30000000000000004,0.4,10.0,10,0,0,2,0,0,2
58565,1.0,15.0,3.0,5.0,1.0,1.0,0.30000000000000004,0.4,10.0,11,0,0,2,0,0,2
58565,1.0,15.0,3.0,5.0,1.0,1.0,0.30000000000000004,0.4,10.0,12,100,0,2,0,0,2
58565,1.0,15.0,3.0,5.0,1.0,1.0,0.30000000000000004,0.4,10.0,13,125.0,0,1,0,0,1