Exp Num,agent:svo_convergence_factor,agent:params:metabolism,agent:params:consumption_factor,agent:params:procreate_cost_factor,agent:params:procreate_req_factor,agent:params:start_energy_factor,agent:params:caught_chance,agent:params:caught_cooldown_factor,agent:params:maximum_age,Epoch,Resource,A,B,C,D,E
57568,1.0,15.0,3.0,3.0,1.0,2.0,0.30000000000000004,0.4,40.0,0,3200.0,22,41,17,34,86
57568,1.0,15.0,3.0,3.0,1.0,2.0,0.30000000000000004,0.4,40.0,1,400.0,24,49,31,42,110
57568,1.0,15.0,3.0,3.0,1.0,2.0,0.30000000000000004,0.4,40.0,2,0,17,38,33,25,90
57568,1.0,15.0,3.0,3.0,1.0,2.0,0.30000000000000004,0.4,40.0,3,0,10,39,32,22,83
57568,1.0,15.0,3.0,3.0,1.0,2.0,0.30000000000000004,0.4,40.0,4,0,5,34,29,15,68
57568,1.0,15.0,3.0,3.0,1.0,2.0,0.30000000000000004,0.4,40.0,5,0,4,27,22,8,53
57568,1.0,15.0,3.0,3.0,1.0,2.0,0.30000000000000004,0.4,40.0,6,0,1,18,20,6,39
57568,1.0,15.0,3.0,3.0,1.0,2.0,0.30000000000000004,0.4,40.0,7,0,1,10,13,6,24
57568,1.0,15.0,3.0,3.0,1.0,2.0,0.30000000000000004,0.4,40.0,8,0,0,7,11,3,18
57568,1.0,15.0,3.0,3.0,1.0,2.0,0.30000000000000004,0.4,40.0,9,0,0,3,10,1,13
57568,1.0,15.0,3.0,3.0,1.0,2.0,0.30000000000000004,0.4,40.0,10,0,0,1,8,0,9
57568,1.0,15.0,3.0,3.0,1.0,2.0,0.30000000000000004,0.4,40.0,11,0,0,1,6,0,7
57568,1.0,15.0,3.0,3.0,1.0,2.0,0.30000000000000004,0.4,40.0,12,0,0,1,5,0,6
57568,1.0,15.0,3.0,3.0,1.0,2.0,0.30000000000000004,0.4,40.0,13,10.0,0,2,4,0,6
57568,1.0,15.0,3.0,3.0,1.0,2.0,0.30000000000000004,0.4,40.0,14,0,0,2,2,0,4
57568,1.0,15.0,3.0,3.0,1.0,2.0,0.30000000000000004,0.4,40.0,15,0,0,2,1,0,3
57568,1.0,15.0,3.0,3.0,1.0,2.0,0.30000000000000004,0.4,40.0,16,0,0,1,1,0,2
57568,1.0,15.0,3.0,3.0,1.0,2.0,0.30000000000000004,0.4,40.0,17,0,0,1,1,0,2
57568,1.0,15.0,3.0,3.0,1.0,2.0,0.30000000000000004,0.4,40.0,18,0,0,1,0,0,1