Exp Num,agent:svo_convergence_factor,agent:params:metabolism,agent:params:consumption_factor,agent:params:procreate_cost_factor,agent:params:procreate_req_factor,agent:params:start_energy_factor,agent:params:caught_chance,agent:params:caught_cooldown_factor,agent:params:maximum_age,Epoch,Resource,A,B,C,D,E
50946,1.0,15.0,2.0,1.0,1.0,3.0,0.30000000000000004,0.5,20.0,0,3770.0,22,50,23,33,117
50946,1.0,15.0,2.0,1.0,1.0,3.0,0.30000000000000004,0.5,20.0,1,2432.5,22,62,49,45,158
50946,1.0,15.0,2.0,1.0,1.0,3.0,0.30000000000000004,0.5,20.0,2,0,20,71,77,63,197
50946,1.0,15.0,2.0,1.0,1.0,3.0,0.30000000000000004,0.5,20.0,3,0,16,55,79,46,164
50946,1.0,15.0,2.0,1.0,1.0,3.0,0.30000000000000004,0.5,20.0,4,0,10,43,69,33,130
50946,1.0,15.0,2.0,1.0,1.0,3.0,0.30000000000000004,0.5,20.0,5,0,4,30,50,24,87
50946,1.0,15.0,2.0,1.0,1.0,3.0,0.30000000000000004,0.5,20.0,6,0,2,22,37,13,64
50946,1.0,15.0,2.0,1.0,1.0,3.0,0.30000000000000004,0.5,20.0,7,0,1,11,37,5,50
50946,1.0,15.0,2.0,1.0,1.0,3.0,0.30000000000000004,0.5,20.0,8,0,1,4,29,2,34
50946,1.0,15.0,2.0,1.0,1.0,3.0,0.30000000000000004,0.5,20.0,9,0,1,3,24,0,28
50946,1.0,15.0,2.0,1.0,1.0,3.0,0.30000000000000004,0.5,20.0,10,0,0,1,17,0,18
50946,1.0,15.0,2.0,1.0,1.0,3.0,0.30000000000000004,0.5,20.0,11,0,0,1,10,0,11
50946,1.0,15.0,2.0,1.0,1.0,3.0,0.30000000000000004,0.5,20.0,12,0,0,0,8,0,8
50946,1.0,15.0,2.0,1.0,1.0,3.0,0.30000000000000004,0.5,20.0,13,10.0,0,0,8,0,8
50946,1.0,15.0,2.0,1.0,1.0,3.0,0.30000000000000004,0.5,20.0,14,0,0,0,4,0,4
50946,1.0,15.0,2.0,1.0,1.0,3.0,0.30000000000000004,0.5,20.0,15,0,0,0,4,0,4
50946,1.0,15.0,2.0,1.0,1.0,3.0,0.30000000000000004,0.5,20.0,16,0,0,0,2,0,2
50946,1.0,15.0,2.0,1.0,1.0,3.0,0.30000000000000004,0.5,20.0,17,0,0,0,1,0,1