Exp Num,agent:svo_convergence_factor,agent:params:metabolism,agent:params:consumption_factor,agent:params:procreate_cost_factor,agent:params:procreate_req_factor,agent:params:start_energy_factor,agent:params:caught_chance,agent:params:caught_cooldown_factor,agent:params:maximum_age,Epoch,Resource,A,B,C,D,E
51336,1.0,15.0,2.0,1.0,2.0,3.0,0.4,0.30000000000000004,20.0,0,4190.0,18,33,22,39,111
51336,1.0,15.0,2.0,1.0,2.0,3.0,0.4,0.30000000000000004,20.0,1,2927.5,15,41,35,49,132
51336,1.0,15.0,2.0,1.0,2.0,3.0,0.4,0.30000000000000004,20.0,2,839.375,9,36,54,68,145
51336,1.0,15.0,2.0,1.0,2.0,3.0,0.4,0.30000000000000004,20.0,3,0,5,27,46,58,107
51336,1.0,15.0,2.0,1.0,2.0,3.0,0.4,0.30000000000000004,20.0,4,0,3,17,32,31,67
51336,1.0,15.0,2.0,1.0,2.0,3.0,0.4,0.30000000000000004,20.0,5,0,1,11,17,18,38
51336,1.0,15.0,2.0,1.0,2.0,3.0,0.4,0.30000000000000004,20.0,6,0,0,5,9,11,19
51336,1.0,15.0,2.0,1.0,2.0,3.0,0.4,0.30000000000000004,20.0,7,0,0,2,6,6,10
51336,1.0,15.0,2.0,1.0,2.0,3.0,0.4,0.30000000000000004,20.0,8,0,0,2,3,2,6
51336,1.0,15.0,2.0,1.0,2.0,3.0,0.4,0.30000000000000004,20.0,9,0,0,1,2,1,3
51336,1.0,15.0,2.0,1.0,2.0,3.0,0.4,0.30000000000000004,20.0,10,0,0,0,1,1,1
51336,1.0,15.0,2.0,1.0,2.0,3.0,0.4,0.30000000000000004,20.0,11,0,0,0,0,1,0