Exp Num,agent:svo_convergence_factor,agent:params:metabolism,agent:params:consumption_factor,agent:params:procreate_cost_factor,agent:params:procreate_req_factor,agent:params:start_energy_factor,agent:params:caught_chance,agent:params:caught_cooldown_factor,agent:params:maximum_age,Epoch,Resource,A,B,C,D,E
52512,1.0,15.0,2.0,3.0,3.0,1.0,0.1,0.30000000000000004,30.0,0,2000.0,14,26,18,26,74
52512,1.0,15.0,2.0,3.0,3.0,1.0,0.1,0.30000000000000004,30.0,1,1120.0,14,26,18,26,74
52512,1.0,15.0,2.0,3.0,3.0,1.0,0.1,0.30000000000000004,30.0,2,0,14,19,16,24,60
52512,1.0,15.0,2.0,3.0,3.0,1.0,0.1,0.30000000000000004,30.0,3,0,13,18,14,24,54
52512,1.0,15.0,2.0,3.0,3.0,1.0,0.1,0.30000000000000004,30.0,4,0,11,13,5,14,35
52512,1.0,15.0,2.0,3.0,3.0,1.0,0.1,0.30000000000000004,30.0,5,0,9,10,3,7,24
52512,1.0,15.0,2.0,3.0,3.0,1.0,0.1,0.30000000000000004,30.0,6,0,7,7,2,2,16
52512,1.0,15.0,2.0,3.0,3.0,1.0,0.1,0.30000000000000004,30.0,7,0,4,4,1,1,9
52512,1.0,15.0,2.0,3.0,3.0,1.0,0.1,0.30000000000000004,30.0,8,0,3,2,0,0,5
52512,1.0,15.0,2.0,3.0,3.0,1.0,0.1,0.30000000000000004,30.0,9,0,2,1,0,0,3
52512,1.0,15.0,2.0,3.0,3.0,1.0,0.1,0.30000000000000004,30.0,10,0,1,0,0,0,1