Exp Num,agent:svo_convergence_factor,agent:params:metabolism,agent:params:consumption_factor,agent:params:procreate_cost_factor,agent:params:procreate_req_factor,agent:params:start_energy_factor,agent:params:caught_chance,agent:params:caught_cooldown_factor,agent:params:maximum_age,Epoch,Resource,A,B,C,D,E
50925,1.0,15.0,2.0,1.0,1.0,3.0,0.30000000000000004,0.1,10.0,0,4100.0,20,40,25,45,105
50925,1.0,15.0,2.0,1.0,1.0,3.0,0.30000000000000004,0.1,10.0,1,2425.0,18,53,40,66,133
50925,1.0,15.0,2.0,1.0,1.0,3.0,0.30000000000000004,0.1,10.0,2,0,15,74,66,85,181
50925,1.0,15.0,2.0,1.0,1.0,3.0,0.30000000000000004,0.1,10.0,3,0,11,63,74,56,157
50925,1.0,15.0,2.0,1.0,1.0,3.0,0.30000000000000004,0.1,10.0,4,0,5,39,66,36,116
50925,1.0,15.0,2.0,1.0,1.0,3.0,0.30000000000000004,0.1,10.0,5,0,3,31,55,28,92
50925,1.0,15.0,2.0,1.0,1.0,3.0,0.30000000000000004,0.1,10.0,6,0,2,22,40,16,66
50925,1.0,15.0,2.0,1.0,1.0,3.0,0.30000000000000004,0.1,10.0,7,0,1,18,28,11,48
50925,1.0,15.0,2.0,1.0,1.0,3.0,0.30000000000000004,0.1,10.0,8,0,1,8,23,8,32
50925,1.0,15.0,2.0,1.0,1.0,3.0,0.30000000000000004,0.1,10.0,9,0,1,6,15,4,22
50925,1.0,15.0,2.0,1.0,1.0,3.0,0.30000000000000004,0.1,10.0,10,0,0,4,14,1,18
50925,1.0,15.0,2.0,1.0,1.0,3.0,0.30000000000000004,0.1,10.0,11,0,0,2,10,0,12
50925,1.0,15.0,2.0,1.0,1.0,3.0,0.30000000000000004,0.1,10.0,12,0,0,1,7,0,8
50925,1.0,15.0,2.0,1.0,1.0,3.0,0.30000000000000004,0.1,10.0,13,0,0,1,7,0,8
50925,1.0,15.0,2.0,1.0,1.0,3.0,0.30000000000000004,0.1,10.0,14,0,0,1,5,0,6
50925,1.0,15.0,2.0,1.0,1.0,3.0,0.30000000000000004,0.1,10.0,15,0,0,0,5,0,5
50925,1.0,15.0,2.0,1.0,1.0,3.0,0.30000000000000004,0.1,10.0,16,0,0,0,3,0,3
50925,1.0,15.0,2.0,1.0,1.0,3.0,0.30000000000000004,0.1,10.0,17,0,0,0,1,0,1