Exp Num,agent:svo_convergence_factor,agent:params:metabolism,agent:params:consumption_factor,agent:params:procreate_cost_factor,agent:params:procreate_req_factor,agent:params:start_energy_factor,agent:params:caught_chance,agent:params:caught_cooldown_factor,agent:params:maximum_age,Epoch,Resource,A,B,C,D,E
58785,1.0,15.0,3.0,5.0,1.0,3.0,0.2,0.30000000000000004,10.0,0,3155.0,24,34,21,26,94
58785,1.0,15.0,3.0,5.0,1.0,3.0,0.2,0.30000000000000004,10.0,1,1153.75,26,40,23,26,104
58785,1.0,15.0,3.0,5.0,1.0,3.0,0.2,0.30000000000000004,10.0,2,0,26,42,21,17,98
58785,1.0,15.0,3.0,5.0,1.0,3.0,0.2,0.30000000000000004,10.0,3,0,14,41,14,16,76
58785,1.0,15.0,3.0,5.0,1.0,3.0,0.2,0.30000000000000004,10.0,4,0,11,40,10,13,66
58785,1.0,15.0,3.0,5.0,1.0,3.0,0.2,0.30000000000000004,10.0,5,0,9,35,7,9,54
58785,1.0,15.0,3.0,5.0,1.0,3.0,0.2,0.30000000000000004,10.0,6,0,8,29,5,3,43
58785,1.0,15.0,3.0,5.0,1.0,3.0,0.2,0.30000000000000004,10.0,7,0,5,25,3,2,33
58785,1.0,15.0,3.0,5.0,1.0,3.0,0.2,0.30000000000000004,10.0,8,0,4,18,1,0,23
58785,1.0,15.0,3.0,5.0,1.0,3.0,0.2,0.30000000000000004,10.0,9,0,1,13,1,0,15
58785,1.0,15.0,3.0,5.0,1.0,3.0,0.2,0.30000000000000004,10.0,10,0,1,7,1,0,9
58785,1.0,15.0,3.0,5.0,1.0,3.0,0.2,0.30000000000000004,10.0,11,0,1,5,0,0,6
58785,1.0,15.0,3.0,5.0,1.0,3.0,0.2,0.30000000000000004,10.0,12,0,0,5,0,0,5
58785,1.0,15.0,3.0,5.0,1.0,3.0,0.2,0.30000000000000004,10.0,13,0,0,5,0,0,5
58785,1.0,15.0,3.0,5.0,1.0,3.0,0.2,0.30000000000000004,10.0,14,0,0,3,0,0,3
58785,1.0,15.0,3.0,5.0,1.0,3.0,0.2,0.30000000000000004,10.0,15,0,0,3,0,0,3
58785,1.0,15.0,3.0,5.0,1.0,3.0,0.2,0.30000000000000004,10.0,16,0,0,2,0,0,2
58785,1.0,15.0,3.0,5.0,1.0,3.0,0.2,0.30000000000000004,10.0,17,0,0,1,0,0,1