Exp Num,agent:svo_convergence_factor,agent:params:metabolism,agent:params:consumption_factor,agent:params:procreate_cost_factor,agent:params:procreate_req_factor,agent:params:start_energy_factor,agent:params:caught_chance,agent:params:caught_cooldown_factor,agent:params:maximum_age,Epoch,Resource,A,B,C,D,E
55554,1.0,15.0,2.0,9.0,2.0,1.0,0.30000000000000004,0.1,50.0,0,2000.0,10,19,12,39,61
55554,1.0,15.0,2.0,9.0,2.0,1.0,0.30000000000000004,0.1,50.0,1,1540.0,10,19,12,39,61
55554,1.0,15.0,2.0,9.0,2.0,1.0,0.30000000000000004,0.1,50.0,2,0,8,15,10,37,52
55554,1.0,15.0,2.0,9.0,2.0,1.0,0.30000000000000004,0.1,50.0,3,0,8,14,10,33,50
55554,1.0,15.0,2.0,9.0,2.0,1.0,0.30000000000000004,0.1,50.0,4,0,7,10,5,14,33
55554,1.0,15.0,2.0,9.0,2.0,1.0,0.30000000000000004,0.1,50.0,5,0,5,6,4,7,20
55554,1.0,15.0,2.0,9.0,2.0,1.0,0.30000000000000004,0.1,50.0,6,0,3,4,4,2,15
55554,1.0,15.0,2.0,9.0,2.0,1.0,0.30000000000000004,0.1,50.0,7,0,3,3,3,2,9
55554,1.0,15.0,2.0,9.0,2.0,1.0,0.30000000000000004,0.1,50.0,8,0,2,1,2,2,5
55554,1.0,15.0,2.0,9.0,2.0,1.0,0.30000000000000004,0.1,50.0,9,0,0,0,2,2,2
55554,1.0,15.0,2.0,9.0,2.0,1.0,0.30000000000000004,0.1,50.0,10,0,0,0,1,1,1
55554,1.0,15.0,2.0,9.0,2.0,1.0,0.30000000000000004,0.1,50.0,11,0,0,0,0,1,0