Exp Num,agent:svo_convergence_factor,agent:params:metabolism,agent:params:consumption_factor,agent:params:procreate_cost_factor,agent:params:procreate_req_factor,agent:params:start_energy_factor,agent:params:caught_chance,agent:params:caught_cooldown_factor,agent:params:maximum_age,Epoch,Resource,A,B,C,D,E
51360,1.0,15.0,2.0,1.0,2.0,3.0,0.5,0.30000000000000004,10.0,0,4040.0,16,35,31,41,109
51360,1.0,15.0,2.0,1.0,2.0,3.0,0.5,0.30000000000000004,10.0,1,3250.0,13,40,38,46,124
51360,1.0,15.0,2.0,1.0,2.0,3.0,0.5,0.30000000000000004,10.0,2,1422.5,9,43,53,53,147
51360,1.0,15.0,2.0,1.0,2.0,3.0,0.5,0.30000000000000004,10.0,3,0,5,36,53,53,127
51360,1.0,15.0,2.0,1.0,2.0,3.0,0.5,0.30000000000000004,10.0,4,0,3,22,37,32,82
51360,1.0,15.0,2.0,1.0,2.0,3.0,0.5,0.30000000000000004,10.0,5,0,1,14,23,13,48
51360,1.0,15.0,2.0,1.0,2.0,3.0,0.5,0.30000000000000004,10.0,6,0,0,6,12,9,23
51360,1.0,15.0,2.0,1.0,2.0,3.0,0.5,0.30000000000000004,10.0,7,0,0,4,6,5,12
51360,1.0,15.0,2.0,1.0,2.0,3.0,0.5,0.30000000000000004,10.0,8,0,0,2,4,2,7
51360,1.0,15.0,2.0,1.0,2.0,3.0,0.5,0.30000000000000004,10.0,9,0,0,1,1,2,3
51360,1.0,15.0,2.0,1.0,2.0,3.0,0.5,0.30000000000000004,10.0,10,0,0,1,1,0,2
51360,1.0,15.0,2.0,1.0,2.0,3.0,0.5,0.30000000000000004,10.0,11,0,0,1,0,0,1