Exp Num,agent:svo_convergence_factor,agent:params:metabolism,agent:params:consumption_factor,agent:params:procreate_cost_factor,agent:params:procreate_req_factor,agent:params:start_energy_factor,agent:params:caught_chance,agent:params:caught_cooldown_factor,agent:params:maximum_age,Epoch,Resource,A,B,C,D,E
55735,1.0,15.0,2.0,9.0,2.0,2.0,0.5,0.30000000000000004,10.0,0,4130.0,16,23,14,23,77
55735,1.0,15.0,2.0,9.0,2.0,2.0,0.5,0.30000000000000004,10.0,1,3542.5,12,17,10,22,62
55735,1.0,15.0,2.0,9.0,2.0,2.0,0.5,0.30000000000000004,10.0,2,3798.125,10,17,10,22,59
55735,1.0,15.0,2.0,9.0,2.0,2.0,0.5,0.30000000000000004,10.0,3,3757.65625,9,11,7,19,49
55735,1.0,15.0,2.0,9.0,2.0,2.0,0.5,0.30000000000000004,10.0,4,4337.0703125,9,8,7,17,46
55735,1.0,15.0,2.0,9.0,2.0,2.0,0.5,0.30000000000000004,10.0,5,4611.337890625,5,8,7,13,41
55735,1.0,15.0,2.0,9.0,2.0,2.0,0.5,0.30000000000000004,10.0,6,4474.17236328125,3,7,6,13,37
55735,1.0,15.0,2.0,9.0,2.0,2.0,0.5,0.30000000000000004,10.0,7,4272.7154541015625,2,6,6,12,35
55735,1.0,15.0,2.0,9.0,2.0,2.0,0.5,0.30000000000000004,10.0,8,3990.894317626953,1,6,6,12,34
55735,1.0,15.0,2.0,9.0,2.0,2.0,0.5,0.30000000000000004,10.0,9,3608.6178970336914,1,6,6,12,34
55735,1.0,15.0,2.0,9.0,2.0,2.0,0.5,0.30000000000000004,10.0,10,3550.7723712921143,1,5,4,7,25
55735,1.0,15.0,2.0,9.0,2.0,2.0,0.5,0.30000000000000004,10.0,11,3778.465464115143,0,5,1,5,17
55735,1.0,15.0,2.0,9.0,2.0,2.0,0.5,0.30000000000000004,10.0,12,4333.0818301439285,0,2,0,4,8
55735,1.0,15.0,2.0,9.0,2.0,2.0,0.5,0.30000000000000004,10.0,13,5176.352287679911,0,1,0,3,4
55735,1.0,15.0,2.0,9.0,2.0,2.0,0.5,0.30000000000000004,10.0,14,6350.440359599888,0,0,0,2,1
55735,1.0,15.0,2.0,9.0,2.0,2.0,0.5,0.30000000000000004,10.0,15,7878.05044949986,0,0,0,1,0