Exp Num,agent:svo_convergence_factor,agent:params:metabolism,agent:params:consumption_factor,agent:params:procreate_cost_factor,agent:params:procreate_req_factor,agent:params:start_energy_factor,agent:params:caught_chance,agent:params:caught_cooldown_factor,agent:params:maximum_age,Epoch,Resource,A,B,C,D,E
50105,1.0,15.0,1.0,9.0,2.0,2.0,0.5,0.2,10.0,0,3500.0,16,38,7,23,77
50105,1.0,15.0,1.0,9.0,2.0,2.0,0.5,0.2,10.0,1,2965.0,16,38,7,23,77
50105,1.0,15.0,1.0,9.0,2.0,2.0,0.5,0.2,10.0,2,2791.25,16,36,7,23,75
50105,1.0,15.0,1.0,9.0,2.0,2.0,0.5,0.2,10.0,3,2529.0625,14,28,6,22,64
50105,1.0,15.0,1.0,9.0,2.0,2.0,0.5,0.2,10.0,4,2246.328125,10,25,6,22,57
50105,1.0,15.0,1.0,9.0,2.0,2.0,0.5,0.2,10.0,5,1982.91015625,9,24,6,21,55
50105,1.0,15.0,1.0,9.0,2.0,2.0,0.5,0.2,10.0,6,1698.6376953125,7,19,6,21,48
50105,1.0,15.0,1.0,9.0,2.0,2.0,0.5,0.2,10.0,7,1298.297119140625,6,17,6,20,45
50105,1.0,15.0,1.0,9.0,2.0,2.0,0.5,0.2,10.0,8,827.8713989257812,5,15,5,19,41
50105,1.0,15.0,1.0,9.0,2.0,2.0,0.5,0.2,10.0,9,209.83924865722656,3,15,5,19,39
50105,1.0,15.0,1.0,9.0,2.0,2.0,0.5,0.2,10.0,10,0,2,10,2,12,21
50105,1.0,15.0,1.0,9.0,2.0,2.0,0.5,0.2,10.0,11,0,2,6,1,2,14
50105,1.0,15.0,1.0,9.0,2.0,2.0,0.5,0.2,10.0,12,0,1,3,0,2,6
50105,1.0,15.0,1.0,9.0,2.0,2.0,0.5,0.2,10.0,13,0,1,1,0,2,2
50105,1.0,15.0,1.0,9.0,2.0,2.0,0.5,0.2,10.0,14,0,1,0,0,1,1
50105,1.0,15.0,1.0,9.0,2.0,2.0,0.5,0.2,10.0,15,0,0,0,0,1,0