Exp Num,agent:svo_convergence_factor,agent:params:metabolism,agent:params:consumption_factor,agent:params:procreate_cost_factor,agent:params:procreate_req_factor,agent:params:start_energy_factor,agent:params:caught_chance,agent:params:caught_cooldown_factor,agent:params:maximum_age,Epoch,Resource,A,B,C,D,E
51639,1.0,15.0,2.0,1.0,3.0,3.0,0.1,0.30000000000000004,50.0,0,3680.0,23,47,12,23,99
51639,1.0,15.0,2.0,1.0,3.0,3.0,0.1,0.30000000000000004,50.0,1,2920.0,30,62,18,23,127
51639,1.0,15.0,2.0,1.0,3.0,3.0,0.1,0.30000000000000004,50.0,2,1010.0,36,69,21,22,143
51639,1.0,15.0,2.0,1.0,3.0,3.0,0.1,0.30000000000000004,50.0,3,0,37,69,20,18,142
51639,1.0,15.0,2.0,1.0,3.0,3.0,0.1,0.30000000000000004,50.0,4,0,30,47,15,10,103
51639,1.0,15.0,2.0,1.0,3.0,3.0,0.1,0.30000000000000004,50.0,5,0,16,27,8,7,55
51639,1.0,15.0,2.0,1.0,3.0,3.0,0.1,0.30000000000000004,50.0,6,0,9,14,5,5,30
51639,1.0,15.0,2.0,1.0,3.0,3.0,0.1,0.30000000000000004,50.0,7,0,6,8,3,3,18
51639,1.0,15.0,2.0,1.0,3.0,3.0,0.1,0.30000000000000004,50.0,8,0,3,3,3,1,10
51639,1.0,15.0,2.0,1.0,3.0,3.0,0.1,0.30000000000000004,50.0,9,0,2,3,0,0,5
51639,1.0,15.0,2.0,1.0,3.0,3.0,0.1,0.30000000000000004,50.0,10,0,1,1,0,0,2
51639,1.0,15.0,2.0,1.0,3.0,3.0,0.1,0.30000000000000004,50.0,11,0,1,0,0,0,1