Exp Num,agent:svo_convergence_factor,agent:params:metabolism,agent:params:consumption_factor,agent:params:procreate_cost_factor,agent:params:procreate_req_factor,agent:params:start_energy_factor,agent:params:caught_chance,agent:params:caught_cooldown_factor,agent:params:maximum_age,Epoch,Resource,A,B,C,D,E
50396,1.0,15.0,1.0,9.0,3.0,2.0,0.1,0.5,20.0,0,3500.0,15,27,9,27,73
50396,1.0,15.0,1.0,9.0,3.0,2.0,0.1,0.5,20.0,1,2950.0,15,27,9,27,73
50396,1.0,15.0,1.0,9.0,3.0,2.0,0.1,0.5,20.0,2,2622.5,15,27,8,27,72
50396,1.0,15.0,1.0,9.0,3.0,2.0,0.1,0.5,20.0,3,2288.125,14,27,8,27,71
50396,1.0,15.0,1.0,9.0,3.0,2.0,0.1,0.5,20.0,4,1720.15625,13,24,8,27,67
50396,1.0,15.0,1.0,9.0,3.0,2.0,0.1,0.5,20.0,5,890.1953125,12,22,8,27,64
50396,1.0,15.0,1.0,9.0,3.0,2.0,0.1,0.5,20.0,6,0,10,22,8,26,60
50396,1.0,15.0,1.0,9.0,3.0,2.0,0.1,0.5,20.0,7,0,9,14,3,13,34
50396,1.0,15.0,1.0,9.0,3.0,2.0,0.1,0.5,20.0,8,0,7,6,2,5,19
50396,1.0,15.0,1.0,9.0,3.0,2.0,0.1,0.5,20.0,9,0,2,3,1,2,10
50396,1.0,15.0,1.0,9.0,3.0,2.0,0.1,0.5,20.0,10,0,2,1,1,0,6
50396,1.0,15.0,1.0,9.0,3.0,2.0,0.1,0.5,20.0,11,0,0,1,1,0,3
50396,1.0,15.0,1.0,9.0,3.0,2.0,0.1,0.5,20.0,12,0,0,1,0,0,2
50396,1.0,15.0,1.0,9.0,3.0,2.0,0.1,0.5,20.0,13,0,0,1,0,0,1