Exp Num,agent:svo_convergence_factor,agent:params:metabolism,agent:params:consumption_factor,agent:params:procreate_cost_factor,agent:params:procreate_req_factor,agent:params:start_energy_factor,agent:params:caught_chance,agent:params:caught_cooldown_factor,agent:params:maximum_age,Epoch,Resource,A,B,C,D,E
54385,1.0,15.0,2.0,7.0,2.0,1.0,0.1,0.30000000000000004,10.0,0,2000.0,19,24,11,32,68
54385,1.0,15.0,2.0,7.0,2.0,1.0,0.1,0.30000000000000004,10.0,1,1090.0,19,24,11,32,68
54385,1.0,15.0,2.0,7.0,2.0,1.0,0.1,0.30000000000000004,10.0,2,0,17,22,9,26,58
54385,1.0,15.0,2.0,7.0,2.0,1.0,0.1,0.30000000000000004,10.0,3,0,16,22,9,23,56
54385,1.0,15.0,2.0,7.0,2.0,1.0,0.1,0.30000000000000004,10.0,4,0,10,16,4,12,33
54385,1.0,15.0,2.0,7.0,2.0,1.0,0.1,0.30000000000000004,10.0,5,0,8,13,2,6,24
54385,1.0,15.0,2.0,7.0,2.0,1.0,0.1,0.30000000000000004,10.0,6,0,5,10,0,3,16
54385,1.0,15.0,2.0,7.0,2.0,1.0,0.1,0.30000000000000004,10.0,7,0,5,3,0,2,9
54385,1.0,15.0,2.0,7.0,2.0,1.0,0.1,0.30000000000000004,10.0,8,0,4,2,0,0,6
54385,1.0,15.0,2.0,7.0,2.0,1.0,0.1,0.30000000000000004,10.0,9,0,2,2,0,0,4
54385,1.0,15.0,2.0,7.0,2.0,1.0,0.1,0.30000000000000004,10.0,10,0,0,2,0,0,2
54385,1.0,15.0,2.0,7.0,2.0,1.0,0.1,0.30000000000000004,10.0,11,0,0,1,0,0,1