Exp Num,agent:svo_convergence_factor,agent:params:metabolism,agent:params:consumption_factor,agent:params:procreate_cost_factor,agent:params:procreate_req_factor,agent:params:start_energy_factor,agent:params:caught_chance,agent:params:caught_cooldown_factor,agent:params:maximum_age,Epoch,Resource,A,B,C,D,E
55610,1.0,15.0,2.0,9.0,2.0,1.0,0.5,0.30000000000000004,10.0,0,2000.0,16,28,7,34,66
55610,1.0,15.0,2.0,9.0,2.0,1.0,0.5,0.30000000000000004,10.0,1,1660.0,16,28,7,34,66
55610,1.0,15.0,2.0,9.0,2.0,1.0,0.5,0.30000000000000004,10.0,2,965.0,10,19,5,28,49
55610,1.0,15.0,2.0,9.0,2.0,1.0,0.5,0.30000000000000004,10.0,3,456.25,9,17,5,28,46
55610,1.0,15.0,2.0,9.0,2.0,1.0,0.5,0.30000000000000004,10.0,4,0,7,10,4,22,35
55610,1.0,15.0,2.0,9.0,2.0,1.0,0.5,0.30000000000000004,10.0,5,0,6,8,2,17,24
55610,1.0,15.0,2.0,9.0,2.0,1.0,0.5,0.30000000000000004,10.0,6,0,5,5,2,11,16
55610,1.0,15.0,2.0,9.0,2.0,1.0,0.5,0.30000000000000004,10.0,7,0,4,4,1,7,11
55610,1.0,15.0,2.0,9.0,2.0,1.0,0.5,0.30000000000000004,10.0,8,0,3,4,0,2,8
55610,1.0,15.0,2.0,9.0,2.0,1.0,0.5,0.30000000000000004,10.0,9,0,3,3,0,0,6
55610,1.0,15.0,2.0,9.0,2.0,1.0,0.5,0.30000000000000004,10.0,10,0,2,2,0,0,4
55610,1.0,15.0,2.0,9.0,2.0,1.0,0.5,0.30000000000000004,10.0,11,0,1,1,0,0,2
55610,1.0,15.0,2.0,9.0,2.0,1.0,0.5,0.30000000000000004,10.0,12,0,1,0,0,0,1