Exp Num,agent:svo_convergence_factor,agent:params:metabolism,agent:params:consumption_factor,agent:params:procreate_cost_factor,agent:params:procreate_req_factor,agent:params:start_energy_factor,agent:params:caught_chance,agent:params:caught_cooldown_factor,agent:params:maximum_age,Epoch,Resource,A,B,C,D,E
54637,1.0,15.0,2.0,7.0,2.0,3.0,0.1,0.30000000000000004,30.0,0,3800.0,14,28,9,32,68
54637,1.0,15.0,2.0,7.0,2.0,3.0,0.1,0.30000000000000004,30.0,1,3580.0,14,28,9,32,68
54637,1.0,15.0,2.0,7.0,2.0,3.0,0.1,0.30000000000000004,30.0,2,2585.0,11,28,8,29,64
54637,1.0,15.0,2.0,7.0,2.0,3.0,0.1,0.30000000000000004,30.0,3,2181.25,11,28,8,29,64
54637,1.0,15.0,2.0,7.0,2.0,3.0,0.1,0.30000000000000004,30.0,4,1136.5625,10,24,8,28,59
54637,1.0,15.0,2.0,7.0,2.0,3.0,0.1,0.30000000000000004,30.0,5,520.703125,10,24,8,28,59
54637,1.0,15.0,2.0,7.0,2.0,3.0,0.1,0.30000000000000004,30.0,6,0,9,21,7,20,48
54637,1.0,15.0,2.0,7.0,2.0,3.0,0.1,0.30000000000000004,30.0,7,0,9,20,7,16,43
54637,1.0,15.0,2.0,7.0,2.0,3.0,0.1,0.30000000000000004,30.0,8,0,9,19,5,7,34
54637,1.0,15.0,2.0,7.0,2.0,3.0,0.1,0.30000000000000004,30.0,9,0,7,17,5,4,29
54637,1.0,15.0,2.0,7.0,2.0,3.0,0.1,0.30000000000000004,30.0,10,0,7,13,5,0,25
54637,1.0,15.0,2.0,7.0,2.0,3.0,0.1,0.30000000000000004,30.0,11,0,7,9,4,0,20
54637,1.0,15.0,2.0,7.0,2.0,3.0,0.1,0.30000000000000004,30.0,12,0,5,9,1,0,15
54637,1.0,15.0,2.0,7.0,2.0,3.0,0.1,0.30000000000000004,30.0,13,0,4,8,0,0,12
54637,1.0,15.0,2.0,7.0,2.0,3.0,0.1,0.30000000000000004,30.0,14,0,3,5,0,0,8
54637,1.0,15.0,2.0,7.0,2.0,3.0,0.1,0.30000000000000004,30.0,15,0,2,4,0,0,6
54637,1.0,15.0,2.0,7.0,2.0,3.0,0.1,0.30000000000000004,30.0,16,0,1,2,0,0,3
54637,1.0,15.0,2.0,7.0,2.0,3.0,0.1,0.30000000000000004,30.0,17,70.0,1,1,0,0,2
54637,1.0,15.0,2.0,7.0,2.0,3.0,0.1,0.30000000000000004,30.0,18,87.5,1,1,0,0,2
54637,1.0,15.0,2.0,7.0,2.0,3.0,0.1,0.30000000000000004,30.0,19,79.375,1,0,0,0,1