Exp Num,agent:svo_convergence_factor,agent:params:metabolism,agent:params:consumption_factor,agent:params:procreate_cost_factor,agent:params:procreate_req_factor,agent:params:start_energy_factor,agent:params:caught_chance,agent:params:caught_cooldown_factor,agent:params:maximum_age,Epoch,Resource,A,B,C,D,E
54448,1.0,15.0,2.0,7.0,2.0,1.0,0.30000000000000004,0.5,40.0,0,2000.0,13,27,10,35,65
54448,1.0,15.0,2.0,7.0,2.0,1.0,0.30000000000000004,0.5,40.0,1,1570.0,13,27,10,35,65
54448,1.0,15.0,2.0,7.0,2.0,1.0,0.30000000000000004,0.5,40.0,2,42.5,10,22,7,34,54
54448,1.0,15.0,2.0,7.0,2.0,1.0,0.30000000000000004,0.5,40.0,3,0,8,21,7,29,49
54448,1.0,15.0,2.0,7.0,2.0,1.0,0.30000000000000004,0.5,40.0,4,0,7,14,3,16,32
54448,1.0,15.0,2.0,7.0,2.0,1.0,0.30000000000000004,0.5,40.0,5,0,7,10,3,8,22
54448,1.0,15.0,2.0,7.0,2.0,1.0,0.30000000000000004,0.5,40.0,6,0,6,7,3,3,17
54448,1.0,15.0,2.0,7.0,2.0,1.0,0.30000000000000004,0.5,40.0,7,0,2,5,3,2,10
54448,1.0,15.0,2.0,7.0,2.0,1.0,0.30000000000000004,0.5,40.0,8,0,0,4,2,1,6
54448,1.0,15.0,2.0,7.0,2.0,1.0,0.30000000000000004,0.5,40.0,9,0,0,2,0,1,2
54448,1.0,15.0,2.0,7.0,2.0,1.0,0.30000000000000004,0.5,40.0,10,0,0,1,0,1,1
54448,1.0,15.0,2.0,7.0,2.0,1.0,0.30000000000000004,0.5,40.0,11,0,0,0,0,1,0