Exp Num,agent:svo_convergence_factor,agent:params:metabolism,agent:params:consumption_factor,agent:params:procreate_cost_factor,agent:params:procreate_req_factor,agent:params:start_energy_factor,agent:params:caught_chance,agent:params:caught_cooldown_factor,agent:params:maximum_age,Epoch,Resource,A,B,C,D,E
51806,1.0,15.0,2.0,3.0,1.0,1.0,0.30000000000000004,0.2,20.0,0,2000.0,23,31,13,19,81
51806,1.0,15.0,2.0,3.0,1.0,1.0,0.30000000000000004,0.2,20.0,1,1660.0,25,39,17,19,95
51806,1.0,15.0,2.0,3.0,1.0,1.0,0.30000000000000004,0.2,20.0,2,35.0,17,37,18,16,85
51806,1.0,15.0,2.0,3.0,1.0,1.0,0.30000000000000004,0.2,20.0,3,0,10,31,17,9,69
51806,1.0,15.0,2.0,3.0,1.0,1.0,0.30000000000000004,0.2,20.0,4,0,6,24,10,6,45
51806,1.0,15.0,2.0,3.0,1.0,1.0,0.30000000000000004,0.2,20.0,5,0,5,16,4,3,27
51806,1.0,15.0,2.0,3.0,1.0,1.0,0.30000000000000004,0.2,20.0,6,0,2,11,3,1,18
51806,1.0,15.0,2.0,3.0,1.0,1.0,0.30000000000000004,0.2,20.0,7,0,1,10,0,0,12
51806,1.0,15.0,2.0,3.0,1.0,1.0,0.30000000000000004,0.2,20.0,8,0,1,8,0,0,9
51806,1.0,15.0,2.0,3.0,1.0,1.0,0.30000000000000004,0.2,20.0,9,0,0,5,0,0,5
51806,1.0,15.0,2.0,3.0,1.0,1.0,0.30000000000000004,0.2,20.0,10,0,0,5,0,0,5
51806,1.0,15.0,2.0,3.0,1.0,1.0,0.30000000000000004,0.2,20.0,11,0,0,3,0,0,3
51806,1.0,15.0,2.0,3.0,1.0,1.0,0.30000000000000004,0.2,20.0,12,0,0,2,0,0,2
51806,1.0,15.0,2.0,3.0,1.0,1.0,0.30000000000000004,0.2,20.0,13,0,0,1,0,0,1