Exp Num,agent:svo_convergence_factor,agent:params:metabolism,agent:params:consumption_factor,agent:params:procreate_cost_factor,agent:params:procreate_req_factor,agent:params:start_energy_factor,agent:params:caught_chance,agent:params:caught_cooldown_factor,agent:params:maximum_age,Epoch,Resource,A,B,C,D,E
54185,1.0,15.0,2.0,7.0,1.0,2.0,0.30000000000000004,0.30000000000000004,10.0,0,3860.0,19,25,12,28,72
54185,1.0,15.0,2.0,7.0,1.0,2.0,0.30000000000000004,0.30000000000000004,10.0,1,3085.0,15,18,11,27,60
54185,1.0,15.0,2.0,7.0,1.0,2.0,0.30000000000000004,0.30000000000000004,10.0,2,3166.25,15,18,10,27,59
54185,1.0,15.0,2.0,7.0,1.0,2.0,0.30000000000000004,0.30000000000000004,10.0,3,2697.8125,12,14,9,25,51
54185,1.0,15.0,2.0,7.0,1.0,2.0,0.30000000000000004,0.30000000000000004,10.0,4,2562.265625,13,12,9,24,48
54185,1.0,15.0,2.0,7.0,1.0,2.0,0.30000000000000004,0.30000000000000004,10.0,5,2182.83203125,9,11,8,22,42
54185,1.0,15.0,2.0,7.0,1.0,2.0,0.30000000000000004,0.30000000000000004,10.0,6,2188.5400390625,8,10,8,20,40
54185,1.0,15.0,2.0,7.0,1.0,2.0,0.30000000000000004,0.30000000000000004,10.0,7,1805.675048828125,9,7,8,20,37
54185,1.0,15.0,2.0,7.0,1.0,2.0,0.30000000000000004,0.30000000000000004,10.0,8,1567.0938110351562,8,7,8,19,36
54185,1.0,15.0,2.0,7.0,1.0,2.0,0.30000000000000004,0.30000000000000004,10.0,9,1268.8672637939453,8,6,7,18,34
54185,1.0,15.0,2.0,7.0,1.0,2.0,0.30000000000000004,0.30000000000000004,10.0,10,1226.0840797424316,6,4,5,13,22
54185,1.0,15.0,2.0,7.0,1.0,2.0,0.30000000000000004,0.30000000000000004,10.0,11,1202.6050996780396,5,3,3,9,15
54185,1.0,15.0,2.0,7.0,1.0,2.0,0.30000000000000004,0.30000000000000004,10.0,12,1413.2563745975494,3,3,0,4,9
54185,1.0,15.0,2.0,7.0,1.0,2.0,0.30000000000000004,0.30000000000000004,10.0,13,1616.5704682469368,2,2,0,2,5
54185,1.0,15.0,2.0,7.0,1.0,2.0,0.30000000000000004,0.30000000000000004,10.0,14,1930.713085308671,2,0,0,2,2
54185,1.0,15.0,2.0,7.0,1.0,2.0,0.30000000000000004,0.30000000000000004,10.0,15,2383.3913566358387,1,0,0,1,1
54185,1.0,15.0,2.0,7.0,1.0,2.0,0.30000000000000004,0.30000000000000004,10.0,16,2949.2391957947984,1,0,0,0,1