Exp Num,agent:svo_convergence_factor,agent:params:metabolism,agent:params:consumption_factor,agent:params:procreate_cost_factor,agent:params:procreate_req_factor,agent:params:start_energy_factor,agent:params:caught_chance,agent:params:caught_cooldown_factor,agent:params:maximum_age,Epoch,Resource,A,B,C,D,E
55340,1.0,15.0,2.0,9.0,1.0,2.0,0.4,0.4,10.0,0,3980.0,17,25,10,31,69
55340,1.0,15.0,2.0,9.0,1.0,2.0,0.4,0.4,10.0,1,3025.0,15,21,9,29,62
55340,1.0,15.0,2.0,9.0,1.0,2.0,0.4,0.4,10.0,2,3091.25,15,21,9,29,62
55340,1.0,15.0,2.0,9.0,1.0,2.0,0.4,0.4,10.0,3,2934.0625,11,14,4,28,44
55340,1.0,15.0,2.0,9.0,1.0,2.0,0.4,0.4,10.0,4,3127.578125,9,12,4,26,40
55340,1.0,15.0,2.0,9.0,1.0,2.0,0.4,0.4,10.0,5,3189.47265625,6,7,3,24,31
55340,1.0,15.0,2.0,9.0,1.0,2.0,0.4,0.4,10.0,6,3476.8408203125,6,5,3,24,28
55340,1.0,15.0,2.0,9.0,1.0,2.0,0.4,0.4,10.0,7,3686.051025390625,2,4,3,22,23
55340,1.0,15.0,2.0,9.0,1.0,2.0,0.4,0.4,10.0,8,3707.5637817382812,2,3,2,21,21
55340,1.0,15.0,2.0,9.0,1.0,2.0,0.4,0.4,10.0,9,3554.4547271728516,2,3,2,19,21
55340,1.0,15.0,2.0,9.0,1.0,2.0,0.4,0.4,10.0,10,3603.0684089660645,1,2,1,14,15
55340,1.0,15.0,2.0,9.0,1.0,2.0,0.4,0.4,10.0,11,3963.8355112075806,1,2,0,11,8
55340,1.0,15.0,2.0,9.0,1.0,2.0,0.4,0.4,10.0,12,4564.794389009476,0,1,0,8,5
55340,1.0,15.0,2.0,9.0,1.0,2.0,0.4,0.4,10.0,13,5465.992986261845,0,1,0,6,1
55340,1.0,15.0,2.0,9.0,1.0,2.0,0.4,0.4,10.0,14,6712.491232827306,0,1,0,3,1
55340,1.0,15.0,2.0,9.0,1.0,2.0,0.4,0.4,10.0,15,8330.614041034132,0,1,0,1,1
55340,1.0,15.0,2.0,9.0,1.0,2.0,0.4,0.4,10.0,16,9940.0,0,1,0,1,1
55340,1.0,15.0,2.0,9.0,1.0,2.0,0.4,0.4,10.0,17,9940.0,0,0,0,1,0