Exp Num,agent:svo_convergence_factor,agent:params:metabolism,agent:params:consumption_factor,agent:params:procreate_cost_factor,agent:params:procreate_req_factor,agent:params:start_energy_factor,agent:params:caught_chance,agent:params:caught_cooldown_factor,agent:params:maximum_age,Epoch,Resource,A,B,C,D,E
55280,1.0,15.0,2.0,9.0,1.0,2.0,0.2,0.2,10.0,0,3770.0,13,34,10,24,76
55280,1.0,15.0,2.0,9.0,1.0,2.0,0.2,0.2,10.0,1,2852.5,11,29,10,23,69
55280,1.0,15.0,2.0,9.0,1.0,2.0,0.2,0.2,10.0,2,2545.625,11,28,10,23,68
55280,1.0,15.0,2.0,9.0,1.0,2.0,0.2,0.2,10.0,3,1382.03125,10,26,8,22,63
55280,1.0,15.0,2.0,9.0,1.0,2.0,0.2,0.2,10.0,4,707.5390625,10,26,7,22,62
55280,1.0,15.0,2.0,9.0,1.0,2.0,0.2,0.2,10.0,5,0,10,23,4,15,51
55280,1.0,15.0,2.0,9.0,1.0,2.0,0.2,0.2,10.0,6,0,10,23,4,11,48
55280,1.0,15.0,2.0,9.0,1.0,2.0,0.2,0.2,10.0,7,0,9,20,4,5,38
55280,1.0,15.0,2.0,9.0,1.0,2.0,0.2,0.2,10.0,8,0,9,17,2,1,29
55280,1.0,15.0,2.0,9.0,1.0,2.0,0.2,0.2,10.0,9,0,6,13,1,0,20
55280,1.0,15.0,2.0,9.0,1.0,2.0,0.2,0.2,10.0,10,0,5,9,1,0,15
55280,1.0,15.0,2.0,9.0,1.0,2.0,0.2,0.2,10.0,11,0,3,6,0,0,9
55280,1.0,15.0,2.0,9.0,1.0,2.0,0.2,0.2,10.0,12,0,2,4,0,0,6
55280,1.0,15.0,2.0,9.0,1.0,2.0,0.2,0.2,10.0,13,0,2,2,0,0,4
55280,1.0,15.0,2.0,9.0,1.0,2.0,0.2,0.2,10.0,14,0,2,0,0,0,2
55280,1.0,15.0,2.0,9.0,1.0,2.0,0.2,0.2,10.0,15,0,1,0,0,0,1