Exp Num,agent:svo_convergence_factor,agent:params:metabolism,agent:params:consumption_factor,agent:params:procreate_cost_factor,agent:params:procreate_req_factor,agent:params:start_energy_factor,agent:params:caught_chance,agent:params:caught_cooldown_factor,agent:params:maximum_age,Epoch,Resource,A,B,C,D,E
54938,1.0,15.0,2.0,7.0,3.0,2.0,0.30000000000000004,0.30000000000000004,40.0,0,4220.0,18,30,10,22,78
54938,1.0,15.0,2.0,7.0,3.0,2.0,0.30000000000000004,0.30000000000000004,40.0,1,3325.0,14,24,9,20,67
54938,1.0,15.0,2.0,7.0,3.0,2.0,0.30000000000000004,0.30000000000000004,40.0,2,3016.25,14,24,9,20,67
54938,1.0,15.0,2.0,7.0,3.0,2.0,0.30000000000000004,0.30000000000000004,40.0,3,2090.3125,12,21,9,17,62
54938,1.0,15.0,2.0,7.0,3.0,2.0,0.30000000000000004,0.30000000000000004,40.0,4,1742.890625,12,20,9,17,61
54938,1.0,15.0,2.0,7.0,3.0,2.0,0.30000000000000004,0.30000000000000004,40.0,5,1128.61328125,11,17,8,15,56
54938,1.0,15.0,2.0,7.0,3.0,2.0,0.30000000000000004,0.30000000000000004,40.0,6,870.7666015625,11,15,8,14,54
54938,1.0,15.0,2.0,7.0,3.0,2.0,0.30000000000000004,0.30000000000000004,40.0,7,308.458251953125,9,13,8,12,48
54938,1.0,15.0,2.0,7.0,3.0,2.0,0.30000000000000004,0.30000000000000004,40.0,8,0,8,12,8,11,43
54938,1.0,15.0,2.0,7.0,3.0,2.0,0.30000000000000004,0.30000000000000004,40.0,9,0,6,9,7,6,30
54938,1.0,15.0,2.0,7.0,3.0,2.0,0.30000000000000004,0.30000000000000004,40.0,10,0,4,9,6,2,23
54938,1.0,15.0,2.0,7.0,3.0,2.0,0.30000000000000004,0.30000000000000004,40.0,11,0,4,8,5,1,17
54938,1.0,15.0,2.0,7.0,3.0,2.0,0.30000000000000004,0.30000000000000004,40.0,12,0,4,5,4,0,13
54938,1.0,15.0,2.0,7.0,3.0,2.0,0.30000000000000004,0.30000000000000004,40.0,13,0,3,3,4,0,10
54938,1.0,15.0,2.0,7.0,3.0,2.0,0.30000000000000004,0.30000000000000004,40.0,14,0,3,1,4,0,8
54938,1.0,15.0,2.0,7.0,3.0,2.0,0.30000000000000004,0.30000000000000004,40.0,15,0,1,1,3,0,5
54938,1.0,15.0,2.0,7.0,3.0,2.0,0.30000000000000004,0.30000000000000004,40.0,16,0,1,0,2,0,3
54938,1.0,15.0,2.0,7.0,3.0,2.0,0.30000000000000004,0.30000000000000004,40.0,17,0,1,0,1,0,2
54938,1.0,15.0,2.0,7.0,3.0,2.0,0.30000000000000004,0.30000000000000004,40.0,18,0,1,0,0,0,1