Exp Num,agent:svo_convergence_factor,agent:params:metabolism,agent:params:consumption_factor,agent:params:procreate_cost_factor,agent:params:procreate_req_factor,agent:params:start_energy_factor,agent:params:caught_chance,agent:params:caught_cooldown_factor,agent:params:maximum_age,Epoch,Resource,A,B,C,D,E
58337,1.0,15.0,3.0,3.0,3.0,2.0,0.4,0.30000000000000004,30.0,0,3875.0,19,30,8,31,69
58337,1.0,15.0,3.0,3.0,3.0,2.0,0.4,0.30000000000000004,30.0,1,2413.75,15,24,5,27,54
58337,1.0,15.0,3.0,3.0,3.0,2.0,0.4,0.30000000000000004,30.0,2,2117.1875,14,22,5,27,50
58337,1.0,15.0,3.0,3.0,3.0,2.0,0.4,0.30000000000000004,30.0,3,1971.484375,15,22,5,27,51
58337,1.0,15.0,3.0,3.0,3.0,2.0,0.4,0.30000000000000004,30.0,4,1294.35546875,13,17,4,22,43
58337,1.0,15.0,3.0,3.0,3.0,2.0,0.4,0.30000000000000004,30.0,5,762.9443359375,12,14,4,20,38
58337,1.0,15.0,3.0,3.0,3.0,2.0,0.4,0.30000000000000004,30.0,6,458.680419921875,13,15,2,20,38
58337,1.0,15.0,3.0,3.0,3.0,2.0,0.4,0.30000000000000004,30.0,7,78.35052490234375,12,11,2,16,32
58337,1.0,15.0,3.0,3.0,3.0,2.0,0.4,0.30000000000000004,30.0,8,0,11,10,2,11,29
58337,1.0,15.0,3.0,3.0,3.0,2.0,0.4,0.30000000000000004,30.0,9,0,11,9,2,9,27
58337,1.0,15.0,3.0,3.0,3.0,2.0,0.4,0.30000000000000004,30.0,10,0,9,9,2,3,23
58337,1.0,15.0,3.0,3.0,3.0,2.0,0.4,0.30000000000000004,30.0,11,0,8,8,2,2,20
58337,1.0,15.0,3.0,3.0,3.0,2.0,0.4,0.30000000000000004,30.0,12,0,7,6,2,1,15
58337,1.0,15.0,3.0,3.0,3.0,2.0,0.4,0.30000000000000004,30.0,13,0,4,5,2,1,11
58337,1.0,15.0,3.0,3.0,3.0,2.0,0.4,0.30000000000000004,30.0,14,0,4,3,1,1,8
58337,1.0,15.0,3.0,3.0,3.0,2.0,0.4,0.30000000000000004,30.0,15,0,4,3,0,0,7
58337,1.0,15.0,3.0,3.0,3.0,2.0,0.4,0.30000000000000004,30.0,16,0,4,2,0,0,6
58337,1.0,15.0,3.0,3.0,3.0,2.0,0.4,0.30000000000000004,30.0,17,0,2,2,0,0,4
58337,1.0,15.0,3.0,3.0,3.0,2.0,0.4,0.30000000000000004,30.0,18,0,1,1,0,0,2
58337,1.0,15.0,3.0,3.0,3.0,2.0,0.4,0.30000000000000004,30.0,19,100,1,1,0,0,2
58337,1.0,15.0,3.0,3.0,3.0,2.0,0.4,0.30000000000000004,30.0,20,125.0,1,0,0,0,1