Exp Num,agent:svo_convergence_factor,agent:params:metabolism,agent:params:consumption_factor,agent:params:procreate_cost_factor,agent:params:procreate_req_factor,agent:params:start_energy_factor,agent:params:caught_chance,agent:params:caught_cooldown_factor,agent:params:maximum_age,Epoch,Resource,A,B,C,D,E
55007,1.0,15.0,2.0,7.0,3.0,3.0,0.1,0.2,30.0,0,3710.0,15,25,12,23,77
55007,1.0,15.0,2.0,7.0,3.0,3.0,0.1,0.2,30.0,1,3347.5,15,25,12,23,77
55007,1.0,15.0,2.0,7.0,3.0,3.0,0.1,0.2,30.0,2,2144.375,13,24,12,23,74
55007,1.0,15.0,2.0,7.0,3.0,3.0,0.1,0.2,30.0,3,1570.46875,13,24,12,23,74
55007,1.0,15.0,2.0,7.0,3.0,3.0,0.1,0.2,30.0,4,223.0859375,12,22,12,22,71
55007,1.0,15.0,2.0,7.0,3.0,3.0,0.1,0.2,30.0,5,0,12,22,11,22,68
55007,1.0,15.0,2.0,7.0,3.0,3.0,0.1,0.2,30.0,6,0,12,18,7,12,46
55007,1.0,15.0,2.0,7.0,3.0,3.0,0.1,0.2,30.0,7,0,11,17,6,6,39
55007,1.0,15.0,2.0,7.0,3.0,3.0,0.1,0.2,30.0,8,0,10,16,3,1,32
55007,1.0,15.0,2.0,7.0,3.0,3.0,0.1,0.2,30.0,9,0,8,16,2,1,28
55007,1.0,15.0,2.0,7.0,3.0,3.0,0.1,0.2,30.0,10,0,5,13,2,1,21
55007,1.0,15.0,2.0,7.0,3.0,3.0,0.1,0.2,30.0,11,0,5,10,1,1,16
55007,1.0,15.0,2.0,7.0,3.0,3.0,0.1,0.2,30.0,12,0,3,9,1,0,13
55007,1.0,15.0,2.0,7.0,3.0,3.0,0.1,0.2,30.0,13,0,2,4,1,0,7
55007,1.0,15.0,2.0,7.0,3.0,3.0,0.1,0.2,30.0,14,0,1,4,0,0,5
55007,1.0,15.0,2.0,7.0,3.0,3.0,0.1,0.2,30.0,15,0,1,3,0,0,4
55007,1.0,15.0,2.0,7.0,3.0,3.0,0.1,0.2,30.0,16,40.0,1,2,0,0,3
55007,1.0,15.0,2.0,7.0,3.0,3.0,0.1,0.2,30.0,17,50.0,0,2,0,0,2
55007,1.0,15.0,2.0,7.0,3.0,3.0,0.1,0.2,30.0,18,32.5,0,2,0,0,2
55007,1.0,15.0,2.0,7.0,3.0,3.0,0.1,0.2,30.0,19,10.625,0,2,0,0,2
55007,1.0,15.0,2.0,7.0,3.0,3.0,0.1,0.2,30.0,20,0,0,1,0,0,1