Exp Num,agent:svo_convergence_factor,agent:params:metabolism,agent:params:consumption_factor,agent:params:procreate_cost_factor,agent:params:procreate_req_factor,agent:params:start_energy_factor,agent:params:caught_chance,agent:params:caught_cooldown_factor,agent:params:maximum_age,Epoch,Resource,A,B,C,D,E
58734,1.0,15.0,3.0,5.0,1.0,2.0,0.5,0.2,50.0,0,3965.0,15,32,11,27,73
58734,1.0,15.0,3.0,5.0,1.0,2.0,0.5,0.2,50.0,1,3291.25,9,23,6,22,53
58734,1.0,15.0,3.0,5.0,1.0,2.0,0.5,0.2,50.0,2,2899.0625,9,25,8,21,57
58734,1.0,15.0,3.0,5.0,1.0,2.0,0.5,0.2,50.0,3,2453.828125,11,29,9,21,64
58734,1.0,15.0,3.0,5.0,1.0,2.0,0.5,0.2,50.0,4,1537.28515625,14,25,9,16,63
58734,1.0,15.0,3.0,5.0,1.0,2.0,0.5,0.2,50.0,5,1021.6064453125,13,26,8,16,62
58734,1.0,15.0,3.0,5.0,1.0,2.0,0.5,0.2,50.0,6,647.008056640625,12,24,8,17,58
58734,1.0,15.0,3.0,5.0,1.0,2.0,0.5,0.2,50.0,7,43.76007080078125,9,23,8,16,53
58734,1.0,15.0,3.0,5.0,1.0,2.0,0.5,0.2,50.0,8,0,7,20,7,11,44
58734,1.0,15.0,3.0,5.0,1.0,2.0,0.5,0.2,50.0,9,0,6,15,7,7,33
58734,1.0,15.0,3.0,5.0,1.0,2.0,0.5,0.2,50.0,10,0,4,14,6,5,25
58734,1.0,15.0,3.0,5.0,1.0,2.0,0.5,0.2,50.0,11,0,1,11,5,4,18
58734,1.0,15.0,3.0,5.0,1.0,2.0,0.5,0.2,50.0,12,0,1,10,4,2,15
58734,1.0,15.0,3.0,5.0,1.0,2.0,0.5,0.2,50.0,13,0,1,7,2,2,10
58734,1.0,15.0,3.0,5.0,1.0,2.0,0.5,0.2,50.0,14,0,0,5,2,1,7
58734,1.0,15.0,3.0,5.0,1.0,2.0,0.5,0.2,50.0,15,0,0,3,1,0,4
58734,1.0,15.0,3.0,5.0,1.0,2.0,0.5,0.2,50.0,16,0,0,2,1,0,3
58734,1.0,15.0,3.0,5.0,1.0,2.0,0.5,0.2,50.0,17,0,0,1,0,0,1