Exp Num,agent:svo_convergence_factor,agent:params:metabolism,agent:params:consumption_factor,agent:params:procreate_cost_factor,agent:params:procreate_req_factor,agent:params:start_energy_factor,agent:params:caught_chance,agent:params:caught_cooldown_factor,agent:params:maximum_age,Epoch,Resource,A,B,C,D,E
50056,1.0,15.0,1.0,9.0,2.0,2.0,0.30000000000000004,0.2,20.0,0,3500.0,10,27,15,22,78
50056,1.0,15.0,1.0,9.0,2.0,2.0,0.30000000000000004,0.2,20.0,1,2965.0,10,27,15,22,78
50056,1.0,15.0,1.0,9.0,2.0,2.0,0.30000000000000004,0.2,20.0,2,2731.25,10,27,14,22,76
50056,1.0,15.0,1.0,9.0,2.0,2.0,0.30000000000000004,0.2,20.0,3,2514.0625,8,22,14,22,68
50056,1.0,15.0,1.0,9.0,2.0,2.0,0.30000000000000004,0.2,20.0,4,2227.578125,8,21,14,22,65
50056,1.0,15.0,1.0,9.0,2.0,2.0,0.30000000000000004,0.2,20.0,5,1824.47265625,3,19,14,22,58
50056,1.0,15.0,1.0,9.0,2.0,2.0,0.30000000000000004,0.2,20.0,6,1275.5908203125,3,15,13,22,53
50056,1.0,15.0,1.0,9.0,2.0,2.0,0.30000000000000004,0.2,20.0,7,544.488525390625,3,14,13,22,52
50056,1.0,15.0,1.0,9.0,2.0,2.0,0.30000000000000004,0.2,20.0,8,0,2,13,11,18,42
50056,1.0,15.0,1.0,9.0,2.0,2.0,0.30000000000000004,0.2,20.0,9,0,2,5,6,9,21
50056,1.0,15.0,1.0,9.0,2.0,2.0,0.30000000000000004,0.2,20.0,10,0,1,4,1,5,10
50056,1.0,15.0,1.0,9.0,2.0,2.0,0.30000000000000004,0.2,20.0,11,0,0,2,0,3,4
50056,1.0,15.0,1.0,9.0,2.0,2.0,0.30000000000000004,0.2,20.0,12,0,0,0,0,3,0
50056,1.0,15.0,1.0,9.0,2.0,2.0,0.30000000000000004,0.2,20.0,13,0,0,0,0,1,0