Exp Num,agent:svo_convergence_factor,agent:params:metabolism,agent:params:consumption_factor,agent:params:procreate_cost_factor,agent:params:procreate_req_factor,agent:params:start_energy_factor,agent:params:caught_chance,agent:params:caught_cooldown_factor,agent:params:maximum_age,Epoch,Resource,A,B,C,D,E
59481,1.0,15.0,3.0,5.0,3.0,2.0,0.5,0.2,20.0,0,3605.0,21,33,7,28,72
59481,1.0,15.0,3.0,5.0,3.0,2.0,0.5,0.2,20.0,1,2391.25,17,21,7,26,56
59481,1.0,15.0,3.0,5.0,3.0,2.0,0.5,0.2,20.0,2,1909.0625,17,18,7,26,53
59481,1.0,15.0,3.0,5.0,3.0,2.0,0.5,0.2,20.0,3,1936.328125,17,18,7,26,53
59481,1.0,15.0,3.0,5.0,3.0,2.0,0.5,0.2,20.0,4,1520.41015625,13,13,3,22,40
59481,1.0,15.0,3.0,5.0,3.0,2.0,0.5,0.2,20.0,5,1315.5126953125,11,13,2,20,37
59481,1.0,15.0,3.0,5.0,3.0,2.0,0.5,0.2,20.0,6,1329.390869140625,11,13,2,20,37
59481,1.0,15.0,3.0,5.0,3.0,2.0,0.5,0.2,20.0,7,1301.7385864257812,10,8,2,17,30
59481,1.0,15.0,3.0,5.0,3.0,2.0,0.5,0.2,20.0,8,1087.1732330322266,10,6,2,15,27
59481,1.0,15.0,3.0,5.0,3.0,2.0,0.5,0.2,20.0,9,908.9665412902832,9,4,0,15,22
59481,1.0,15.0,3.0,5.0,3.0,2.0,0.5,0.2,20.0,10,596.208176612854,9,3,0,14,21
59481,1.0,15.0,3.0,5.0,3.0,2.0,0.5,0.2,20.0,11,295.2602207660675,8,2,0,13,19
59481,1.0,15.0,3.0,5.0,3.0,2.0,0.5,0.2,20.0,12,54.07527595758438,7,2,0,11,18
59481,1.0,15.0,3.0,5.0,3.0,2.0,0.5,0.2,20.0,13,0,6,2,0,9,17
59481,1.0,15.0,3.0,5.0,3.0,2.0,0.5,0.2,20.0,14,0,5,1,0,6,13
59481,1.0,15.0,3.0,5.0,3.0,2.0,0.5,0.2,20.0,15,0,5,1,0,5,9
59481,1.0,15.0,3.0,5.0,3.0,2.0,0.5,0.2,20.0,16,0,5,1,0,4,6
59481,1.0,15.0,3.0,5.0,3.0,2.0,0.5,0.2,20.0,17,0,4,1,0,3,5
59481,1.0,15.0,3.0,5.0,3.0,2.0,0.5,0.2,20.0,18,0,4,1,0,1,5
59481,1.0,15.0,3.0,5.0,3.0,2.0,0.5,0.2,20.0,19,0,3,0,0,1,3
59481,1.0,15.0,3.0,5.0,3.0,2.0,0.5,0.2,20.0,20,0,1,0,0,1,1
59481,1.0,15.0,3.0,5.0,3.0,2.0,0.5,0.2,20.0,21,0,1,0,0,1,1
59481,1.0,15.0,3.0,5.0,3.0,2.0,0.5,0.2,20.0,22,0,1,0,0,0,1