Exp Num,agent:svo_convergence_factor,agent:params:metabolism,agent:params:consumption_factor,agent:params:procreate_cost_factor,agent:params:procreate_req_factor,agent:params:start_energy_factor,agent:params:caught_chance,agent:params:caught_cooldown_factor,agent:params:maximum_age,Epoch,Resource,A,B,C,D,E
57461,1.0,15.0,3.0,3.0,1.0,1.0,0.4,0.30000000000000004,20.0,0,500.0,33,31,24,39,111
57461,1.0,15.0,3.0,3.0,1.0,1.0,0.4,0.30000000000000004,20.0,1,0,22,24,24,31,84
57461,1.0,15.0,3.0,3.0,1.0,1.0,0.4,0.30000000000000004,20.0,2,0,14,19,28,28,70
57461,1.0,15.0,3.0,3.0,1.0,1.0,0.4,0.30000000000000004,20.0,3,0,9,17,29,21,57
57461,1.0,15.0,3.0,3.0,1.0,1.0,0.4,0.30000000000000004,20.0,4,0,5,10,22,15,39
57461,1.0,15.0,3.0,3.0,1.0,1.0,0.4,0.30000000000000004,20.0,5,0,3,7,18,5,29
57461,1.0,15.0,3.0,3.0,1.0,1.0,0.4,0.30000000000000004,20.0,6,0,2,6,15,3,23
57461,1.0,15.0,3.0,3.0,1.0,1.0,0.4,0.30000000000000004,20.0,7,0,1,5,11,1,17
57461,1.0,15.0,3.0,3.0,1.0,1.0,0.4,0.30000000000000004,20.0,8,0,1,3,10,1,14
57461,1.0,15.0,3.0,3.0,1.0,1.0,0.4,0.30000000000000004,20.0,9,0,1,3,7,0,11
57461,1.0,15.0,3.0,3.0,1.0,1.0,0.4,0.30000000000000004,20.0,10,0,0,3,5,0,8
57461,1.0,15.0,3.0,3.0,1.0,1.0,0.4,0.30000000000000004,20.0,11,0,0,2,3,0,5
57461,1.0,15.0,3.0,3.0,1.0,1.0,0.4,0.30000000000000004,20.0,12,55.0,0,1,3,0,4
57461,1.0,15.0,3.0,3.0,1.0,1.0,0.4,0.30000000000000004,20.0,13,23.75,0,1,2,0,3
57461,1.0,15.0,3.0,3.0,1.0,1.0,0.4,0.30000000000000004,20.0,14,0,0,1,1,0,2
57461,1.0,15.0,3.0,3.0,1.0,1.0,0.4,0.30000000000000004,20.0,15,0,0,1,1,0,2
57461,1.0,15.0,3.0,3.0,1.0,1.0,0.4,0.30000000000000004,20.0,16,0,0,0,1,0,1