Exp Num,agent:svo_convergence_factor,agent:params:metabolism,agent:params:consumption_factor,agent:params:procreate_cost_factor,agent:params:procreate_req_factor,agent:params:start_energy_factor,agent:params:caught_chance,agent:params:caught_cooldown_factor,agent:params:maximum_age,Epoch,Resource,A,B,C,D,E
56444,1.0,15.0,3.0,1.0,1.0,2.0,0.30000000000000004,0.4,50.0,0,3695.0,18,41,19,48,102
56444,1.0,15.0,3.0,1.0,1.0,2.0,0.30000000000000004,0.4,50.0,1,838.75,18,57,40,64,145
56444,1.0,15.0,3.0,1.0,1.0,2.0,0.30000000000000004,0.4,50.0,2,0,15,57,51,57,142
56444,1.0,15.0,3.0,1.0,1.0,2.0,0.30000000000000004,0.4,50.0,3,0,11,46,41,50,110
56444,1.0,15.0,3.0,1.0,1.0,2.0,0.30000000000000004,0.4,50.0,4,0,4,35,32,37,79
56444,1.0,15.0,3.0,1.0,1.0,2.0,0.30000000000000004,0.4,50.0,5,0,4,24,25,25,55
56444,1.0,15.0,3.0,1.0,1.0,2.0,0.30000000000000004,0.4,50.0,6,0,3,17,23,18,44
56444,1.0,15.0,3.0,1.0,1.0,2.0,0.30000000000000004,0.4,50.0,7,0,1,13,19,15,34
56444,1.0,15.0,3.0,1.0,1.0,2.0,0.30000000000000004,0.4,50.0,8,0,1,8,15,8,25
56444,1.0,15.0,3.0,1.0,1.0,2.0,0.30000000000000004,0.4,50.0,9,0,1,6,12,3,19
56444,1.0,15.0,3.0,1.0,1.0,2.0,0.30000000000000004,0.4,50.0,10,0,0,4,11,2,15
56444,1.0,15.0,3.0,1.0,1.0,2.0,0.30000000000000004,0.4,50.0,11,0,0,3,9,0,12
56444,1.0,15.0,3.0,1.0,1.0,2.0,0.30000000000000004,0.4,50.0,12,0,0,3,5,0,8
56444,1.0,15.0,3.0,1.0,1.0,2.0,0.30000000000000004,0.4,50.0,13,0,0,2,4,0,6
56444,1.0,15.0,3.0,1.0,1.0,2.0,0.30000000000000004,0.4,50.0,14,0,0,1,4,0,5
56444,1.0,15.0,3.0,1.0,1.0,2.0,0.30000000000000004,0.4,50.0,15,0,0,0,4,0,4
56444,1.0,15.0,3.0,1.0,1.0,2.0,0.30000000000000004,0.4,50.0,16,0,0,0,2,0,2
56444,1.0,15.0,3.0,1.0,1.0,2.0,0.30000000000000004,0.4,50.0,17,0,0,0,3,0,3
56444,1.0,15.0,3.0,1.0,1.0,2.0,0.30000000000000004,0.4,50.0,18,0,0,0,2,0,2
56444,1.0,15.0,3.0,1.0,1.0,2.0,0.30000000000000004,0.4,50.0,19,0,0,0,1,0,1