Exp Num,agent:svo_convergence_factor,agent:params:metabolism,agent:params:consumption_factor,agent:params:procreate_cost_factor,agent:params:procreate_req_factor,agent:params:start_energy_factor,agent:params:caught_chance,agent:params:caught_cooldown_factor,agent:params:maximum_age,Epoch,Resource,A,B,C,D,E
52943,1.0,15.0,2.0,5.0,1.0,1.0,0.30000000000000004,0.4,40.0,0,2000.0,13,26,19,25,75
52943,1.0,15.0,2.0,5.0,1.0,1.0,0.30000000000000004,0.4,40.0,1,1360.0,13,26,19,25,75
52943,1.0,15.0,2.0,5.0,1.0,1.0,0.30000000000000004,0.4,40.0,2,230.0,8,21,15,23,61
52943,1.0,15.0,2.0,5.0,1.0,1.0,0.30000000000000004,0.4,40.0,3,0,8,21,14,20,58
52943,1.0,15.0,2.0,5.0,1.0,1.0,0.30000000000000004,0.4,40.0,4,0,5,15,10,14,35
52943,1.0,15.0,2.0,5.0,1.0,1.0,0.30000000000000004,0.4,40.0,5,0,4,11,5,7,22
52943,1.0,15.0,2.0,5.0,1.0,1.0,0.30000000000000004,0.4,40.0,6,0,3,6,3,3,14
52943,1.0,15.0,2.0,5.0,1.0,1.0,0.30000000000000004,0.4,40.0,7,0,2,4,3,2,9
52943,1.0,15.0,2.0,5.0,1.0,1.0,0.30000000000000004,0.4,40.0,8,0,2,4,1,1,7
52943,1.0,15.0,2.0,5.0,1.0,1.0,0.30000000000000004,0.4,40.0,9,0,2,3,0,1,5
52943,1.0,15.0,2.0,5.0,1.0,1.0,0.30000000000000004,0.4,40.0,10,0,0,3,0,0,3
52943,1.0,15.0,2.0,5.0,1.0,1.0,0.30000000000000004,0.4,40.0,11,0,0,1,0,0,1