Exp Num,agent:svo_convergence_factor,agent:params:metabolism,agent:params:consumption_factor,agent:params:procreate_cost_factor,agent:params:procreate_req_factor,agent:params:start_energy_factor,agent:params:caught_chance,agent:params:caught_cooldown_factor,agent:params:maximum_age,Epoch,Resource,A,B,C,D,E
51485,1.0,15.0,2.0,1.0,3.0,1.0,0.5,0.30000000000000004,10.0,0,2000.0,17,30,11,20,80
51485,1.0,15.0,2.0,1.0,3.0,1.0,0.5,0.30000000000000004,10.0,1,1720.0,18,36,16,21,92
51485,1.0,15.0,2.0,1.0,3.0,1.0,0.5,0.30000000000000004,10.0,2,830.0,10,27,17,20,74
51485,1.0,15.0,2.0,1.0,3.0,1.0,0.5,0.30000000000000004,10.0,3,47.5,4,23,19,21,65
51485,1.0,15.0,2.0,1.0,3.0,1.0,0.5,0.30000000000000004,10.0,4,0,4,16,12,15,47
51485,1.0,15.0,2.0,1.0,3.0,1.0,0.5,0.30000000000000004,10.0,5,0,3,10,6,8,28
51485,1.0,15.0,2.0,1.0,3.0,1.0,0.5,0.30000000000000004,10.0,6,0,2,5,4,4,14
51485,1.0,15.0,2.0,1.0,3.0,1.0,0.5,0.30000000000000004,10.0,7,0,0,4,3,0,9
51485,1.0,15.0,2.0,1.0,3.0,1.0,0.5,0.30000000000000004,10.0,8,0,0,3,2,0,5
51485,1.0,15.0,2.0,1.0,3.0,1.0,0.5,0.30000000000000004,10.0,9,0,0,1,1,0,2
51485,1.0,15.0,2.0,1.0,3.0,1.0,0.5,0.30000000000000004,10.0,10,0,0,1,0,0,1