Exp Num,agent:svo_convergence_factor,agent:params:metabolism,agent:params:consumption_factor,agent:params:procreate_cost_factor,agent:params:procreate_req_factor,agent:params:start_energy_factor,agent:params:caught_chance,agent:params:caught_cooldown_factor,agent:params:maximum_age,Epoch,Resource,A,B,C,D,E
53545,1.0,15.0,2.0,5.0,2.0,3.0,0.2,0.5,10.0,0,3770.0,15,30,13,25,75
53545,1.0,15.0,2.0,5.0,2.0,3.0,0.2,0.5,10.0,1,3542.5,15,30,13,25,75
53545,1.0,15.0,2.0,5.0,2.0,3.0,0.2,0.5,10.0,2,3078.125,13,26,9,22,65
53545,1.0,15.0,2.0,5.0,2.0,3.0,0.2,0.5,10.0,3,2887.65625,12,25,9,21,63
53545,1.0,15.0,2.0,5.0,2.0,3.0,0.2,0.5,10.0,4,2259.5703125,11,22,9,18,59
53545,1.0,15.0,2.0,5.0,2.0,3.0,0.2,0.5,10.0,5,1894.462890625,11,21,9,18,58
53545,1.0,15.0,2.0,5.0,2.0,3.0,0.2,0.5,10.0,6,1378.07861328125,9,19,9,18,52
53545,1.0,15.0,2.0,5.0,2.0,3.0,0.2,0.5,10.0,7,942.5982666015625,8,17,9,18,49
53545,1.0,15.0,2.0,5.0,2.0,3.0,0.2,0.5,10.0,8,248.24783325195312,7,14,8,18,43
53545,1.0,15.0,2.0,5.0,2.0,3.0,0.2,0.5,10.0,9,0,6,13,7,17,37
53545,1.0,15.0,2.0,5.0,2.0,3.0,0.2,0.5,10.0,10,0,4,9,5,11,23
53545,1.0,15.0,2.0,5.0,2.0,3.0,0.2,0.5,10.0,11,0,2,7,1,7,12
53545,1.0,15.0,2.0,5.0,2.0,3.0,0.2,0.5,10.0,12,0,1,5,0,5,6
53545,1.0,15.0,2.0,5.0,2.0,3.0,0.2,0.5,10.0,13,0,1,3,0,2,4
53545,1.0,15.0,2.0,5.0,2.0,3.0,0.2,0.5,10.0,14,0,1,2,0,1,3
53545,1.0,15.0,2.0,5.0,2.0,3.0,0.2,0.5,10.0,15,0,1,0,0,1,1
53545,1.0,15.0,2.0,5.0,2.0,3.0,0.2,0.5,10.0,16,0,1,0,0,1,1
53545,1.0,15.0,2.0,5.0,2.0,3.0,0.2,0.5,10.0,17,0,1,0,0,0,1