Exp Num,agent:svo_convergence_factor,agent:params:metabolism,agent:params:consumption_factor,agent:params:procreate_cost_factor,agent:params:procreate_req_factor,agent:params:start_energy_factor,agent:params:caught_chance,agent:params:caught_cooldown_factor,agent:params:maximum_age,Epoch,Resource,A,B,C,D,E
52036,1.0,15.0,2.0,3.0,1.0,3.0,0.2,0.30000000000000004,20.0,0,3650.0,29,28,15,25,97
52036,1.0,15.0,2.0,3.0,1.0,3.0,0.2,0.30000000000000004,20.0,1,2402.5,33,34,22,26,114
52036,1.0,15.0,2.0,3.0,1.0,3.0,0.2,0.30000000000000004,20.0,2,243.125,43,43,25,25,136
52036,1.0,15.0,2.0,3.0,1.0,3.0,0.2,0.30000000000000004,20.0,3,0,34,35,25,18,116
52036,1.0,15.0,2.0,3.0,1.0,3.0,0.2,0.30000000000000004,20.0,4,0,27,29,20,9,87
52036,1.0,15.0,2.0,3.0,1.0,3.0,0.2,0.30000000000000004,20.0,5,0,18,26,16,3,65
52036,1.0,15.0,2.0,3.0,1.0,3.0,0.2,0.30000000000000004,20.0,6,0,13,22,10,2,46
52036,1.0,15.0,2.0,3.0,1.0,3.0,0.2,0.30000000000000004,20.0,7,0,6,21,9,0,36
52036,1.0,15.0,2.0,3.0,1.0,3.0,0.2,0.30000000000000004,20.0,8,0,2,16,7,0,25
52036,1.0,15.0,2.0,3.0,1.0,3.0,0.2,0.30000000000000004,20.0,9,0,1,14,4,0,19
52036,1.0,15.0,2.0,3.0,1.0,3.0,0.2,0.30000000000000004,20.0,10,0,1,12,1,0,14
52036,1.0,15.0,2.0,3.0,1.0,3.0,0.2,0.30000000000000004,20.0,11,0,0,8,1,0,9
52036,1.0,15.0,2.0,3.0,1.0,3.0,0.2,0.30000000000000004,20.0,12,0,0,5,0,0,5
52036,1.0,15.0,2.0,3.0,1.0,3.0,0.2,0.30000000000000004,20.0,13,0,0,4,0,0,4
52036,1.0,15.0,2.0,3.0,1.0,3.0,0.2,0.30000000000000004,20.0,14,0,0,4,0,0,4
52036,1.0,15.0,2.0,3.0,1.0,3.0,0.2,0.30000000000000004,20.0,15,0,0,4,0,0,4
52036,1.0,15.0,2.0,3.0,1.0,3.0,0.2,0.30000000000000004,20.0,16,0,0,2,0,0,2
52036,1.0,15.0,2.0,3.0,1.0,3.0,0.2,0.30000000000000004,20.0,17,0,0,1,0,0,1