Exp Num,agent:svo_convergence_factor,agent:params:metabolism,agent:params:consumption_factor,agent:params:procreate_cost_factor,agent:params:procreate_req_factor,agent:params:start_energy_factor,agent:params:caught_chance,agent:params:caught_cooldown_factor,agent:params:maximum_age,Epoch,Resource,A,B,C,D,E
6409,1.0,5.0,2.0,1.0,3.0,1.0,0.2,0.2,50.0,0,4000.0,20,21,11,31,69
6409,1.0,5.0,2.0,1.0,3.0,1.0,0.2,0.2,50.0,1,4000.0,22,34,29,45,105
6409,1.0,5.0,2.0,1.0,3.0,1.0,0.2,0.2,50.0,2,3500.0,25,51,62,61,164
6409,1.0,5.0,2.0,1.0,3.0,1.0,0.2,0.2,50.0,3,3525.0,30,67,79,65,202
6409,1.0,5.0,2.0,1.0,3.0,1.0,0.2,0.2,50.0,4,2826.25,31,76,81,60,212
6409,1.0,5.0,2.0,1.0,3.0,1.0,0.2,0.2,50.0,5,2212.8125,28,89,85,65,226
6409,1.0,5.0,2.0,1.0,3.0,1.0,0.2,0.2,50.0,6,1356.015625,30,102,78,64,234
6409,1.0,5.0,2.0,1.0,3.0,1.0,0.2,0.2,50.0,7,35.01953125,31,120,83,63,257
6409,1.0,5.0,2.0,1.0,3.0,1.0,0.2,0.2,50.0,8,0,28,96,63,43,200
6409,1.0,5.0,2.0,1.0,3.0,1.0,0.2,0.2,50.0,9,0,18,55,42,17,121
6409,1.0,5.0,2.0,1.0,3.0,1.0,0.2,0.2,50.0,10,0,9,30,29,5,73
6409,1.0,5.0,2.0,1.0,3.0,1.0,0.2,0.2,50.0,11,0,6,21,8,4,37
6409,1.0,5.0,2.0,1.0,3.0,1.0,0.2,0.2,50.0,12,0,3,14,3,2,21
6409,1.0,5.0,2.0,1.0,3.0,1.0,0.2,0.2,50.0,13,0,0,9,0,1,10
6409,1.0,5.0,2.0,1.0,3.0,1.0,0.2,0.2,50.0,14,0,0,4,0,1,5
6409,1.0,5.0,2.0,1.0,3.0,1.0,0.2,0.2,50.0,15,0,0,3,0,0,3
6409,1.0,5.0,2.0,1.0,3.0,1.0,0.2,0.2,50.0,16,0,0,1,0,0,1