Exp Num,agent:svo_convergence_factor,agent:params:metabolism,agent:params:consumption_factor,agent:params:procreate_cost_factor,agent:params:procreate_req_factor,agent:params:start_energy_factor,agent:params:caught_chance,agent:params:caught_cooldown_factor,agent:params:maximum_age,Epoch,Resource,A,B,C,D,E
6113,1.0,5.0,2.0,1.0,2.0,1.0,0.5,0.30000000000000004,40.0,0,4000.0,25,40,25,37,113
6113,1.0,5.0,2.0,1.0,2.0,1.0,0.5,0.30000000000000004,40.0,1,3500.0,31,57,57,53,172
6113,1.0,5.0,2.0,1.0,2.0,1.0,0.5,0.30000000000000004,40.0,2,3065.0,35,76,83,66,224
6113,1.0,5.0,2.0,1.0,2.0,1.0,0.5,0.30000000000000004,40.0,3,2121.25,36,84,106,85,260
6113,1.0,5.0,2.0,1.0,2.0,1.0,0.5,0.30000000000000004,40.0,4,561.5625,39,107,131,110,315
6113,1.0,5.0,2.0,1.0,2.0,1.0,0.5,0.30000000000000004,40.0,5,0,24,89,108,75,245
6113,1.0,5.0,2.0,1.0,2.0,1.0,0.5,0.30000000000000004,40.0,6,0,15,46,70,45,144
6113,1.0,5.0,2.0,1.0,2.0,1.0,0.5,0.30000000000000004,40.0,7,0,5,28,43,24,83
6113,1.0,5.0,2.0,1.0,2.0,1.0,0.5,0.30000000000000004,40.0,8,0,2,17,23,15,43
6113,1.0,5.0,2.0,1.0,2.0,1.0,0.5,0.30000000000000004,40.0,9,0,1,10,13,6,25
6113,1.0,5.0,2.0,1.0,2.0,1.0,0.5,0.30000000000000004,40.0,10,0,0,4,9,3,14
6113,1.0,5.0,2.0,1.0,2.0,1.0,0.5,0.30000000000000004,40.0,11,0,0,0,6,2,7
6113,1.0,5.0,2.0,1.0,2.0,1.0,0.5,0.30000000000000004,40.0,12,0,0,0,2,1,3
6113,1.0,5.0,2.0,1.0,2.0,1.0,0.5,0.30000000000000004,40.0,13,0,0,0,1,0,2
6113,1.0,5.0,2.0,1.0,2.0,1.0,0.5,0.30000000000000004,40.0,14,0,0,0,1,0,1