Exp Num,agent:svo_convergence_factor,agent:params:metabolism,agent:params:consumption_factor,agent:params:procreate_cost_factor,agent:params:procreate_req_factor,agent:params:start_energy_factor,agent:params:caught_chance,agent:params:caught_cooldown_factor,agent:params:maximum_age,Epoch,Resource,A,B,C,D,E
60807,1.0,15.0,3.0,9.0,1.0,1.0,0.30000000000000004,0.2,30.0,0,500.0,15,28,15,18,82
60807,1.0,15.0,3.0,9.0,1.0,1.0,0.30000000000000004,0.2,30.0,1,0,15,28,15,18,82
60807,1.0,15.0,3.0,9.0,1.0,1.0,0.30000000000000004,0.2,30.0,2,0,15,28,15,18,82
60807,1.0,15.0,3.0,9.0,1.0,1.0,0.30000000000000004,0.2,30.0,3,0,13,14,5,12,41
60807,1.0,15.0,3.0,9.0,1.0,1.0,0.30000000000000004,0.2,30.0,4,0,7,11,2,9,22
60807,1.0,15.0,3.0,9.0,1.0,1.0,0.30000000000000004,0.2,30.0,5,0,7,8,1,5,16
60807,1.0,15.0,3.0,9.0,1.0,1.0,0.30000000000000004,0.2,30.0,6,0,5,5,1,1,11
60807,1.0,15.0,3.0,9.0,1.0,1.0,0.30000000000000004,0.2,30.0,7,0,3,4,1,0,8
60807,1.0,15.0,3.0,9.0,1.0,1.0,0.30000000000000004,0.2,30.0,8,0,1,4,1,0,6
60807,1.0,15.0,3.0,9.0,1.0,1.0,0.30000000000000004,0.2,30.0,9,0,1,1,1,0,3
60807,1.0,15.0,3.0,9.0,1.0,1.0,0.30000000000000004,0.2,30.0,10,0,0,1,0,0,1