Exp Num,agent:svo_convergence_factor,agent:params:metabolism,agent:params:consumption_factor,agent:params:procreate_cost_factor,agent:params:procreate_req_factor,agent:params:start_energy_factor,agent:params:caught_chance,agent:params:caught_cooldown_factor,agent:params:maximum_age,Epoch,Resource,A,B,C,D,E
65072,1.0,15.0,4.0,5.0,3.0,2.0,0.30000000000000004,0.5,30.0,0,2840.0,24,23,7,27,73
65072,1.0,15.0,4.0,5.0,3.0,2.0,0.30000000000000004,0.5,30.0,1,0,19,20,6,25,63
65072,1.0,15.0,4.0,5.0,3.0,2.0,0.30000000000000004,0.5,30.0,2,0,17,19,5,24,57
65072,1.0,15.0,4.0,5.0,3.0,2.0,0.30000000000000004,0.5,30.0,3,0,17,19,5,24,56
65072,1.0,15.0,4.0,5.0,3.0,2.0,0.30000000000000004,0.5,30.0,4,0,17,19,5,24,56
65072,1.0,15.0,4.0,5.0,3.0,2.0,0.30000000000000004,0.5,30.0,5,0,12,13,4,10,37
65072,1.0,15.0,4.0,5.0,3.0,2.0,0.30000000000000004,0.5,30.0,6,0,11,9,3,3,27
65072,1.0,15.0,4.0,5.0,3.0,2.0,0.30000000000000004,0.5,30.0,7,0,10,6,1,2,18
65072,1.0,15.0,4.0,5.0,3.0,2.0,0.30000000000000004,0.5,30.0,8,0,10,4,1,1,16
65072,1.0,15.0,4.0,5.0,3.0,2.0,0.30000000000000004,0.5,30.0,9,0,9,4,0,1,13
65072,1.0,15.0,4.0,5.0,3.0,2.0,0.30000000000000004,0.5,30.0,10,0,5,4,0,0,9
65072,1.0,15.0,4.0,5.0,3.0,2.0,0.30000000000000004,0.5,30.0,11,0,3,2,0,0,5
65072,1.0,15.0,4.0,5.0,3.0,2.0,0.30000000000000004,0.5,30.0,12,40.0,3,0,0,0,3
65072,1.0,15.0,4.0,5.0,3.0,2.0,0.30000000000000004,0.5,30.0,13,0,2,0,0,0,2
65072,1.0,15.0,4.0,5.0,3.0,2.0,0.30000000000000004,0.5,30.0,14,0,1,0,0,0,1