Exp Num,agent:svo_convergence_factor,agent:params:metabolism,agent:params:consumption_factor,agent:params:procreate_cost_factor,agent:params:procreate_req_factor,agent:params:start_energy_factor,agent:params:caught_chance,agent:params:caught_cooldown_factor,agent:params:maximum_age,Epoch,Resource,A,B,C,D,E
66343,1.0,15.0,4.0,7.0,3.0,3.0,0.4,0.4,40.0,0,3260.0,18,35,6,27,73
66343,1.0,15.0,4.0,7.0,3.0,3.0,0.4,0.4,40.0,1,2455.0,18,35,6,27,73
66343,1.0,15.0,4.0,7.0,3.0,3.0,0.4,0.4,40.0,2,1448.75,15,21,4,22,54
66343,1.0,15.0,4.0,7.0,3.0,3.0,0.4,0.4,40.0,3,910.9375,12,18,3,22,47
66343,1.0,15.0,4.0,7.0,3.0,3.0,0.4,0.4,40.0,4,298.671875,12,18,3,22,47
66343,1.0,15.0,4.0,7.0,3.0,3.0,0.4,0.4,40.0,5,0,12,18,3,22,47
66343,1.0,15.0,4.0,7.0,3.0,3.0,0.4,0.4,40.0,6,0,11,17,3,10,39
66343,1.0,15.0,4.0,7.0,3.0,3.0,0.4,0.4,40.0,7,0,8,16,3,7,32
66343,1.0,15.0,4.0,7.0,3.0,3.0,0.4,0.4,40.0,8,0,8,15,3,5,29
66343,1.0,15.0,4.0,7.0,3.0,3.0,0.4,0.4,40.0,9,0,8,15,3,5,29
66343,1.0,15.0,4.0,7.0,3.0,3.0,0.4,0.4,40.0,10,0,6,15,2,4,25
66343,1.0,15.0,4.0,7.0,3.0,3.0,0.4,0.4,40.0,11,0,5,13,1,1,20
66343,1.0,15.0,4.0,7.0,3.0,3.0,0.4,0.4,40.0,12,0,4,10,1,1,15
66343,1.0,15.0,4.0,7.0,3.0,3.0,0.4,0.4,40.0,13,0,4,8,0,0,12
66343,1.0,15.0,4.0,7.0,3.0,3.0,0.4,0.4,40.0,14,0,4,7,0,0,11
66343,1.0,15.0,4.0,7.0,3.0,3.0,0.4,0.4,40.0,15,0,4,5,0,0,9
66343,1.0,15.0,4.0,7.0,3.0,3.0,0.4,0.4,40.0,16,40.0,2,4,0,0,6
66343,1.0,15.0,4.0,7.0,3.0,3.0,0.4,0.4,40.0,17,50.0,2,4,0,0,6
66343,1.0,15.0,4.0,7.0,3.0,3.0,0.4,0.4,40.0,18,62.5,2,2,0,0,4
66343,1.0,15.0,4.0,7.0,3.0,3.0,0.4,0.4,40.0,19,18.125,2,2,0,0,4
66343,1.0,15.0,4.0,7.0,3.0,3.0,0.4,0.4,40.0,20,22.65625,2,2,0,0,4
66343,1.0,15.0,4.0,7.0,3.0,3.0,0.4,0.4,40.0,21,28.3203125,2,2,0,0,4
66343,1.0,15.0,4.0,7.0,3.0,3.0,0.4,0.4,40.0,22,35.400390625,2,1,0,0,3
66343,1.0,15.0,4.0,7.0,3.0,3.0,0.4,0.4,40.0,23,44.25048828125,2,1,0,0,3
66343,1.0,15.0,4.0,7.0,3.0,3.0,0.4,0.4,40.0,24,55.3131103515625,2,1,0,0,3
66343,1.0,15.0,4.0,7.0,3.0,3.0,0.4,0.4,40.0,25,69.14138793945312,2,0,0,0,2
66343,1.0,15.0,4.0,7.0,3.0,3.0,0.4,0.4,40.0,26,86.4267349243164,1,0,0,0,1