Exp Num,agent:svo_convergence_factor,agent:params:metabolism,agent:params:consumption_factor,agent:params:procreate_cost_factor,agent:params:procreate_req_factor,agent:params:start_energy_factor,agent:params:caught_chance,agent:params:caught_cooldown_factor,agent:params:maximum_age,Epoch,Resource,A,B,C,D,E
68155,2.0,5.0,1.0,1.0,2.0,3.0,0.2,0.2,10.0,0,4500.0,20,51,22,35,115
68155,2.0,5.0,1.0,1.0,2.0,3.0,0.2,0.2,10.0,1,4875.0,30,70,42,57,168
68155,2.0,5.0,1.0,1.0,2.0,3.0,0.2,0.2,10.0,2,4968.75,32,82,54,66,196
68155,2.0,5.0,1.0,1.0,2.0,3.0,0.2,0.2,10.0,3,4900.9375,32,85,64,71,210
68155,2.0,5.0,1.0,1.0,2.0,3.0,0.2,0.2,10.0,4,4721.171875,32,87,68,74,216
68155,2.0,5.0,1.0,1.0,2.0,3.0,0.2,0.2,10.0,5,4451.46484375,32,88,72,74,221
68155,2.0,5.0,1.0,1.0,2.0,3.0,0.2,0.2,10.0,6,4089.3310546875,32,88,74,74,223
68155,2.0,5.0,1.0,1.0,2.0,3.0,0.2,0.2,10.0,7,3626.663818359375,32,88,75,74,224
68155,2.0,5.0,1.0,1.0,2.0,3.0,0.2,0.2,10.0,8,3043.3297729492188,32,88,76,74,225
68155,2.0,5.0,1.0,1.0,2.0,3.0,0.2,0.2,10.0,9,2309.1622161865234,32,88,76,74,225
68155,2.0,5.0,1.0,1.0,2.0,3.0,0.2,0.2,10.0,10,1756.4527702331543,23,59,68,61,166
68155,2.0,5.0,1.0,1.0,2.0,3.0,0.2,0.2,10.0,11,1335.5659627914429,14,47,56,46,127
68155,2.0,5.0,1.0,1.0,2.0,3.0,0.2,0.2,10.0,12,1044.4574534893036,7,28,50,32,93
68155,2.0,5.0,1.0,1.0,2.0,3.0,0.2,0.2,10.0,13,865.5718168616295,5,18,39,23,65
68155,2.0,5.0,1.0,1.0,2.0,3.0,0.2,0.2,10.0,14,786.9647710770369,2,13,25,17,42
68155,2.0,5.0,1.0,1.0,2.0,3.0,0.2,0.2,10.0,15,783.7059638462961,1,11,18,9,31
68155,2.0,5.0,1.0,1.0,2.0,3.0,0.2,0.2,10.0,16,844.6324548078701,0,6,13,7,20
68155,2.0,5.0,1.0,1.0,2.0,3.0,0.2,0.2,10.0,17,960.7905685098376,0,2,10,7,12
68155,2.0,5.0,1.0,1.0,2.0,3.0,0.2,0.2,10.0,18,1140.988210637297,0,2,7,3,9
68155,2.0,5.0,1.0,1.0,2.0,3.0,0.2,0.2,10.0,19,1391.2352632966213,0,1,4,1,5
68155,2.0,5.0,1.0,1.0,2.0,3.0,0.2,0.2,10.0,20,1719.0440791207766,0,0,2,1,2
68155,2.0,5.0,1.0,1.0,2.0,3.0,0.2,0.2,10.0,21,2138.8050989009707,0,0,1,0,1