Exp Num,agent:svo_convergence_factor,agent:params:metabolism,agent:params:consumption_factor,agent:params:procreate_cost_factor,agent:params:procreate_req_factor,agent:params:start_energy_factor,agent:params:caught_chance,agent:params:caught_cooldown_factor,agent:params:maximum_age,Epoch,Resource,A,B,C,D,E
61735,1.0,15.0,3.0,9.0,3.0,2.0,0.5,0.30000000000000004,10.0,0,3515.0,16,35,9,25,75
61735,1.0,15.0,3.0,9.0,3.0,2.0,0.5,0.30000000000000004,10.0,1,2413.75,12,23,8,24,58
61735,1.0,15.0,3.0,9.0,3.0,2.0,0.5,0.30000000000000004,10.0,2,2072.1875,11,21,8,24,55
61735,1.0,15.0,3.0,9.0,3.0,2.0,0.5,0.30000000000000004,10.0,3,2095.234375,11,21,8,24,55
61735,1.0,15.0,3.0,9.0,3.0,2.0,0.5,0.30000000000000004,10.0,4,1764.04296875,8,14,6,18,43
61735,1.0,15.0,3.0,9.0,3.0,2.0,0.5,0.30000000000000004,10.0,5,1620.0537109375,5,8,5,18,33
61735,1.0,15.0,3.0,9.0,3.0,2.0,0.5,0.30000000000000004,10.0,6,1845.067138671875,5,7,5,17,32
61735,1.0,15.0,3.0,9.0,3.0,2.0,0.5,0.30000000000000004,10.0,7,1856.3339233398438,4,6,5,14,29
61735,1.0,15.0,3.0,9.0,3.0,2.0,0.5,0.30000000000000004,10.0,8,1690.4174041748047,4,5,5,13,28
61735,1.0,15.0,3.0,9.0,3.0,2.0,0.5,0.30000000000000004,10.0,9,1753.0217552185059,4,4,5,12,27
61735,1.0,15.0,3.0,9.0,3.0,2.0,0.5,0.30000000000000004,10.0,10,1831.2771940231323,3,3,3,7,20
61735,1.0,15.0,3.0,9.0,3.0,2.0,0.5,0.30000000000000004,10.0,11,2109.0964925289154,1,3,2,5,13
61735,1.0,15.0,3.0,9.0,3.0,2.0,0.5,0.30000000000000004,10.0,12,2141.3706156611443,0,2,1,3,8
61735,1.0,15.0,3.0,9.0,3.0,2.0,0.5,0.30000000000000004,10.0,13,2406.7132695764303,0,2,1,2,4
61735,1.0,15.0,3.0,9.0,3.0,2.0,0.5,0.30000000000000004,10.0,14,2873.391586970538,0,2,0,2,2
61735,1.0,15.0,3.0,9.0,3.0,2.0,0.5,0.30000000000000004,10.0,15,3501.7394837131724,0,1,0,1,1
61735,1.0,15.0,3.0,9.0,3.0,2.0,0.5,0.30000000000000004,10.0,16,4377.1743546414655,0,0,0,1,0