Exp Num,agent:svo_convergence_factor,agent:params:metabolism,agent:params:consumption_factor,agent:params:procreate_cost_factor,agent:params:procreate_req_factor,agent:params:start_energy_factor,agent:params:caught_chance,agent:params:caught_cooldown_factor,agent:params:maximum_age,Epoch,Resource,A,B,C,D,E
61559,1.0,15.0,3.0,9.0,3.0,1.0,0.30000000000000004,0.2,50.0,0,500.0,15,30,14,27,73
61559,1.0,15.0,3.0,9.0,3.0,1.0,0.30000000000000004,0.2,50.0,1,0,15,30,14,27,73
61559,1.0,15.0,3.0,9.0,3.0,1.0,0.30000000000000004,0.2,50.0,2,0,15,30,14,27,73
61559,1.0,15.0,3.0,9.0,3.0,1.0,0.30000000000000004,0.2,50.0,3,0,9,18,7,12,41
61559,1.0,15.0,3.0,9.0,3.0,1.0,0.30000000000000004,0.2,50.0,4,0,6,11,4,7,23
61559,1.0,15.0,3.0,9.0,3.0,1.0,0.30000000000000004,0.2,50.0,5,0,6,6,3,2,16
61559,1.0,15.0,3.0,9.0,3.0,1.0,0.30000000000000004,0.2,50.0,6,0,5,5,1,1,12
61559,1.0,15.0,3.0,9.0,3.0,1.0,0.30000000000000004,0.2,50.0,7,0,3,5,0,1,9
61559,1.0,15.0,3.0,9.0,3.0,1.0,0.30000000000000004,0.2,50.0,8,0,1,4,0,0,6
61559,1.0,15.0,3.0,9.0,3.0,1.0,0.30000000000000004,0.2,50.0,9,0,1,2,0,0,4
61559,1.0,15.0,3.0,9.0,3.0,1.0,0.30000000000000004,0.2,50.0,10,0,1,0,0,0,2
61559,1.0,15.0,3.0,9.0,3.0,1.0,0.30000000000000004,0.2,50.0,11,0,0,0,0,0,1