Exp Num,agent:svo_convergence_factor,agent:params:metabolism,agent:params:consumption_factor,agent:params:procreate_cost_factor,agent:params:procreate_req_factor,agent:params:start_energy_factor,agent:params:caught_chance,agent:params:caught_cooldown_factor,agent:params:maximum_age,Epoch,Resource,A,B,C,D,E
61035,1.0,15.0,3.0,9.0,1.0,3.0,0.2,0.30000000000000004,10.0,0,3380.0,12,29,8,39,61
61035,1.0,15.0,3.0,9.0,1.0,3.0,0.2,0.30000000000000004,10.0,1,2605.0,12,29,8,39,61
61035,1.0,15.0,3.0,9.0,1.0,3.0,0.2,0.30000000000000004,10.0,2,1366.25,10,27,8,37,55
61035,1.0,15.0,3.0,9.0,1.0,3.0,0.2,0.30000000000000004,10.0,3,0,9,28,8,35,55
61035,1.0,15.0,3.0,9.0,1.0,3.0,0.2,0.30000000000000004,10.0,4,0,10,29,8,35,57
61035,1.0,15.0,3.0,9.0,1.0,3.0,0.2,0.30000000000000004,10.0,5,0,7,22,7,21,42
61035,1.0,15.0,3.0,9.0,1.0,3.0,0.2,0.30000000000000004,10.0,6,0,7,20,3,14,34
61035,1.0,15.0,3.0,9.0,1.0,3.0,0.2,0.30000000000000004,10.0,7,0,6,18,2,10,30
61035,1.0,15.0,3.0,9.0,1.0,3.0,0.2,0.30000000000000004,10.0,8,0,4,18,1,8,26
61035,1.0,15.0,3.0,9.0,1.0,3.0,0.2,0.30000000000000004,10.0,9,0,4,15,1,6,20
61035,1.0,15.0,3.0,9.0,1.0,3.0,0.2,0.30000000000000004,10.0,10,0,3,11,0,3,14
61035,1.0,15.0,3.0,9.0,1.0,3.0,0.2,0.30000000000000004,10.0,11,0,3,7,0,2,10
61035,1.0,15.0,3.0,9.0,1.0,3.0,0.2,0.30000000000000004,10.0,12,0,2,7,0,0,9
61035,1.0,15.0,3.0,9.0,1.0,3.0,0.2,0.30000000000000004,10.0,13,0,2,4,0,0,6
61035,1.0,15.0,3.0,9.0,1.0,3.0,0.2,0.30000000000000004,10.0,14,0,2,3,0,0,5
61035,1.0,15.0,3.0,9.0,1.0,3.0,0.2,0.30000000000000004,10.0,15,0,1,3,0,0,4
61035,1.0,15.0,3.0,9.0,1.0,3.0,0.2,0.30000000000000004,10.0,16,0,1,2,0,0,3
61035,1.0,15.0,3.0,9.0,1.0,3.0,0.2,0.30000000000000004,10.0,17,0,1,1,0,0,2
61035,1.0,15.0,3.0,9.0,1.0,3.0,0.2,0.30000000000000004,10.0,18,0,1,1,0,0,2
61035,1.0,15.0,3.0,9.0,1.0,3.0,0.2,0.30000000000000004,10.0,19,0,0,1,0,0,1