Exp Num,agent:svo_convergence_factor,agent:params:metabolism,agent:params:consumption_factor,agent:params:procreate_cost_factor,agent:params:procreate_req_factor,agent:params:start_energy_factor,agent:params:caught_chance,agent:params:caught_cooldown_factor,agent:params:maximum_age,Epoch,Resource,A,B,C,D,E
6308,1.0,5.0,2.0,1.0,2.0,3.0,0.30000000000000004,0.2,40.0,0,4000.0,25,36,32,36,114
6308,1.0,5.0,2.0,1.0,2.0,3.0,0.30000000000000004,0.2,40.0,1,3500.0,31,54,62,54,171
6308,1.0,5.0,2.0,1.0,2.0,3.0,0.30000000000000004,0.2,40.0,2,3535.0,39,76,86,67,229
6308,1.0,5.0,2.0,1.0,2.0,3.0,0.30000000000000004,0.2,40.0,3,2728.75,40,103,115,78,291
6308,1.0,5.0,2.0,1.0,2.0,3.0,0.30000000000000004,0.2,40.0,4,1240.9375,40,118,152,103,346
6308,1.0,5.0,2.0,1.0,2.0,3.0,0.30000000000000004,0.2,40.0,5,0,35,120,158,98,338
6308,1.0,5.0,2.0,1.0,2.0,3.0,0.30000000000000004,0.2,40.0,6,0,27,75,106,52,220
6308,1.0,5.0,2.0,1.0,2.0,3.0,0.30000000000000004,0.2,40.0,7,0,14,46,62,29,129
6308,1.0,5.0,2.0,1.0,2.0,3.0,0.30000000000000004,0.2,40.0,8,0,9,22,36,16,68
6308,1.0,5.0,2.0,1.0,2.0,3.0,0.30000000000000004,0.2,40.0,9,0,5,11,20,8,37
6308,1.0,5.0,2.0,1.0,2.0,3.0,0.30000000000000004,0.2,40.0,10,0,1,4,13,5,19
6308,1.0,5.0,2.0,1.0,2.0,3.0,0.30000000000000004,0.2,40.0,11,0,0,2,8,2,10
6308,1.0,5.0,2.0,1.0,2.0,3.0,0.30000000000000004,0.2,40.0,12,0,0,1,4,1,5
6308,1.0,5.0,2.0,1.0,2.0,3.0,0.30000000000000004,0.2,40.0,13,0,0,1,2,0,3
6308,1.0,5.0,2.0,1.0,2.0,3.0,0.30000000000000004,0.2,40.0,14,0,0,0,1,0,1