Exp Num,agent:svo_convergence_factor,agent:params:metabolism,agent:params:consumption_factor,agent:params:procreate_cost_factor,agent:params:procreate_req_factor,agent:params:start_energy_factor,agent:params:caught_chance,agent:params:caught_cooldown_factor,agent:params:maximum_age,Epoch,Resource,A,B,C,D,E
6817,1.0,5.0,2.0,3.0,1.0,1.0,0.30000000000000004,0.4,30.0,0,4000.0,17,28,11,30,70
6817,1.0,5.0,2.0,3.0,1.0,1.0,0.30000000000000004,0.4,30.0,1,4000.0,22,38,30,43,107
6817,1.0,5.0,2.0,3.0,1.0,1.0,0.30000000000000004,0.4,30.0,2,3500.0,23,44,43,48,127
6817,1.0,5.0,2.0,3.0,1.0,1.0,0.30000000000000004,0.4,30.0,3,2795.0,23,56,60,56,156
6817,1.0,5.0,2.0,3.0,1.0,1.0,0.30000000000000004,0.4,30.0,4,2683.75,25,77,85,61,204
6817,1.0,5.0,2.0,3.0,1.0,1.0,0.30000000000000004,0.4,30.0,5,1834.6875,20,84,90,60,210
6817,1.0,5.0,2.0,3.0,1.0,1.0,0.30000000000000004,0.4,30.0,6,843.359375,21,94,112,64,243
6817,1.0,5.0,2.0,3.0,1.0,1.0,0.30000000000000004,0.4,30.0,7,0,19,86,123,55,240
6817,1.0,5.0,2.0,3.0,1.0,1.0,0.30000000000000004,0.4,30.0,8,0,11,62,95,34,174
6817,1.0,5.0,2.0,3.0,1.0,1.0,0.30000000000000004,0.4,30.0,9,0,6,41,75,20,124
6817,1.0,5.0,2.0,3.0,1.0,1.0,0.30000000000000004,0.4,30.0,10,0,1,36,62,10,100
6817,1.0,5.0,2.0,3.0,1.0,1.0,0.30000000000000004,0.4,30.0,11,0,0,30,51,6,81
6817,1.0,5.0,2.0,3.0,1.0,1.0,0.30000000000000004,0.4,30.0,12,0,0,18,42,2,60
6817,1.0,5.0,2.0,3.0,1.0,1.0,0.30000000000000004,0.4,30.0,13,0,0,10,30,1,40
6817,1.0,5.0,2.0,3.0,1.0,1.0,0.30000000000000004,0.4,30.0,14,0,0,7,20,0,27
6817,1.0,5.0,2.0,3.0,1.0,1.0,0.30000000000000004,0.4,30.0,15,0,0,3,14,0,17
6817,1.0,5.0,2.0,3.0,1.0,1.0,0.30000000000000004,0.4,30.0,16,0,0,2,7,0,9
6817,1.0,5.0,2.0,3.0,1.0,1.0,0.30000000000000004,0.4,30.0,17,0,0,0,5,0,5
6817,1.0,5.0,2.0,3.0,1.0,1.0,0.30000000000000004,0.4,30.0,18,60.0,0,0,6,0,6
6817,1.0,5.0,2.0,3.0,1.0,1.0,0.30000000000000004,0.4,30.0,19,55.0,0,0,6,0,6
6817,1.0,5.0,2.0,3.0,1.0,1.0,0.30000000000000004,0.4,30.0,20,18.75,0,0,7,0,7
6817,1.0,5.0,2.0,3.0,1.0,1.0,0.30000000000000004,0.4,30.0,21,0,0,0,7,0,7
6817,1.0,5.0,2.0,3.0,1.0,1.0,0.30000000000000004,0.4,30.0,22,0,0,0,5,0,5
6817,1.0,5.0,2.0,3.0,1.0,1.0,0.30000000000000004,0.4,30.0,23,0,0,0,3,0,3
6817,1.0,5.0,2.0,3.0,1.0,1.0,0.30000000000000004,0.4,30.0,24,0,0,0,1,0,1