Exp Num,agent:svo_convergence_factor,agent:params:metabolism,agent:params:consumption_factor,agent:params:procreate_cost_factor,agent:params:procreate_req_factor,agent:params:start_energy_factor,agent:params:caught_chance,agent:params:caught_cooldown_factor,agent:params:maximum_age,Epoch,Resource,A,B,C,D,E
64945,1.0,15.0,4.0,5.0,3.0,1.0,0.30000000000000004,0.5,10.0,0,0,16,22,12,25,66
64945,1.0,15.0,4.0,5.0,3.0,1.0,0.30000000000000004,0.5,10.0,1,0,16,20,12,22,61
64945,1.0,15.0,4.0,5.0,3.0,1.0,0.30000000000000004,0.5,10.0,2,0,16,20,12,22,61
64945,1.0,15.0,4.0,5.0,3.0,1.0,0.30000000000000004,0.5,10.0,3,0,16,20,12,22,61
64945,1.0,15.0,4.0,5.0,3.0,1.0,0.30000000000000004,0.5,10.0,4,0,11,12,5,10,33
64945,1.0,15.0,4.0,5.0,3.0,1.0,0.30000000000000004,0.5,10.0,5,0,4,8,2,4,18
64945,1.0,15.0,4.0,5.0,3.0,1.0,0.30000000000000004,0.5,10.0,6,0,1,5,0,1,10
64945,1.0,15.0,4.0,5.0,3.0,1.0,0.30000000000000004,0.5,10.0,7,0,1,4,0,0,6
64945,1.0,15.0,4.0,5.0,3.0,1.0,0.30000000000000004,0.5,10.0,8,0,1,2,0,0,3
64945,1.0,15.0,4.0,5.0,3.0,1.0,0.30000000000000004,0.5,10.0,9,0,0,1,0,0,1