Exp Num,agent:svo_convergence_factor,agent:params:metabolism,agent:params:consumption_factor,agent:params:procreate_cost_factor,agent:params:procreate_req_factor,agent:params:start_energy_factor,agent:params:caught_chance,agent:params:caught_cooldown_factor,agent:params:maximum_age,Epoch,Resource,A,B,C,D,E
66860,1.0,15.0,4.0,9.0,2.0,1.0,0.5,0.30000000000000004,10.0,0,0,16,20,15,20,71
66860,1.0,15.0,4.0,9.0,2.0,1.0,0.5,0.30000000000000004,10.0,1,0,16,19,14,16,67
66860,1.0,15.0,4.0,9.0,2.0,1.0,0.5,0.30000000000000004,10.0,2,0,16,19,14,16,67
66860,1.0,15.0,4.0,9.0,2.0,1.0,0.5,0.30000000000000004,10.0,3,0,16,19,14,16,67
66860,1.0,15.0,4.0,9.0,2.0,1.0,0.5,0.30000000000000004,10.0,4,0,6,9,8,9,34
66860,1.0,15.0,4.0,9.0,2.0,1.0,0.5,0.30000000000000004,10.0,5,0,3,4,5,4,19
66860,1.0,15.0,4.0,9.0,2.0,1.0,0.5,0.30000000000000004,10.0,6,0,2,0,3,1,11
66860,1.0,15.0,4.0,9.0,2.0,1.0,0.5,0.30000000000000004,10.0,7,0,0,0,1,1,5
66860,1.0,15.0,4.0,9.0,2.0,1.0,0.5,0.30000000000000004,10.0,8,0,0,0,0,1,2
66860,1.0,15.0,4.0,9.0,2.0,1.0,0.5,0.30000000000000004,10.0,9,0,0,0,0,1,1
66860,1.0,15.0,4.0,9.0,2.0,1.0,0.5,0.30000000000000004,10.0,10,0,0,0,0,0,1