Exp Num,agent:svo_convergence_factor,agent:params:metabolism,agent:params:consumption_factor,agent:params:procreate_cost_factor,agent:params:procreate_req_factor,agent:params:start_energy_factor,agent:params:caught_chance,agent:params:caught_cooldown_factor,agent:params:maximum_age,Epoch,Resource,A,B,C,D,E
65479,1.0,15.0,4.0,7.0,1.0,2.0,0.5,0.1,50.0,0,3440.0,15,27,11,22,78
65479,1.0,15.0,4.0,7.0,1.0,2.0,0.5,0.1,50.0,1,1420.0,9,18,11,20,63
65479,1.0,15.0,4.0,7.0,1.0,2.0,0.5,0.1,50.0,2,815.0,7,17,11,21,60
65479,1.0,15.0,4.0,7.0,1.0,2.0,0.5,0.1,50.0,3,0,7,19,13,21,64
65479,1.0,15.0,4.0,7.0,1.0,2.0,0.5,0.1,50.0,4,0,7,19,13,21,64
65479,1.0,15.0,4.0,7.0,1.0,2.0,0.5,0.1,50.0,5,0,6,15,9,12,44
65479,1.0,15.0,4.0,7.0,1.0,2.0,0.5,0.1,50.0,6,0,4,12,9,8,33
65479,1.0,15.0,4.0,7.0,1.0,2.0,0.5,0.1,50.0,7,0,2,10,7,4,22
65479,1.0,15.0,4.0,7.0,1.0,2.0,0.5,0.1,50.0,8,0,0,7,7,3,14
65479,1.0,15.0,4.0,7.0,1.0,2.0,0.5,0.1,50.0,9,0,0,7,7,2,14
65479,1.0,15.0,4.0,7.0,1.0,2.0,0.5,0.1,50.0,10,0,0,5,7,2,12
65479,1.0,15.0,4.0,7.0,1.0,2.0,0.5,0.1,50.0,11,0,0,4,5,1,9
65479,1.0,15.0,4.0,7.0,1.0,2.0,0.5,0.1,50.0,12,0,0,3,3,0,6
65479,1.0,15.0,4.0,7.0,1.0,2.0,0.5,0.1,50.0,13,0,0,2,3,0,5
65479,1.0,15.0,4.0,7.0,1.0,2.0,0.5,0.1,50.0,14,100,0,2,1,0,3
65479,1.0,15.0,4.0,7.0,1.0,2.0,0.5,0.1,50.0,15,65.0,0,1,1,0,2
65479,1.0,15.0,4.0,7.0,1.0,2.0,0.5,0.1,50.0,16,81.25,0,1,1,0,2
65479,1.0,15.0,4.0,7.0,1.0,2.0,0.5,0.1,50.0,17,101.5625,0,1,1,0,2
65479,1.0,15.0,4.0,7.0,1.0,2.0,0.5,0.1,50.0,18,126.953125,0,1,1,0,2
65479,1.0,15.0,4.0,7.0,1.0,2.0,0.5,0.1,50.0,19,158.69140625,0,0,1,0,1