Exp Num,agent:svo_convergence_factor,agent:params:metabolism,agent:params:consumption_factor,agent:params:procreate_cost_factor,agent:params:procreate_req_factor,agent:params:start_energy_factor,agent:params:caught_chance,agent:params:caught_cooldown_factor,agent:params:maximum_age,Epoch,Resource,A,B,C,D,E
60680,1.0,15.0,3.0,7.0,3.0,3.0,0.30000000000000004,0.2,10.0,0,3470.0,23,31,14,17,83
60680,1.0,15.0,3.0,7.0,3.0,3.0,0.30000000000000004,0.2,10.0,1,3032.5,23,31,14,17,83
60680,1.0,15.0,3.0,7.0,3.0,3.0,0.30000000000000004,0.2,10.0,2,2170.625,16,27,10,14,66
60680,1.0,15.0,3.0,7.0,3.0,3.0,0.30000000000000004,0.2,10.0,3,1858.28125,14,26,10,14,63
60680,1.0,15.0,3.0,7.0,3.0,3.0,0.30000000000000004,0.2,10.0,4,1467.8515625,14,26,10,14,63
60680,1.0,15.0,3.0,7.0,3.0,3.0,0.30000000000000004,0.2,10.0,5,169.814453125,13,24,9,14,59
60680,1.0,15.0,3.0,7.0,3.0,3.0,0.30000000000000004,0.2,10.0,6,0,11,22,7,14,51
60680,1.0,15.0,3.0,7.0,3.0,3.0,0.30000000000000004,0.2,10.0,7,0,11,22,7,14,49
60680,1.0,15.0,3.0,7.0,3.0,3.0,0.30000000000000004,0.2,10.0,8,0,9,18,4,7,35
60680,1.0,15.0,3.0,7.0,3.0,3.0,0.30000000000000004,0.2,10.0,9,0,8,14,3,4,25
60680,1.0,15.0,3.0,7.0,3.0,3.0,0.30000000000000004,0.2,10.0,10,0,6,11,3,1,20
60680,1.0,15.0,3.0,7.0,3.0,3.0,0.30000000000000004,0.2,10.0,11,0,5,5,3,1,13
60680,1.0,15.0,3.0,7.0,3.0,3.0,0.30000000000000004,0.2,10.0,12,0,3,3,1,1,7
60680,1.0,15.0,3.0,7.0,3.0,3.0,0.30000000000000004,0.2,10.0,13,0,1,2,1,0,4
60680,1.0,15.0,3.0,7.0,3.0,3.0,0.30000000000000004,0.2,10.0,14,0,1,1,1,0,3
60680,1.0,15.0,3.0,7.0,3.0,3.0,0.30000000000000004,0.2,10.0,15,0,0,1,1,0,2
60680,1.0,15.0,3.0,7.0,3.0,3.0,0.30000000000000004,0.2,10.0,16,0,0,1,0,0,1