Exp Num,agent:svo_convergence_factor,agent:params:metabolism,agent:params:consumption_factor,agent:params:procreate_cost_factor,agent:params:procreate_req_factor,agent:params:start_energy_factor,agent:params:caught_chance,agent:params:caught_cooldown_factor,agent:params:maximum_age,Epoch,Resource,A,B,C,D,E
64941,1.0,15.0,4.0,5.0,3.0,1.0,0.30000000000000004,0.4,20.0,0,0,17,31,9,21,70
64941,1.0,15.0,4.0,5.0,3.0,1.0,0.30000000000000004,0.4,20.0,1,0,16,30,8,18,66
64941,1.0,15.0,4.0,5.0,3.0,1.0,0.30000000000000004,0.4,20.0,2,0,15,30,8,18,65
64941,1.0,15.0,4.0,5.0,3.0,1.0,0.30000000000000004,0.4,20.0,3,0,15,30,8,18,65
64941,1.0,15.0,4.0,5.0,3.0,1.0,0.30000000000000004,0.4,20.0,4,0,6,19,3,9,34
64941,1.0,15.0,4.0,5.0,3.0,1.0,0.30000000000000004,0.4,20.0,5,0,3,10,1,4,18
64941,1.0,15.0,4.0,5.0,3.0,1.0,0.30000000000000004,0.4,20.0,6,0,2,5,1,1,10
64941,1.0,15.0,4.0,5.0,3.0,1.0,0.30000000000000004,0.4,20.0,7,0,2,1,1,1,4
64941,1.0,15.0,4.0,5.0,3.0,1.0,0.30000000000000004,0.4,20.0,8,0,1,1,1,0,3
64941,1.0,15.0,4.0,5.0,3.0,1.0,0.30000000000000004,0.4,20.0,9,0,0,0,1,0,1