Exp Num,agent:svo_convergence_factor,agent:params:metabolism,agent:params:consumption_factor,agent:params:procreate_cost_factor,agent:params:procreate_req_factor,agent:params:start_energy_factor,agent:params:caught_chance,agent:params:caught_cooldown_factor,agent:params:maximum_age,Epoch,Resource,A,B,C,D,E
61636,1.0,15.0,3.0,9.0,3.0,2.0,0.1,0.30000000000000004,20.0,0,2840.0,14,29,11,27,73
61636,1.0,15.0,3.0,9.0,3.0,2.0,0.1,0.30000000000000004,20.0,1,0,14,28,10,26,71
61636,1.0,15.0,3.0,9.0,3.0,2.0,0.1,0.30000000000000004,20.0,2,0,14,27,10,26,70
61636,1.0,15.0,3.0,9.0,3.0,2.0,0.1,0.30000000000000004,20.0,3,0,14,27,10,26,70
61636,1.0,15.0,3.0,9.0,3.0,2.0,0.1,0.30000000000000004,20.0,4,0,12,18,7,12,45
61636,1.0,15.0,3.0,9.0,3.0,2.0,0.1,0.30000000000000004,20.0,5,0,11,16,4,5,34
61636,1.0,15.0,3.0,9.0,3.0,2.0,0.1,0.30000000000000004,20.0,6,0,11,15,3,4,29
61636,1.0,15.0,3.0,9.0,3.0,2.0,0.1,0.30000000000000004,20.0,7,0,8,11,1,4,20
61636,1.0,15.0,3.0,9.0,3.0,2.0,0.1,0.30000000000000004,20.0,8,0,3,9,1,2,13
61636,1.0,15.0,3.0,9.0,3.0,2.0,0.1,0.30000000000000004,20.0,9,0,3,4,1,1,8
61636,1.0,15.0,3.0,9.0,3.0,2.0,0.1,0.30000000000000004,20.0,10,0,2,2,0,1,4
61636,1.0,15.0,3.0,9.0,3.0,2.0,0.1,0.30000000000000004,20.0,11,0,1,1,0,1,2
61636,1.0,15.0,3.0,9.0,3.0,2.0,0.1,0.30000000000000004,20.0,12,55.0,0,1,0,1,1
61636,1.0,15.0,3.0,9.0,3.0,2.0,0.1,0.30000000000000004,20.0,13,23.75,0,1,0,1,1
61636,1.0,15.0,3.0,9.0,3.0,2.0,0.1,0.30000000000000004,20.0,14,0,0,1,0,1,1
61636,1.0,15.0,3.0,9.0,3.0,2.0,0.1,0.30000000000000004,20.0,15,0,0,1,0,0,1