Exp Num,agent:svo_convergence_factor,agent:params:metabolism,agent:params:consumption_factor,agent:params:procreate_cost_factor,agent:params:procreate_req_factor,agent:params:start_energy_factor,agent:params:caught_chance,agent:params:caught_cooldown_factor,agent:params:maximum_age,Epoch,Resource,A,B,C,D,E
61792,1.0,15.0,3.0,9.0,3.0,3.0,0.2,0.4,30.0,0,3425.0,9,36,16,24,76
61792,1.0,15.0,3.0,9.0,3.0,3.0,0.2,0.4,30.0,1,2931.25,9,36,16,24,76
61792,1.0,15.0,3.0,9.0,3.0,3.0,0.2,0.4,30.0,2,1729.0625,8,29,11,22,60
61792,1.0,15.0,3.0,9.0,3.0,3.0,0.2,0.4,30.0,3,1081.328125,7,29,11,21,59
61792,1.0,15.0,3.0,9.0,3.0,3.0,0.2,0.4,30.0,4,631.66015625,7,29,11,21,58
61792,1.0,15.0,3.0,9.0,3.0,3.0,0.2,0.4,30.0,5,0,3,25,9,18,47
61792,1.0,15.0,3.0,9.0,3.0,3.0,0.2,0.4,30.0,6,0,3,22,7,15,40
61792,1.0,15.0,3.0,9.0,3.0,3.0,0.2,0.4,30.0,7,0,3,22,6,13,39
61792,1.0,15.0,3.0,9.0,3.0,3.0,0.2,0.4,30.0,8,0,3,20,3,8,30
61792,1.0,15.0,3.0,9.0,3.0,3.0,0.2,0.4,30.0,9,0,3,18,2,7,24
61792,1.0,15.0,3.0,9.0,3.0,3.0,0.2,0.4,30.0,10,0,3,16,2,4,21
61792,1.0,15.0,3.0,9.0,3.0,3.0,0.2,0.4,30.0,11,0,3,14,2,2,19
61792,1.0,15.0,3.0,9.0,3.0,3.0,0.2,0.4,30.0,12,0,3,11,2,1,16
61792,1.0,15.0,3.0,9.0,3.0,3.0,0.2,0.4,30.0,13,0,3,8,0,0,11
61792,1.0,15.0,3.0,9.0,3.0,3.0,0.2,0.4,30.0,14,0,2,7,0,0,9
61792,1.0,15.0,3.0,9.0,3.0,3.0,0.2,0.4,30.0,15,0,2,4,0,0,6
61792,1.0,15.0,3.0,9.0,3.0,3.0,0.2,0.4,30.0,16,100,2,2,0,0,4
61792,1.0,15.0,3.0,9.0,3.0,3.0,0.2,0.4,30.0,17,125.0,2,2,0,0,4
61792,1.0,15.0,3.0,9.0,3.0,3.0,0.2,0.4,30.0,18,156.25,2,1,0,0,3
61792,1.0,15.0,3.0,9.0,3.0,3.0,0.2,0.4,30.0,19,195.3125,2,1,0,0,3
61792,1.0,15.0,3.0,9.0,3.0,3.0,0.2,0.4,30.0,20,244.140625,2,1,0,0,3
61792,1.0,15.0,3.0,9.0,3.0,3.0,0.2,0.4,30.0,21,305.17578125,2,0,0,0,2
61792,1.0,15.0,3.0,9.0,3.0,3.0,0.2,0.4,30.0,22,381.4697265625,1,0,0,0,1