Exp Num,agent:svo_convergence_factor,agent:params:metabolism,agent:params:consumption_factor,agent:params:procreate_cost_factor,agent:params:procreate_req_factor,agent:params:start_energy_factor,agent:params:caught_chance,agent:params:caught_cooldown_factor,agent:params:maximum_age,Epoch,Resource,A,B,C,D,E
60800,1.0,15.0,3.0,9.0,1.0,1.0,0.30000000000000004,0.1,10.0,0,500.0,11,26,13,28,72
60800,1.0,15.0,3.0,9.0,1.0,1.0,0.30000000000000004,0.1,10.0,1,0,11,26,13,28,72
60800,1.0,15.0,3.0,9.0,1.0,1.0,0.30000000000000004,0.1,10.0,2,0,11,26,13,28,72
60800,1.0,15.0,3.0,9.0,1.0,1.0,0.30000000000000004,0.1,10.0,3,0,6,16,7,14,40
60800,1.0,15.0,3.0,9.0,1.0,1.0,0.30000000000000004,0.1,10.0,4,0,6,13,5,3,28
60800,1.0,15.0,3.0,9.0,1.0,1.0,0.30000000000000004,0.1,10.0,5,0,4,7,2,2,17
60800,1.0,15.0,3.0,9.0,1.0,1.0,0.30000000000000004,0.1,10.0,6,0,4,5,2,0,13
60800,1.0,15.0,3.0,9.0,1.0,1.0,0.30000000000000004,0.1,10.0,7,0,2,4,2,0,8
60800,1.0,15.0,3.0,9.0,1.0,1.0,0.30000000000000004,0.1,10.0,8,0,2,2,1,0,5
60800,1.0,15.0,3.0,9.0,1.0,1.0,0.30000000000000004,0.1,10.0,9,0,1,2,1,0,4
60800,1.0,15.0,3.0,9.0,1.0,1.0,0.30000000000000004,0.1,10.0,10,0,0,2,0,0,2
60800,1.0,15.0,3.0,9.0,1.0,1.0,0.30000000000000004,0.1,10.0,11,0,0,1,0,0,1