Exp Num,agent:svo_convergence_factor,agent:params:metabolism,agent:params:consumption_factor,agent:params:procreate_cost_factor,agent:params:procreate_req_factor,agent:params:start_energy_factor,agent:params:caught_chance,agent:params:caught_cooldown_factor,agent:params:maximum_age,Epoch,Resource,A,B,C,D,E
60823,1.0,15.0,3.0,9.0,1.0,1.0,0.30000000000000004,0.5,40.0,0,500.0,14,21,13,26,74
60823,1.0,15.0,3.0,9.0,1.0,1.0,0.30000000000000004,0.5,40.0,1,0,14,21,13,26,74
60823,1.0,15.0,3.0,9.0,1.0,1.0,0.30000000000000004,0.5,40.0,2,0,14,21,13,26,74
60823,1.0,15.0,3.0,9.0,1.0,1.0,0.30000000000000004,0.5,40.0,3,0,6,12,9,11,44
60823,1.0,15.0,3.0,9.0,1.0,1.0,0.30000000000000004,0.5,40.0,4,0,3,8,6,9,23
60823,1.0,15.0,3.0,9.0,1.0,1.0,0.30000000000000004,0.5,40.0,5,0,2,4,4,7,13
60823,1.0,15.0,3.0,9.0,1.0,1.0,0.30000000000000004,0.5,40.0,6,0,1,2,3,3,9
60823,1.0,15.0,3.0,9.0,1.0,1.0,0.30000000000000004,0.5,40.0,7,0,1,2,2,1,6
60823,1.0,15.0,3.0,9.0,1.0,1.0,0.30000000000000004,0.5,40.0,8,0,0,1,2,0,4
60823,1.0,15.0,3.0,9.0,1.0,1.0,0.30000000000000004,0.5,40.0,9,0,0,0,1,0,2
60823,1.0,15.0,3.0,9.0,1.0,1.0,0.30000000000000004,0.5,40.0,10,0,0,0,1,0,2
60823,1.0,15.0,3.0,9.0,1.0,1.0,0.30000000000000004,0.5,40.0,11,0,0,0,1,0,1