Exp Num,agent:svo_convergence_factor,agent:params:metabolism,agent:params:consumption_factor,agent:params:procreate_cost_factor,agent:params:procreate_req_factor,agent:params:start_energy_factor,agent:params:caught_chance,agent:params:caught_cooldown_factor,agent:params:maximum_age,Epoch,Resource,A,B,C,D,E
65053,1.0,15.0,4.0,5.0,3.0,2.0,0.30000000000000004,0.1,40.0,0,2900.0,18,29,9,27,73
65053,1.0,15.0,4.0,5.0,3.0,2.0,0.30000000000000004,0.1,40.0,1,25.0,15,22,9,24,63
65053,1.0,15.0,4.0,5.0,3.0,2.0,0.30000000000000004,0.1,40.0,2,0,14,21,5,22,57
65053,1.0,15.0,4.0,5.0,3.0,2.0,0.30000000000000004,0.1,40.0,3,0,14,20,5,22,56
65053,1.0,15.0,4.0,5.0,3.0,2.0,0.30000000000000004,0.1,40.0,4,0,14,20,5,22,56
65053,1.0,15.0,4.0,5.0,3.0,2.0,0.30000000000000004,0.1,40.0,5,0,12,11,4,10,36
65053,1.0,15.0,4.0,5.0,3.0,2.0,0.30000000000000004,0.1,40.0,6,0,10,7,3,5,25
65053,1.0,15.0,4.0,5.0,3.0,2.0,0.30000000000000004,0.1,40.0,7,0,10,4,2,4,19
65053,1.0,15.0,4.0,5.0,3.0,2.0,0.30000000000000004,0.1,40.0,8,0,9,3,2,2,16
65053,1.0,15.0,4.0,5.0,3.0,2.0,0.30000000000000004,0.1,40.0,9,0,6,3,2,2,12
65053,1.0,15.0,4.0,5.0,3.0,2.0,0.30000000000000004,0.1,40.0,10,0,2,3,2,2,8
65053,1.0,15.0,4.0,5.0,3.0,2.0,0.30000000000000004,0.1,40.0,11,0,2,3,0,2,5
65053,1.0,15.0,4.0,5.0,3.0,2.0,0.30000000000000004,0.1,40.0,12,0,2,2,0,0,4
65053,1.0,15.0,4.0,5.0,3.0,2.0,0.30000000000000004,0.1,40.0,13,40.0,1,1,0,0,2
65053,1.0,15.0,4.0,5.0,3.0,2.0,0.30000000000000004,0.1,40.0,14,0,1,0,0,0,1