Exp Num,agent:svo_convergence_factor,agent:params:metabolism,agent:params:consumption_factor,agent:params:procreate_cost_factor,agent:params:procreate_req_factor,agent:params:start_energy_factor,agent:params:caught_chance,agent:params:caught_cooldown_factor,agent:params:maximum_age,Epoch,Resource,A,B,C,D,E
63320,1.0,15.0,4.0,3.0,1.0,3.0,0.30000000000000004,0.5,10.0,0,3020.0,15,45,13,28,88
63320,1.0,15.0,4.0,3.0,1.0,3.0,0.30000000000000004,0.5,10.0,1,1435.0,22,52,19,30,108
63320,1.0,15.0,4.0,3.0,1.0,3.0,0.30000000000000004,0.5,10.0,2,0,26,53,16,27,104
63320,1.0,15.0,4.0,3.0,1.0,3.0,0.30000000000000004,0.5,10.0,3,0,28,54,15,14,98
63320,1.0,15.0,4.0,3.0,1.0,3.0,0.30000000000000004,0.5,10.0,4,0,20,51,11,9,82
63320,1.0,15.0,4.0,3.0,1.0,3.0,0.30000000000000004,0.5,10.0,5,0,11,38,8,6,57
63320,1.0,15.0,4.0,3.0,1.0,3.0,0.30000000000000004,0.5,10.0,6,0,7,28,5,1,40
63320,1.0,15.0,4.0,3.0,1.0,3.0,0.30000000000000004,0.5,10.0,7,0,5,23,3,1,31
63320,1.0,15.0,4.0,3.0,1.0,3.0,0.30000000000000004,0.5,10.0,8,0,2,17,2,1,21
63320,1.0,15.0,4.0,3.0,1.0,3.0,0.30000000000000004,0.5,10.0,9,0,1,15,1,0,17
63320,1.0,15.0,4.0,3.0,1.0,3.0,0.30000000000000004,0.5,10.0,10,0,0,9,1,0,10
63320,1.0,15.0,4.0,3.0,1.0,3.0,0.30000000000000004,0.5,10.0,11,0,0,7,1,0,8
63320,1.0,15.0,4.0,3.0,1.0,3.0,0.30000000000000004,0.5,10.0,12,0,0,4,1,0,5
63320,1.0,15.0,4.0,3.0,1.0,3.0,0.30000000000000004,0.5,10.0,13,0,0,4,1,0,5
63320,1.0,15.0,4.0,3.0,1.0,3.0,0.30000000000000004,0.5,10.0,14,0,0,3,0,0,3
63320,1.0,15.0,4.0,3.0,1.0,3.0,0.30000000000000004,0.5,10.0,15,0,0,2,0,0,2
63320,1.0,15.0,4.0,3.0,1.0,3.0,0.30000000000000004,0.5,10.0,16,0,0,2,0,0,2
63320,1.0,15.0,4.0,3.0,1.0,3.0,0.30000000000000004,0.5,10.0,17,0,0,2,0,0,2
63320,1.0,15.0,4.0,3.0,1.0,3.0,0.30000000000000004,0.5,10.0,18,0,0,1,0,0,1