Exp Num,agent:svo_convergence_factor,agent:params:metabolism,agent:params:consumption_factor,agent:params:procreate_cost_factor,agent:params:procreate_req_factor,agent:params:start_energy_factor,agent:params:caught_chance,agent:params:caught_cooldown_factor,agent:params:maximum_age,Epoch,Resource,A,B,C,D,E
60926,1.0,15.0,3.0,9.0,1.0,2.0,0.30000000000000004,0.1,20.0,0,3470.0,21,26,8,28,72
60926,1.0,15.0,3.0,9.0,1.0,2.0,0.30000000000000004,0.1,20.0,1,1997.5,20,18,6,26,59
60926,1.0,15.0,3.0,9.0,1.0,2.0,0.30000000000000004,0.1,20.0,2,1101.875,18,17,6,22,56
60926,1.0,15.0,3.0,9.0,1.0,2.0,0.30000000000000004,0.1,20.0,3,342.34375,21,17,6,22,59
60926,1.0,15.0,3.0,9.0,1.0,2.0,0.30000000000000004,0.1,20.0,4,0,14,16,5,17,43
60926,1.0,15.0,3.0,9.0,1.0,2.0,0.30000000000000004,0.1,20.0,5,0,13,11,5,14,34
60926,1.0,15.0,3.0,9.0,1.0,2.0,0.30000000000000004,0.1,20.0,6,0,13,11,5,12,33
60926,1.0,15.0,3.0,9.0,1.0,2.0,0.30000000000000004,0.1,20.0,7,0,8,10,4,9,23
60926,1.0,15.0,3.0,9.0,1.0,2.0,0.30000000000000004,0.1,20.0,8,0,9,8,4,8,21
60926,1.0,15.0,3.0,9.0,1.0,2.0,0.30000000000000004,0.1,20.0,9,0,8,6,4,4,18
60926,1.0,15.0,3.0,9.0,1.0,2.0,0.30000000000000004,0.1,20.0,10,0,8,5,4,0,17
60926,1.0,15.0,3.0,9.0,1.0,2.0,0.30000000000000004,0.1,20.0,11,0,7,5,1,0,13
60926,1.0,15.0,3.0,9.0,1.0,2.0,0.30000000000000004,0.1,20.0,12,0,6,3,1,0,10
60926,1.0,15.0,3.0,9.0,1.0,2.0,0.30000000000000004,0.1,20.0,13,0,5,2,0,0,7
60926,1.0,15.0,3.0,9.0,1.0,2.0,0.30000000000000004,0.1,20.0,14,0,5,0,0,0,5
60926,1.0,15.0,3.0,9.0,1.0,2.0,0.30000000000000004,0.1,20.0,15,0,3,0,0,0,3
60926,1.0,15.0,3.0,9.0,1.0,2.0,0.30000000000000004,0.1,20.0,16,0,3,0,0,0,3
60926,1.0,15.0,3.0,9.0,1.0,2.0,0.30000000000000004,0.1,20.0,17,0,3,0,0,0,3
60926,1.0,15.0,3.0,9.0,1.0,2.0,0.30000000000000004,0.1,20.0,18,0,2,0,0,0,2
60926,1.0,15.0,3.0,9.0,1.0,2.0,0.30000000000000004,0.1,20.0,19,0,1,0,0,0,1