Exp Num,agent:svo_convergence_factor,agent:params:metabolism,agent:params:consumption_factor,agent:params:procreate_cost_factor,agent:params:procreate_req_factor,agent:params:start_energy_factor,agent:params:caught_chance,agent:params:caught_cooldown_factor,agent:params:maximum_age,Epoch,Resource,A,B,C,D,E
65438,1.0,15.0,4.0,7.0,1.0,2.0,0.30000000000000004,0.30000000000000004,40.0,0,2480.0,19,33,8,29,71
65438,1.0,15.0,4.0,7.0,1.0,2.0,0.30000000000000004,0.30000000000000004,40.0,1,0,17,32,9,25,69
65438,1.0,15.0,4.0,7.0,1.0,2.0,0.30000000000000004,0.30000000000000004,40.0,2,0,14,25,7,22,56
65438,1.0,15.0,4.0,7.0,1.0,2.0,0.30000000000000004,0.30000000000000004,40.0,3,0,14,23,6,22,53
65438,1.0,15.0,4.0,7.0,1.0,2.0,0.30000000000000004,0.30000000000000004,40.0,4,0,14,24,6,22,53
65438,1.0,15.0,4.0,7.0,1.0,2.0,0.30000000000000004,0.30000000000000004,40.0,5,0,10,14,3,12,35
65438,1.0,15.0,4.0,7.0,1.0,2.0,0.30000000000000004,0.30000000000000004,40.0,6,0,10,12,1,6,26
65438,1.0,15.0,4.0,7.0,1.0,2.0,0.30000000000000004,0.30000000000000004,40.0,7,0,7,9,1,3,18
65438,1.0,15.0,4.0,7.0,1.0,2.0,0.30000000000000004,0.30000000000000004,40.0,8,0,7,8,0,2,15
65438,1.0,15.0,4.0,7.0,1.0,2.0,0.30000000000000004,0.30000000000000004,40.0,9,0,6,5,0,0,11
65438,1.0,15.0,4.0,7.0,1.0,2.0,0.30000000000000004,0.30000000000000004,40.0,10,0,4,4,0,0,8
65438,1.0,15.0,4.0,7.0,1.0,2.0,0.30000000000000004,0.30000000000000004,40.0,11,0,3,3,0,0,6
65438,1.0,15.0,4.0,7.0,1.0,2.0,0.30000000000000004,0.30000000000000004,40.0,12,100,2,2,0,0,4
65438,1.0,15.0,4.0,7.0,1.0,2.0,0.30000000000000004,0.30000000000000004,40.0,13,125.0,0,2,0,0,2
65438,1.0,15.0,4.0,7.0,1.0,2.0,0.30000000000000004,0.30000000000000004,40.0,14,156.25,0,2,0,0,2
65438,1.0,15.0,4.0,7.0,1.0,2.0,0.30000000000000004,0.30000000000000004,40.0,15,195.3125,0,1,0,0,1