Exp Num,agent:svo_convergence_factor,agent:params:metabolism,agent:params:consumption_factor,agent:params:procreate_cost_factor,agent:params:procreate_req_factor,agent:params:start_energy_factor,agent:params:caught_chance,agent:params:caught_cooldown_factor,agent:params:maximum_age,Epoch,Resource,A,B,C,D,E
67179,1.0,15.0,4.0,9.0,3.0,1.0,0.30000000000000004,0.1,50.0,0,0,9,30,17,27,64
67179,1.0,15.0,4.0,9.0,3.0,1.0,0.30000000000000004,0.1,50.0,1,0,9,27,15,24,59
67179,1.0,15.0,4.0,9.0,3.0,1.0,0.30000000000000004,0.1,50.0,2,0,9,27,15,24,59
67179,1.0,15.0,4.0,9.0,3.0,1.0,0.30000000000000004,0.1,50.0,3,0,9,27,15,24,59
67179,1.0,15.0,4.0,9.0,3.0,1.0,0.30000000000000004,0.1,50.0,4,0,3,13,8,13,30
67179,1.0,15.0,4.0,9.0,3.0,1.0,0.30000000000000004,0.1,50.0,5,0,2,9,6,5,18
67179,1.0,15.0,4.0,9.0,3.0,1.0,0.30000000000000004,0.1,50.0,6,0,1,7,3,1,11
67179,1.0,15.0,4.0,9.0,3.0,1.0,0.30000000000000004,0.1,50.0,7,0,1,3,1,1,5
67179,1.0,15.0,4.0,9.0,3.0,1.0,0.30000000000000004,0.1,50.0,8,0,0,2,0,1,2
67179,1.0,15.0,4.0,9.0,3.0,1.0,0.30000000000000004,0.1,50.0,9,0,0,1,0,0,1