Exp Num,agent:svo_convergence_factor,agent:params:metabolism,agent:params:consumption_factor,agent:params:procreate_cost_factor,agent:params:procreate_req_factor,agent:params:start_energy_factor,agent:params:caught_chance,agent:params:caught_cooldown_factor,agent:params:maximum_age,Epoch,Resource,A,B,C,D,E
65209,1.0,15.0,4.0,5.0,3.0,3.0,0.4,0.2,50.0,0,3500.0,21,20,10,32,68
65209,1.0,15.0,4.0,5.0,3.0,3.0,0.4,0.2,50.0,1,2995.0,21,20,10,32,68
65209,1.0,15.0,4.0,5.0,3.0,3.0,0.4,0.2,50.0,2,1583.75,14,13,9,26,53
65209,1.0,15.0,4.0,5.0,3.0,3.0,0.4,0.2,50.0,3,1079.6875,12,12,7,25,47
65209,1.0,15.0,4.0,5.0,3.0,3.0,0.4,0.2,50.0,4,689.609375,12,12,7,25,47
65209,1.0,15.0,4.0,5.0,3.0,3.0,0.4,0.2,50.0,5,382.01171875,12,12,7,25,47
65209,1.0,15.0,4.0,5.0,3.0,3.0,0.4,0.2,50.0,6,0,11,10,7,18,35
65209,1.0,15.0,4.0,5.0,3.0,3.0,0.4,0.2,50.0,7,0,11,9,5,13,29
65209,1.0,15.0,4.0,5.0,3.0,3.0,0.4,0.2,50.0,8,0,11,8,5,9,27
65209,1.0,15.0,4.0,5.0,3.0,3.0,0.4,0.2,50.0,9,0,10,8,4,9,25
65209,1.0,15.0,4.0,5.0,3.0,3.0,0.4,0.2,50.0,10,0,9,7,4,8,21
65209,1.0,15.0,4.0,5.0,3.0,3.0,0.4,0.2,50.0,11,0,8,6,3,2,18
65209,1.0,15.0,4.0,5.0,3.0,3.0,0.4,0.2,50.0,12,0,7,5,3,1,16
65209,1.0,15.0,4.0,5.0,3.0,3.0,0.4,0.2,50.0,13,0,6,5,3,1,14
65209,1.0,15.0,4.0,5.0,3.0,3.0,0.4,0.2,50.0,14,0,6,5,3,1,14
65209,1.0,15.0,4.0,5.0,3.0,3.0,0.4,0.2,50.0,15,0,5,3,3,0,11
65209,1.0,15.0,4.0,5.0,3.0,3.0,0.4,0.2,50.0,16,0,4,3,2,0,9
65209,1.0,15.0,4.0,5.0,3.0,3.0,0.4,0.2,50.0,17,100,3,3,2,0,8
65209,1.0,15.0,4.0,5.0,3.0,3.0,0.4,0.2,50.0,18,125.0,2,3,0,0,5
65209,1.0,15.0,4.0,5.0,3.0,3.0,0.4,0.2,50.0,19,96.25,1,2,0,0,3
65209,1.0,15.0,4.0,5.0,3.0,3.0,0.4,0.2,50.0,20,60.3125,1,2,0,0,3
65209,1.0,15.0,4.0,5.0,3.0,3.0,0.4,0.2,50.0,21,15.390625,1,2,0,0,3
65209,1.0,15.0,4.0,5.0,3.0,3.0,0.4,0.2,50.0,22,19.23828125,1,2,0,0,3
65209,1.0,15.0,4.0,5.0,3.0,3.0,0.4,0.2,50.0,23,0,0,2,0,0,2
65209,1.0,15.0,4.0,5.0,3.0,3.0,0.4,0.2,50.0,24,0,0,1,0,0,1