Exp Num,agent:svo_convergence_factor,agent:params:metabolism,agent:params:consumption_factor,agent:params:procreate_cost_factor,agent:params:procreate_req_factor,agent:params:start_energy_factor,agent:params:caught_chance,agent:params:caught_cooldown_factor,agent:params:maximum_age,Epoch,Resource,A,B,C,D,E
65050,1.0,15.0,4.0,5.0,3.0,2.0,0.30000000000000004,0.1,10.0,0,2720.0,13,34,9,24,76
65050,1.0,15.0,4.0,5.0,3.0,2.0,0.30000000000000004,0.1,10.0,1,0,10,29,9,20,67
65050,1.0,15.0,4.0,5.0,3.0,2.0,0.30000000000000004,0.1,10.0,2,0,10,28,9,17,65
65050,1.0,15.0,4.0,5.0,3.0,2.0,0.30000000000000004,0.1,10.0,3,0,10,28,9,17,65
65050,1.0,15.0,4.0,5.0,3.0,2.0,0.30000000000000004,0.1,10.0,4,0,10,28,9,17,65
65050,1.0,15.0,4.0,5.0,3.0,2.0,0.30000000000000004,0.1,10.0,5,0,7,19,7,6,41
65050,1.0,15.0,4.0,5.0,3.0,2.0,0.30000000000000004,0.1,10.0,6,0,5,14,3,4,24
65050,1.0,15.0,4.0,5.0,3.0,2.0,0.30000000000000004,0.1,10.0,7,0,4,10,2,2,18
65050,1.0,15.0,4.0,5.0,3.0,2.0,0.30000000000000004,0.1,10.0,8,0,3,9,1,1,13
65050,1.0,15.0,4.0,5.0,3.0,2.0,0.30000000000000004,0.1,10.0,9,0,3,7,1,0,11
65050,1.0,15.0,4.0,5.0,3.0,2.0,0.30000000000000004,0.1,10.0,10,0,2,5,1,0,8
65050,1.0,15.0,4.0,5.0,3.0,2.0,0.30000000000000004,0.1,10.0,11,0,1,3,1,0,5
65050,1.0,15.0,4.0,5.0,3.0,2.0,0.30000000000000004,0.1,10.0,12,0,1,2,1,0,4
65050,1.0,15.0,4.0,5.0,3.0,2.0,0.30000000000000004,0.1,10.0,13,0,0,2,1,0,3
65050,1.0,15.0,4.0,5.0,3.0,2.0,0.30000000000000004,0.1,10.0,14,0,0,1,0,0,1