Exp Num,agent:svo_convergence_factor,agent:params:metabolism,agent:params:consumption_factor,agent:params:procreate_cost_factor,agent:params:procreate_req_factor,agent:params:start_energy_factor,agent:params:caught_chance,agent:params:caught_cooldown_factor,agent:params:maximum_age,Epoch,Resource,A,B,C,D,E
66486,1.0,15.0,4.0,9.0,1.0,1.0,0.5,0.30000000000000004,20.0,0,0,19,25,7,25,66
66486,1.0,15.0,4.0,9.0,1.0,1.0,0.5,0.30000000000000004,20.0,1,0,19,21,6,23,60
66486,1.0,15.0,4.0,9.0,1.0,1.0,0.5,0.30000000000000004,20.0,2,0,19,21,6,23,60
66486,1.0,15.0,4.0,9.0,1.0,1.0,0.5,0.30000000000000004,20.0,3,0,19,21,6,23,60
66486,1.0,15.0,4.0,9.0,1.0,1.0,0.5,0.30000000000000004,20.0,4,0,4,8,3,18,25
66486,1.0,15.0,4.0,9.0,1.0,1.0,0.5,0.30000000000000004,20.0,5,0,2,3,2,10,13
66486,1.0,15.0,4.0,9.0,1.0,1.0,0.5,0.30000000000000004,20.0,6,0,1,0,1,5,7
66486,1.0,15.0,4.0,9.0,1.0,1.0,0.5,0.30000000000000004,20.0,7,0,0,0,0,3,3
66486,1.0,15.0,4.0,9.0,1.0,1.0,0.5,0.30000000000000004,20.0,8,0,0,0,0,2,1
66486,1.0,15.0,4.0,9.0,1.0,1.0,0.5,0.30000000000000004,20.0,9,0,0,0,0,0,1