Exp Num,agent:svo_convergence_factor,agent:params:metabolism,agent:params:consumption_factor,agent:params:procreate_cost_factor,agent:params:procreate_req_factor,agent:params:start_energy_factor,agent:params:caught_chance,agent:params:caught_cooldown_factor,agent:params:maximum_age,Epoch,Resource,A,B,C,D,E
67490,1.0,15.0,4.0,9.0,3.0,3.0,0.5,0.4,10.0,0,3500.0,11,30,12,33,67
67490,1.0,15.0,4.0,9.0,3.0,3.0,0.5,0.4,10.0,1,3595.0,11,30,12,33,67
67490,1.0,15.0,4.0,9.0,3.0,3.0,0.5,0.4,10.0,2,2393.75,7,18,8,29,47
67490,1.0,15.0,4.0,9.0,3.0,3.0,0.5,0.4,10.0,3,2392.1875,5,15,7,29,41
67490,1.0,15.0,4.0,9.0,3.0,3.0,0.5,0.4,10.0,4,2390.234375,5,15,7,28,41
67490,1.0,15.0,4.0,9.0,3.0,3.0,0.5,0.4,10.0,5,2327.79296875,5,15,7,28,41
67490,1.0,15.0,4.0,9.0,3.0,3.0,0.5,0.4,10.0,6,2069.7412109375,3,13,5,21,33
67490,1.0,15.0,4.0,9.0,3.0,3.0,0.5,0.4,10.0,7,1867.176513671875,3,13,5,17,33
67490,1.0,15.0,4.0,9.0,3.0,3.0,0.5,0.4,10.0,8,1853.9706420898438,3,13,5,16,32
67490,1.0,15.0,4.0,9.0,3.0,3.0,0.5,0.4,10.0,9,2137.4633026123047,3,13,5,15,32
67490,1.0,15.0,4.0,9.0,3.0,3.0,0.5,0.4,10.0,10,2311.829128265381,2,9,2,12,22
67490,1.0,15.0,4.0,9.0,3.0,3.0,0.5,0.4,10.0,11,2589.786410331726,1,5,2,7,13
67490,1.0,15.0,4.0,9.0,3.0,3.0,0.5,0.4,10.0,12,2697.2330129146576,1,3,0,7,5
67490,1.0,15.0,4.0,9.0,3.0,3.0,0.5,0.4,10.0,13,3131.541266143322,0,2,0,3,3
67490,1.0,15.0,4.0,9.0,3.0,3.0,0.5,0.4,10.0,14,3734.4265826791525,0,2,0,0,3
67490,1.0,15.0,4.0,9.0,3.0,3.0,0.5,0.4,10.0,15,4548.033228348941,0,0,0,0,1