Exp Num,agent:svo_convergence_factor,agent:params:metabolism,agent:params:consumption_factor,agent:params:procreate_cost_factor,agent:params:procreate_req_factor,agent:params:start_energy_factor,agent:params:caught_chance,agent:params:caught_cooldown_factor,agent:params:maximum_age,Epoch,Resource,A,B,C,D,E
67440,1.0,15.0,4.0,9.0,3.0,3.0,0.30000000000000004,0.4,10.0,0,3380.0,15,24,7,28,72
67440,1.0,15.0,4.0,9.0,3.0,3.0,0.30000000000000004,0.4,10.0,1,2905.0,15,24,7,28,72
67440,1.0,15.0,4.0,9.0,3.0,3.0,0.30000000000000004,0.4,10.0,2,871.25,8,18,7,26,57
67440,1.0,15.0,4.0,9.0,3.0,3.0,0.30000000000000004,0.4,10.0,3,0,6,16,7,25,53
67440,1.0,15.0,4.0,9.0,3.0,3.0,0.30000000000000004,0.4,10.0,4,0,6,16,7,25,53
67440,1.0,15.0,4.0,9.0,3.0,3.0,0.30000000000000004,0.4,10.0,5,0,6,16,7,25,53
67440,1.0,15.0,4.0,9.0,3.0,3.0,0.30000000000000004,0.4,10.0,6,0,4,12,5,18,33
67440,1.0,15.0,4.0,9.0,3.0,3.0,0.30000000000000004,0.4,10.0,7,0,4,12,5,11,24
67440,1.0,15.0,4.0,9.0,3.0,3.0,0.30000000000000004,0.4,10.0,8,0,3,9,5,10,17
67440,1.0,15.0,4.0,9.0,3.0,3.0,0.30000000000000004,0.4,10.0,9,0,3,8,4,8,15
67440,1.0,15.0,4.0,9.0,3.0,3.0,0.30000000000000004,0.4,10.0,10,0,2,7,3,6,12
67440,1.0,15.0,4.0,9.0,3.0,3.0,0.30000000000000004,0.4,10.0,11,0,2,3,2,5,7
67440,1.0,15.0,4.0,9.0,3.0,3.0,0.30000000000000004,0.4,10.0,12,0,1,1,2,3,4
67440,1.0,15.0,4.0,9.0,3.0,3.0,0.30000000000000004,0.4,10.0,13,0,0,1,2,2,3
67440,1.0,15.0,4.0,9.0,3.0,3.0,0.30000000000000004,0.4,10.0,14,100,0,1,2,0,3
67440,1.0,15.0,4.0,9.0,3.0,3.0,0.30000000000000004,0.4,10.0,15,65.0,0,0,1,0,1