Exp Num,agent:svo_convergence_factor,agent:params:metabolism,agent:params:consumption_factor,agent:params:procreate_cost_factor,agent:params:procreate_req_factor,agent:params:start_energy_factor,agent:params:caught_chance,agent:params:caught_cooldown_factor,agent:params:maximum_age,Epoch,Resource,A,B,C,D,E
62676,1.0,15.0,4.0,1.0,3.0,1.0,0.30000000000000004,0.1,20.0,0,0,28,30,23,33,99
62676,1.0,15.0,4.0,1.0,3.0,1.0,0.30000000000000004,0.1,20.0,1,0,26,29,22,30,95
62676,1.0,15.0,4.0,1.0,3.0,1.0,0.30000000000000004,0.1,20.0,2,0,22,23,9,25,68
62676,1.0,15.0,4.0,1.0,3.0,1.0,0.30000000000000004,0.1,20.0,3,0,15,10,6,13,40
62676,1.0,15.0,4.0,1.0,3.0,1.0,0.30000000000000004,0.1,20.0,4,0,6,6,3,8,21
62676,1.0,15.0,4.0,1.0,3.0,1.0,0.30000000000000004,0.1,20.0,5,0,4,2,2,6,11
62676,1.0,15.0,4.0,1.0,3.0,1.0,0.30000000000000004,0.1,20.0,6,0,2,1,0,5,5
62676,1.0,15.0,4.0,1.0,3.0,1.0,0.30000000000000004,0.1,20.0,7,0,2,1,0,3,3
62676,1.0,15.0,4.0,1.0,3.0,1.0,0.30000000000000004,0.1,20.0,8,0,1,0,0,2,1
62676,1.0,15.0,4.0,1.0,3.0,1.0,0.30000000000000004,0.1,20.0,9,0,1,0,0,0,1