Exp Num,agent:svo_convergence_factor,agent:params:metabolism,agent:params:consumption_factor,agent:params:procreate_cost_factor,agent:params:procreate_req_factor,agent:params:start_energy_factor,agent:params:caught_chance,agent:params:caught_cooldown_factor,agent:params:maximum_age,Epoch,Resource,A,B,C,D,E
68202,2.0,5.0,1.0,1.0,2.0,3.0,0.4,0.1,30.0,0,4500.0,19,43,14,44,106
68202,2.0,5.0,1.0,1.0,2.0,3.0,0.4,0.1,30.0,1,4875.0,22,65,39,62,163
68202,2.0,5.0,1.0,1.0,2.0,3.0,0.4,0.1,30.0,2,4968.75,24,73,56,69,193
68202,2.0,5.0,1.0,1.0,2.0,3.0,0.4,0.1,30.0,3,4900.9375,24,78,66,73,208
68202,2.0,5.0,1.0,1.0,2.0,3.0,0.4,0.1,30.0,4,4721.171875,24,80,71,75,215
68202,2.0,5.0,1.0,1.0,2.0,3.0,0.4,0.1,30.0,5,4451.46484375,24,81,75,75,220
68202,2.0,5.0,1.0,1.0,2.0,3.0,0.4,0.1,30.0,6,4089.3310546875,24,81,77,75,222
68202,2.0,5.0,1.0,1.0,2.0,3.0,0.4,0.1,30.0,7,3626.663818359375,24,81,78,75,223
68202,2.0,5.0,1.0,1.0,2.0,3.0,0.4,0.1,30.0,8,3043.3297729492188,24,81,79,75,224
68202,2.0,5.0,1.0,1.0,2.0,3.0,0.4,0.1,30.0,9,2314.1622161865234,24,81,79,75,224
68202,2.0,5.0,1.0,1.0,2.0,3.0,0.4,0.1,30.0,10,1407.7027702331543,24,81,78,75,223
68202,2.0,5.0,1.0,1.0,2.0,3.0,0.4,0.1,30.0,11,269.62846279144287,24,81,78,75,223
68202,2.0,5.0,1.0,1.0,2.0,3.0,0.4,0.1,30.0,12,0,17,45,50,45,137
68202,2.0,5.0,1.0,1.0,2.0,3.0,0.4,0.1,30.0,13,0,12,21,25,23,68
68202,2.0,5.0,1.0,1.0,2.0,3.0,0.4,0.1,30.0,14,0,4,12,12,12,33
68202,2.0,5.0,1.0,1.0,2.0,3.0,0.4,0.1,30.0,15,0,3,6,5,5,17
68202,2.0,5.0,1.0,1.0,2.0,3.0,0.4,0.1,30.0,16,0,3,5,1,2,9
68202,2.0,5.0,1.0,1.0,2.0,3.0,0.4,0.1,30.0,17,0,1,2,0,2,3
68202,2.0,5.0,1.0,1.0,2.0,3.0,0.4,0.1,30.0,18,0,0,2,0,0,2
68202,2.0,5.0,1.0,1.0,2.0,3.0,0.4,0.1,30.0,19,0,0,1,0,0,1