Exp Num,agent:svo_convergence_factor,agent:params:metabolism,agent:params:consumption_factor,agent:params:procreate_cost_factor,agent:params:procreate_req_factor,agent:params:start_energy_factor,agent:params:caught_chance,agent:params:caught_cooldown_factor,agent:params:maximum_age,Epoch,Resource,A,B,C,D,E
66162,1.0,15.0,4.0,7.0,3.0,2.0,0.2,0.30000000000000004,30.0,0,2540.0,21,24,12,20,80
66162,1.0,15.0,4.0,7.0,3.0,2.0,0.2,0.30000000000000004,30.0,1,0,15,21,11,19,68
66162,1.0,15.0,4.0,7.0,3.0,2.0,0.2,0.30000000000000004,30.0,2,0,13,20,10,17,62
66162,1.0,15.0,4.0,7.0,3.0,2.0,0.2,0.30000000000000004,30.0,3,0,13,20,10,17,62
66162,1.0,15.0,4.0,7.0,3.0,2.0,0.2,0.30000000000000004,30.0,4,0,13,20,10,17,62
66162,1.0,15.0,4.0,7.0,3.0,2.0,0.2,0.30000000000000004,30.0,5,0,10,14,4,7,38
66162,1.0,15.0,4.0,7.0,3.0,2.0,0.2,0.30000000000000004,30.0,6,0,6,10,2,4,22
66162,1.0,15.0,4.0,7.0,3.0,2.0,0.2,0.30000000000000004,30.0,7,0,4,9,1,2,16
66162,1.0,15.0,4.0,7.0,3.0,2.0,0.2,0.30000000000000004,30.0,8,0,4,8,0,1,13
66162,1.0,15.0,4.0,7.0,3.0,2.0,0.2,0.30000000000000004,30.0,9,0,4,8,0,1,13
66162,1.0,15.0,4.0,7.0,3.0,2.0,0.2,0.30000000000000004,30.0,10,0,2,7,0,1,10
66162,1.0,15.0,4.0,7.0,3.0,2.0,0.2,0.30000000000000004,30.0,11,0,1,4,0,1,6
66162,1.0,15.0,4.0,7.0,3.0,2.0,0.2,0.30000000000000004,30.0,12,40.0,1,2,0,1,4
66162,1.0,15.0,4.0,7.0,3.0,2.0,0.2,0.30000000000000004,30.0,13,0,0,1,0,1,2
66162,1.0,15.0,4.0,7.0,3.0,2.0,0.2,0.30000000000000004,30.0,14,0,0,0,0,1,0