Exp Num,agent:svo_convergence_factor,agent:params:metabolism,agent:params:consumption_factor,agent:params:procreate_cost_factor,agent:params:procreate_req_factor,agent:params:start_energy_factor,agent:params:caught_chance,agent:params:caught_cooldown_factor,agent:params:maximum_age,Epoch,Resource,A,B,C,D,E
65560,1.0,15.0,4.0,7.0,1.0,3.0,0.30000000000000004,0.30000000000000004,10.0,0,2960.0,19,29,7,28,72
65560,1.0,15.0,4.0,7.0,1.0,3.0,0.30000000000000004,0.30000000000000004,10.0,1,1960.0,25,31,7,28,80
65560,1.0,15.0,4.0,7.0,1.0,3.0,0.30000000000000004,0.30000000000000004,10.0,2,110.0,22,27,6,23,71
65560,1.0,15.0,4.0,7.0,1.0,3.0,0.30000000000000004,0.30000000000000004,10.0,3,0,20,22,5,22,59
65560,1.0,15.0,4.0,7.0,1.0,3.0,0.30000000000000004,0.30000000000000004,10.0,4,0,21,21,4,20,58
65560,1.0,15.0,4.0,7.0,1.0,3.0,0.30000000000000004,0.30000000000000004,10.0,5,0,19,21,4,20,56
65560,1.0,15.0,4.0,7.0,1.0,3.0,0.30000000000000004,0.30000000000000004,10.0,6,0,18,18,2,9,45
65560,1.0,15.0,4.0,7.0,1.0,3.0,0.30000000000000004,0.30000000000000004,10.0,7,0,16,14,2,5,34
65560,1.0,15.0,4.0,7.0,1.0,3.0,0.30000000000000004,0.30000000000000004,10.0,8,0,16,11,1,1,29
65560,1.0,15.0,4.0,7.0,1.0,3.0,0.30000000000000004,0.30000000000000004,10.0,9,0,12,9,1,0,22
65560,1.0,15.0,4.0,7.0,1.0,3.0,0.30000000000000004,0.30000000000000004,10.0,10,0,8,7,1,0,16
65560,1.0,15.0,4.0,7.0,1.0,3.0,0.30000000000000004,0.30000000000000004,10.0,11,0,5,7,0,0,12
65560,1.0,15.0,4.0,7.0,1.0,3.0,0.30000000000000004,0.30000000000000004,10.0,12,0,2,5,0,0,7
65560,1.0,15.0,4.0,7.0,1.0,3.0,0.30000000000000004,0.30000000000000004,10.0,13,0,1,4,0,0,5
65560,1.0,15.0,4.0,7.0,1.0,3.0,0.30000000000000004,0.30000000000000004,10.0,14,40.0,1,4,0,0,5
65560,1.0,15.0,4.0,7.0,1.0,3.0,0.30000000000000004,0.30000000000000004,10.0,15,50.0,1,3,0,0,4
65560,1.0,15.0,4.0,7.0,1.0,3.0,0.30000000000000004,0.30000000000000004,10.0,16,62.5,1,3,0,0,4
65560,1.0,15.0,4.0,7.0,1.0,3.0,0.30000000000000004,0.30000000000000004,10.0,17,18.125,1,2,0,0,3
65560,1.0,15.0,4.0,7.0,1.0,3.0,0.30000000000000004,0.30000000000000004,10.0,18,0,0,1,0,0,1