Exp Num,agent:svo_convergence_factor,agent:params:metabolism,agent:params:consumption_factor,agent:params:procreate_cost_factor,agent:params:procreate_req_factor,agent:params:start_energy_factor,agent:params:caught_chance,agent:params:caught_cooldown_factor,agent:params:maximum_age,Epoch,Resource,A,B,C,D,E
61264,1.0,15.0,3.0,9.0,2.0,2.0,0.1,0.30000000000000004,50.0,0,3110.0,18,25,7,27,73
61264,1.0,15.0,3.0,9.0,2.0,2.0,0.1,0.30000000000000004,50.0,1,197.5,18,25,7,25,73
61264,1.0,15.0,3.0,9.0,2.0,2.0,0.1,0.30000000000000004,50.0,2,0,18,24,7,25,72
61264,1.0,15.0,3.0,9.0,2.0,2.0,0.1,0.30000000000000004,50.0,3,0,18,24,7,25,72
61264,1.0,15.0,3.0,9.0,2.0,2.0,0.1,0.30000000000000004,50.0,4,0,16,14,4,13,43
61264,1.0,15.0,3.0,9.0,2.0,2.0,0.1,0.30000000000000004,50.0,5,0,16,10,4,5,34
61264,1.0,15.0,3.0,9.0,2.0,2.0,0.1,0.30000000000000004,50.0,6,0,13,10,3,4,27
61264,1.0,15.0,3.0,9.0,2.0,2.0,0.1,0.30000000000000004,50.0,7,0,10,7,2,3,20
61264,1.0,15.0,3.0,9.0,2.0,2.0,0.1,0.30000000000000004,50.0,8,0,7,5,1,2,14
61264,1.0,15.0,3.0,9.0,2.0,2.0,0.1,0.30000000000000004,50.0,9,0,7,3,1,0,11
61264,1.0,15.0,3.0,9.0,2.0,2.0,0.1,0.30000000000000004,50.0,10,0,6,1,0,0,7
61264,1.0,15.0,3.0,9.0,2.0,2.0,0.1,0.30000000000000004,50.0,11,0,3,1,0,0,4
61264,1.0,15.0,3.0,9.0,2.0,2.0,0.1,0.30000000000000004,50.0,12,0,2,1,0,0,3
61264,1.0,15.0,3.0,9.0,2.0,2.0,0.1,0.30000000000000004,50.0,13,55.0,2,0,0,0,2
61264,1.0,15.0,3.0,9.0,2.0,2.0,0.1,0.30000000000000004,50.0,14,23.75,1,0,0,0,1