Exp Num,agent:svo_convergence_factor,agent:params:metabolism,agent:params:consumption_factor,agent:params:procreate_cost_factor,agent:params:procreate_req_factor,agent:params:start_energy_factor,agent:params:caught_chance,agent:params:caught_cooldown_factor,agent:params:maximum_age,Epoch,Resource,A,B,C,D,E
62163,1.0,15.0,4.0,1.0,1.0,3.0,0.2,0.30000000000000004,40.0,0,2720.0,16,52,32,31,119
62163,1.0,15.0,4.0,1.0,1.0,3.0,0.2,0.30000000000000004,40.0,1,0,19,69,40,35,146
62163,1.0,15.0,4.0,1.0,1.0,3.0,0.2,0.30000000000000004,40.0,2,0,19,80,57,36,169
62163,1.0,15.0,4.0,1.0,1.0,3.0,0.2,0.30000000000000004,40.0,3,0,20,74,52,26,151
62163,1.0,15.0,4.0,1.0,1.0,3.0,0.2,0.30000000000000004,40.0,4,0,19,57,43,21,121
62163,1.0,15.0,4.0,1.0,1.0,3.0,0.2,0.30000000000000004,40.0,5,0,13,46,34,12,95
62163,1.0,15.0,4.0,1.0,1.0,3.0,0.2,0.30000000000000004,40.0,6,0,9,39,25,9,74
62163,1.0,15.0,4.0,1.0,1.0,3.0,0.2,0.30000000000000004,40.0,7,0,6,27,15,5,49
62163,1.0,15.0,4.0,1.0,1.0,3.0,0.2,0.30000000000000004,40.0,8,0,5,17,13,4,35
62163,1.0,15.0,4.0,1.0,1.0,3.0,0.2,0.30000000000000004,40.0,9,0,3,11,9,3,23
62163,1.0,15.0,4.0,1.0,1.0,3.0,0.2,0.30000000000000004,40.0,10,0,3,8,7,1,18
62163,1.0,15.0,4.0,1.0,1.0,3.0,0.2,0.30000000000000004,40.0,11,0,2,6,8,1,16
62163,1.0,15.0,4.0,1.0,1.0,3.0,0.2,0.30000000000000004,40.0,12,0,0,5,9,0,14
62163,1.0,15.0,4.0,1.0,1.0,3.0,0.2,0.30000000000000004,40.0,13,0,0,2,7,0,9
62163,1.0,15.0,4.0,1.0,1.0,3.0,0.2,0.30000000000000004,40.0,14,0,0,2,5,0,7
62163,1.0,15.0,4.0,1.0,1.0,3.0,0.2,0.30000000000000004,40.0,15,0,0,1,3,0,4
62163,1.0,15.0,4.0,1.0,1.0,3.0,0.2,0.30000000000000004,40.0,16,0,0,1,1,0,2
62163,1.0,15.0,4.0,1.0,1.0,3.0,0.2,0.30000000000000004,40.0,17,0,0,0,1,0,1