Exp Num,agent:svo_convergence_factor,agent:params:metabolism,agent:params:consumption_factor,agent:params:procreate_cost_factor,agent:params:procreate_req_factor,agent:params:start_energy_factor,agent:params:caught_chance,agent:params:caught_cooldown_factor,agent:params:maximum_age,Epoch,Resource,A,B,C,D,E
66488,1.0,15.0,4.0,9.0,1.0,1.0,0.5,0.30000000000000004,40.0,0,0,25,21,9,22,69
66488,1.0,15.0,4.0,9.0,1.0,1.0,0.5,0.30000000000000004,40.0,1,0,24,20,8,19,65
66488,1.0,15.0,4.0,9.0,1.0,1.0,0.5,0.30000000000000004,40.0,2,0,23,20,8,19,64
66488,1.0,15.0,4.0,9.0,1.0,1.0,0.5,0.30000000000000004,40.0,3,0,23,20,8,19,64
66488,1.0,15.0,4.0,9.0,1.0,1.0,0.5,0.30000000000000004,40.0,4,0,12,10,6,10,33
66488,1.0,15.0,4.0,9.0,1.0,1.0,0.5,0.30000000000000004,40.0,5,0,6,6,3,5,17
66488,1.0,15.0,4.0,9.0,1.0,1.0,0.5,0.30000000000000004,40.0,6,0,5,2,1,2,9
66488,1.0,15.0,4.0,9.0,1.0,1.0,0.5,0.30000000000000004,40.0,7,0,1,1,1,2,4
66488,1.0,15.0,4.0,9.0,1.0,1.0,0.5,0.30000000000000004,40.0,8,0,1,0,1,1,2
66488,1.0,15.0,4.0,9.0,1.0,1.0,0.5,0.30000000000000004,40.0,9,0,1,0,0,0,1