Exp Num,agent:svo_convergence_factor,agent:params:metabolism,agent:params:consumption_factor,agent:params:procreate_cost_factor,agent:params:procreate_req_factor,agent:params:start_energy_factor,agent:params:caught_chance,agent:params:caught_cooldown_factor,agent:params:maximum_age,Epoch,Resource,A,B,C,D,E
61320,1.0,15.0,3.0,9.0,2.0,2.0,0.30000000000000004,0.5,10.0,0,3785.0,19,23,15,26,74
61320,1.0,15.0,3.0,9.0,2.0,2.0,0.30000000000000004,0.5,10.0,1,2121.25,15,18,13,22,63
61320,1.0,15.0,3.0,9.0,2.0,2.0,0.30000000000000004,0.5,10.0,2,1121.5625,13,17,13,21,59
61320,1.0,15.0,3.0,9.0,2.0,2.0,0.30000000000000004,0.5,10.0,3,591.953125,13,17,13,21,59
61320,1.0,15.0,3.0,9.0,2.0,2.0,0.30000000000000004,0.5,10.0,4,0,10,16,11,16,49
61320,1.0,15.0,3.0,9.0,2.0,2.0,0.30000000000000004,0.5,10.0,5,0,10,16,8,13,40
61320,1.0,15.0,3.0,9.0,2.0,2.0,0.30000000000000004,0.5,10.0,6,0,10,15,7,12,38
61320,1.0,15.0,3.0,9.0,2.0,2.0,0.30000000000000004,0.5,10.0,7,0,8,12,5,8,28
61320,1.0,15.0,3.0,9.0,2.0,2.0,0.30000000000000004,0.5,10.0,8,0,7,11,4,2,25
61320,1.0,15.0,3.0,9.0,2.0,2.0,0.30000000000000004,0.5,10.0,9,0,7,10,2,2,19
61320,1.0,15.0,3.0,9.0,2.0,2.0,0.30000000000000004,0.5,10.0,10,0,6,8,2,0,16
61320,1.0,15.0,3.0,9.0,2.0,2.0,0.30000000000000004,0.5,10.0,11,0,4,5,2,0,11
61320,1.0,15.0,3.0,9.0,2.0,2.0,0.30000000000000004,0.5,10.0,12,0,3,2,2,0,7
61320,1.0,15.0,3.0,9.0,2.0,2.0,0.30000000000000004,0.5,10.0,13,0,1,1,2,0,4
61320,1.0,15.0,3.0,9.0,2.0,2.0,0.30000000000000004,0.5,10.0,14,0,1,0,1,0,2
61320,1.0,15.0,3.0,9.0,2.0,2.0,0.30000000000000004,0.5,10.0,15,100,0,0,1,0,1