Exp Num,agent:svo_convergence_factor,agent:params:metabolism,agent:params:consumption_factor,agent:params:procreate_cost_factor,agent:params:procreate_req_factor,agent:params:start_energy_factor,agent:params:caught_chance,agent:params:caught_cooldown_factor,agent:params:maximum_age,Epoch,Resource,A,B,C,D,E
66561,1.0,15.0,4.0,9.0,1.0,2.0,0.30000000000000004,0.30000000000000004,20.0,0,2960.0,22,37,10,21,79
66561,1.0,15.0,4.0,9.0,1.0,2.0,0.30000000000000004,0.30000000000000004,20.0,1,700.0,16,31,5,19,62
66561,1.0,15.0,4.0,9.0,1.0,2.0,0.30000000000000004,0.30000000000000004,20.0,2,0,13,30,5,18,57
66561,1.0,15.0,4.0,9.0,1.0,2.0,0.30000000000000004,0.30000000000000004,20.0,3,0,13,31,5,18,58
66561,1.0,15.0,4.0,9.0,1.0,2.0,0.30000000000000004,0.30000000000000004,20.0,4,0,12,29,5,18,55
66561,1.0,15.0,4.0,9.0,1.0,2.0,0.30000000000000004,0.30000000000000004,20.0,5,0,9,22,3,12,38
66561,1.0,15.0,4.0,9.0,1.0,2.0,0.30000000000000004,0.30000000000000004,20.0,6,0,6,16,3,7,25
66561,1.0,15.0,4.0,9.0,1.0,2.0,0.30000000000000004,0.30000000000000004,20.0,7,0,6,12,2,5,20
66561,1.0,15.0,4.0,9.0,1.0,2.0,0.30000000000000004,0.30000000000000004,20.0,8,0,6,12,1,2,19
66561,1.0,15.0,4.0,9.0,1.0,2.0,0.30000000000000004,0.30000000000000004,20.0,9,0,5,12,1,1,18
66561,1.0,15.0,4.0,9.0,1.0,2.0,0.30000000000000004,0.30000000000000004,20.0,10,0,4,9,0,0,13
66561,1.0,15.0,4.0,9.0,1.0,2.0,0.30000000000000004,0.30000000000000004,20.0,11,0,3,5,0,0,8
66561,1.0,15.0,4.0,9.0,1.0,2.0,0.30000000000000004,0.30000000000000004,20.0,12,0,2,2,0,0,4
66561,1.0,15.0,4.0,9.0,1.0,2.0,0.30000000000000004,0.30000000000000004,20.0,13,40.0,2,1,0,0,3
66561,1.0,15.0,4.0,9.0,1.0,2.0,0.30000000000000004,0.30000000000000004,20.0,14,50.0,1,1,0,0,2
66561,1.0,15.0,4.0,9.0,1.0,2.0,0.30000000000000004,0.30000000000000004,20.0,15,2.5,1,1,0,0,2
66561,1.0,15.0,4.0,9.0,1.0,2.0,0.30000000000000004,0.30000000000000004,20.0,16,0,1,1,0,0,2
66561,1.0,15.0,4.0,9.0,1.0,2.0,0.30000000000000004,0.30000000000000004,20.0,17,0,1,1,0,0,2
66561,1.0,15.0,4.0,9.0,1.0,2.0,0.30000000000000004,0.30000000000000004,20.0,18,0,1,1,0,0,2
66561,1.0,15.0,4.0,9.0,1.0,2.0,0.30000000000000004,0.30000000000000004,20.0,19,0,1,1,0,0,2
66561,1.0,15.0,4.0,9.0,1.0,2.0,0.30000000000000004,0.30000000000000004,20.0,20,0,1,1,0,0,2
66561,1.0,15.0,4.0,9.0,1.0,2.0,0.30000000000000004,0.30000000000000004,20.0,21,0,1,1,0,0,2
66561,1.0,15.0,4.0,9.0,1.0,2.0,0.30000000000000004,0.30000000000000004,20.0,22,0,0,1,0,0,1