Exp Num,agent:svo_convergence_factor,agent:params:metabolism,agent:params:consumption_factor,agent:params:procreate_cost_factor,agent:params:procreate_req_factor,agent:params:start_energy_factor,agent:params:caught_chance,agent:params:caught_cooldown_factor,agent:params:maximum_age,Epoch,Resource,A,B,C,D,E
60553,1.0,15.0,3.0,7.0,3.0,2.0,0.30000000000000004,0.1,40.0,0,3605.0,16,25,11,31,69
60553,1.0,15.0,3.0,7.0,3.0,2.0,0.30000000000000004,0.1,40.0,1,1626.25,13,21,7,31,58
60553,1.0,15.0,3.0,7.0,3.0,2.0,0.30000000000000004,0.1,40.0,2,862.8125,13,20,7,31,57
60553,1.0,15.0,3.0,7.0,3.0,2.0,0.30000000000000004,0.1,40.0,3,178.515625,13,20,7,31,57
60553,1.0,15.0,3.0,7.0,3.0,2.0,0.30000000000000004,0.1,40.0,4,0,11,16,6,17,43
60553,1.0,15.0,3.0,7.0,3.0,2.0,0.30000000000000004,0.1,40.0,5,0,10,15,6,11,37
60553,1.0,15.0,3.0,7.0,3.0,2.0,0.30000000000000004,0.1,40.0,6,0,10,14,6,10,33
60553,1.0,15.0,3.0,7.0,3.0,2.0,0.30000000000000004,0.1,40.0,7,0,8,12,6,5,29
60553,1.0,15.0,3.0,7.0,3.0,2.0,0.30000000000000004,0.1,40.0,8,0,4,9,5,5,21
60553,1.0,15.0,3.0,7.0,3.0,2.0,0.30000000000000004,0.1,40.0,9,0,2,7,3,5,13
60553,1.0,15.0,3.0,7.0,3.0,2.0,0.30000000000000004,0.1,40.0,10,0,2,6,1,5,9
60553,1.0,15.0,3.0,7.0,3.0,2.0,0.30000000000000004,0.1,40.0,11,0,2,3,1,3,6
60553,1.0,15.0,3.0,7.0,3.0,2.0,0.30000000000000004,0.1,40.0,12,0,1,1,1,2,3
60553,1.0,15.0,3.0,7.0,3.0,2.0,0.30000000000000004,0.1,40.0,13,0,1,1,1,1,3
60553,1.0,15.0,3.0,7.0,3.0,2.0,0.30000000000000004,0.1,40.0,14,0,1,0,1,0,2
60553,1.0,15.0,3.0,7.0,3.0,2.0,0.30000000000000004,0.1,40.0,15,100,1,0,0,0,1