Exp Num,agent:svo_convergence_factor,agent:params:metabolism,agent:params:consumption_factor,agent:params:procreate_cost_factor,agent:params:procreate_req_factor,agent:params:start_energy_factor,agent:params:caught_chance,agent:params:caught_cooldown_factor,agent:params:maximum_age,Epoch,Resource,A,B,C,D,E
631,1.0,5.0,1.0,1.0,2.0,3.0,0.1,0.2,20.0,0,4500.0,14,46,27,39,111
631,1.0,5.0,1.0,1.0,2.0,3.0,0.1,0.2,20.0,1,4875.0,18,63,55,58,167
631,1.0,5.0,1.0,1.0,2.0,3.0,0.1,0.2,20.0,2,4968.75,18,70,71,72,190
631,1.0,5.0,1.0,1.0,2.0,3.0,0.1,0.2,20.0,3,4900.9375,18,73,82,77,204
631,1.0,5.0,1.0,1.0,2.0,3.0,0.1,0.2,20.0,4,4721.171875,18,73,88,80,210
631,1.0,5.0,1.0,1.0,2.0,3.0,0.1,0.2,20.0,5,4451.46484375,18,73,92,81,214
631,1.0,5.0,1.0,1.0,2.0,3.0,0.1,0.2,20.0,6,4089.3310546875,18,73,94,81,216
631,1.0,5.0,1.0,1.0,2.0,3.0,0.1,0.2,20.0,7,3626.663818359375,18,73,95,81,217
631,1.0,5.0,1.0,1.0,2.0,3.0,0.1,0.2,20.0,8,3043.3297729492188,18,73,96,81,218
631,1.0,5.0,1.0,1.0,2.0,3.0,0.1,0.2,20.0,9,2309.1622161865234,18,73,96,81,218
631,1.0,5.0,1.0,1.0,2.0,3.0,0.1,0.2,20.0,10,1396.4527702331543,18,73,96,81,218
631,1.0,5.0,1.0,1.0,2.0,3.0,0.1,0.2,20.0,11,250.56596279144287,18,73,96,81,218
631,1.0,5.0,1.0,1.0,2.0,3.0,0.1,0.2,20.0,12,0,10,40,58,56,124
631,1.0,5.0,1.0,1.0,2.0,3.0,0.1,0.2,20.0,13,0,3,24,29,29,61
631,1.0,5.0,1.0,1.0,2.0,3.0,0.1,0.2,20.0,14,0,2,10,15,16,29
631,1.0,5.0,1.0,1.0,2.0,3.0,0.1,0.2,20.0,15,0,1,8,6,7,15
631,1.0,5.0,1.0,1.0,2.0,3.0,0.1,0.2,20.0,16,0,0,5,2,4,7
631,1.0,5.0,1.0,1.0,2.0,3.0,0.1,0.2,20.0,17,0,0,2,1,2,3
631,1.0,5.0,1.0,1.0,2.0,3.0,0.1,0.2,20.0,18,0,0,1,0,1,1
631,1.0,5.0,1.0,1.0,2.0,3.0,0.1,0.2,20.0,19,0,0,1,0,0,1