Exp Num,agent:svo_convergence_factor,agent:params:metabolism,agent:params:consumption_factor,agent:params:procreate_cost_factor,agent:params:procreate_req_factor,agent:params:start_energy_factor,agent:params:caught_chance,agent:params:caught_cooldown_factor,agent:params:maximum_age,Epoch,Resource,A,B,C,D,E
61344,1.0,15.0,3.0,9.0,2.0,2.0,0.4,0.4,50.0,0,3965.0,12,28,6,31,69
61344,1.0,15.0,3.0,9.0,2.0,2.0,0.4,0.4,50.0,1,2616.25,9,19,5,29,53
61344,1.0,15.0,3.0,9.0,2.0,2.0,0.4,0.4,50.0,2,2370.3125,9,18,4,28,51
61344,1.0,15.0,3.0,9.0,2.0,2.0,0.4,0.4,50.0,3,2197.890625,9,18,4,28,51
61344,1.0,15.0,3.0,9.0,2.0,2.0,0.4,0.4,50.0,4,1487.36328125,6,15,2,23,42
61344,1.0,15.0,3.0,9.0,2.0,2.0,0.4,0.4,50.0,5,1004.2041015625,5,13,2,22,38
61344,1.0,15.0,3.0,9.0,2.0,2.0,0.4,0.4,50.0,6,760.255126953125,4,12,2,22,36
61344,1.0,15.0,3.0,9.0,2.0,2.0,0.4,0.4,50.0,7,410.31890869140625,4,9,2,18,32
61344,1.0,15.0,3.0,9.0,2.0,2.0,0.4,0.4,50.0,8,0,4,7,2,17,29
61344,1.0,15.0,3.0,9.0,2.0,2.0,0.4,0.4,50.0,9,0,3,7,2,14,25
61344,1.0,15.0,3.0,9.0,2.0,2.0,0.4,0.4,50.0,10,0,3,7,2,10,21
61344,1.0,15.0,3.0,9.0,2.0,2.0,0.4,0.4,50.0,11,0,3,4,1,7,13
61344,1.0,15.0,3.0,9.0,2.0,2.0,0.4,0.4,50.0,12,0,3,3,1,4,9
61344,1.0,15.0,3.0,9.0,2.0,2.0,0.4,0.4,50.0,13,0,3,2,1,2,7
61344,1.0,15.0,3.0,9.0,2.0,2.0,0.4,0.4,50.0,14,0,3,2,1,2,6
61344,1.0,15.0,3.0,9.0,2.0,2.0,0.4,0.4,50.0,15,0,3,2,1,1,6
61344,1.0,15.0,3.0,9.0,2.0,2.0,0.4,0.4,50.0,16,0,3,1,1,0,5
61344,1.0,15.0,3.0,9.0,2.0,2.0,0.4,0.4,50.0,17,0,3,1,1,0,5
61344,1.0,15.0,3.0,9.0,2.0,2.0,0.4,0.4,50.0,18,0,2,1,1,0,4
61344,1.0,15.0,3.0,9.0,2.0,2.0,0.4,0.4,50.0,19,100,1,1,1,0,3
61344,1.0,15.0,3.0,9.0,2.0,2.0,0.4,0.4,50.0,20,125.0,1,0,1,0,2
61344,1.0,15.0,3.0,9.0,2.0,2.0,0.4,0.4,50.0,21,156.25,1,0,1,0,2
61344,1.0,15.0,3.0,9.0,2.0,2.0,0.4,0.4,50.0,22,195.3125,1,0,1,0,2
61344,1.0,15.0,3.0,9.0,2.0,2.0,0.4,0.4,50.0,23,244.140625,1,0,1,0,2
61344,1.0,15.0,3.0,9.0,2.0,2.0,0.4,0.4,50.0,24,305.17578125,1,0,0,0,1