Exp Num,agent:svo_convergence_factor,agent:params:metabolism,agent:params:consumption_factor,agent:params:procreate_cost_factor,agent:params:procreate_req_factor,agent:params:start_energy_factor,agent:params:caught_chance,agent:params:caught_cooldown_factor,agent:params:maximum_age,Epoch,Resource,A,B,C,D,E
63743,1.0,15.0,4.0,3.0,2.0,3.0,0.5,0.4,40.0,0,3680.0,29,28,9,30,81
63743,1.0,15.0,4.0,3.0,2.0,3.0,0.5,0.4,40.0,1,3520.0,30,31,9,30,85
63743,1.0,15.0,4.0,3.0,2.0,3.0,0.5,0.4,40.0,2,2600.0,23,23,8,22,68
63743,1.0,15.0,4.0,3.0,2.0,3.0,0.5,0.4,40.0,3,2230.0,16,20,6,21,56
63743,1.0,15.0,4.0,3.0,2.0,3.0,0.5,0.4,40.0,4,2067.5,13,19,7,21,53
63743,1.0,15.0,4.0,3.0,2.0,3.0,0.5,0.4,40.0,5,1864.375,12,24,8,21,58
63743,1.0,15.0,4.0,3.0,2.0,3.0,0.5,0.4,40.0,6,1670.46875,9,26,6,19,55
63743,1.0,15.0,4.0,3.0,2.0,3.0,0.5,0.4,40.0,7,1308.0859375,6,25,6,15,47
63743,1.0,15.0,4.0,3.0,2.0,3.0,0.5,0.4,40.0,8,1155.107421875,3,26,5,14,43
63743,1.0,15.0,4.0,3.0,2.0,3.0,0.5,0.4,40.0,9,843.88427734375,2,23,6,14,40
63743,1.0,15.0,4.0,3.0,2.0,3.0,0.5,0.4,40.0,10,694.8553466796875,1,19,7,14,36
63743,1.0,15.0,4.0,3.0,2.0,3.0,0.5,0.4,40.0,11,448.5691833496094,1,15,6,12,31
63743,1.0,15.0,4.0,3.0,2.0,3.0,0.5,0.4,40.0,12,200.71147918701172,1,13,6,13,28
63743,1.0,15.0,4.0,3.0,2.0,3.0,0.5,0.4,40.0,13,0,1,7,6,12,21
63743,1.0,15.0,4.0,3.0,2.0,3.0,0.5,0.4,40.0,14,0,1,3,5,11,14
63743,1.0,15.0,4.0,3.0,2.0,3.0,0.5,0.4,40.0,15,0,0,3,5,9,10
63743,1.0,15.0,4.0,3.0,2.0,3.0,0.5,0.4,40.0,16,0,0,1,2,8,5
63743,1.0,15.0,4.0,3.0,2.0,3.0,0.5,0.4,40.0,17,0,0,1,2,6,4
63743,1.0,15.0,4.0,3.0,2.0,3.0,0.5,0.4,40.0,18,0,0,0,1,4,2
63743,1.0,15.0,4.0,3.0,2.0,3.0,0.5,0.4,40.0,19,0,0,0,1,3,1
63743,1.0,15.0,4.0,3.0,2.0,3.0,0.5,0.4,40.0,20,0,0,0,1,2,1
63743,1.0,15.0,4.0,3.0,2.0,3.0,0.5,0.4,40.0,21,0,0,0,1,0,1