Exp Num,agent:svo_convergence_factor,agent:params:metabolism,agent:params:consumption_factor,agent:params:procreate_cost_factor,agent:params:procreate_req_factor,agent:params:start_energy_factor,agent:params:caught_chance,agent:params:caught_cooldown_factor,agent:params:maximum_age,Epoch,Resource,A,B,C,D,E
6690,1.0,5.0,2.0,1.0,3.0,3.0,0.30000000000000004,0.4,10.0,0,4000.0,22,45,24,43,107
6690,1.0,5.0,2.0,1.0,3.0,3.0,0.30000000000000004,0.4,10.0,1,3500.0,28,67,49,61,164
6690,1.0,5.0,2.0,1.0,3.0,3.0,0.30000000000000004,0.4,10.0,2,3555.0,35,82,62,67,199
6690,1.0,5.0,2.0,1.0,3.0,3.0,0.30000000000000004,0.4,10.0,3,3353.75,41,86,61,64,208
6690,1.0,5.0,2.0,1.0,3.0,3.0,0.30000000000000004,0.4,10.0,4,3052.1875,44,86,59,59,208
6690,1.0,5.0,2.0,1.0,3.0,3.0,0.30000000000000004,0.4,10.0,5,2695.234375,47,85,59,54,210
6690,1.0,5.0,2.0,1.0,3.0,3.0,0.30000000000000004,0.4,10.0,6,2189.04296875,51,89,58,52,217
6690,1.0,5.0,2.0,1.0,3.0,3.0,0.30000000000000004,0.4,10.0,7,1516.3037109375,56,87,57,50,219
6690,1.0,5.0,2.0,1.0,3.0,3.0,0.30000000000000004,0.4,10.0,8,725.379638671875,55,88,57,50,219
6690,1.0,5.0,2.0,1.0,3.0,3.0,0.30000000000000004,0.4,10.0,9,0,46,89,52,45,204
6690,1.0,5.0,2.0,1.0,3.0,3.0,0.30000000000000004,0.4,10.0,10,0,33,66,33,33,143
6690,1.0,5.0,2.0,1.0,3.0,3.0,0.30000000000000004,0.4,10.0,11,0,18,42,17,17,78
6690,1.0,5.0,2.0,1.0,3.0,3.0,0.30000000000000004,0.4,10.0,12,0,10,25,7,8,43
6690,1.0,5.0,2.0,1.0,3.0,3.0,0.30000000000000004,0.4,10.0,13,0,5,13,6,5,24
6690,1.0,5.0,2.0,1.0,3.0,3.0,0.30000000000000004,0.4,10.0,14,0,4,6,3,3,13
6690,1.0,5.0,2.0,1.0,3.0,3.0,0.30000000000000004,0.4,10.0,15,0,1,5,1,1,7
6690,1.0,5.0,2.0,1.0,3.0,3.0,0.30000000000000004,0.4,10.0,16,0,1,3,1,0,5
6690,1.0,5.0,2.0,1.0,3.0,3.0,0.30000000000000004,0.4,10.0,17,0,1,2,0,0,3
6690,1.0,5.0,2.0,1.0,3.0,3.0,0.30000000000000004,0.4,10.0,18,0,0,1,0,0,1