Exp Num,agent:svo_convergence_factor,agent:params:metabolism,agent:params:consumption_factor,agent:params:procreate_cost_factor,agent:params:procreate_req_factor,agent:params:start_energy_factor,agent:params:caught_chance,agent:params:caught_cooldown_factor,agent:params:maximum_age,Epoch,Resource,A,B,C,D,E
66059,1.0,15.0,4.0,7.0,3.0,1.0,0.30000000000000004,0.2,50.0,0,0,12,35,5,23,68
66059,1.0,15.0,4.0,7.0,3.0,1.0,0.30000000000000004,0.2,50.0,1,0,10,32,5,20,63
66059,1.0,15.0,4.0,7.0,3.0,1.0,0.30000000000000004,0.2,50.0,2,0,10,32,5,20,63
66059,1.0,15.0,4.0,7.0,3.0,1.0,0.30000000000000004,0.2,50.0,3,0,10,32,5,20,63
66059,1.0,15.0,4.0,7.0,3.0,1.0,0.30000000000000004,0.2,50.0,4,0,5,20,2,9,34
66059,1.0,15.0,4.0,7.0,3.0,1.0,0.30000000000000004,0.2,50.0,5,0,4,7,1,6,17
66059,1.0,15.0,4.0,7.0,3.0,1.0,0.30000000000000004,0.2,50.0,6,0,3,4,1,3,9
66059,1.0,15.0,4.0,7.0,3.0,1.0,0.30000000000000004,0.2,50.0,7,0,3,1,0,1,5
66059,1.0,15.0,4.0,7.0,3.0,1.0,0.30000000000000004,0.2,50.0,8,0,1,1,0,1,2
66059,1.0,15.0,4.0,7.0,3.0,1.0,0.30000000000000004,0.2,50.0,9,0,0,1,0,0,1