Exp Num,agent:svo_convergence_factor,agent:params:metabolism,agent:params:consumption_factor,agent:params:procreate_cost_factor,agent:params:procreate_req_factor,agent:params:start_energy_factor,agent:params:caught_chance,agent:params:caught_cooldown_factor,agent:params:maximum_age,Epoch,Resource,A,B,C,D,E
63588,1.0,15.0,4.0,3.0,2.0,2.0,0.4,0.30000000000000004,40.0,0,3320.0,18,24,11,31,69
63588,1.0,15.0,4.0,3.0,2.0,2.0,0.4,0.30000000000000004,40.0,1,730.0,12,20,12,30,60
63588,1.0,15.0,4.0,3.0,2.0,2.0,0.4,0.30000000000000004,40.0,2,0,12,22,14,27,63
63588,1.0,15.0,4.0,3.0,2.0,2.0,0.4,0.30000000000000004,40.0,3,0,12,22,14,27,62
63588,1.0,15.0,4.0,3.0,2.0,2.0,0.4,0.30000000000000004,40.0,4,0,12,22,14,27,62
63588,1.0,15.0,4.0,3.0,2.0,2.0,0.4,0.30000000000000004,40.0,5,0,10,17,10,13,44
63588,1.0,15.0,4.0,3.0,2.0,2.0,0.4,0.30000000000000004,40.0,6,0,7,12,8,4,32
63588,1.0,15.0,4.0,3.0,2.0,2.0,0.4,0.30000000000000004,40.0,7,0,2,10,6,3,19
63588,1.0,15.0,4.0,3.0,2.0,2.0,0.4,0.30000000000000004,40.0,8,0,1,6,4,2,11
63588,1.0,15.0,4.0,3.0,2.0,2.0,0.4,0.30000000000000004,40.0,9,0,1,4,3,1,8
63588,1.0,15.0,4.0,3.0,2.0,2.0,0.4,0.30000000000000004,40.0,10,0,1,2,1,1,4
63588,1.0,15.0,4.0,3.0,2.0,2.0,0.4,0.30000000000000004,40.0,11,0,1,1,0,0,2
63588,1.0,15.0,4.0,3.0,2.0,2.0,0.4,0.30000000000000004,40.0,12,0,1,0,0,0,1