Exp Num,agent:svo_convergence_factor,agent:params:metabolism,agent:params:consumption_factor,agent:params:procreate_cost_factor,agent:params:procreate_req_factor,agent:params:start_energy_factor,agent:params:caught_chance,agent:params:caught_cooldown_factor,agent:params:maximum_age,Epoch,Resource,A,B,C,D,E
65945,1.0,15.0,4.0,7.0,2.0,3.0,0.30000000000000004,0.5,10.0,0,2720.0,20,28,12,22,78
65945,1.0,15.0,4.0,7.0,2.0,3.0,0.30000000000000004,0.5,10.0,1,1720.0,20,28,12,22,78
65945,1.0,15.0,4.0,7.0,2.0,3.0,0.30000000000000004,0.5,10.0,2,0,15,23,9,17,63
65945,1.0,15.0,4.0,7.0,2.0,3.0,0.30000000000000004,0.5,10.0,3,0,14,23,9,15,60
65945,1.0,15.0,4.0,7.0,2.0,3.0,0.30000000000000004,0.5,10.0,4,0,14,23,9,15,60
65945,1.0,15.0,4.0,7.0,2.0,3.0,0.30000000000000004,0.5,10.0,5,0,14,23,9,15,60
65945,1.0,15.0,4.0,7.0,2.0,3.0,0.30000000000000004,0.5,10.0,6,0,10,19,5,7,41
65945,1.0,15.0,4.0,7.0,2.0,3.0,0.30000000000000004,0.5,10.0,7,0,9,14,3,2,30
65945,1.0,15.0,4.0,7.0,2.0,3.0,0.30000000000000004,0.5,10.0,8,0,8,12,0,2,21
65945,1.0,15.0,4.0,7.0,2.0,3.0,0.30000000000000004,0.5,10.0,9,0,8,10,0,2,18
65945,1.0,15.0,4.0,7.0,2.0,3.0,0.30000000000000004,0.5,10.0,10,0,8,9,0,2,17
65945,1.0,15.0,4.0,7.0,2.0,3.0,0.30000000000000004,0.5,10.0,11,0,7,4,0,2,11
65945,1.0,15.0,4.0,7.0,2.0,3.0,0.30000000000000004,0.5,10.0,12,0,4,2,0,1,6
65945,1.0,15.0,4.0,7.0,2.0,3.0,0.30000000000000004,0.5,10.0,13,0,2,1,0,1,3
65945,1.0,15.0,4.0,7.0,2.0,3.0,0.30000000000000004,0.5,10.0,14,0,1,1,0,0,2
65945,1.0,15.0,4.0,7.0,2.0,3.0,0.30000000000000004,0.5,10.0,15,0,0,1,0,0,1