Exp Num,agent:svo_convergence_factor,agent:params:metabolism,agent:params:consumption_factor,agent:params:procreate_cost_factor,agent:params:procreate_req_factor,agent:params:start_energy_factor,agent:params:caught_chance,agent:params:caught_cooldown_factor,agent:params:maximum_age,Epoch,Resource,A,B,C,D,E
64446,1.0,15.0,4.0,5.0,1.0,3.0,0.30000000000000004,0.5,20.0,0,2960.0,18,31,17,32,85
64446,1.0,15.0,4.0,5.0,1.0,3.0,0.30000000000000004,0.5,20.0,1,460.0,18,38,24,33,99
64446,1.0,15.0,4.0,5.0,1.0,3.0,0.30000000000000004,0.5,20.0,2,0,13,38,19,22,78
64446,1.0,15.0,4.0,5.0,1.0,3.0,0.30000000000000004,0.5,20.0,3,0,8,37,23,17,73
64446,1.0,15.0,4.0,5.0,1.0,3.0,0.30000000000000004,0.5,20.0,4,0,8,35,25,14,72
64446,1.0,15.0,4.0,5.0,1.0,3.0,0.30000000000000004,0.5,20.0,5,0,7,25,24,9,59
64446,1.0,15.0,4.0,5.0,1.0,3.0,0.30000000000000004,0.5,20.0,6,0,3,22,22,5,48
64446,1.0,15.0,4.0,5.0,1.0,3.0,0.30000000000000004,0.5,20.0,7,0,1,12,17,4,30
64446,1.0,15.0,4.0,5.0,1.0,3.0,0.30000000000000004,0.5,20.0,8,0,1,7,16,1,24
64446,1.0,15.0,4.0,5.0,1.0,3.0,0.30000000000000004,0.5,20.0,9,0,1,3,12,1,16
64446,1.0,15.0,4.0,5.0,1.0,3.0,0.30000000000000004,0.5,20.0,10,0,0,1,8,0,9
64446,1.0,15.0,4.0,5.0,1.0,3.0,0.30000000000000004,0.5,20.0,11,0,0,0,6,0,6
64446,1.0,15.0,4.0,5.0,1.0,3.0,0.30000000000000004,0.5,20.0,12,0,0,0,4,0,4
64446,1.0,15.0,4.0,5.0,1.0,3.0,0.30000000000000004,0.5,20.0,13,40.0,0,0,4,0,4
64446,1.0,15.0,4.0,5.0,1.0,3.0,0.30000000000000004,0.5,20.0,14,50.0,0,0,3,0,3
64446,1.0,15.0,4.0,5.0,1.0,3.0,0.30000000000000004,0.5,20.0,15,2.5,0,0,3,0,3
64446,1.0,15.0,4.0,5.0,1.0,3.0,0.30000000000000004,0.5,20.0,16,0,0,0,3,0,3
64446,1.0,15.0,4.0,5.0,1.0,3.0,0.30000000000000004,0.5,20.0,17,0,0,0,2,0,2
64446,1.0,15.0,4.0,5.0,1.0,3.0,0.30000000000000004,0.5,20.0,18,0,0,0,2,0,2
64446,1.0,15.0,4.0,5.0,1.0,3.0,0.30000000000000004,0.5,20.0,19,0,0,0,1,0,1