Exp Num,agent:svo_convergence_factor,agent:params:metabolism,agent:params:consumption_factor,agent:params:procreate_cost_factor,agent:params:procreate_req_factor,agent:params:start_energy_factor,agent:params:caught_chance,agent:params:caught_cooldown_factor,agent:params:maximum_age,Epoch,Resource,A,B,C,D,E
68105,2.0,5.0,1.0,1.0,2.0,2.0,0.5,0.2,10.0,0,4500.0,17,37,30,42,108
68105,2.0,5.0,1.0,1.0,2.0,2.0,0.5,0.2,10.0,1,4875.0,19,43,37,48,127
68105,2.0,5.0,1.0,1.0,2.0,2.0,0.5,0.2,10.0,2,5218.75,20,44,43,51,136
68105,2.0,5.0,1.0,1.0,2.0,2.0,0.5,0.2,10.0,3,5588.4375,21,46,46,51,142
68105,2.0,5.0,1.0,1.0,2.0,2.0,0.5,0.2,10.0,4,6020.546875,21,46,49,51,145
68105,2.0,5.0,1.0,1.0,2.0,2.0,0.5,0.2,10.0,5,6545.68359375,21,47,50,51,147
68105,2.0,5.0,1.0,1.0,2.0,2.0,0.5,0.2,10.0,6,7192.1044921875,21,48,50,51,148
68105,2.0,5.0,1.0,1.0,2.0,2.0,0.5,0.2,10.0,7,7995.130615234375,21,48,50,51,148
68105,2.0,5.0,1.0,1.0,2.0,2.0,0.5,0.2,10.0,8,8998.913269042969,21,48,50,51,148
68105,2.0,5.0,1.0,1.0,2.0,2.0,0.5,0.2,10.0,9,9005.0,21,48,50,51,148
68105,2.0,5.0,1.0,1.0,2.0,2.0,0.5,0.2,10.0,10,9330.0,10,36,37,36,97
68105,2.0,5.0,1.0,1.0,2.0,2.0,0.5,0.2,10.0,11,9565.0,7,20,27,24,63
68105,2.0,5.0,1.0,1.0,2.0,2.0,0.5,0.2,10.0,12,9720.0,2,15,21,11,45
68105,2.0,5.0,1.0,1.0,2.0,2.0,0.5,0.2,10.0,13,9810.0,2,13,16,3,34
68105,2.0,5.0,1.0,1.0,2.0,2.0,0.5,0.2,10.0,14,9870.0,2,7,14,1,25
68105,2.0,5.0,1.0,1.0,2.0,2.0,0.5,0.2,10.0,15,9915.0,2,4,9,1,15
68105,2.0,5.0,1.0,1.0,2.0,2.0,0.5,0.2,10.0,16,9945.0,1,4,5,1,10
68105,2.0,5.0,1.0,1.0,2.0,2.0,0.5,0.2,10.0,17,9960.0,0,3,3,1,6
68105,2.0,5.0,1.0,1.0,2.0,2.0,0.5,0.2,10.0,18,9975.0,0,2,2,1,4
68105,2.0,5.0,1.0,1.0,2.0,2.0,0.5,0.2,10.0,19,9980.0,0,2,1,0,3
68105,2.0,5.0,1.0,1.0,2.0,2.0,0.5,0.2,10.0,20,9990.0,0,2,0,0,2
68105,2.0,5.0,1.0,1.0,2.0,2.0,0.5,0.2,10.0,21,9990.0,0,2,0,0,2
68105,2.0,5.0,1.0,1.0,2.0,2.0,0.5,0.2,10.0,22,9995.0,0,1,0,0,1