Exp Num,agent:svo_convergence_factor,agent:params:metabolism,agent:params:consumption_factor,agent:params:procreate_cost_factor,agent:params:procreate_req_factor,agent:params:start_energy_factor,agent:params:caught_chance,agent:params:caught_cooldown_factor,agent:params:maximum_age,Epoch,Resource,A,B,C,D,E
65389,1.0,15.0,4.0,7.0,1.0,2.0,0.1,0.30000000000000004,50.0,0,2000.0,28,29,11,21,79
65389,1.0,15.0,4.0,7.0,1.0,2.0,0.1,0.30000000000000004,50.0,1,0,29,26,11,16,75
65389,1.0,15.0,4.0,7.0,1.0,2.0,0.1,0.30000000000000004,50.0,2,0,24,22,9,14,62
65389,1.0,15.0,4.0,7.0,1.0,2.0,0.1,0.30000000000000004,50.0,3,0,25,20,9,14,61
65389,1.0,15.0,4.0,7.0,1.0,2.0,0.1,0.30000000000000004,50.0,4,0,25,20,9,14,61
65389,1.0,15.0,4.0,7.0,1.0,2.0,0.1,0.30000000000000004,50.0,5,0,17,15,6,5,42
65389,1.0,15.0,4.0,7.0,1.0,2.0,0.1,0.30000000000000004,50.0,6,0,13,11,3,4,29
65389,1.0,15.0,4.0,7.0,1.0,2.0,0.1,0.30000000000000004,50.0,7,0,11,5,3,2,19
65389,1.0,15.0,4.0,7.0,1.0,2.0,0.1,0.30000000000000004,50.0,8,0,9,5,0,0,14
65389,1.0,15.0,4.0,7.0,1.0,2.0,0.1,0.30000000000000004,50.0,9,0,7,4,0,0,11
65389,1.0,15.0,4.0,7.0,1.0,2.0,0.1,0.30000000000000004,50.0,10,0,5,3,0,0,8
65389,1.0,15.0,4.0,7.0,1.0,2.0,0.1,0.30000000000000004,50.0,11,0,2,2,0,0,4
65389,1.0,15.0,4.0,7.0,1.0,2.0,0.1,0.30000000000000004,50.0,12,0,1,2,0,0,3
65389,1.0,15.0,4.0,7.0,1.0,2.0,0.1,0.30000000000000004,50.0,13,0,0,2,0,0,2
65389,1.0,15.0,4.0,7.0,1.0,2.0,0.1,0.30000000000000004,50.0,14,0,0,2,0,0,2
65389,1.0,15.0,4.0,7.0,1.0,2.0,0.1,0.30000000000000004,50.0,15,0,0,1,0,0,1