Exp Num,agent:svo_convergence_factor,agent:params:metabolism,agent:params:consumption_factor,agent:params:procreate_cost_factor,agent:params:procreate_req_factor,agent:params:start_energy_factor,agent:params:caught_chance,agent:params:caught_cooldown_factor,agent:params:maximum_age,Epoch,Resource,A,B,C,D,E
78823,2.0,5.0,3.0,1.0,1.0,1.0,0.30000000000000004,0.5,40.0,0,3500.0,12,43,28,48,102
78823,2.0,5.0,3.0,1.0,1.0,1.0,0.30000000000000004,0.5,40.0,1,3490.0,14,73,48,64,161
78823,2.0,5.0,3.0,1.0,1.0,1.0,0.30000000000000004,0.5,40.0,2,2802.5,13,92,76,92,211
78823,2.0,5.0,3.0,1.0,1.0,1.0,0.30000000000000004,0.5,40.0,3,833.125,19,108,107,140,270
78823,2.0,5.0,3.0,1.0,1.0,1.0,0.30000000000000004,0.5,40.0,4,0,20,122,136,171,320
78823,2.0,5.0,3.0,1.0,1.0,1.0,0.30000000000000004,0.5,40.0,5,0,16,112,127,127,281
78823,2.0,5.0,3.0,1.0,1.0,1.0,0.30000000000000004,0.5,40.0,6,0,8,85,111,93,215
78823,2.0,5.0,3.0,1.0,1.0,1.0,0.30000000000000004,0.5,40.0,7,0,6,63,85,72,158
78823,2.0,5.0,3.0,1.0,1.0,1.0,0.30000000000000004,0.5,40.0,8,0,5,46,59,52,113
78823,2.0,5.0,3.0,1.0,1.0,1.0,0.30000000000000004,0.5,40.0,9,0,2,29,50,39,84
78823,2.0,5.0,3.0,1.0,1.0,1.0,0.30000000000000004,0.5,40.0,10,0,1,21,28,34,53
78823,2.0,5.0,3.0,1.0,1.0,1.0,0.30000000000000004,0.5,40.0,11,0,0,18,19,20,38
78823,2.0,5.0,3.0,1.0,1.0,1.0,0.30000000000000004,0.5,40.0,12,0,0,7,20,11,28
78823,2.0,5.0,3.0,1.0,1.0,1.0,0.30000000000000004,0.5,40.0,13,0,0,6,17,5,24
78823,2.0,5.0,3.0,1.0,1.0,1.0,0.30000000000000004,0.5,40.0,14,0,0,3,10,3,13
78823,2.0,5.0,3.0,1.0,1.0,1.0,0.30000000000000004,0.5,40.0,15,0,0,3,12,3,15
78823,2.0,5.0,3.0,1.0,1.0,1.0,0.30000000000000004,0.5,40.0,16,0,0,0,11,4,11
78823,2.0,5.0,3.0,1.0,1.0,1.0,0.30000000000000004,0.5,40.0,17,0,0,1,8,2,9
78823,2.0,5.0,3.0,1.0,1.0,1.0,0.30000000000000004,0.5,40.0,18,0,0,1,4,2,5
78823,2.0,5.0,3.0,1.0,1.0,1.0,0.30000000000000004,0.5,40.0,19,0,0,1,3,0,4
78823,2.0,5.0,3.0,1.0,1.0,1.0,0.30000000000000004,0.5,40.0,20,0,0,1,3,0,4
78823,2.0,5.0,3.0,1.0,1.0,1.0,0.30000000000000004,0.5,40.0,21,0,0,0,2,0,2
78823,2.0,5.0,3.0,1.0,1.0,1.0,0.30000000000000004,0.5,40.0,22,0,0,0,1,0,1