Exp Num,agent:svo_convergence_factor,agent:params:metabolism,agent:params:consumption_factor,agent:params:procreate_cost_factor,agent:params:procreate_req_factor,agent:params:start_energy_factor,agent:params:caught_chance,agent:params:caught_cooldown_factor,agent:params:maximum_age,Epoch,Resource,A,B,C,D,E
74457,2.0,5.0,2.0,3.0,1.0,2.0,0.4,0.2,30.0,0,4000.0,17,35,19,49,101
74457,2.0,5.0,2.0,3.0,1.0,2.0,0.4,0.2,30.0,1,3500.0,17,42,27,56,119
74457,2.0,5.0,2.0,3.0,1.0,2.0,0.4,0.2,30.0,2,2915.0,17,46,41,73,139
74457,2.0,5.0,2.0,3.0,1.0,2.0,0.4,0.2,30.0,3,2883.75,20,52,56,94,163
74457,2.0,5.0,2.0,3.0,1.0,2.0,0.4,0.2,30.0,4,2224.6875,16,45,68,98,163
74457,2.0,5.0,2.0,3.0,1.0,2.0,0.4,0.2,30.0,5,1670.859375,16,46,87,100,183
74457,2.0,5.0,2.0,3.0,1.0,2.0,0.4,0.2,30.0,6,668.57421875,13,47,100,97,193
74457,2.0,5.0,2.0,3.0,1.0,2.0,0.4,0.2,30.0,7,0,7,42,104,87,180
74457,2.0,5.0,2.0,3.0,1.0,2.0,0.4,0.2,30.0,8,0,3,30,82,51,131
74457,2.0,5.0,2.0,3.0,1.0,2.0,0.4,0.2,30.0,9,0,1,19,60,26,93
74457,2.0,5.0,2.0,3.0,1.0,2.0,0.4,0.2,30.0,10,0,0,12,53,15,69
74457,2.0,5.0,2.0,3.0,1.0,2.0,0.4,0.2,30.0,11,0,0,7,37,9,48
74457,2.0,5.0,2.0,3.0,1.0,2.0,0.4,0.2,30.0,12,0,0,5,31,4,37
74457,2.0,5.0,2.0,3.0,1.0,2.0,0.4,0.2,30.0,13,0,0,3,25,1,28
74457,2.0,5.0,2.0,3.0,1.0,2.0,0.4,0.2,30.0,14,0,0,2,17,0,19
74457,2.0,5.0,2.0,3.0,1.0,2.0,0.4,0.2,30.0,15,0,0,1,13,0,14
74457,2.0,5.0,2.0,3.0,1.0,2.0,0.4,0.2,30.0,16,0,0,1,9,0,10
74457,2.0,5.0,2.0,3.0,1.0,2.0,0.4,0.2,30.0,17,0,0,0,7,0,7
74457,2.0,5.0,2.0,3.0,1.0,2.0,0.4,0.2,30.0,18,50.0,0,0,6,0,6
74457,2.0,5.0,2.0,3.0,1.0,2.0,0.4,0.2,30.0,19,32.5,0,0,7,0,7
74457,2.0,5.0,2.0,3.0,1.0,2.0,0.4,0.2,30.0,20,10.625,0,0,7,0,7
74457,2.0,5.0,2.0,3.0,1.0,2.0,0.4,0.2,30.0,21,0,0,0,6,0,6
74457,2.0,5.0,2.0,3.0,1.0,2.0,0.4,0.2,30.0,22,0,0,0,4,0,4
74457,2.0,5.0,2.0,3.0,1.0,2.0,0.4,0.2,30.0,23,0,0,0,3,0,3
74457,2.0,5.0,2.0,3.0,1.0,2.0,0.4,0.2,30.0,24,0,0,0,2,0,2
74457,2.0,5.0,2.0,3.0,1.0,2.0,0.4,0.2,30.0,25,0,0,0,1,0,1