Exp Num,agent:svo_convergence_factor,agent:params:metabolism,agent:params:consumption_factor,agent:params:procreate_cost_factor,agent:params:procreate_req_factor,agent:params:start_energy_factor,agent:params:caught_chance,agent:params:caught_cooldown_factor,agent:params:maximum_age,Epoch,Resource,A,B,C,D,E
79637,2.0,5.0,3.0,1.0,3.0,2.0,0.1,0.30000000000000004,30.0,0,3500.0,17,35,24,54,96
79637,2.0,5.0,3.0,1.0,3.0,2.0,0.1,0.30000000000000004,30.0,1,3535.0,20,49,33,55,123
79637,2.0,5.0,3.0,1.0,3.0,2.0,0.1,0.30000000000000004,30.0,2,3053.75,25,69,48,66,164
79637,2.0,5.0,3.0,1.0,3.0,2.0,0.1,0.30000000000000004,30.0,3,1687.1875,31,92,67,79,216
79637,2.0,5.0,3.0,1.0,3.0,2.0,0.1,0.30000000000000004,30.0,4,0,36,125,88,85,277
79637,2.0,5.0,3.0,1.0,3.0,2.0,0.1,0.30000000000000004,30.0,5,0,42,122,81,57,258
79637,2.0,5.0,3.0,1.0,3.0,2.0,0.1,0.30000000000000004,30.0,6,0,35,93,50,36,183
79637,2.0,5.0,3.0,1.0,3.0,2.0,0.1,0.30000000000000004,30.0,7,0,24,67,26,22,120
79637,2.0,5.0,3.0,1.0,3.0,2.0,0.1,0.30000000000000004,30.0,8,0,16,45,13,13,77
79637,2.0,5.0,3.0,1.0,3.0,2.0,0.1,0.30000000000000004,30.0,9,0,10,27,9,6,49
79637,2.0,5.0,3.0,1.0,3.0,2.0,0.1,0.30000000000000004,30.0,10,0,4,18,3,4,28
79637,2.0,5.0,3.0,1.0,3.0,2.0,0.1,0.30000000000000004,30.0,11,0,4,10,2,2,17
79637,2.0,5.0,3.0,1.0,3.0,2.0,0.1,0.30000000000000004,30.0,12,0,2,4,1,2,7
79637,2.0,5.0,3.0,1.0,3.0,2.0,0.1,0.30000000000000004,30.0,13,0,0,3,1,1,4
79637,2.0,5.0,3.0,1.0,3.0,2.0,0.1,0.30000000000000004,30.0,14,0,0,1,1,0,2
79637,2.0,5.0,3.0,1.0,3.0,2.0,0.1,0.30000000000000004,30.0,15,85.0,0,1,0,0,1