Exp Num,agent:svo_convergence_factor,agent:params:metabolism,agent:params:consumption_factor,agent:params:procreate_cost_factor,agent:params:procreate_req_factor,agent:params:start_energy_factor,agent:params:caught_chance,agent:params:caught_cooldown_factor,agent:params:maximum_age,Epoch,Resource,A,B,C,D,E
79659,2.0,5.0,3.0,1.0,3.0,2.0,0.2,0.2,50.0,0,3500.0,17,34,22,45,105
79659,2.0,5.0,3.0,1.0,3.0,2.0,0.2,0.2,50.0,1,3595.0,22,46,28,47,129
79659,2.0,5.0,3.0,1.0,3.0,2.0,0.2,0.2,50.0,2,3263.75,26,63,45,56,168
79659,2.0,5.0,3.0,1.0,3.0,2.0,0.2,0.2,50.0,3,2414.6875,31,70,63,71,201
79659,2.0,5.0,3.0,1.0,3.0,2.0,0.2,0.2,50.0,4,1158.359375,34,85,84,87,243
79659,2.0,5.0,3.0,1.0,3.0,2.0,0.2,0.2,50.0,5,0,34,87,96,99,259
79659,2.0,5.0,3.0,1.0,3.0,2.0,0.2,0.2,50.0,6,0,30,69,76,74,205
79659,2.0,5.0,3.0,1.0,3.0,2.0,0.2,0.2,50.0,7,0,24,47,49,42,135
79659,2.0,5.0,3.0,1.0,3.0,2.0,0.2,0.2,50.0,8,0,13,32,30,23,86
79659,2.0,5.0,3.0,1.0,3.0,2.0,0.2,0.2,50.0,9,0,9,24,19,11,56
79659,2.0,5.0,3.0,1.0,3.0,2.0,0.2,0.2,50.0,10,0,4,13,12,5,31
79659,2.0,5.0,3.0,1.0,3.0,2.0,0.2,0.2,50.0,11,0,2,7,9,3,18
79659,2.0,5.0,3.0,1.0,3.0,2.0,0.2,0.2,50.0,12,0,1,6,3,3,10
79659,2.0,5.0,3.0,1.0,3.0,2.0,0.2,0.2,50.0,13,0,0,3,2,2,5
79659,2.0,5.0,3.0,1.0,3.0,2.0,0.2,0.2,50.0,14,0,0,1,2,1,3
79659,2.0,5.0,3.0,1.0,3.0,2.0,0.2,0.2,50.0,15,0,0,1,1,0,2
79659,2.0,5.0,3.0,1.0,3.0,2.0,0.2,0.2,50.0,16,70.0,0,1,2,0,3
79659,2.0,5.0,3.0,1.0,3.0,2.0,0.2,0.2,50.0,17,57.5,0,1,3,0,4
79659,2.0,5.0,3.0,1.0,3.0,2.0,0.2,0.2,50.0,18,41.875,0,2,3,0,5
79659,2.0,5.0,3.0,1.0,3.0,2.0,0.2,0.2,50.0,19,22.34375,0,2,4,0,6
79659,2.0,5.0,3.0,1.0,3.0,2.0,0.2,0.2,50.0,20,12.9296875,0,3,3,0,6
79659,2.0,5.0,3.0,1.0,3.0,2.0,0.2,0.2,50.0,21,0,0,3,2,0,5
79659,2.0,5.0,3.0,1.0,3.0,2.0,0.2,0.2,50.0,22,0,0,2,1,0,3
79659,2.0,5.0,3.0,1.0,3.0,2.0,0.2,0.2,50.0,23,0,0,0,1,0,1