Exp Num,agent:svo_convergence_factor,agent:params:metabolism,agent:params:consumption_factor,agent:params:procreate_cost_factor,agent:params:procreate_req_factor,agent:params:start_energy_factor,agent:params:caught_chance,agent:params:caught_cooldown_factor,agent:params:maximum_age,Epoch,Resource,A,B,C,D,E
7125,1.0,5.0,2.0,3.0,2.0,1.0,0.1,0.1,10.0,0,4000.0,17,29,7,31,69
7125,1.0,5.0,2.0,3.0,2.0,1.0,0.1,0.1,10.0,1,4000.0,17,29,7,31,69
7125,1.0,5.0,2.0,3.0,2.0,1.0,0.1,0.1,10.0,2,4000.0,17,29,7,31,69
7125,1.0,5.0,2.0,3.0,2.0,1.0,0.1,0.1,10.0,3,4000.0,17,29,7,31,69
7125,1.0,5.0,2.0,3.0,2.0,1.0,0.1,0.1,10.0,4,4000.0,19,46,21,46,104
7125,1.0,5.0,2.0,3.0,2.0,1.0,0.1,0.1,10.0,5,3500.0,19,52,34,52,123
7125,1.0,5.0,2.0,3.0,2.0,1.0,0.1,0.1,10.0,6,3145.0,19,53,41,52,131
7125,1.0,5.0,2.0,3.0,2.0,1.0,0.1,0.1,10.0,7,2981.25,20,67,54,58,159
7125,1.0,5.0,2.0,3.0,2.0,1.0,0.1,0.1,10.0,8,2786.5625,20,73,61,58,172
7125,1.0,5.0,2.0,3.0,2.0,1.0,0.1,0.1,10.0,9,2393.203125,19,77,69,59,183
7125,1.0,5.0,2.0,3.0,2.0,1.0,0.1,0.1,10.0,10,2161.50390625,8,58,68,37,141
7125,1.0,5.0,2.0,3.0,2.0,1.0,0.1,0.1,10.0,11,1861.8798828125,6,57,67,28,133
7125,1.0,5.0,2.0,3.0,2.0,1.0,0.1,0.1,10.0,12,1537.349853515625,5,62,71,27,140
7125,1.0,5.0,2.0,3.0,2.0,1.0,0.1,0.1,10.0,13,1051.6873168945312,6,64,71,27,143
7125,1.0,5.0,2.0,3.0,2.0,1.0,0.1,0.1,10.0,14,484.60914611816406,6,69,73,27,150
7125,1.0,5.0,2.0,3.0,2.0,1.0,0.1,0.1,10.0,15,0,5,67,67,16,139
7125,1.0,5.0,2.0,3.0,2.0,1.0,0.1,0.1,10.0,16,0,4,54,49,11,107
7125,1.0,5.0,2.0,3.0,2.0,1.0,0.1,0.1,10.0,17,0,4,45,32,4,81
7125,1.0,5.0,2.0,3.0,2.0,1.0,0.1,0.1,10.0,18,0,3,34,22,2,59
7125,1.0,5.0,2.0,3.0,2.0,1.0,0.1,0.1,10.0,19,0,2,27,14,0,43
7125,1.0,5.0,2.0,3.0,2.0,1.0,0.1,0.1,10.0,20,0,1,19,10,0,30
7125,1.0,5.0,2.0,3.0,2.0,1.0,0.1,0.1,10.0,21,0,0,12,9,0,21
7125,1.0,5.0,2.0,3.0,2.0,1.0,0.1,0.1,10.0,22,0,0,7,6,0,13
7125,1.0,5.0,2.0,3.0,2.0,1.0,0.1,0.1,10.0,23,0,0,4,3,0,7
7125,1.0,5.0,2.0,3.0,2.0,1.0,0.1,0.1,10.0,24,0,0,2,2,0,4
7125,1.0,5.0,2.0,3.0,2.0,1.0,0.1,0.1,10.0,25,0,0,2,1,0,3
7125,1.0,5.0,2.0,3.0,2.0,1.0,0.1,0.1,10.0,26,70.0,0,2,1,0,3
7125,1.0,5.0,2.0,3.0,2.0,1.0,0.1,0.1,10.0,27,77.5,0,2,1,0,3
7125,1.0,5.0,2.0,3.0,2.0,1.0,0.1,0.1,10.0,28,66.875,0,2,1,0,3
7125,1.0,5.0,2.0,3.0,2.0,1.0,0.1,0.1,10.0,29,53.59375,0,2,1,0,3
7125,1.0,5.0,2.0,3.0,2.0,1.0,0.1,0.1,10.0,30,56.9921875,0,1,1,0,2
7125,1.0,5.0,2.0,3.0,2.0,1.0,0.1,0.1,10.0,31,51.240234375,0,1,0,0,1