Exp Num,agent:svo_convergence_factor,agent:params:metabolism,agent:params:consumption_factor,agent:params:procreate_cost_factor,agent:params:procreate_req_factor,agent:params:start_energy_factor,agent:params:caught_chance,agent:params:caught_cooldown_factor,agent:params:maximum_age,Epoch,Resource,A,B,C,D,E
73967,2.0,5.0,2.0,1.0,3.0,1.0,0.4,0.4,30.0,0,4000.0,19,26,11,33,67
73967,2.0,5.0,2.0,1.0,3.0,1.0,0.4,0.4,30.0,1,4000.0,25,39,20,53,97
73967,2.0,5.0,2.0,1.0,3.0,1.0,0.4,0.4,30.0,2,3500.0,33,59,39,76,149
73967,2.0,5.0,2.0,1.0,3.0,1.0,0.4,0.4,30.0,3,3645.0,40,78,47,78,183
73967,2.0,5.0,2.0,1.0,3.0,1.0,0.4,0.4,30.0,4,3326.25,40,76,41,64,174
73967,2.0,5.0,2.0,1.0,3.0,1.0,0.4,0.4,30.0,5,3177.8125,35,74,46,64,173
73967,2.0,5.0,2.0,1.0,3.0,1.0,0.4,0.4,30.0,6,2892.265625,28,79,44,64,169
73967,2.0,5.0,2.0,1.0,3.0,1.0,0.4,0.4,30.0,7,2715.33203125,26,84,38,60,165
73967,2.0,5.0,2.0,1.0,3.0,1.0,0.4,0.4,30.0,8,2424.1650390625,27,74,43,59,160
73967,2.0,5.0,2.0,1.0,3.0,1.0,0.4,0.4,30.0,9,2070.206298828125,26,65,43,63,150
73967,2.0,5.0,2.0,1.0,3.0,1.0,0.4,0.4,30.0,10,1617.7578735351562,23,70,44,59,153
73967,2.0,5.0,2.0,1.0,3.0,1.0,0.4,0.4,30.0,11,1152.1973419189453,18,72,45,59,151
73967,2.0,5.0,2.0,1.0,3.0,1.0,0.4,0.4,30.0,12,490.24667739868164,17,73,44,59,150
73967,2.0,5.0,2.0,1.0,3.0,1.0,0.4,0.4,30.0,13,0,13,58,41,55,126
73967,2.0,5.0,2.0,1.0,3.0,1.0,0.4,0.4,30.0,14,0,10,40,29,36,88
73967,2.0,5.0,2.0,1.0,3.0,1.0,0.4,0.4,30.0,15,0,7,25,18,20,53
73967,2.0,5.0,2.0,1.0,3.0,1.0,0.4,0.4,30.0,16,0,6,9,10,12,26
73967,2.0,5.0,2.0,1.0,3.0,1.0,0.4,0.4,30.0,17,0,3,6,5,5,14
73967,2.0,5.0,2.0,1.0,3.0,1.0,0.4,0.4,30.0,18,0,0,5,3,3,8
73967,2.0,5.0,2.0,1.0,3.0,1.0,0.4,0.4,30.0,19,0,0,2,3,1,5
73967,2.0,5.0,2.0,1.0,3.0,1.0,0.4,0.4,30.0,20,0,0,2,1,0,3
73967,2.0,5.0,2.0,1.0,3.0,1.0,0.4,0.4,30.0,21,0,0,1,0,0,1