Exp Num,agent:svo_convergence_factor,agent:params:metabolism,agent:params:consumption_factor,agent:params:procreate_cost_factor,agent:params:procreate_req_factor,agent:params:start_energy_factor,agent:params:caught_chance,agent:params:caught_cooldown_factor,agent:params:maximum_age,Epoch,Resource,A,B,C,D,E
75581,2.0,5.0,2.0,5.0,1.0,2.0,0.4,0.2,20.0,0,4000.0,14,33,12,21,79
75581,2.0,5.0,2.0,5.0,1.0,2.0,0.4,0.2,20.0,1,4000.0,14,33,12,21,79
75581,2.0,5.0,2.0,5.0,1.0,2.0,0.4,0.2,20.0,2,4000.0,19,46,23,37,113
75581,2.0,5.0,2.0,5.0,1.0,2.0,0.4,0.2,20.0,3,3500.0,20,52,30,45,130
75581,2.0,5.0,2.0,5.0,1.0,2.0,0.4,0.2,20.0,4,2915.0,20,61,43,59,153
75581,2.0,5.0,2.0,5.0,1.0,2.0,0.4,0.2,20.0,5,3033.75,18,67,54,69,168
75581,2.0,5.0,2.0,5.0,1.0,2.0,0.4,0.2,20.0,6,2672.1875,14,60,57,70,160
75581,2.0,5.0,2.0,5.0,1.0,2.0,0.4,0.2,20.0,7,2500.234375,14,65,62,76,170
75581,2.0,5.0,2.0,5.0,1.0,2.0,0.4,0.2,20.0,8,2015.29296875,10,56,66,77,159
75581,2.0,5.0,2.0,5.0,1.0,2.0,0.4,0.2,20.0,9,1819.1162109375,9,56,70,69,161
75581,2.0,5.0,2.0,5.0,1.0,2.0,0.4,0.2,20.0,10,1423.895263671875,7,46,67,63,144
75581,2.0,5.0,2.0,5.0,1.0,2.0,0.4,0.2,20.0,11,1159.8690795898438,3,46,72,57,144
75581,2.0,5.0,2.0,5.0,1.0,2.0,0.4,0.2,20.0,12,709.8363494873047,3,40,71,55,136
75581,2.0,5.0,2.0,5.0,1.0,2.0,0.4,0.2,20.0,13,277.29543685913086,2,41,60,51,124
75581,2.0,5.0,2.0,5.0,1.0,2.0,0.4,0.2,20.0,14,0,1,34,59,43,107
75581,2.0,5.0,2.0,5.0,1.0,2.0,0.4,0.2,20.0,15,0,1,19,43,29,72
75581,2.0,5.0,2.0,5.0,1.0,2.0,0.4,0.2,20.0,16,0,1,12,36,16,54
75581,2.0,5.0,2.0,5.0,1.0,2.0,0.4,0.2,20.0,17,0,0,6,28,11,35
75581,2.0,5.0,2.0,5.0,1.0,2.0,0.4,0.2,20.0,18,0,0,3,22,5,26
75581,2.0,5.0,2.0,5.0,1.0,2.0,0.4,0.2,20.0,19,0,0,2,17,1,20
75581,2.0,5.0,2.0,5.0,1.0,2.0,0.4,0.2,20.0,20,0,0,0,14,1,14
75581,2.0,5.0,2.0,5.0,1.0,2.0,0.4,0.2,20.0,21,0,0,0,13,1,13
75581,2.0,5.0,2.0,5.0,1.0,2.0,0.4,0.2,20.0,22,0,0,0,11,0,11
75581,2.0,5.0,2.0,5.0,1.0,2.0,0.4,0.2,20.0,23,0,0,0,7,0,7
75581,2.0,5.0,2.0,5.0,1.0,2.0,0.4,0.2,20.0,24,0,0,0,4,0,4
75581,2.0,5.0,2.0,5.0,1.0,2.0,0.4,0.2,20.0,25,100,0,0,3,0,3
75581,2.0,5.0,2.0,5.0,1.0,2.0,0.4,0.2,20.0,26,125.0,0,0,2,0,2
75581,2.0,5.0,2.0,5.0,1.0,2.0,0.4,0.2,20.0,27,156.25,0,0,1,0,1