Exp Num,agent:svo_convergence_factor,agent:params:metabolism,agent:params:consumption_factor,agent:params:procreate_cost_factor,agent:params:procreate_req_factor,agent:params:start_energy_factor,agent:params:caught_chance,agent:params:caught_cooldown_factor,agent:params:maximum_age,Epoch,Resource,A,B,C,D,E
79612,2.0,5.0,3.0,1.0,3.0,1.0,0.5,0.30000000000000004,30.0,0,3500.0,27,41,17,39,111
79612,2.0,5.0,3.0,1.0,3.0,1.0,0.5,0.30000000000000004,30.0,1,3790.0,32,48,20,43,126
79612,2.0,5.0,3.0,1.0,3.0,1.0,0.5,0.30000000000000004,30.0,2,3507.5,26,46,23,56,125
79612,2.0,5.0,3.0,1.0,3.0,1.0,0.5,0.30000000000000004,30.0,3,3709.375,26,52,26,61,135
79612,2.0,5.0,3.0,1.0,3.0,1.0,0.5,0.30000000000000004,30.0,4,3496.71875,22,51,27,74,135
79612,2.0,5.0,3.0,1.0,3.0,1.0,0.5,0.30000000000000004,30.0,5,3485.8984375,22,42,40,78,139
79612,2.0,5.0,3.0,1.0,3.0,1.0,0.5,0.30000000000000004,30.0,6,3172.373046875,19,36,55,92,147
79612,2.0,5.0,3.0,1.0,3.0,1.0,0.5,0.30000000000000004,30.0,7,3005.46630859375,13,24,59,107,137
79612,2.0,5.0,3.0,1.0,3.0,1.0,0.5,0.30000000000000004,30.0,8,2421.8328857421875,8,19,64,120,138
79612,2.0,5.0,3.0,1.0,3.0,1.0,0.5,0.30000000000000004,30.0,9,1557.2911071777344,5,17,66,148,140
79612,2.0,5.0,3.0,1.0,3.0,1.0,0.5,0.30000000000000004,30.0,10,461.61388397216797,5,21,60,173,147
79612,2.0,5.0,3.0,1.0,3.0,1.0,0.5,0.30000000000000004,30.0,11,0,4,19,46,148,123
79612,2.0,5.0,3.0,1.0,3.0,1.0,0.5,0.30000000000000004,30.0,12,0,4,12,34,100,79
79612,2.0,5.0,3.0,1.0,3.0,1.0,0.5,0.30000000000000004,30.0,13,0,2,10,19,59,42
79612,2.0,5.0,3.0,1.0,3.0,1.0,0.5,0.30000000000000004,30.0,14,0,2,8,8,35,26
79612,2.0,5.0,3.0,1.0,3.0,1.0,0.5,0.30000000000000004,30.0,15,0,2,3,5,19,14
79612,2.0,5.0,3.0,1.0,3.0,1.0,0.5,0.30000000000000004,30.0,16,0,2,1,2,11,6
79612,2.0,5.0,3.0,1.0,3.0,1.0,0.5,0.30000000000000004,30.0,17,0,2,1,1,4,5
79612,2.0,5.0,3.0,1.0,3.0,1.0,0.5,0.30000000000000004,30.0,18,0,2,1,0,1,4
79612,2.0,5.0,3.0,1.0,3.0,1.0,0.5,0.30000000000000004,30.0,19,0,1,0,0,1,2
79612,2.0,5.0,3.0,1.0,3.0,1.0,0.5,0.30000000000000004,30.0,20,0,1,0,0,1,2
79612,2.0,5.0,3.0,1.0,3.0,1.0,0.5,0.30000000000000004,30.0,21,0,1,0,0,0,1