Exp Num,agent:svo_convergence_factor,agent:params:metabolism,agent:params:consumption_factor,agent:params:procreate_cost_factor,agent:params:procreate_req_factor,agent:params:start_energy_factor,agent:params:caught_chance,agent:params:caught_cooldown_factor,agent:params:maximum_age,Epoch,Resource,A,B,C,D,E
79484,2.0,5.0,3.0,1.0,2.0,3.0,0.5,0.2,50.0,0,3500.0,21,52,29,32,118
79484,2.0,5.0,3.0,1.0,2.0,3.0,0.5,0.2,50.0,1,3730.0,26,70,53,39,169
79484,2.0,5.0,3.0,1.0,2.0,3.0,0.5,0.2,50.0,2,3822.5,29,77,64,47,191
79484,2.0,5.0,3.0,1.0,2.0,3.0,0.5,0.2,50.0,3,3638.125,24,69,70,59,183
79484,2.0,5.0,3.0,1.0,2.0,3.0,0.5,0.2,50.0,4,3362.65625,25,74,78,68,197
79484,2.0,5.0,3.0,1.0,2.0,3.0,0.5,0.2,50.0,5,2898.3203125,26,73,88,77,207
79484,2.0,5.0,3.0,1.0,2.0,3.0,0.5,0.2,50.0,6,2332.900390625,26,72,102,85,221
79484,2.0,5.0,3.0,1.0,2.0,3.0,0.5,0.2,50.0,7,1506.12548828125,23,73,108,94,225
79484,2.0,5.0,3.0,1.0,2.0,3.0,0.5,0.2,50.0,8,232.6568603515625,18,74,126,106,240
79484,2.0,5.0,3.0,1.0,2.0,3.0,0.5,0.2,50.0,9,0,12,71,107,83,207
79484,2.0,5.0,3.0,1.0,2.0,3.0,0.5,0.2,50.0,10,0,10,53,61,50,131
79484,2.0,5.0,3.0,1.0,2.0,3.0,0.5,0.2,50.0,11,0,7,29,39,25,81
79484,2.0,5.0,3.0,1.0,2.0,3.0,0.5,0.2,50.0,12,0,5,15,24,17,47
79484,2.0,5.0,3.0,1.0,2.0,3.0,0.5,0.2,50.0,13,0,3,7,12,11,24
79484,2.0,5.0,3.0,1.0,2.0,3.0,0.5,0.2,50.0,14,0,2,3,7,6,14
79484,2.0,5.0,3.0,1.0,2.0,3.0,0.5,0.2,50.0,15,0,2,1,3,4,7
79484,2.0,5.0,3.0,1.0,2.0,3.0,0.5,0.2,50.0,16,0,1,1,1,2,4
79484,2.0,5.0,3.0,1.0,2.0,3.0,0.5,0.2,50.0,17,0,1,0,0,2,1
79484,2.0,5.0,3.0,1.0,2.0,3.0,0.5,0.2,50.0,18,0,1,0,0,0,1