Exp Num,agent:svo_convergence_factor,agent:params:metabolism,agent:params:consumption_factor,agent:params:procreate_cost_factor,agent:params:procreate_req_factor,agent:params:start_energy_factor,agent:params:caught_chance,agent:params:caught_cooldown_factor,agent:params:maximum_age,Epoch,Resource,A,B,C,D,E
79718,2.0,5.0,3.0,1.0,3.0,2.0,0.4,0.4,40.0,0,3500.0,20,38,19,44,106
79718,2.0,5.0,3.0,1.0,3.0,2.0,0.4,0.4,40.0,1,3745.0,24,47,24,47,124
79718,2.0,5.0,3.0,1.0,3.0,2.0,0.4,0.4,40.0,2,3706.25,27,55,31,62,142
79718,2.0,5.0,3.0,1.0,3.0,2.0,0.4,0.4,40.0,3,3702.8125,23,53,34,66,144
79718,2.0,5.0,3.0,1.0,3.0,2.0,0.4,0.4,40.0,4,3503.515625,21,55,45,71,156
79718,2.0,5.0,3.0,1.0,3.0,2.0,0.4,0.4,40.0,5,3299.39453125,22,54,53,79,164
79718,2.0,5.0,3.0,1.0,3.0,2.0,0.4,0.4,40.0,6,2819.2431640625,22,52,64,88,176
79718,2.0,5.0,3.0,1.0,3.0,2.0,0.4,0.4,40.0,7,1964.053955078125,20,56,83,101,199
79718,2.0,5.0,3.0,1.0,3.0,2.0,0.4,0.4,40.0,8,745.0674438476562,16,64,101,109,225
79718,2.0,5.0,3.0,1.0,3.0,2.0,0.4,0.4,40.0,9,0,18,64,101,97,222
79718,2.0,5.0,3.0,1.0,3.0,2.0,0.4,0.4,40.0,10,0,14,53,71,59,161
79718,2.0,5.0,3.0,1.0,3.0,2.0,0.4,0.4,40.0,11,0,10,37,45,29,108
79718,2.0,5.0,3.0,1.0,3.0,2.0,0.4,0.4,40.0,12,0,9,28,24,18,67
79718,2.0,5.0,3.0,1.0,3.0,2.0,0.4,0.4,40.0,13,0,7,21,12,8,43
79718,2.0,5.0,3.0,1.0,3.0,2.0,0.4,0.4,40.0,14,0,5,11,6,6,23
79718,2.0,5.0,3.0,1.0,3.0,2.0,0.4,0.4,40.0,15,0,4,7,4,3,15
79718,2.0,5.0,3.0,1.0,3.0,2.0,0.4,0.4,40.0,16,0,1,6,2,1,9
79718,2.0,5.0,3.0,1.0,3.0,2.0,0.4,0.4,40.0,17,0,0,4,1,0,5
79718,2.0,5.0,3.0,1.0,3.0,2.0,0.4,0.4,40.0,18,0,0,1,1,0,2
79718,2.0,5.0,3.0,1.0,3.0,2.0,0.4,0.4,40.0,19,0,0,1,1,0,2
79718,2.0,5.0,3.0,1.0,3.0,2.0,0.4,0.4,40.0,20,100,0,0,1,0,1