Exp Num,agent:svo_convergence_factor,agent:params:metabolism,agent:params:consumption_factor,agent:params:procreate_cost_factor,agent:params:procreate_req_factor,agent:params:start_energy_factor,agent:params:caught_chance,agent:params:caught_cooldown_factor,agent:params:maximum_age,Epoch,Resource,A,B,C,D,E
73385,2.0,5.0,2.0,1.0,1.0,3.0,0.1,0.30000000000000004,10.0,0,4000.0,15,52,23,37,113
73385,2.0,5.0,2.0,1.0,1.0,3.0,0.1,0.30000000000000004,10.0,1,3500.0,22,76,43,55,170
73385,2.0,5.0,2.0,1.0,1.0,3.0,0.1,0.30000000000000004,10.0,2,3415.0,28,108,88,76,261
73385,2.0,5.0,2.0,1.0,1.0,3.0,0.1,0.30000000000000004,10.0,3,2078.75,36,155,132,114,365
73385,2.0,5.0,2.0,1.0,1.0,3.0,0.1,0.30000000000000004,10.0,4,0,47,215,189,145,489
73385,2.0,5.0,2.0,1.0,1.0,3.0,0.1,0.30000000000000004,10.0,5,0,50,214,172,98,455
73385,2.0,5.0,2.0,1.0,1.0,3.0,0.1,0.30000000000000004,10.0,6,0,32,161,126,66,329
73385,2.0,5.0,2.0,1.0,1.0,3.0,0.1,0.30000000000000004,10.0,7,0,21,124,90,49,240
73385,2.0,5.0,2.0,1.0,1.0,3.0,0.1,0.30000000000000004,10.0,8,0,14,92,74,26,182
73385,2.0,5.0,2.0,1.0,1.0,3.0,0.1,0.30000000000000004,10.0,9,0,8,61,64,18,134
73385,2.0,5.0,2.0,1.0,1.0,3.0,0.1,0.30000000000000004,10.0,10,0,4,40,49,12,94
73385,2.0,5.0,2.0,1.0,1.0,3.0,0.1,0.30000000000000004,10.0,11,0,1,28,39,9,68
73385,2.0,5.0,2.0,1.0,1.0,3.0,0.1,0.30000000000000004,10.0,12,0,0,18,26,4,44
73385,2.0,5.0,2.0,1.0,1.0,3.0,0.1,0.30000000000000004,10.0,13,0,0,16,22,2,38
73385,2.0,5.0,2.0,1.0,1.0,3.0,0.1,0.30000000000000004,10.0,14,0,0,9,16,1,25
73385,2.0,5.0,2.0,1.0,1.0,3.0,0.1,0.30000000000000004,10.0,15,0,0,10,17,0,27
73385,2.0,5.0,2.0,1.0,1.0,3.0,0.1,0.30000000000000004,10.0,16,0,0,7,11,0,18
73385,2.0,5.0,2.0,1.0,1.0,3.0,0.1,0.30000000000000004,10.0,17,0,0,4,9,0,13
73385,2.0,5.0,2.0,1.0,1.0,3.0,0.1,0.30000000000000004,10.0,18,0,0,2,5,0,7
73385,2.0,5.0,2.0,1.0,1.0,3.0,0.1,0.30000000000000004,10.0,19,0,0,1,4,0,5
73385,2.0,5.0,2.0,1.0,1.0,3.0,0.1,0.30000000000000004,10.0,20,0,0,0,2,0,2
73385,2.0,5.0,2.0,1.0,1.0,3.0,0.1,0.30000000000000004,10.0,21,0,0,0,1,0,1