Exp Num,agent:svo_convergence_factor,agent:params:metabolism,agent:params:consumption_factor,agent:params:procreate_cost_factor,agent:params:procreate_req_factor,agent:params:start_energy_factor,agent:params:caught_chance,agent:params:caught_cooldown_factor,agent:params:maximum_age,Epoch,Resource,A,B,C,D,E
73428,2.0,5.0,2.0,1.0,1.0,3.0,0.30000000000000004,0.1,40.0,0,4000.0,27,37,22,40,110
73428,2.0,5.0,2.0,1.0,1.0,3.0,0.30000000000000004,0.1,40.0,1,3500.0,34,61,36,60,165
73428,2.0,5.0,2.0,1.0,1.0,3.0,0.30000000000000004,0.1,40.0,2,3545.0,47,96,62,87,250
73428,2.0,5.0,2.0,1.0,1.0,3.0,0.30000000000000004,0.1,40.0,3,2751.25,47,133,96,114,323
73428,2.0,5.0,2.0,1.0,1.0,3.0,0.30000000000000004,0.1,40.0,4,1069.0625,55,169,155,157,438
73428,2.0,5.0,2.0,1.0,1.0,3.0,0.30000000000000004,0.1,40.0,5,0,53,166,184,146,445
73428,2.0,5.0,2.0,1.0,1.0,3.0,0.30000000000000004,0.1,40.0,6,0,45,136,149,112,358
73428,2.0,5.0,2.0,1.0,1.0,3.0,0.30000000000000004,0.1,40.0,7,0,33,97,115,74,263
73428,2.0,5.0,2.0,1.0,1.0,3.0,0.30000000000000004,0.1,40.0,8,0,22,61,98,53,191
73428,2.0,5.0,2.0,1.0,1.0,3.0,0.30000000000000004,0.1,40.0,9,0,11,45,70,43,131
73428,2.0,5.0,2.0,1.0,1.0,3.0,0.30000000000000004,0.1,40.0,10,0,4,29,60,24,97
73428,2.0,5.0,2.0,1.0,1.0,3.0,0.30000000000000004,0.1,40.0,11,0,2,19,44,13,68
73428,2.0,5.0,2.0,1.0,1.0,3.0,0.30000000000000004,0.1,40.0,12,0,2,12,38,10,53
73428,2.0,5.0,2.0,1.0,1.0,3.0,0.30000000000000004,0.1,40.0,13,0,2,9,26,4,38
73428,2.0,5.0,2.0,1.0,1.0,3.0,0.30000000000000004,0.1,40.0,14,0,1,6,16,2,23
73428,2.0,5.0,2.0,1.0,1.0,3.0,0.30000000000000004,0.1,40.0,15,0,1,4,13,0,18
73428,2.0,5.0,2.0,1.0,1.0,3.0,0.30000000000000004,0.1,40.0,16,0,1,6,14,0,21
73428,2.0,5.0,2.0,1.0,1.0,3.0,0.30000000000000004,0.1,40.0,17,0,1,9,9,0,19
73428,2.0,5.0,2.0,1.0,1.0,3.0,0.30000000000000004,0.1,40.0,18,0,0,5,7,0,12
73428,2.0,5.0,2.0,1.0,1.0,3.0,0.30000000000000004,0.1,40.0,19,0,0,3,5,0,8
73428,2.0,5.0,2.0,1.0,1.0,3.0,0.30000000000000004,0.1,40.0,20,0,0,3,3,0,6
73428,2.0,5.0,2.0,1.0,1.0,3.0,0.30000000000000004,0.1,40.0,21,0,0,2,1,0,3
73428,2.0,5.0,2.0,1.0,1.0,3.0,0.30000000000000004,0.1,40.0,22,0,0,1,1,0,2
73428,2.0,5.0,2.0,1.0,1.0,3.0,0.30000000000000004,0.1,40.0,23,0,0,1,0,0,1