Exp Num,agent:svo_convergence_factor,agent:params:metabolism,agent:params:consumption_factor,agent:params:procreate_cost_factor,agent:params:procreate_req_factor,agent:params:start_energy_factor,agent:params:caught_chance,agent:params:caught_cooldown_factor,agent:params:maximum_age,Epoch,Resource,A,B,C,D,E
79944,2.0,5.0,3.0,3.0,1.0,1.0,0.30000000000000004,0.4,50.0,0,3500.0,19,31,25,44,106
79944,2.0,5.0,3.0,3.0,1.0,1.0,0.30000000000000004,0.4,50.0,1,2710.0,19,37,33,53,122
79944,2.0,5.0,3.0,3.0,1.0,1.0,0.30000000000000004,0.4,50.0,2,2652.5,23,47,44,62,148
79944,2.0,5.0,3.0,3.0,1.0,1.0,0.30000000000000004,0.4,50.0,3,1455.625,18,63,56,85,178
79944,2.0,5.0,3.0,3.0,1.0,1.0,0.30000000000000004,0.4,50.0,4,0,16,65,78,94,195
79944,2.0,5.0,3.0,3.0,1.0,1.0,0.30000000000000004,0.4,50.0,5,0,14,58,78,90,178
79944,2.0,5.0,3.0,3.0,1.0,1.0,0.30000000000000004,0.4,50.0,6,0,8,34,73,60,132
79944,2.0,5.0,3.0,3.0,1.0,1.0,0.30000000000000004,0.4,50.0,7,0,3,22,62,40,96
79944,2.0,5.0,3.0,3.0,1.0,1.0,0.30000000000000004,0.4,50.0,8,0,1,17,47,28,68
79944,2.0,5.0,3.0,3.0,1.0,1.0,0.30000000000000004,0.4,50.0,9,0,0,13,36,17,50
79944,2.0,5.0,3.0,3.0,1.0,1.0,0.30000000000000004,0.4,50.0,10,0,0,8,23,9,31
79944,2.0,5.0,3.0,3.0,1.0,1.0,0.30000000000000004,0.4,50.0,11,0,0,5,16,6,21
79944,2.0,5.0,3.0,3.0,1.0,1.0,0.30000000000000004,0.4,50.0,12,0,0,2,12,5,14
79944,2.0,5.0,3.0,3.0,1.0,1.0,0.30000000000000004,0.4,50.0,13,0,0,2,11,2,13
79944,2.0,5.0,3.0,3.0,1.0,1.0,0.30000000000000004,0.4,50.0,14,0,0,2,8,0,10
79944,2.0,5.0,3.0,3.0,1.0,1.0,0.30000000000000004,0.4,50.0,15,25.0,0,1,11,0,12
79944,2.0,5.0,3.0,3.0,1.0,1.0,0.30000000000000004,0.4,50.0,16,0,0,1,10,0,11
79944,2.0,5.0,3.0,3.0,1.0,1.0,0.30000000000000004,0.4,50.0,17,0,0,0,6,0,6
79944,2.0,5.0,3.0,3.0,1.0,1.0,0.30000000000000004,0.4,50.0,18,0,0,0,8,0,8
79944,2.0,5.0,3.0,3.0,1.0,1.0,0.30000000000000004,0.4,50.0,19,0,0,0,6,0,6
79944,2.0,5.0,3.0,3.0,1.0,1.0,0.30000000000000004,0.4,50.0,20,0,0,0,4,0,4
79944,2.0,5.0,3.0,3.0,1.0,1.0,0.30000000000000004,0.4,50.0,21,0,0,0,3,0,3
79944,2.0,5.0,3.0,3.0,1.0,1.0,0.30000000000000004,0.4,50.0,22,0,0,0,2,0,2
79944,2.0,5.0,3.0,3.0,1.0,1.0,0.30000000000000004,0.4,50.0,23,0,0,0,1,0,1