Exp Num,agent:svo_convergence_factor,agent:params:metabolism,agent:params:consumption_factor,agent:params:procreate_cost_factor,agent:params:procreate_req_factor,agent:params:start_energy_factor,agent:params:caught_chance,agent:params:caught_cooldown_factor,agent:params:maximum_age,Epoch,Resource,A,B,C,D,E
76532,2.0,5.0,2.0,7.0,1.0,1.0,0.2,0.2,30.0,0,4000.0,15,30,10,26,74
76532,2.0,5.0,2.0,7.0,1.0,1.0,0.2,0.2,30.0,1,4000.0,15,30,10,26,74
76532,2.0,5.0,2.0,7.0,1.0,1.0,0.2,0.2,30.0,2,4000.0,15,30,10,26,74
76532,2.0,5.0,2.0,7.0,1.0,1.0,0.2,0.2,30.0,3,4000.0,15,30,10,26,74
76532,2.0,5.0,2.0,7.0,1.0,1.0,0.2,0.2,30.0,4,4000.0,15,30,10,26,74
76532,2.0,5.0,2.0,7.0,1.0,1.0,0.2,0.2,30.0,5,4000.0,18,42,28,36,114
76532,2.0,5.0,2.0,7.0,1.0,1.0,0.2,0.2,30.0,6,3500.0,18,48,37,45,130
76532,2.0,5.0,2.0,7.0,1.0,1.0,0.2,0.2,30.0,7,2865.0,18,56,52,58,154
76532,2.0,5.0,2.0,7.0,1.0,1.0,0.2,0.2,30.0,8,2621.25,18,60,65,68,171
76532,2.0,5.0,2.0,7.0,1.0,1.0,0.2,0.2,30.0,9,1856.5625,12,59,75,73,174
76532,2.0,5.0,2.0,7.0,1.0,1.0,0.2,0.2,30.0,10,1450.703125,12,61,91,75,192
76532,2.0,5.0,2.0,7.0,1.0,1.0,0.2,0.2,30.0,11,463.37890625,10,57,101,77,193
76532,2.0,5.0,2.0,7.0,1.0,1.0,0.2,0.2,30.0,12,0,9,53,104,74,191
76532,2.0,5.0,2.0,7.0,1.0,1.0,0.2,0.2,30.0,13,0,7,43,85,49,145
76532,2.0,5.0,2.0,7.0,1.0,1.0,0.2,0.2,30.0,14,0,7,36,72,33,120
76532,2.0,5.0,2.0,7.0,1.0,1.0,0.2,0.2,30.0,15,0,5,26,61,25,96
76532,2.0,5.0,2.0,7.0,1.0,1.0,0.2,0.2,30.0,16,0,5,16,52,22,75
76532,2.0,5.0,2.0,7.0,1.0,1.0,0.2,0.2,30.0,17,0,3,12,47,16,63
76532,2.0,5.0,2.0,7.0,1.0,1.0,0.2,0.2,30.0,18,0,2,10,42,8,55
76532,2.0,5.0,2.0,7.0,1.0,1.0,0.2,0.2,30.0,19,0,1,7,33,3,42
76532,2.0,5.0,2.0,7.0,1.0,1.0,0.2,0.2,30.0,20,0,1,5,24,2,31
76532,2.0,5.0,2.0,7.0,1.0,1.0,0.2,0.2,30.0,21,0,0,3,17,1,21
76532,2.0,5.0,2.0,7.0,1.0,1.0,0.2,0.2,30.0,22,0,0,1,14,1,15
76532,2.0,5.0,2.0,7.0,1.0,1.0,0.2,0.2,30.0,23,50.0,0,1,10,1,11
76532,2.0,5.0,2.0,7.0,1.0,1.0,0.2,0.2,30.0,24,42.5,0,1,9,0,10
76532,2.0,5.0,2.0,7.0,1.0,1.0,0.2,0.2,30.0,25,0,0,1,9,0,10
76532,2.0,5.0,2.0,7.0,1.0,1.0,0.2,0.2,30.0,26,0,0,1,7,0,8
76532,2.0,5.0,2.0,7.0,1.0,1.0,0.2,0.2,30.0,27,0,0,0,6,0,6
76532,2.0,5.0,2.0,7.0,1.0,1.0,0.2,0.2,30.0,28,0,0,0,3,0,3
76532,2.0,5.0,2.0,7.0,1.0,1.0,0.2,0.2,30.0,29,0,0,0,2,0,2
76532,2.0,5.0,2.0,7.0,1.0,1.0,0.2,0.2,30.0,30,0,0,0,1,0,1