Exp Num,agent:svo_convergence_factor,agent:params:metabolism,agent:params:consumption_factor,agent:params:procreate_cost_factor,agent:params:procreate_req_factor,agent:params:start_energy_factor,agent:params:caught_chance,agent:params:caught_cooldown_factor,agent:params:maximum_age,Epoch,Resource,A,B,C,D,E
77755,2.0,5.0,2.0,9.0,1.0,2.0,0.1,0.2,10.0,0,4000.0,12,20,12,39,61
77755,2.0,5.0,2.0,9.0,1.0,2.0,0.1,0.2,10.0,1,4000.0,12,20,12,39,61
77755,2.0,5.0,2.0,9.0,1.0,2.0,0.1,0.2,10.0,2,4000.0,12,20,12,39,61
77755,2.0,5.0,2.0,9.0,1.0,2.0,0.1,0.2,10.0,3,4000.0,12,20,12,39,61
77755,2.0,5.0,2.0,9.0,1.0,2.0,0.1,0.2,10.0,4,4000.0,12,20,12,39,61
77755,2.0,5.0,2.0,9.0,1.0,2.0,0.1,0.2,10.0,5,4000.0,12,20,12,39,61
77755,2.0,5.0,2.0,9.0,1.0,2.0,0.1,0.2,10.0,6,4000.0,17,33,22,57,93
77755,2.0,5.0,2.0,9.0,1.0,2.0,0.1,0.2,10.0,7,3500.0,17,38,32,64,111
77755,2.0,5.0,2.0,9.0,1.0,2.0,0.1,0.2,10.0,8,2825.0,18,43,45,80,132
77755,2.0,5.0,2.0,9.0,1.0,2.0,0.1,0.2,10.0,9,2661.25,18,47,58,90,150
77755,2.0,5.0,2.0,9.0,1.0,2.0,0.1,0.2,10.0,10,2206.5625,11,33,62,68,118
77755,2.0,5.0,2.0,9.0,1.0,2.0,0.1,0.2,10.0,11,1958.203125,6,29,73,63,118
77755,2.0,5.0,2.0,9.0,1.0,2.0,0.1,0.2,10.0,12,1357.75390625,5,30,83,65,128
77755,2.0,5.0,2.0,9.0,1.0,2.0,0.1,0.2,10.0,13,727.1923828125,5,30,96,69,141
77755,2.0,5.0,2.0,9.0,1.0,2.0,0.1,0.2,10.0,14,0,5,29,102,67,146
77755,2.0,5.0,2.0,9.0,1.0,2.0,0.1,0.2,10.0,15,0,5,27,92,54,132
77755,2.0,5.0,2.0,9.0,1.0,2.0,0.1,0.2,10.0,16,0,4,22,82,38,115
77755,2.0,5.0,2.0,9.0,1.0,2.0,0.1,0.2,10.0,17,0,3,16,69,30,92
77755,2.0,5.0,2.0,9.0,1.0,2.0,0.1,0.2,10.0,18,0,3,11,64,25,81
77755,2.0,5.0,2.0,9.0,1.0,2.0,0.1,0.2,10.0,19,0,0,8,60,22,70
77755,2.0,5.0,2.0,9.0,1.0,2.0,0.1,0.2,10.0,20,0,0,3,56,15,60
77755,2.0,5.0,2.0,9.0,1.0,2.0,0.1,0.2,10.0,21,0,0,3,49,14,53
77755,2.0,5.0,2.0,9.0,1.0,2.0,0.1,0.2,10.0,22,0,0,2,47,12,50
77755,2.0,5.0,2.0,9.0,1.0,2.0,0.1,0.2,10.0,23,0,0,1,38,9,40
77755,2.0,5.0,2.0,9.0,1.0,2.0,0.1,0.2,10.0,24,0,0,0,28,7,29
77755,2.0,5.0,2.0,9.0,1.0,2.0,0.1,0.2,10.0,25,0,0,0,25,5,26
77755,2.0,5.0,2.0,9.0,1.0,2.0,0.1,0.2,10.0,26,0,0,0,19,4,19
77755,2.0,5.0,2.0,9.0,1.0,2.0,0.1,0.2,10.0,27,0,0,0,13,1,13
77755,2.0,5.0,2.0,9.0,1.0,2.0,0.1,0.2,10.0,28,0,0,0,8,1,8
77755,2.0,5.0,2.0,9.0,1.0,2.0,0.1,0.2,10.0,29,0,0,0,5,0,5
77755,2.0,5.0,2.0,9.0,1.0,2.0,0.1,0.2,10.0,30,0,0,0,3,0,3
77755,2.0,5.0,2.0,9.0,1.0,2.0,0.1,0.2,10.0,31,0,0,0,2,0,2
77755,2.0,5.0,2.0,9.0,1.0,2.0,0.1,0.2,10.0,32,0,0,0,2,0,2
77755,2.0,5.0,2.0,9.0,1.0,2.0,0.1,0.2,10.0,33,0,0,0,1,0,1