Exp Num,agent:svo_convergence_factor,agent:params:metabolism,agent:params:consumption_factor,agent:params:procreate_cost_factor,agent:params:procreate_req_factor,agent:params:start_energy_factor,agent:params:caught_chance,agent:params:caught_cooldown_factor,agent:params:maximum_age,Epoch,Resource,A,B,C,D,E
73676,2.0,5.0,2.0,1.0,2.0,2.0,0.30000000000000004,0.1,20.0,0,4000.0,28,40,18,43,107
73676,2.0,5.0,2.0,1.0,2.0,2.0,0.30000000000000004,0.1,20.0,1,3500.0,36,64,34,60,165
73676,2.0,5.0,2.0,1.0,2.0,2.0,0.30000000000000004,0.1,20.0,2,3575.0,45,80,42,67,198
73676,2.0,5.0,2.0,1.0,2.0,2.0,0.30000000000000004,0.1,20.0,3,3028.75,34,92,59,86,221
73676,2.0,5.0,2.0,1.0,2.0,2.0,0.30000000000000004,0.1,20.0,4,1855.9375,34,115,78,113,271
73676,2.0,5.0,2.0,1.0,2.0,2.0,0.30000000000000004,0.1,20.0,5,0,37,127,106,141,324
73676,2.0,5.0,2.0,1.0,2.0,2.0,0.30000000000000004,0.1,20.0,6,0,29,75,71,83,207
73676,2.0,5.0,2.0,1.0,2.0,2.0,0.30000000000000004,0.1,20.0,7,0,15,41,41,46,113
73676,2.0,5.0,2.0,1.0,2.0,2.0,0.30000000000000004,0.1,20.0,8,0,6,27,23,23,66
73676,2.0,5.0,2.0,1.0,2.0,2.0,0.30000000000000004,0.1,20.0,9,0,5,15,10,14,36
73676,2.0,5.0,2.0,1.0,2.0,2.0,0.30000000000000004,0.1,20.0,10,0,3,5,5,10,17
73676,2.0,5.0,2.0,1.0,2.0,2.0,0.30000000000000004,0.1,20.0,11,0,0,3,5,3,11
73676,2.0,5.0,2.0,1.0,2.0,2.0,0.30000000000000004,0.1,20.0,12,0,0,2,2,1,6
73676,2.0,5.0,2.0,1.0,2.0,2.0,0.30000000000000004,0.1,20.0,13,0,0,1,1,0,3
73676,2.0,5.0,2.0,1.0,2.0,2.0,0.30000000000000004,0.1,20.0,14,0,0,0,1,0,1