Exp Num,agent:svo_convergence_factor,agent:params:metabolism,agent:params:consumption_factor,agent:params:procreate_cost_factor,agent:params:procreate_req_factor,agent:params:start_energy_factor,agent:params:caught_chance,agent:params:caught_cooldown_factor,agent:params:maximum_age,Epoch,Resource,A,B,C,D,E
78864,2.0,5.0,3.0,1.0,1.0,1.0,0.5,0.30000000000000004,50.0,0,3500.0,25,45,20,33,117
78864,2.0,5.0,3.0,1.0,1.0,1.0,0.5,0.30000000000000004,50.0,1,3775.0,36,67,39,49,176
78864,2.0,5.0,3.0,1.0,1.0,1.0,0.5,0.30000000000000004,50.0,2,3488.75,35,68,51,66,192
78864,2.0,5.0,3.0,1.0,1.0,1.0,0.5,0.30000000000000004,50.0,3,2515.9375,30,87,87,84,249
78864,2.0,5.0,3.0,1.0,1.0,1.0,0.5,0.30000000000000004,50.0,4,984.921875,25,115,130,125,324
78864,2.0,5.0,3.0,1.0,1.0,1.0,0.5,0.30000000000000004,50.0,5,0,25,119,172,140,361
78864,2.0,5.0,3.0,1.0,1.0,1.0,0.5,0.30000000000000004,50.0,6,0,13,101,162,112,300
78864,2.0,5.0,3.0,1.0,1.0,1.0,0.5,0.30000000000000004,50.0,7,0,12,79,129,82,234
78864,2.0,5.0,3.0,1.0,1.0,1.0,0.5,0.30000000000000004,50.0,8,0,6,61,95,58,170
78864,2.0,5.0,3.0,1.0,1.0,1.0,0.5,0.30000000000000004,50.0,9,0,5,44,66,40,120
78864,2.0,5.0,3.0,1.0,1.0,1.0,0.5,0.30000000000000004,50.0,10,0,1,32,57,27,91
78864,2.0,5.0,3.0,1.0,1.0,1.0,0.5,0.30000000000000004,50.0,11,0,0,18,47,16,65
78864,2.0,5.0,3.0,1.0,1.0,1.0,0.5,0.30000000000000004,50.0,12,0,0,12,29,15,41
78864,2.0,5.0,3.0,1.0,1.0,1.0,0.5,0.30000000000000004,50.0,13,0,0,10,20,10,30
78864,2.0,5.0,3.0,1.0,1.0,1.0,0.5,0.30000000000000004,50.0,14,0,0,8,14,6,22
78864,2.0,5.0,3.0,1.0,1.0,1.0,0.5,0.30000000000000004,50.0,15,0,0,3,13,4,16
78864,2.0,5.0,3.0,1.0,1.0,1.0,0.5,0.30000000000000004,50.0,16,0,0,3,16,3,19
78864,2.0,5.0,3.0,1.0,1.0,1.0,0.5,0.30000000000000004,50.0,17,0,0,2,11,0,13
78864,2.0,5.0,3.0,1.0,1.0,1.0,0.5,0.30000000000000004,50.0,18,0,0,1,9,0,10
78864,2.0,5.0,3.0,1.0,1.0,1.0,0.5,0.30000000000000004,50.0,19,0,0,1,4,0,5
78864,2.0,5.0,3.0,1.0,1.0,1.0,0.5,0.30000000000000004,50.0,20,0,0,1,2,0,3
78864,2.0,5.0,3.0,1.0,1.0,1.0,0.5,0.30000000000000004,50.0,21,0,0,0,1,0,1