Exp Num,agent:svo_convergence_factor,agent:params:metabolism,agent:params:consumption_factor,agent:params:procreate_cost_factor,agent:params:procreate_req_factor,agent:params:start_energy_factor,agent:params:caught_chance,agent:params:caught_cooldown_factor,agent:params:maximum_age,Epoch,Resource,A,B,C,D,E
73684,2.0,5.0,2.0,1.0,2.0,2.0,0.30000000000000004,0.2,50.0,0,4000.0,21,35,29,44,106
73684,2.0,5.0,2.0,1.0,2.0,2.0,0.30000000000000004,0.2,50.0,1,3500.0,27,52,49,68,157
73684,2.0,5.0,2.0,1.0,2.0,2.0,0.30000000000000004,0.2,50.0,2,3665.0,33,64,59,74,186
73684,2.0,5.0,2.0,1.0,2.0,2.0,0.30000000000000004,0.2,50.0,3,3101.25,31,73,73,92,211
73684,2.0,5.0,2.0,1.0,2.0,2.0,0.30000000000000004,0.2,50.0,4,1956.5625,28,83,104,123,256
73684,2.0,5.0,2.0,1.0,2.0,2.0,0.30000000000000004,0.2,50.0,5,0,23,97,151,159,317
73684,2.0,5.0,2.0,1.0,2.0,2.0,0.30000000000000004,0.2,50.0,6,0,18,62,95,93,200
73684,2.0,5.0,2.0,1.0,2.0,2.0,0.30000000000000004,0.2,50.0,7,0,10,37,60,56,116
73684,2.0,5.0,2.0,1.0,2.0,2.0,0.30000000000000004,0.2,50.0,8,0,6,22,27,33,60
73684,2.0,5.0,2.0,1.0,2.0,2.0,0.30000000000000004,0.2,50.0,9,0,3,10,17,19,32
73684,2.0,5.0,2.0,1.0,2.0,2.0,0.30000000000000004,0.2,50.0,10,0,2,5,9,9,17
73684,2.0,5.0,2.0,1.0,2.0,2.0,0.30000000000000004,0.2,50.0,11,0,1,4,5,4,10
73684,2.0,5.0,2.0,1.0,2.0,2.0,0.30000000000000004,0.2,50.0,12,0,1,1,3,2,5
73684,2.0,5.0,2.0,1.0,2.0,2.0,0.30000000000000004,0.2,50.0,13,0,0,1,2,1,3
73684,2.0,5.0,2.0,1.0,2.0,2.0,0.30000000000000004,0.2,50.0,14,0,0,0,1,1,1
73684,2.0,5.0,2.0,1.0,2.0,2.0,0.30000000000000004,0.2,50.0,15,0,0,0,1,0,1