Exp Num,agent:svo_convergence_factor,agent:params:metabolism,agent:params:consumption_factor,agent:params:procreate_cost_factor,agent:params:procreate_req_factor,agent:params:start_energy_factor,agent:params:caught_chance,agent:params:caught_cooldown_factor,agent:params:maximum_age,Epoch,Resource,A,B,C,D,E
73698,2.0,5.0,2.0,1.0,2.0,2.0,0.30000000000000004,0.5,40.0,0,4000.0,21,50,22,37,113
73698,2.0,5.0,2.0,1.0,2.0,2.0,0.30000000000000004,0.5,40.0,1,3500.0,30,73,42,52,173
73698,2.0,5.0,2.0,1.0,2.0,2.0,0.30000000000000004,0.5,40.0,2,3505.0,39,94,51,56,212
73698,2.0,5.0,2.0,1.0,2.0,2.0,0.30000000000000004,0.5,40.0,3,2951.25,42,105,64,62,243
73698,2.0,5.0,2.0,1.0,2.0,2.0,0.30000000000000004,0.5,40.0,4,1849.0625,48,117,94,79,297
73698,2.0,5.0,2.0,1.0,2.0,2.0,0.30000000000000004,0.5,40.0,5,0,49,136,126,106,356
73698,2.0,5.0,2.0,1.0,2.0,2.0,0.30000000000000004,0.5,40.0,6,0,35,95,83,59,233
73698,2.0,5.0,2.0,1.0,2.0,2.0,0.30000000000000004,0.5,40.0,7,0,23,62,45,23,142
73698,2.0,5.0,2.0,1.0,2.0,2.0,0.30000000000000004,0.5,40.0,8,0,15,37,24,9,81
73698,2.0,5.0,2.0,1.0,2.0,2.0,0.30000000000000004,0.5,40.0,9,0,9,22,11,5,43
73698,2.0,5.0,2.0,1.0,2.0,2.0,0.30000000000000004,0.5,40.0,10,0,5,9,9,0,24
73698,2.0,5.0,2.0,1.0,2.0,2.0,0.30000000000000004,0.5,40.0,11,0,3,4,5,0,12
73698,2.0,5.0,2.0,1.0,2.0,2.0,0.30000000000000004,0.5,40.0,12,0,1,1,4,0,6
73698,2.0,5.0,2.0,1.0,2.0,2.0,0.30000000000000004,0.5,40.0,13,0,1,0,2,0,3
73698,2.0,5.0,2.0,1.0,2.0,2.0,0.30000000000000004,0.5,40.0,14,0,1,0,1,0,2
73698,2.0,5.0,2.0,1.0,2.0,2.0,0.30000000000000004,0.5,40.0,15,0,1,0,0,0,1