Exp Num,agent:svo_convergence_factor,agent:params:metabolism,agent:params:consumption_factor,agent:params:procreate_cost_factor,agent:params:procreate_req_factor,agent:params:start_energy_factor,agent:params:caught_chance,agent:params:caught_cooldown_factor,agent:params:maximum_age,Epoch,Resource,A,B,C,D,E
79262,2.0,5.0,3.0,1.0,2.0,2.0,0.1,0.30000000000000004,30.0,0,3500.0,36,30,23,38,112
79262,2.0,5.0,3.0,1.0,2.0,2.0,0.1,0.30000000000000004,30.0,1,3310.0,47,47,39,51,161
79262,2.0,5.0,3.0,1.0,2.0,2.0,0.1,0.30000000000000004,30.0,2,2037.5,60,74,53,72,218
79262,2.0,5.0,3.0,1.0,2.0,2.0,0.1,0.30000000000000004,30.0,3,236.875,78,108,69,85,288
79262,2.0,5.0,3.0,1.0,2.0,2.0,0.1,0.30000000000000004,30.0,4,0,94,115,62,67,288
79262,2.0,5.0,3.0,1.0,2.0,2.0,0.1,0.30000000000000004,30.0,5,0,78,81,40,43,208
79262,2.0,5.0,3.0,1.0,2.0,2.0,0.1,0.30000000000000004,30.0,6,0,61,52,26,20,141
79262,2.0,5.0,3.0,1.0,2.0,2.0,0.1,0.30000000000000004,30.0,7,0,40,37,15,11,92
79262,2.0,5.0,3.0,1.0,2.0,2.0,0.1,0.30000000000000004,30.0,8,0,23,23,10,4,56
79262,2.0,5.0,3.0,1.0,2.0,2.0,0.1,0.30000000000000004,30.0,9,0,14,10,6,3,30
79262,2.0,5.0,3.0,1.0,2.0,2.0,0.1,0.30000000000000004,30.0,10,0,6,9,3,1,18
79262,2.0,5.0,3.0,1.0,2.0,2.0,0.1,0.30000000000000004,30.0,11,0,3,3,2,1,8
79262,2.0,5.0,3.0,1.0,2.0,2.0,0.1,0.30000000000000004,30.0,12,0,1,2,1,1,4
79262,2.0,5.0,3.0,1.0,2.0,2.0,0.1,0.30000000000000004,30.0,13,0,1,1,0,0,2
79262,2.0,5.0,3.0,1.0,2.0,2.0,0.1,0.30000000000000004,30.0,14,0,0,1,0,0,1