Exp Num,agent:svo_convergence_factor,agent:params:metabolism,agent:params:consumption_factor,agent:params:procreate_cost_factor,agent:params:procreate_req_factor,agent:params:start_energy_factor,agent:params:caught_chance,agent:params:caught_cooldown_factor,agent:params:maximum_age,Epoch,Resource,A,B,C,D,E
78803,2.0,5.0,3.0,1.0,1.0,1.0,0.30000000000000004,0.1,40.0,0,3500.0,18,51,17,39,111
78803,2.0,5.0,3.0,1.0,1.0,1.0,0.30000000000000004,0.1,40.0,1,3640.0,27,77,38,54,171
78803,2.0,5.0,3.0,1.0,1.0,1.0,0.30000000000000004,0.1,40.0,2,2750.0,31,98,64,71,226
78803,2.0,5.0,3.0,1.0,1.0,1.0,0.30000000000000004,0.1,40.0,3,767.5,32,135,95,105,304
78803,2.0,5.0,3.0,1.0,1.0,1.0,0.30000000000000004,0.1,40.0,4,0,40,152,136,118,369
78803,2.0,5.0,3.0,1.0,1.0,1.0,0.30000000000000004,0.1,40.0,5,0,35,128,128,94,312
78803,2.0,5.0,3.0,1.0,1.0,1.0,0.30000000000000004,0.1,40.0,6,0,25,101,115,64,251
78803,2.0,5.0,3.0,1.0,1.0,1.0,0.30000000000000004,0.1,40.0,7,0,13,79,90,44,185
78803,2.0,5.0,3.0,1.0,1.0,1.0,0.30000000000000004,0.1,40.0,8,0,7,54,73,29,137
78803,2.0,5.0,3.0,1.0,1.0,1.0,0.30000000000000004,0.1,40.0,9,0,6,38,62,16,107
78803,2.0,5.0,3.0,1.0,1.0,1.0,0.30000000000000004,0.1,40.0,10,0,5,27,37,9,70
78803,2.0,5.0,3.0,1.0,1.0,1.0,0.30000000000000004,0.1,40.0,11,0,5,25,22,7,52
78803,2.0,5.0,3.0,1.0,1.0,1.0,0.30000000000000004,0.1,40.0,12,0,2,16,17,4,35
78803,2.0,5.0,3.0,1.0,1.0,1.0,0.30000000000000004,0.1,40.0,13,0,1,13,13,1,27
78803,2.0,5.0,3.0,1.0,1.0,1.0,0.30000000000000004,0.1,40.0,14,0,0,8,10,0,18
78803,2.0,5.0,3.0,1.0,1.0,1.0,0.30000000000000004,0.1,40.0,15,0,0,7,12,0,19
78803,2.0,5.0,3.0,1.0,1.0,1.0,0.30000000000000004,0.1,40.0,16,0,0,6,9,0,15
78803,2.0,5.0,3.0,1.0,1.0,1.0,0.30000000000000004,0.1,40.0,17,0,0,4,5,0,9
78803,2.0,5.0,3.0,1.0,1.0,1.0,0.30000000000000004,0.1,40.0,18,0,0,2,5,0,7
78803,2.0,5.0,3.0,1.0,1.0,1.0,0.30000000000000004,0.1,40.0,19,0,0,1,3,0,4
78803,2.0,5.0,3.0,1.0,1.0,1.0,0.30000000000000004,0.1,40.0,20,0,0,0,2,0,2
78803,2.0,5.0,3.0,1.0,1.0,1.0,0.30000000000000004,0.1,40.0,21,0,0,0,1,0,1