Exp Num,agent:svo_convergence_factor,agent:params:metabolism,agent:params:consumption_factor,agent:params:procreate_cost_factor,agent:params:procreate_req_factor,agent:params:start_energy_factor,agent:params:caught_chance,agent:params:caught_cooldown_factor,agent:params:maximum_age,Epoch,Resource,A,B,C,D,E
86638,2.0,5.0,4.0,5.0,1.0,1.0,0.1,0.30000000000000004,40.0,0,3000.0,17,20,12,28,72
86638,2.0,5.0,4.0,5.0,1.0,1.0,0.1,0.30000000000000004,40.0,1,2870.0,21,30,16,32,90
86638,2.0,5.0,4.0,5.0,1.0,1.0,0.1,0.30000000000000004,40.0,2,2567.5,25,44,23,36,116
86638,2.0,5.0,4.0,5.0,1.0,1.0,0.1,0.30000000000000004,40.0,3,1409.375,27,56,33,36,140
86638,2.0,5.0,4.0,5.0,1.0,1.0,0.1,0.30000000000000004,40.0,4,0,32,78,41,34,173
86638,2.0,5.0,4.0,5.0,1.0,1.0,0.1,0.30000000000000004,40.0,5,0,30,85,43,30,179
86638,2.0,5.0,4.0,5.0,1.0,1.0,0.1,0.30000000000000004,40.0,6,0,24,81,38,23,163
86638,2.0,5.0,4.0,5.0,1.0,1.0,0.1,0.30000000000000004,40.0,7,0,19,80,35,17,150
86638,2.0,5.0,4.0,5.0,1.0,1.0,0.1,0.30000000000000004,40.0,8,0,14,72,27,6,119
86638,2.0,5.0,4.0,5.0,1.0,1.0,0.1,0.30000000000000004,40.0,9,0,10,63,19,4,95
86638,2.0,5.0,4.0,5.0,1.0,1.0,0.1,0.30000000000000004,40.0,10,0,8,49,13,2,72
86638,2.0,5.0,4.0,5.0,1.0,1.0,0.1,0.30000000000000004,40.0,11,0,3,38,8,1,51
86638,2.0,5.0,4.0,5.0,1.0,1.0,0.1,0.30000000000000004,40.0,12,0,1,28,5,1,35
86638,2.0,5.0,4.0,5.0,1.0,1.0,0.1,0.30000000000000004,40.0,13,0,1,21,3,1,26
86638,2.0,5.0,4.0,5.0,1.0,1.0,0.1,0.30000000000000004,40.0,14,0,0,15,1,1,17
86638,2.0,5.0,4.0,5.0,1.0,1.0,0.1,0.30000000000000004,40.0,15,0,0,15,1,0,16
86638,2.0,5.0,4.0,5.0,1.0,1.0,0.1,0.30000000000000004,40.0,16,0,0,12,0,0,12
86638,2.0,5.0,4.0,5.0,1.0,1.0,0.1,0.30000000000000004,40.0,17,0,0,9,0,0,9
86638,2.0,5.0,4.0,5.0,1.0,1.0,0.1,0.30000000000000004,40.0,18,0,0,7,0,0,7
86638,2.0,5.0,4.0,5.0,1.0,1.0,0.1,0.30000000000000004,40.0,19,0,0,6,0,0,6
86638,2.0,5.0,4.0,5.0,1.0,1.0,0.1,0.30000000000000004,40.0,20,0,0,4,0,0,4
86638,2.0,5.0,4.0,5.0,1.0,1.0,0.1,0.30000000000000004,40.0,21,0,0,2,0,0,2
86638,2.0,5.0,4.0,5.0,1.0,1.0,0.1,0.30000000000000004,40.0,22,0,0,1,0,0,1