Exp Num,agent:svo_convergence_factor,agent:params:metabolism,agent:params:consumption_factor,agent:params:procreate_cost_factor,agent:params:procreate_req_factor,agent:params:start_energy_factor,agent:params:caught_chance,agent:params:caught_cooldown_factor,agent:params:maximum_age,Epoch,Resource,A,B,C,D,E
83280,2.0,5.0,3.0,9.0,1.0,1.0,0.2,0.2,10.0,0,3500.0,19,28,8,23,77
83280,2.0,5.0,3.0,9.0,1.0,1.0,0.2,0.2,10.0,1,2965.0,19,28,8,23,77
83280,2.0,5.0,3.0,9.0,1.0,1.0,0.2,0.2,10.0,2,2641.25,19,28,8,23,77
83280,2.0,5.0,3.0,9.0,1.0,1.0,0.2,0.2,10.0,3,2551.5625,26,31,15,26,94
83280,2.0,5.0,3.0,9.0,1.0,1.0,0.2,0.2,10.0,4,2169.453125,31,33,18,27,104
83280,2.0,5.0,3.0,9.0,1.0,1.0,0.2,0.2,10.0,5,2126.81640625,33,40,22,27,117
83280,2.0,5.0,3.0,9.0,1.0,1.0,0.2,0.2,10.0,6,1488.5205078125,30,48,24,24,123
83280,2.0,5.0,3.0,9.0,1.0,1.0,0.2,0.2,10.0,7,900.650634765625,29,57,26,24,133
83280,2.0,5.0,3.0,9.0,1.0,1.0,0.2,0.2,10.0,8,0,32,69,28,24,150
83280,2.0,5.0,3.0,9.0,1.0,1.0,0.2,0.2,10.0,9,0,29,70,25,16,131
83280,2.0,5.0,3.0,9.0,1.0,1.0,0.2,0.2,10.0,10,0,20,61,14,10,98
83280,2.0,5.0,3.0,9.0,1.0,1.0,0.2,0.2,10.0,11,0,14,54,11,4,81
83280,2.0,5.0,3.0,9.0,1.0,1.0,0.2,0.2,10.0,12,0,13,50,11,4,74
83280,2.0,5.0,3.0,9.0,1.0,1.0,0.2,0.2,10.0,13,0,11,47,8,3,66
83280,2.0,5.0,3.0,9.0,1.0,1.0,0.2,0.2,10.0,14,0,9,46,6,2,61
83280,2.0,5.0,3.0,9.0,1.0,1.0,0.2,0.2,10.0,15,0,8,43,3,2,54
83280,2.0,5.0,3.0,9.0,1.0,1.0,0.2,0.2,10.0,16,0,6,40,3,1,49
83280,2.0,5.0,3.0,9.0,1.0,1.0,0.2,0.2,10.0,17,0,3,35,3,1,41
83280,2.0,5.0,3.0,9.0,1.0,1.0,0.2,0.2,10.0,18,0,0,33,2,0,35
83280,2.0,5.0,3.0,9.0,1.0,1.0,0.2,0.2,10.0,19,0,0,27,1,0,28
83280,2.0,5.0,3.0,9.0,1.0,1.0,0.2,0.2,10.0,20,0,0,20,1,0,21
83280,2.0,5.0,3.0,9.0,1.0,1.0,0.2,0.2,10.0,21,0,0,13,1,0,14
83280,2.0,5.0,3.0,9.0,1.0,1.0,0.2,0.2,10.0,22,0,0,8,0,0,8
83280,2.0,5.0,3.0,9.0,1.0,1.0,0.2,0.2,10.0,23,0,0,4,0,0,4
83280,2.0,5.0,3.0,9.0,1.0,1.0,0.2,0.2,10.0,24,0,0,2,0,0,2
83280,2.0,5.0,3.0,9.0,1.0,1.0,0.2,0.2,10.0,25,0,0,2,0,0,2
83280,2.0,5.0,3.0,9.0,1.0,1.0,0.2,0.2,10.0,26,0,0,2,0,0,2
83280,2.0,5.0,3.0,9.0,1.0,1.0,0.2,0.2,10.0,27,0,0,1,0,0,1