Exp Num,agent:svo_convergence_factor,agent:params:metabolism,agent:params:consumption_factor,agent:params:procreate_cost_factor,agent:params:procreate_req_factor,agent:params:start_energy_factor,agent:params:caught_chance,agent:params:caught_cooldown_factor,agent:params:maximum_age,Epoch,Resource,A,B,C,D,E
80052,2.0,5.0,3.0,3.0,1.0,2.0,0.30000000000000004,0.1,30.0,0,3500.0,21,26,23,53,97
80052,2.0,5.0,3.0,3.0,1.0,2.0,0.30000000000000004,0.1,30.0,1,2725.0,26,41,43,82,143
80052,2.0,5.0,3.0,3.0,1.0,2.0,0.30000000000000004,0.1,30.0,2,1441.25,28,53,54,101,169
80052,2.0,5.0,3.0,3.0,1.0,2.0,0.30000000000000004,0.1,30.0,3,421.5625,31,68,75,120,208
80052,2.0,5.0,3.0,3.0,1.0,2.0,0.30000000000000004,0.1,30.0,4,0,21,62,75,96,174
80052,2.0,5.0,3.0,3.0,1.0,2.0,0.30000000000000004,0.1,30.0,5,0,13,53,72,67,146
80052,2.0,5.0,3.0,3.0,1.0,2.0,0.30000000000000004,0.1,30.0,6,0,5,44,65,42,117
80052,2.0,5.0,3.0,3.0,1.0,2.0,0.30000000000000004,0.1,30.0,7,0,1,30,57,24,91
80052,2.0,5.0,3.0,3.0,1.0,2.0,0.30000000000000004,0.1,30.0,8,0,0,24,47,16,73
80052,2.0,5.0,3.0,3.0,1.0,2.0,0.30000000000000004,0.1,30.0,9,0,0,13,32,11,46
80052,2.0,5.0,3.0,3.0,1.0,2.0,0.30000000000000004,0.1,30.0,10,0,0,8,23,7,32
80052,2.0,5.0,3.0,3.0,1.0,2.0,0.30000000000000004,0.1,30.0,11,0,0,4,20,5,24
80052,2.0,5.0,3.0,3.0,1.0,2.0,0.30000000000000004,0.1,30.0,12,0,0,4,13,2,17
80052,2.0,5.0,3.0,3.0,1.0,2.0,0.30000000000000004,0.1,30.0,13,0,0,1,10,1,11
80052,2.0,5.0,3.0,3.0,1.0,2.0,0.30000000000000004,0.1,30.0,14,0,0,0,6,0,6
80052,2.0,5.0,3.0,3.0,1.0,2.0,0.30000000000000004,0.1,30.0,15,70.0,0,0,7,0,7
80052,2.0,5.0,3.0,3.0,1.0,2.0,0.30000000000000004,0.1,30.0,16,27.5,0,0,8,0,8
80052,2.0,5.0,3.0,3.0,1.0,2.0,0.30000000000000004,0.1,30.0,17,0,0,0,10,0,10
80052,2.0,5.0,3.0,3.0,1.0,2.0,0.30000000000000004,0.1,30.0,18,0,0,0,7,0,7
80052,2.0,5.0,3.0,3.0,1.0,2.0,0.30000000000000004,0.1,30.0,19,0,0,0,6,0,6
80052,2.0,5.0,3.0,3.0,1.0,2.0,0.30000000000000004,0.1,30.0,20,0,0,0,4,0,4
80052,2.0,5.0,3.0,3.0,1.0,2.0,0.30000000000000004,0.1,30.0,21,0,0,0,4,0,4
80052,2.0,5.0,3.0,3.0,1.0,2.0,0.30000000000000004,0.1,30.0,22,0,0,0,2,0,2
80052,2.0,5.0,3.0,3.0,1.0,2.0,0.30000000000000004,0.1,30.0,23,0,0,0,1,0,1