Exp Num,agent:svo_convergence_factor,agent:params:metabolism,agent:params:consumption_factor,agent:params:procreate_cost_factor,agent:params:procreate_req_factor,agent:params:start_energy_factor,agent:params:caught_chance,agent:params:caught_cooldown_factor,agent:params:maximum_age,Epoch,Resource,A,B,C,D,E
85819,2.0,5.0,4.0,3.0,1.0,3.0,0.30000000000000004,0.4,50.0,0,3660.0,23,34,21,34,99
85819,2.0,5.0,4.0,3.0,1.0,3.0,0.30000000000000004,0.4,50.0,1,3755.0,26,47,28,38,125
85819,2.0,5.0,4.0,3.0,1.0,3.0,0.30000000000000004,0.4,50.0,2,3833.75,28,53,40,41,147
85819,2.0,5.0,4.0,3.0,1.0,3.0,0.30000000000000004,0.4,50.0,3,3392.1875,21,59,47,53,157
85819,2.0,5.0,4.0,3.0,1.0,3.0,0.30000000000000004,0.4,50.0,4,2440.234375,16,69,62,76,180
85819,2.0,5.0,4.0,3.0,1.0,3.0,0.30000000000000004,0.4,50.0,5,530.29296875,12,83,99,96,233
85819,2.0,5.0,4.0,3.0,1.0,3.0,0.30000000000000004,0.4,50.0,6,0,9,91,122,83,249
85819,2.0,5.0,4.0,3.0,1.0,3.0,0.30000000000000004,0.4,50.0,7,0,7,82,118,62,221
85819,2.0,5.0,4.0,3.0,1.0,3.0,0.30000000000000004,0.4,50.0,8,0,4,60,102,44,174
85819,2.0,5.0,4.0,3.0,1.0,3.0,0.30000000000000004,0.4,50.0,9,0,1,43,75,34,123
85819,2.0,5.0,4.0,3.0,1.0,3.0,0.30000000000000004,0.4,50.0,10,0,0,27,52,25,83
85819,2.0,5.0,4.0,3.0,1.0,3.0,0.30000000000000004,0.4,50.0,11,0,0,19,33,21,55
85819,2.0,5.0,4.0,3.0,1.0,3.0,0.30000000000000004,0.4,50.0,12,0,0,16,26,13,44
85819,2.0,5.0,4.0,3.0,1.0,3.0,0.30000000000000004,0.4,50.0,13,0,0,14,22,8,37
85819,2.0,5.0,4.0,3.0,1.0,3.0,0.30000000000000004,0.4,50.0,14,0,0,8,17,5,26
85819,2.0,5.0,4.0,3.0,1.0,3.0,0.30000000000000004,0.4,50.0,15,0,0,4,11,4,16
85819,2.0,5.0,4.0,3.0,1.0,3.0,0.30000000000000004,0.4,50.0,16,0,0,2,6,2,9
85819,2.0,5.0,4.0,3.0,1.0,3.0,0.30000000000000004,0.4,50.0,17,20.0,0,1,6,3,8
85819,2.0,5.0,4.0,3.0,1.0,3.0,0.30000000000000004,0.4,50.0,18,0,0,1,7,2,8
85819,2.0,5.0,4.0,3.0,1.0,3.0,0.30000000000000004,0.4,50.0,19,0,0,1,6,2,7
85819,2.0,5.0,4.0,3.0,1.0,3.0,0.30000000000000004,0.4,50.0,20,0,0,0,5,1,5
85819,2.0,5.0,4.0,3.0,1.0,3.0,0.30000000000000004,0.4,50.0,21,0,0,0,4,1,4
85819,2.0,5.0,4.0,3.0,1.0,3.0,0.30000000000000004,0.4,50.0,22,0,0,0,2,1,2
85819,2.0,5.0,4.0,3.0,1.0,3.0,0.30000000000000004,0.4,50.0,23,0,0,0,2,1,2
85819,2.0,5.0,4.0,3.0,1.0,3.0,0.30000000000000004,0.4,50.0,24,0,0,0,1,1,1
85819,2.0,5.0,4.0,3.0,1.0,3.0,0.30000000000000004,0.4,50.0,25,0,0,0,1,0,1