Exp Num,agent:svo_convergence_factor,agent:params:metabolism,agent:params:consumption_factor,agent:params:procreate_cost_factor,agent:params:procreate_req_factor,agent:params:start_energy_factor,agent:params:caught_chance,agent:params:caught_cooldown_factor,agent:params:maximum_age,Epoch,Resource,A,B,C,D,E
80525,2.0,5.0,3.0,3.0,2.0,3.0,0.2,0.1,10.0,0,3500.0,12,27,10,32,68
80525,2.0,5.0,3.0,3.0,2.0,3.0,0.2,0.1,10.0,1,2980.0,15,43,19,46,100
80525,2.0,5.0,3.0,3.0,2.0,3.0,0.2,0.1,10.0,2,2975.0,20,58,22,48,123
80525,2.0,5.0,3.0,3.0,2.0,3.0,0.2,0.1,10.0,3,2788.75,20,64,26,50,133
80525,2.0,5.0,3.0,3.0,2.0,3.0,0.2,0.1,10.0,4,2405.9375,25,78,33,51,159
80525,2.0,5.0,3.0,3.0,2.0,3.0,0.2,0.1,10.0,5,1477.421875,30,90,36,50,179
80525,2.0,5.0,3.0,3.0,2.0,3.0,0.2,0.1,10.0,6,616.77734375,35,100,38,50,196
80525,2.0,5.0,3.0,3.0,2.0,3.0,0.2,0.1,10.0,7,0,39,107,37,46,204
80525,2.0,5.0,3.0,3.0,2.0,3.0,0.2,0.1,10.0,8,0,36,93,31,26,168
80525,2.0,5.0,3.0,3.0,2.0,3.0,0.2,0.1,10.0,9,0,35,87,28,18,157
80525,2.0,5.0,3.0,3.0,2.0,3.0,0.2,0.1,10.0,10,0,28,65,19,10,116
80525,2.0,5.0,3.0,3.0,2.0,3.0,0.2,0.1,10.0,11,0,23,45,11,5,80
80525,2.0,5.0,3.0,3.0,2.0,3.0,0.2,0.1,10.0,12,0,15,28,6,1,50
80525,2.0,5.0,3.0,3.0,2.0,3.0,0.2,0.1,10.0,13,0,12,19,5,0,36
80525,2.0,5.0,3.0,3.0,2.0,3.0,0.2,0.1,10.0,14,0,9,11,3,0,23
80525,2.0,5.0,3.0,3.0,2.0,3.0,0.2,0.1,10.0,15,0,6,8,1,0,15
80525,2.0,5.0,3.0,3.0,2.0,3.0,0.2,0.1,10.0,16,0,5,4,0,0,9
80525,2.0,5.0,3.0,3.0,2.0,3.0,0.2,0.1,10.0,17,0,3,2,0,0,5
80525,2.0,5.0,3.0,3.0,2.0,3.0,0.2,0.1,10.0,18,85.0,2,2,0,0,4
80525,2.0,5.0,3.0,3.0,2.0,3.0,0.2,0.1,10.0,19,76.25,1,2,0,0,3
80525,2.0,5.0,3.0,3.0,2.0,3.0,0.2,0.1,10.0,20,80.3125,1,1,0,0,2
80525,2.0,5.0,3.0,3.0,2.0,3.0,0.2,0.1,10.0,21,70.390625,2,1,0,0,3
80525,2.0,5.0,3.0,3.0,2.0,3.0,0.2,0.1,10.0,22,42.98828125,3,1,0,0,4
80525,2.0,5.0,3.0,3.0,2.0,3.0,0.2,0.1,10.0,23,23.7353515625,4,1,0,0,5
80525,2.0,5.0,3.0,3.0,2.0,3.0,0.2,0.1,10.0,24,0,4,0,0,0,4
80525,2.0,5.0,3.0,3.0,2.0,3.0,0.2,0.1,10.0,25,0,4,0,0,0,4
80525,2.0,5.0,3.0,3.0,2.0,3.0,0.2,0.1,10.0,26,0,3,0,0,0,3
80525,2.0,5.0,3.0,3.0,2.0,3.0,0.2,0.1,10.0,27,0,3,0,0,0,3
80525,2.0,5.0,3.0,3.0,2.0,3.0,0.2,0.1,10.0,28,0,3,0,0,0,3
80525,2.0,5.0,3.0,3.0,2.0,3.0,0.2,0.1,10.0,29,0,2,0,0,0,2
80525,2.0,5.0,3.0,3.0,2.0,3.0,0.2,0.1,10.0,30,0,1,0,0,0,1