Exp Num,agent:svo_convergence_factor,agent:params:metabolism,agent:params:consumption_factor,agent:params:procreate_cost_factor,agent:params:procreate_req_factor,agent:params:start_energy_factor,agent:params:caught_chance,agent:params:caught_cooldown_factor,agent:params:maximum_age,Epoch,Resource,A,B,C,D,E
81124,2.0,5.0,3.0,5.0,1.0,1.0,0.5,0.5,50.0,0,3500.0,17,28,16,26,74
81124,2.0,5.0,3.0,5.0,1.0,1.0,0.5,0.5,50.0,1,2980.0,20,43,32,36,110
81124,2.0,5.0,3.0,5.0,1.0,1.0,0.5,0.5,50.0,2,2150.0,22,51,42,37,132
81124,2.0,5.0,3.0,5.0,1.0,1.0,0.5,0.5,50.0,3,2027.5,22,54,55,37,149
81124,2.0,5.0,3.0,5.0,1.0,1.0,0.5,0.5,50.0,4,1499.375,17,53,60,35,147
81124,2.0,5.0,3.0,5.0,1.0,1.0,0.5,0.5,50.0,5,1079.21875,17,64,67,36,164
81124,2.0,5.0,3.0,5.0,1.0,1.0,0.5,0.5,50.0,6,479.0234375,13,72,68,35,169
81124,2.0,5.0,3.0,5.0,1.0,1.0,0.5,0.5,50.0,7,0,7,71,66,29,157
81124,2.0,5.0,3.0,5.0,1.0,1.0,0.5,0.5,50.0,8,0,6,68,57,15,140
81124,2.0,5.0,3.0,5.0,1.0,1.0,0.5,0.5,50.0,9,0,1,58,42,13,109
81124,2.0,5.0,3.0,5.0,1.0,1.0,0.5,0.5,50.0,10,0,1,46,34,7,86
81124,2.0,5.0,3.0,5.0,1.0,1.0,0.5,0.5,50.0,11,0,1,36,24,5,65
81124,2.0,5.0,3.0,5.0,1.0,1.0,0.5,0.5,50.0,12,0,1,27,20,2,49
81124,2.0,5.0,3.0,5.0,1.0,1.0,0.5,0.5,50.0,13,0,1,19,15,1,35
81124,2.0,5.0,3.0,5.0,1.0,1.0,0.5,0.5,50.0,14,0,0,13,13,1,26
81124,2.0,5.0,3.0,5.0,1.0,1.0,0.5,0.5,50.0,15,0,0,4,11,1,15
81124,2.0,5.0,3.0,5.0,1.0,1.0,0.5,0.5,50.0,16,0,0,3,7,1,10
81124,2.0,5.0,3.0,5.0,1.0,1.0,0.5,0.5,50.0,17,0,0,2,5,0,7
81124,2.0,5.0,3.0,5.0,1.0,1.0,0.5,0.5,50.0,18,70.0,0,2,5,0,7
81124,2.0,5.0,3.0,5.0,1.0,1.0,0.5,0.5,50.0,19,87.5,0,2,4,0,6
81124,2.0,5.0,3.0,5.0,1.0,1.0,0.5,0.5,50.0,20,94.375,0,1,3,0,4
81124,2.0,5.0,3.0,5.0,1.0,1.0,0.5,0.5,50.0,21,117.96875,0,1,3,0,4
81124,2.0,5.0,3.0,5.0,1.0,1.0,0.5,0.5,50.0,22,147.4609375,0,1,1,0,2
81124,2.0,5.0,3.0,5.0,1.0,1.0,0.5,0.5,50.0,23,169.326171875,0,1,1,0,2
81124,2.0,5.0,3.0,5.0,1.0,1.0,0.5,0.5,50.0,24,196.65771484375,0,1,1,0,2
81124,2.0,5.0,3.0,5.0,1.0,1.0,0.5,0.5,50.0,25,230.8221435546875,0,1,1,0,2
81124,2.0,5.0,3.0,5.0,1.0,1.0,0.5,0.5,50.0,26,273.5276794433594,0,1,1,0,2
81124,2.0,5.0,3.0,5.0,1.0,1.0,0.5,0.5,50.0,27,341.9095993041992,0,0,1,0,1