Exp Num,agent:svo_convergence_factor,agent:params:metabolism,agent:params:consumption_factor,agent:params:procreate_cost_factor,agent:params:procreate_req_factor,agent:params:start_energy_factor,agent:params:caught_chance,agent:params:caught_cooldown_factor,agent:params:maximum_age,Epoch,Resource,A,B,C,D,E
85638,2.0,5.0,4.0,3.0,1.0,2.0,0.1,0.30000000000000004,40.0,0,3440.0,14,42,19,43,96
85638,2.0,5.0,4.0,3.0,1.0,2.0,0.1,0.30000000000000004,40.0,1,2860.0,17,57,31,58,128
85638,2.0,5.0,4.0,3.0,1.0,2.0,0.1,0.30000000000000004,40.0,2,1175.0,21,77,52,82,178
85638,2.0,5.0,4.0,3.0,1.0,2.0,0.1,0.30000000000000004,40.0,3,0,23,84,73,90,210
85638,2.0,5.0,4.0,3.0,1.0,2.0,0.1,0.30000000000000004,40.0,4,0,21,83,76,71,197
85638,2.0,5.0,4.0,3.0,1.0,2.0,0.1,0.30000000000000004,40.0,5,0,17,70,64,57,164
85638,2.0,5.0,4.0,3.0,1.0,2.0,0.1,0.30000000000000004,40.0,6,0,5,52,50,46,115
85638,2.0,5.0,4.0,3.0,1.0,2.0,0.1,0.30000000000000004,40.0,7,0,2,39,39,31,84
85638,2.0,5.0,4.0,3.0,1.0,2.0,0.1,0.30000000000000004,40.0,8,0,1,28,32,20,63
85638,2.0,5.0,4.0,3.0,1.0,2.0,0.1,0.30000000000000004,40.0,9,0,0,17,27,10,45
85638,2.0,5.0,4.0,3.0,1.0,2.0,0.1,0.30000000000000004,40.0,10,0,0,13,21,7,34
85638,2.0,5.0,4.0,3.0,1.0,2.0,0.1,0.30000000000000004,40.0,11,0,0,9,15,5,24
85638,2.0,5.0,4.0,3.0,1.0,2.0,0.1,0.30000000000000004,40.0,12,0,0,7,9,2,16
85638,2.0,5.0,4.0,3.0,1.0,2.0,0.1,0.30000000000000004,40.0,13,0,0,5,6,1,11
85638,2.0,5.0,4.0,3.0,1.0,2.0,0.1,0.30000000000000004,40.0,14,0,0,4,8,1,12
85638,2.0,5.0,4.0,3.0,1.0,2.0,0.1,0.30000000000000004,40.0,15,0,0,3,7,0,10
85638,2.0,5.0,4.0,3.0,1.0,2.0,0.1,0.30000000000000004,40.0,16,0,0,2,5,0,7
85638,2.0,5.0,4.0,3.0,1.0,2.0,0.1,0.30000000000000004,40.0,17,0,0,1,5,0,6
85638,2.0,5.0,4.0,3.0,1.0,2.0,0.1,0.30000000000000004,40.0,18,0,0,0,4,0,4
85638,2.0,5.0,4.0,3.0,1.0,2.0,0.1,0.30000000000000004,40.0,19,0,0,0,2,0,2
85638,2.0,5.0,4.0,3.0,1.0,2.0,0.1,0.30000000000000004,40.0,20,0,0,0,2,0,2
85638,2.0,5.0,4.0,3.0,1.0,2.0,0.1,0.30000000000000004,40.0,21,0,0,0,1,0,1