Exp Num,agent:svo_convergence_factor,agent:params:metabolism,agent:params:consumption_factor,agent:params:procreate_cost_factor,agent:params:procreate_req_factor,agent:params:start_energy_factor,agent:params:caught_chance,agent:params:caught_cooldown_factor,agent:params:maximum_age,Epoch,Resource,A,B,C,D,E
80905,2.0,5.0,3.0,3.0,3.0,3.0,0.2,0.2,10.0,0,3500.0,14,28,12,24,76
80905,2.0,5.0,3.0,3.0,3.0,3.0,0.2,0.2,10.0,1,2905.0,14,28,12,24,76
80905,2.0,5.0,3.0,3.0,3.0,3.0,0.2,0.2,10.0,2,2686.25,18,34,20,33,98
80905,2.0,5.0,3.0,3.0,3.0,3.0,0.2,0.2,10.0,3,2727.8125,18,34,20,33,98
80905,2.0,5.0,3.0,3.0,3.0,3.0,0.2,0.2,10.0,4,2734.765625,19,43,22,34,110
80905,2.0,5.0,3.0,3.0,3.0,3.0,0.2,0.2,10.0,5,2638.45703125,24,47,24,36,121
80905,2.0,5.0,3.0,3.0,3.0,3.0,0.2,0.2,10.0,6,2473.0712890625,24,48,24,36,122
80905,2.0,5.0,3.0,3.0,3.0,3.0,0.2,0.2,10.0,7,2311.339111328125,26,57,25,36,134
80905,2.0,5.0,3.0,3.0,3.0,3.0,0.2,0.2,10.0,8,1869.1738891601562,28,62,24,36,138
80905,2.0,5.0,3.0,3.0,3.0,3.0,0.2,0.2,10.0,9,1496.4673614501953,28,66,24,36,142
80905,2.0,5.0,3.0,3.0,3.0,3.0,0.2,0.2,10.0,10,1255.5842018127441,22,50,17,20,100
80905,2.0,5.0,3.0,3.0,3.0,3.0,0.2,0.2,10.0,11,984.4802522659302,18,48,13,13,84
80905,2.0,5.0,3.0,3.0,3.0,3.0,0.2,0.2,10.0,12,765.6003153324127,17,46,12,13,79
80905,2.0,5.0,3.0,3.0,3.0,3.0,0.2,0.2,10.0,13,372.0003941655159,19,47,10,11,78
80905,2.0,5.0,3.0,3.0,3.0,3.0,0.2,0.2,10.0,14,30.000492706894875,19,48,6,8,73
80905,2.0,5.0,3.0,3.0,3.0,3.0,0.2,0.2,10.0,15,0,17,45,4,5,66
80905,2.0,5.0,3.0,3.0,3.0,3.0,0.2,0.2,10.0,16,0,16,39,3,4,58
80905,2.0,5.0,3.0,3.0,3.0,3.0,0.2,0.2,10.0,17,0,15,34,2,4,51
80905,2.0,5.0,3.0,3.0,3.0,3.0,0.2,0.2,10.0,18,0,10,28,2,3,40
80905,2.0,5.0,3.0,3.0,3.0,3.0,0.2,0.2,10.0,19,0,7,23,1,1,31
80905,2.0,5.0,3.0,3.0,3.0,3.0,0.2,0.2,10.0,20,0,4,18,0,1,22
80905,2.0,5.0,3.0,3.0,3.0,3.0,0.2,0.2,10.0,21,0,2,11,0,1,13
80905,2.0,5.0,3.0,3.0,3.0,3.0,0.2,0.2,10.0,22,0,2,7,0,0,9
80905,2.0,5.0,3.0,3.0,3.0,3.0,0.2,0.2,10.0,23,0,2,3,0,0,5
80905,2.0,5.0,3.0,3.0,3.0,3.0,0.2,0.2,10.0,24,0,2,1,0,0,3
80905,2.0,5.0,3.0,3.0,3.0,3.0,0.2,0.2,10.0,25,0,1,1,0,0,2
80905,2.0,5.0,3.0,3.0,3.0,3.0,0.2,0.2,10.0,26,70.0,1,1,0,0,2
80905,2.0,5.0,3.0,3.0,3.0,3.0,0.2,0.2,10.0,27,72.5,1,1,0,0,2
80905,2.0,5.0,3.0,3.0,3.0,3.0,0.2,0.2,10.0,28,60.625,1,0,0,0,1