Exp Num,agent:svo_convergence_factor,agent:params:metabolism,agent:params:consumption_factor,agent:params:procreate_cost_factor,agent:params:procreate_req_factor,agent:params:start_energy_factor,agent:params:caught_chance,agent:params:caught_cooldown_factor,agent:params:maximum_age,Epoch,Resource,A,B,C,D,E
83530,2.0,5.0,3.0,9.0,1.0,3.0,0.2,0.2,10.0,0,3500.0,14,21,14,29,71
83530,2.0,5.0,3.0,9.0,1.0,3.0,0.2,0.2,10.0,1,2980.0,14,21,14,29,71
83530,2.0,5.0,3.0,9.0,1.0,3.0,0.2,0.2,10.0,2,2765.0,17,31,21,37,95
83530,2.0,5.0,3.0,9.0,1.0,3.0,0.2,0.2,10.0,3,2211.25,18,33,26,43,105
83530,2.0,5.0,3.0,9.0,1.0,3.0,0.2,0.2,10.0,4,2044.0625,18,39,32,48,117
83530,2.0,5.0,3.0,9.0,1.0,3.0,0.2,0.2,10.0,5,1325.078125,17,40,39,49,124
83530,2.0,5.0,3.0,9.0,1.0,3.0,0.2,0.2,10.0,6,651.34765625,17,43,46,50,134
83530,2.0,5.0,3.0,9.0,1.0,3.0,0.2,0.2,10.0,7,0,18,50,51,49,147
83530,2.0,5.0,3.0,9.0,1.0,3.0,0.2,0.2,10.0,8,0,14,45,48,37,122
83530,2.0,5.0,3.0,9.0,1.0,3.0,0.2,0.2,10.0,9,0,12,44,42,33,109
83530,2.0,5.0,3.0,9.0,1.0,3.0,0.2,0.2,10.0,10,0,10,32,37,22,87
83530,2.0,5.0,3.0,9.0,1.0,3.0,0.2,0.2,10.0,11,0,9,27,34,15,75
83530,2.0,5.0,3.0,9.0,1.0,3.0,0.2,0.2,10.0,12,0,7,25,32,11,67
83530,2.0,5.0,3.0,9.0,1.0,3.0,0.2,0.2,10.0,13,0,5,22,30,8,58
83530,2.0,5.0,3.0,9.0,1.0,3.0,0.2,0.2,10.0,14,0,3,18,28,6,49
83530,2.0,5.0,3.0,9.0,1.0,3.0,0.2,0.2,10.0,15,0,3,15,24,4,42
83530,2.0,5.0,3.0,9.0,1.0,3.0,0.2,0.2,10.0,16,0,2,11,21,1,34
83530,2.0,5.0,3.0,9.0,1.0,3.0,0.2,0.2,10.0,17,0,0,8,17,0,25
83530,2.0,5.0,3.0,9.0,1.0,3.0,0.2,0.2,10.0,18,0,0,6,14,0,20
83530,2.0,5.0,3.0,9.0,1.0,3.0,0.2,0.2,10.0,19,0,0,3,10,0,13
83530,2.0,5.0,3.0,9.0,1.0,3.0,0.2,0.2,10.0,20,0,0,2,8,0,10
83530,2.0,5.0,3.0,9.0,1.0,3.0,0.2,0.2,10.0,21,0,0,2,5,0,7
83530,2.0,5.0,3.0,9.0,1.0,3.0,0.2,0.2,10.0,22,0,0,1,4,0,5
83530,2.0,5.0,3.0,9.0,1.0,3.0,0.2,0.2,10.0,23,0,0,1,2,0,3
83530,2.0,5.0,3.0,9.0,1.0,3.0,0.2,0.2,10.0,24,0,0,0,2,0,2
83530,2.0,5.0,3.0,9.0,1.0,3.0,0.2,0.2,10.0,25,0,0,0,1,0,1