Exp Num,agent:svo_convergence_factor,agent:params:metabolism,agent:params:consumption_factor,agent:params:procreate_cost_factor,agent:params:procreate_req_factor,agent:params:start_energy_factor,agent:params:caught_chance,agent:params:caught_cooldown_factor,agent:params:maximum_age,Epoch,Resource,A,B,C,D,E
88131,2.0,5.0,4.0,7.0,2.0,1.0,0.1,0.2,20.0,0,3000.0,22,30,13,22,78
88131,2.0,5.0,4.0,7.0,2.0,1.0,0.1,0.2,20.0,1,2710.0,22,30,13,22,78
88131,2.0,5.0,4.0,7.0,2.0,1.0,0.1,0.2,20.0,2,2447.5,22,30,13,22,78
88131,2.0,5.0,4.0,7.0,2.0,1.0,0.1,0.2,20.0,3,2239.375,22,30,13,22,78
88131,2.0,5.0,4.0,7.0,2.0,1.0,0.1,0.2,20.0,4,1859.21875,21,31,13,21,78
88131,2.0,5.0,4.0,7.0,2.0,1.0,0.1,0.2,20.0,5,1364.0234375,22,35,14,21,84
88131,2.0,5.0,4.0,7.0,2.0,1.0,0.1,0.2,20.0,6,765.029296875,26,43,16,22,98
88131,2.0,5.0,4.0,7.0,2.0,1.0,0.1,0.2,20.0,7,0,29,48,16,22,106
88131,2.0,5.0,4.0,7.0,2.0,1.0,0.1,0.2,20.0,8,0,28,46,16,16,99
88131,2.0,5.0,4.0,7.0,2.0,1.0,0.1,0.2,20.0,9,0,28,45,16,14,97
88131,2.0,5.0,4.0,7.0,2.0,1.0,0.1,0.2,20.0,10,0,28,45,16,14,97
88131,2.0,5.0,4.0,7.0,2.0,1.0,0.1,0.2,20.0,11,0,28,45,16,14,97
88131,2.0,5.0,4.0,7.0,2.0,1.0,0.1,0.2,20.0,12,0,27,41,15,9,84
88131,2.0,5.0,4.0,7.0,2.0,1.0,0.1,0.2,20.0,13,0,26,37,11,6,74
88131,2.0,5.0,4.0,7.0,2.0,1.0,0.1,0.2,20.0,14,0,25,34,11,4,70
88131,2.0,5.0,4.0,7.0,2.0,1.0,0.1,0.2,20.0,15,0,24,30,11,4,65
88131,2.0,5.0,4.0,7.0,2.0,1.0,0.1,0.2,20.0,16,0,19,25,11,3,55
88131,2.0,5.0,4.0,7.0,2.0,1.0,0.1,0.2,20.0,17,0,18,21,6,2,45
88131,2.0,5.0,4.0,7.0,2.0,1.0,0.1,0.2,20.0,18,0,12,17,5,2,34
88131,2.0,5.0,4.0,7.0,2.0,1.0,0.1,0.2,20.0,19,0,12,12,4,2,28
88131,2.0,5.0,4.0,7.0,2.0,1.0,0.1,0.2,20.0,20,0,8,12,3,2,23
88131,2.0,5.0,4.0,7.0,2.0,1.0,0.1,0.2,20.0,21,0,5,12,1,1,18
88131,2.0,5.0,4.0,7.0,2.0,1.0,0.1,0.2,20.0,22,0,4,9,1,0,14
88131,2.0,5.0,4.0,7.0,2.0,1.0,0.1,0.2,20.0,23,0,3,4,1,0,8
88131,2.0,5.0,4.0,7.0,2.0,1.0,0.1,0.2,20.0,24,0,3,1,0,0,4
88131,2.0,5.0,4.0,7.0,2.0,1.0,0.1,0.2,20.0,25,0,1,1,0,0,2
88131,2.0,5.0,4.0,7.0,2.0,1.0,0.1,0.2,20.0,26,0,1,0,0,0,1