Exp Num,agent:svo_convergence_factor,agent:params:metabolism,agent:params:consumption_factor,agent:params:procreate_cost_factor,agent:params:procreate_req_factor,agent:params:start_energy_factor,agent:params:caught_chance,agent:params:caught_cooldown_factor,agent:params:maximum_age,Epoch,Resource,A,B,C,D,E
87793,2.0,5.0,4.0,7.0,1.0,1.0,0.2,0.4,40.0,0,3000.0,20,28,6,27,73
87793,2.0,5.0,4.0,7.0,1.0,1.0,0.2,0.4,40.0,1,2810.0,27,36,13,27,96
87793,2.0,5.0,4.0,7.0,1.0,1.0,0.2,0.4,40.0,2,2112.5,29,41,17,27,107
87793,2.0,5.0,4.0,7.0,1.0,1.0,0.2,0.4,40.0,3,1880.625,32,48,20,27,120
87793,2.0,5.0,4.0,7.0,1.0,1.0,0.2,0.4,40.0,4,1170.78125,34,56,21,25,129
87793,2.0,5.0,4.0,7.0,1.0,1.0,0.2,0.4,40.0,5,343.4765625,30,66,21,26,135
87793,2.0,5.0,4.0,7.0,1.0,1.0,0.2,0.4,40.0,6,0,29,73,21,25,139
87793,2.0,5.0,4.0,7.0,1.0,1.0,0.2,0.4,40.0,7,0,30,74,18,25,137
87793,2.0,5.0,4.0,7.0,1.0,1.0,0.2,0.4,40.0,8,0,28,65,17,16,118
87793,2.0,5.0,4.0,7.0,1.0,1.0,0.2,0.4,40.0,9,0,23,59,16,7,103
87793,2.0,5.0,4.0,7.0,1.0,1.0,0.2,0.4,40.0,10,0,19,54,12,5,87
87793,2.0,5.0,4.0,7.0,1.0,1.0,0.2,0.4,40.0,11,0,14,49,10,4,73
87793,2.0,5.0,4.0,7.0,1.0,1.0,0.2,0.4,40.0,12,0,11,42,7,3,60
87793,2.0,5.0,4.0,7.0,1.0,1.0,0.2,0.4,40.0,13,0,9,32,4,2,45
87793,2.0,5.0,4.0,7.0,1.0,1.0,0.2,0.4,40.0,14,0,4,28,4,0,36
87793,2.0,5.0,4.0,7.0,1.0,1.0,0.2,0.4,40.0,15,0,3,22,3,0,28
87793,2.0,5.0,4.0,7.0,1.0,1.0,0.2,0.4,40.0,16,0,2,15,3,0,20
87793,2.0,5.0,4.0,7.0,1.0,1.0,0.2,0.4,40.0,17,0,1,12,2,0,15
87793,2.0,5.0,4.0,7.0,1.0,1.0,0.2,0.4,40.0,18,0,1,9,1,0,11
87793,2.0,5.0,4.0,7.0,1.0,1.0,0.2,0.4,40.0,19,0,1,7,1,0,9
87793,2.0,5.0,4.0,7.0,1.0,1.0,0.2,0.4,40.0,20,0,1,6,0,0,7
87793,2.0,5.0,4.0,7.0,1.0,1.0,0.2,0.4,40.0,21,0,1,4,0,0,5
87793,2.0,5.0,4.0,7.0,1.0,1.0,0.2,0.4,40.0,22,0,1,2,0,0,3
87793,2.0,5.0,4.0,7.0,1.0,1.0,0.2,0.4,40.0,23,0,0,2,0,0,2
87793,2.0,5.0,4.0,7.0,1.0,1.0,0.2,0.4,40.0,24,0,0,1,0,0,1