Exp Num,agent:svo_convergence_factor,agent:params:metabolism,agent:params:consumption_factor,agent:params:procreate_cost_factor,agent:params:procreate_req_factor,agent:params:start_energy_factor,agent:params:caught_chance,agent:params:caught_cooldown_factor,agent:params:maximum_age,Epoch,Resource,A,B,C,D,E
80422,2.0,5.0,3.0,3.0,2.0,2.0,0.2,0.5,30.0,0,3500.0,18,27,7,22,78
80422,2.0,5.0,3.0,3.0,2.0,2.0,0.2,0.5,30.0,1,2950.0,23,40,19,27,120
80422,2.0,5.0,3.0,3.0,2.0,2.0,0.2,0.5,30.0,2,2892.5,23,46,21,28,128
80422,2.0,5.0,3.0,3.0,2.0,2.0,0.2,0.5,30.0,3,2880.625,26,54,25,29,143
80422,2.0,5.0,3.0,3.0,2.0,2.0,0.2,0.5,30.0,4,2445.78125,27,65,28,27,156
80422,2.0,5.0,3.0,3.0,2.0,2.0,0.2,0.5,30.0,5,2142.2265625,29,68,31,28,164
80422,2.0,5.0,3.0,3.0,2.0,2.0,0.2,0.5,30.0,6,1732.783203125,33,82,33,29,184
80422,2.0,5.0,3.0,3.0,2.0,2.0,0.2,0.5,30.0,7,935.97900390625,29,83,32,23,178
80422,2.0,5.0,3.0,3.0,2.0,2.0,0.2,0.5,30.0,8,134.9737548828125,31,94,31,23,190
80422,2.0,5.0,3.0,3.0,2.0,2.0,0.2,0.5,30.0,9,0,29,94,30,22,186
80422,2.0,5.0,3.0,3.0,2.0,2.0,0.2,0.5,30.0,10,0,27,76,22,14,139
80422,2.0,5.0,3.0,3.0,2.0,2.0,0.2,0.5,30.0,11,0,24,63,15,10,107
80422,2.0,5.0,3.0,3.0,2.0,2.0,0.2,0.5,30.0,12,0,20,53,13,8,90
80422,2.0,5.0,3.0,3.0,2.0,2.0,0.2,0.5,30.0,13,0,15,37,10,3,64
80422,2.0,5.0,3.0,3.0,2.0,2.0,0.2,0.5,30.0,14,0,10,27,8,0,45
80422,2.0,5.0,3.0,3.0,2.0,2.0,0.2,0.5,30.0,15,0,7,17,5,0,29
80422,2.0,5.0,3.0,3.0,2.0,2.0,0.2,0.5,30.0,16,0,6,9,4,0,19
80422,2.0,5.0,3.0,3.0,2.0,2.0,0.2,0.5,30.0,17,0,3,4,3,0,10
80422,2.0,5.0,3.0,3.0,2.0,2.0,0.2,0.5,30.0,18,0,2,2,1,0,5
80422,2.0,5.0,3.0,3.0,2.0,2.0,0.2,0.5,30.0,19,0,1,2,0,0,3
80422,2.0,5.0,3.0,3.0,2.0,2.0,0.2,0.5,30.0,20,85.0,1,1,0,0,2
80422,2.0,5.0,3.0,3.0,2.0,2.0,0.2,0.5,30.0,21,91.25,1,1,0,0,2
80422,2.0,5.0,3.0,3.0,2.0,2.0,0.2,0.5,30.0,22,114.0625,0,1,0,0,1