Exp Num,agent:svo_convergence_factor,agent:params:metabolism,agent:params:consumption_factor,agent:params:procreate_cost_factor,agent:params:procreate_req_factor,agent:params:start_energy_factor,agent:params:caught_chance,agent:params:caught_cooldown_factor,agent:params:maximum_age,Epoch,Resource,A,B,C,D,E
80123,2.0,5.0,3.0,3.0,1.0,2.0,0.5,0.5,40.0,0,3500.0,22,38,24,39,111
80123,2.0,5.0,3.0,3.0,1.0,2.0,0.5,0.5,40.0,1,2575.0,29,60,40,59,166
80123,2.0,5.0,3.0,3.0,1.0,2.0,0.5,0.5,40.0,2,1418.75,33,73,56,72,202
80123,2.0,5.0,3.0,3.0,1.0,2.0,0.5,0.5,40.0,3,708.4375,40,86,68,82,233
80123,2.0,5.0,3.0,3.0,1.0,2.0,0.5,0.5,40.0,4,0,29,85,70,65,209
80123,2.0,5.0,3.0,3.0,1.0,2.0,0.5,0.5,40.0,5,0,25,70,61,50,170
80123,2.0,5.0,3.0,3.0,1.0,2.0,0.5,0.5,40.0,6,0,13,60,51,29,132
80123,2.0,5.0,3.0,3.0,1.0,2.0,0.5,0.5,40.0,7,0,7,54,39,17,103
80123,2.0,5.0,3.0,3.0,1.0,2.0,0.5,0.5,40.0,8,0,4,37,31,13,74
80123,2.0,5.0,3.0,3.0,1.0,2.0,0.5,0.5,40.0,9,0,1,29,19,5,50
80123,2.0,5.0,3.0,3.0,1.0,2.0,0.5,0.5,40.0,10,0,1,20,17,4,39
80123,2.0,5.0,3.0,3.0,1.0,2.0,0.5,0.5,40.0,11,0,0,15,12,3,27
80123,2.0,5.0,3.0,3.0,1.0,2.0,0.5,0.5,40.0,12,0,0,14,7,2,21
80123,2.0,5.0,3.0,3.0,1.0,2.0,0.5,0.5,40.0,13,0,0,14,4,0,18
80123,2.0,5.0,3.0,3.0,1.0,2.0,0.5,0.5,40.0,14,0,0,10,2,0,12
80123,2.0,5.0,3.0,3.0,1.0,2.0,0.5,0.5,40.0,15,85.0,0,7,2,0,9
80123,2.0,5.0,3.0,3.0,1.0,2.0,0.5,0.5,40.0,16,61.25,0,6,1,0,7
80123,2.0,5.0,3.0,3.0,1.0,2.0,0.5,0.5,40.0,17,46.5625,0,6,0,0,6
80123,2.0,5.0,3.0,3.0,1.0,2.0,0.5,0.5,40.0,18,28.203125,0,7,0,0,7
80123,2.0,5.0,3.0,3.0,1.0,2.0,0.5,0.5,40.0,19,20.25390625,0,7,0,0,7
80123,2.0,5.0,3.0,3.0,1.0,2.0,0.5,0.5,40.0,20,25.3173828125,0,4,0,0,4
80123,2.0,5.0,3.0,3.0,1.0,2.0,0.5,0.5,40.0,21,16.646728515625,0,5,0,0,5
80123,2.0,5.0,3.0,3.0,1.0,2.0,0.5,0.5,40.0,22,20.80841064453125,0,3,0,0,3
80123,2.0,5.0,3.0,3.0,1.0,2.0,0.5,0.5,40.0,23,26.010513305664062,0,2,0,0,2
80123,2.0,5.0,3.0,3.0,1.0,2.0,0.5,0.5,40.0,24,32.51314163208008,0,2,0,0,2
80123,2.0,5.0,3.0,3.0,1.0,2.0,0.5,0.5,40.0,25,25.641427040100098,0,2,0,0,2
80123,2.0,5.0,3.0,3.0,1.0,2.0,0.5,0.5,40.0,26,17.051783800125122,0,2,0,0,2
80123,2.0,5.0,3.0,3.0,1.0,2.0,0.5,0.5,40.0,27,6.314729750156403,0,1,0,0,1