Exp Num,agent:svo_convergence_factor,agent:params:metabolism,agent:params:consumption_factor,agent:params:procreate_cost_factor,agent:params:procreate_req_factor,agent:params:start_energy_factor,agent:params:caught_chance,agent:params:caught_cooldown_factor,agent:params:maximum_age,Epoch,Resource,A,B,C,D,E
83266,2.0,5.0,3.0,9.0,1.0,1.0,0.1,0.4,20.0,0,3500.0,26,17,15,29,71
83266,2.0,5.0,3.0,9.0,1.0,1.0,0.1,0.4,20.0,1,2920.0,26,17,15,29,71
83266,2.0,5.0,3.0,9.0,1.0,1.0,0.1,0.4,20.0,2,2675.0,26,17,15,29,71
83266,2.0,5.0,3.0,9.0,1.0,1.0,0.1,0.4,20.0,3,2608.75,34,21,22,29,90
83266,2.0,5.0,3.0,9.0,1.0,1.0,0.1,0.4,20.0,4,2255.9375,35,28,24,29,100
83266,2.0,5.0,3.0,9.0,1.0,1.0,0.1,0.4,20.0,5,1919.921875,37,38,27,30,115
83266,2.0,5.0,3.0,9.0,1.0,1.0,0.1,0.4,20.0,6,1124.90234375,38,42,30,29,123
83266,2.0,5.0,3.0,9.0,1.0,1.0,0.1,0.4,20.0,7,311.1279296875,41,51,32,29,137
83266,2.0,5.0,3.0,9.0,1.0,1.0,0.1,0.4,20.0,8,0,41,55,33,29,142
83266,2.0,5.0,3.0,9.0,1.0,1.0,0.1,0.4,20.0,9,0,34,50,26,19,121
83266,2.0,5.0,3.0,9.0,1.0,1.0,0.1,0.4,20.0,10,0,30,51,20,18,107
83266,2.0,5.0,3.0,9.0,1.0,1.0,0.1,0.4,20.0,11,0,28,49,18,18,100
83266,2.0,5.0,3.0,9.0,1.0,1.0,0.1,0.4,20.0,12,0,23,46,15,10,85
83266,2.0,5.0,3.0,9.0,1.0,1.0,0.1,0.4,20.0,13,0,20,46,14,5,80
83266,2.0,5.0,3.0,9.0,1.0,1.0,0.1,0.4,20.0,14,0,15,44,13,3,72
83266,2.0,5.0,3.0,9.0,1.0,1.0,0.1,0.4,20.0,15,0,14,41,9,2,64
83266,2.0,5.0,3.0,9.0,1.0,1.0,0.1,0.4,20.0,16,0,8,34,7,2,49
83266,2.0,5.0,3.0,9.0,1.0,1.0,0.1,0.4,20.0,17,0,5,28,3,2,36
83266,2.0,5.0,3.0,9.0,1.0,1.0,0.1,0.4,20.0,18,0,3,21,1,0,25
83266,2.0,5.0,3.0,9.0,1.0,1.0,0.1,0.4,20.0,19,0,1,19,1,0,21
83266,2.0,5.0,3.0,9.0,1.0,1.0,0.1,0.4,20.0,20,0,1,13,1,0,15
83266,2.0,5.0,3.0,9.0,1.0,1.0,0.1,0.4,20.0,21,0,1,11,1,0,13
83266,2.0,5.0,3.0,9.0,1.0,1.0,0.1,0.4,20.0,22,0,1,7,0,0,8
83266,2.0,5.0,3.0,9.0,1.0,1.0,0.1,0.4,20.0,23,0,1,4,0,0,5
83266,2.0,5.0,3.0,9.0,1.0,1.0,0.1,0.4,20.0,24,0,1,3,0,0,4
83266,2.0,5.0,3.0,9.0,1.0,1.0,0.1,0.4,20.0,25,0,0,3,0,0,3
83266,2.0,5.0,3.0,9.0,1.0,1.0,0.1,0.4,20.0,26,0,0,2,0,0,2
83266,2.0,5.0,3.0,9.0,1.0,1.0,0.1,0.4,20.0,27,0,0,2,0,0,2
83266,2.0,5.0,3.0,9.0,1.0,1.0,0.1,0.4,20.0,28,0,0,2,0,0,2
83266,2.0,5.0,3.0,9.0,1.0,1.0,0.1,0.4,20.0,29,0,0,2,0,0,2
83266,2.0,5.0,3.0,9.0,1.0,1.0,0.1,0.4,20.0,30,100,0,1,0,0,1