Exp Num,agent:svo_convergence_factor,agent:params:metabolism,agent:params:consumption_factor,agent:params:procreate_cost_factor,agent:params:procreate_req_factor,agent:params:start_energy_factor,agent:params:caught_chance,agent:params:caught_cooldown_factor,agent:params:maximum_age,Epoch,Resource,A,B,C,D,E
84315,2.0,5.0,3.0,9.0,3.0,3.0,0.30000000000000004,0.4,10.0,0,3500.0,13,28,14,28,72
84315,2.0,5.0,3.0,9.0,3.0,3.0,0.30000000000000004,0.4,10.0,1,2920.0,13,28,14,28,72
84315,2.0,5.0,3.0,9.0,3.0,3.0,0.30000000000000004,0.4,10.0,2,2660.0,13,28,14,28,72
84315,2.0,5.0,3.0,9.0,3.0,3.0,0.30000000000000004,0.4,10.0,3,2695.0,13,28,14,28,72
84315,2.0,5.0,3.0,9.0,3.0,3.0,0.30000000000000004,0.4,10.0,4,2843.75,13,28,14,28,72
84315,2.0,5.0,3.0,9.0,3.0,3.0,0.30000000000000004,0.4,10.0,5,3119.6875,13,28,14,27,72
84315,2.0,5.0,3.0,9.0,3.0,3.0,0.30000000000000004,0.4,10.0,6,3584.609375,13,28,14,27,72
84315,2.0,5.0,3.0,9.0,3.0,3.0,0.30000000000000004,0.4,10.0,7,4060.76171875,13,28,14,27,72
84315,2.0,5.0,3.0,9.0,3.0,3.0,0.30000000000000004,0.4,10.0,8,4190.9521484375,13,25,14,24,69
84315,2.0,5.0,3.0,9.0,3.0,3.0,0.30000000000000004,0.4,10.0,9,4128.690185546875,13,24,14,24,68
84315,2.0,5.0,3.0,9.0,3.0,3.0,0.30000000000000004,0.4,10.0,10,4515.862731933594,8,11,5,13,34
84315,2.0,5.0,3.0,9.0,3.0,3.0,0.30000000000000004,0.4,10.0,11,5299.828414916992,3,7,2,9,16
84315,2.0,5.0,3.0,9.0,3.0,3.0,0.30000000000000004,0.4,10.0,12,6444.78551864624,2,3,2,4,9
84315,2.0,5.0,3.0,9.0,3.0,3.0,0.30000000000000004,0.4,10.0,13,7965.9818983078,2,2,0,2,5
84315,2.0,5.0,3.0,9.0,3.0,3.0,0.30000000000000004,0.4,10.0,14,9897.47737288475,0,1,0,1,2
84315,2.0,5.0,3.0,9.0,3.0,3.0,0.30000000000000004,0.4,10.0,15,9970.0,0,0,0,1,0