Exp Num,agent:svo_convergence_factor,agent:params:metabolism,agent:params:consumption_factor,agent:params:procreate_cost_factor,agent:params:procreate_req_factor,agent:params:start_energy_factor,agent:params:caught_chance,agent:params:caught_cooldown_factor,agent:params:maximum_age,Epoch,Resource,A,B,C,D,E
86764,2.0,5.0,4.0,5.0,1.0,2.0,0.1,0.30000000000000004,50.0,0,3440.0,23,46,15,27,112
86764,2.0,5.0,4.0,5.0,1.0,2.0,0.1,0.30000000000000004,50.0,1,1900.0,23,58,17,31,127
86764,2.0,5.0,4.0,5.0,1.0,2.0,0.1,0.30000000000000004,50.0,2,755.0,34,77,30,36,171
86764,2.0,5.0,4.0,5.0,1.0,2.0,0.1,0.30000000000000004,50.0,3,0,32,87,37,36,184
86764,2.0,5.0,4.0,5.0,1.0,2.0,0.1,0.30000000000000004,50.0,4,0,36,78,37,27,168
86764,2.0,5.0,4.0,5.0,1.0,2.0,0.1,0.30000000000000004,50.0,5,0,35,75,35,20,152
86764,2.0,5.0,4.0,5.0,1.0,2.0,0.1,0.30000000000000004,50.0,6,0,30,72,32,18,137
86764,2.0,5.0,4.0,5.0,1.0,2.0,0.1,0.30000000000000004,50.0,7,0,25,67,25,13,118
86764,2.0,5.0,4.0,5.0,1.0,2.0,0.1,0.30000000000000004,50.0,8,0,17,54,20,10,91
86764,2.0,5.0,4.0,5.0,1.0,2.0,0.1,0.30000000000000004,50.0,9,0,13,42,13,4,68
86764,2.0,5.0,4.0,5.0,1.0,2.0,0.1,0.30000000000000004,50.0,10,0,13,33,5,3,51
86764,2.0,5.0,4.0,5.0,1.0,2.0,0.1,0.30000000000000004,50.0,11,0,9,24,4,1,37
86764,2.0,5.0,4.0,5.0,1.0,2.0,0.1,0.30000000000000004,50.0,12,0,7,16,3,1,26
86764,2.0,5.0,4.0,5.0,1.0,2.0,0.1,0.30000000000000004,50.0,13,0,5,10,2,1,17
86764,2.0,5.0,4.0,5.0,1.0,2.0,0.1,0.30000000000000004,50.0,14,0,3,10,2,0,15
86764,2.0,5.0,4.0,5.0,1.0,2.0,0.1,0.30000000000000004,50.0,15,0,3,8,2,0,13
86764,2.0,5.0,4.0,5.0,1.0,2.0,0.1,0.30000000000000004,50.0,16,0,2,6,1,0,9
86764,2.0,5.0,4.0,5.0,1.0,2.0,0.1,0.30000000000000004,50.0,17,0,1,4,1,0,6
86764,2.0,5.0,4.0,5.0,1.0,2.0,0.1,0.30000000000000004,50.0,18,0,1,3,1,0,5
86764,2.0,5.0,4.0,5.0,1.0,2.0,0.1,0.30000000000000004,50.0,19,0,1,1,0,0,2
86764,2.0,5.0,4.0,5.0,1.0,2.0,0.1,0.30000000000000004,50.0,20,0,0,1,0,0,1