Exp Num,agent:svo_convergence_factor,agent:params:metabolism,agent:params:consumption_factor,agent:params:procreate_cost_factor,agent:params:procreate_req_factor,agent:params:start_energy_factor,agent:params:caught_chance,agent:params:caught_cooldown_factor,agent:params:maximum_age,Epoch,Resource,A,B,C,D,E
86527,2.0,5.0,4.0,3.0,3.0,3.0,0.2,0.1,30.0,0,3620.0,20,27,12,25,75
86527,2.0,5.0,4.0,3.0,3.0,3.0,0.2,0.1,30.0,1,3585.0,25,31,18,29,90
86527,2.0,5.0,4.0,3.0,3.0,3.0,0.2,0.1,30.0,2,3321.25,30,36,18,28,100
86527,2.0,5.0,4.0,3.0,3.0,3.0,0.2,0.1,30.0,3,3191.5625,38,40,21,28,115
86527,2.0,5.0,4.0,3.0,3.0,3.0,0.2,0.1,30.0,4,3049.453125,42,50,22,29,130
86527,2.0,5.0,4.0,3.0,3.0,3.0,0.2,0.1,30.0,5,2711.81640625,50,60,25,29,151
86527,2.0,5.0,4.0,3.0,3.0,3.0,0.2,0.1,30.0,6,1769.7705078125,55,71,28,26,169
86527,2.0,5.0,4.0,3.0,3.0,3.0,0.2,0.1,30.0,7,652.213134765625,60,89,29,25,193
86527,2.0,5.0,4.0,3.0,3.0,3.0,0.2,0.1,30.0,8,0,61,98,31,24,204
86527,2.0,5.0,4.0,3.0,3.0,3.0,0.2,0.1,30.0,9,0,56,95,29,24,194
86527,2.0,5.0,4.0,3.0,3.0,3.0,0.2,0.1,30.0,10,0,53,94,28,16,180
86527,2.0,5.0,4.0,3.0,3.0,3.0,0.2,0.1,30.0,11,0,46,87,26,9,163
86527,2.0,5.0,4.0,3.0,3.0,3.0,0.2,0.1,30.0,12,0,37,77,24,5,141
86527,2.0,5.0,4.0,3.0,3.0,3.0,0.2,0.1,30.0,13,0,29,57,19,5,107
86527,2.0,5.0,4.0,3.0,3.0,3.0,0.2,0.1,30.0,14,0,22,37,13,5,74
86527,2.0,5.0,4.0,3.0,3.0,3.0,0.2,0.1,30.0,15,0,13,27,9,4,50
86527,2.0,5.0,4.0,3.0,3.0,3.0,0.2,0.1,30.0,16,0,8,19,3,3,31
86527,2.0,5.0,4.0,3.0,3.0,3.0,0.2,0.1,30.0,17,0,7,13,1,2,21
86527,2.0,5.0,4.0,3.0,3.0,3.0,0.2,0.1,30.0,18,0,3,8,0,1,11
86527,2.0,5.0,4.0,3.0,3.0,3.0,0.2,0.1,30.0,19,0,2,6,0,1,8
86527,2.0,5.0,4.0,3.0,3.0,3.0,0.2,0.1,30.0,20,0,2,4,0,1,6
86527,2.0,5.0,4.0,3.0,3.0,3.0,0.2,0.1,30.0,21,0,2,3,0,1,5
86527,2.0,5.0,4.0,3.0,3.0,3.0,0.2,0.1,30.0,22,0,1,3,0,1,4
86527,2.0,5.0,4.0,3.0,3.0,3.0,0.2,0.1,30.0,23,0,1,2,0,1,3
86527,2.0,5.0,4.0,3.0,3.0,3.0,0.2,0.1,30.0,24,0,0,1,0,1,1
86527,2.0,5.0,4.0,3.0,3.0,3.0,0.2,0.1,30.0,25,0,0,0,0,1,0