Exp Num,agent:svo_convergence_factor,agent:params:metabolism,agent:params:consumption_factor,agent:params:procreate_cost_factor,agent:params:procreate_req_factor,agent:params:start_energy_factor,agent:params:caught_chance,agent:params:caught_cooldown_factor,agent:params:maximum_age,Epoch,Resource,A,B,C,D,E
84691,2.0,5.0,4.0,1.0,1.0,3.0,0.30000000000000004,0.4,20.0,0,3660.0,29,32,26,41,109
84691,2.0,5.0,4.0,1.0,1.0,3.0,0.30000000000000004,0.4,20.0,1,3415.0,32,44,45,59,150
84691,2.0,5.0,4.0,1.0,1.0,3.0,0.30000000000000004,0.4,20.0,2,2768.75,38,63,70,89,206
84691,2.0,5.0,4.0,1.0,1.0,3.0,0.30000000000000004,0.4,20.0,3,1160.9375,43,87,90,122,264
84691,2.0,5.0,4.0,1.0,1.0,3.0,0.30000000000000004,0.4,20.0,4,0,50,112,120,138,331
84691,2.0,5.0,4.0,1.0,1.0,3.0,0.30000000000000004,0.4,20.0,5,0,51,125,137,113,350
84691,2.0,5.0,4.0,1.0,1.0,3.0,0.30000000000000004,0.4,20.0,6,0,53,110,126,80,306
84691,2.0,5.0,4.0,1.0,1.0,3.0,0.30000000000000004,0.4,20.0,7,0,41,96,100,50,247
84691,2.0,5.0,4.0,1.0,1.0,3.0,0.30000000000000004,0.4,20.0,8,0,34,80,78,43,198
84691,2.0,5.0,4.0,1.0,1.0,3.0,0.30000000000000004,0.4,20.0,9,0,32,55,66,24,157
84691,2.0,5.0,4.0,1.0,1.0,3.0,0.30000000000000004,0.4,20.0,10,0,28,47,48,18,125
84691,2.0,5.0,4.0,1.0,1.0,3.0,0.30000000000000004,0.4,20.0,11,0,20,42,33,13,96
84691,2.0,5.0,4.0,1.0,1.0,3.0,0.30000000000000004,0.4,20.0,12,0,8,33,24,11,65
84691,2.0,5.0,4.0,1.0,1.0,3.0,0.30000000000000004,0.4,20.0,13,0,5,30,11,8,46
84691,2.0,5.0,4.0,1.0,1.0,3.0,0.30000000000000004,0.4,20.0,14,0,1,25,10,3,36
84691,2.0,5.0,4.0,1.0,1.0,3.0,0.30000000000000004,0.4,20.0,15,0,1,19,8,2,28
84691,2.0,5.0,4.0,1.0,1.0,3.0,0.30000000000000004,0.4,20.0,16,0,0,15,7,1,22
84691,2.0,5.0,4.0,1.0,1.0,3.0,0.30000000000000004,0.4,20.0,17,0,0,13,5,1,18
84691,2.0,5.0,4.0,1.0,1.0,3.0,0.30000000000000004,0.4,20.0,18,0,0,9,3,0,12
84691,2.0,5.0,4.0,1.0,1.0,3.0,0.30000000000000004,0.4,20.0,19,0,0,6,2,0,8
84691,2.0,5.0,4.0,1.0,1.0,3.0,0.30000000000000004,0.4,20.0,20,0,0,3,1,0,4
84691,2.0,5.0,4.0,1.0,1.0,3.0,0.30000000000000004,0.4,20.0,21,0,0,1,1,0,2
84691,2.0,5.0,4.0,1.0,1.0,3.0,0.30000000000000004,0.4,20.0,22,0,0,2,1,0,3
84691,2.0,5.0,4.0,1.0,1.0,3.0,0.30000000000000004,0.4,20.0,23,0,0,2,0,0,2
84691,2.0,5.0,4.0,1.0,1.0,3.0,0.30000000000000004,0.4,20.0,24,0,0,1,0,0,1