Exp Num,agent:svo_convergence_factor,agent:params:metabolism,agent:params:consumption_factor,agent:params:procreate_cost_factor,agent:params:procreate_req_factor,agent:params:start_energy_factor,agent:params:caught_chance,agent:params:caught_cooldown_factor,agent:params:maximum_age,Epoch,Resource,A,B,C,D,E
85215,2.0,5.0,4.0,1.0,3.0,1.0,0.4,0.4,10.0,0,3000.0,31,39,26,38,112
85215,2.0,5.0,4.0,1.0,3.0,1.0,0.4,0.4,10.0,1,3050.0,37,46,29,39,128
85215,2.0,5.0,4.0,1.0,3.0,1.0,0.4,0.4,10.0,2,2652.5,43,55,35,49,149
85215,2.0,5.0,4.0,1.0,3.0,1.0,0.4,0.4,10.0,3,2115.625,38,53,37,57,148
85215,2.0,5.0,4.0,1.0,3.0,1.0,0.4,0.4,10.0,4,1284.53125,35,66,50,57,171
85215,2.0,5.0,4.0,1.0,3.0,1.0,0.4,0.4,10.0,5,145.6640625,31,76,58,69,186
85215,2.0,5.0,4.0,1.0,3.0,1.0,0.4,0.4,10.0,6,0,26,77,64,57,185
85215,2.0,5.0,4.0,1.0,3.0,1.0,0.4,0.4,10.0,7,0,24,64,48,40,148
85215,2.0,5.0,4.0,1.0,3.0,1.0,0.4,0.4,10.0,8,0,18,49,33,23,107
85215,2.0,5.0,4.0,1.0,3.0,1.0,0.4,0.4,10.0,9,0,13,38,23,10,75
85215,2.0,5.0,4.0,1.0,3.0,1.0,0.4,0.4,10.0,10,0,10,32,9,4,52
85215,2.0,5.0,4.0,1.0,3.0,1.0,0.4,0.4,10.0,11,0,10,19,7,1,36
85215,2.0,5.0,4.0,1.0,3.0,1.0,0.4,0.4,10.0,12,0,7,12,4,1,23
85215,2.0,5.0,4.0,1.0,3.0,1.0,0.4,0.4,10.0,13,0,4,8,2,1,14
85215,2.0,5.0,4.0,1.0,3.0,1.0,0.4,0.4,10.0,14,0,1,5,2,0,8
85215,2.0,5.0,4.0,1.0,3.0,1.0,0.4,0.4,10.0,15,0,1,2,1,0,4
85215,2.0,5.0,4.0,1.0,3.0,1.0,0.4,0.4,10.0,16,0,1,1,0,0,2
85215,2.0,5.0,4.0,1.0,3.0,1.0,0.4,0.4,10.0,17,60.0,1,2,0,0,3
85215,2.0,5.0,4.0,1.0,3.0,1.0,0.4,0.4,10.0,18,35.0,2,2,0,0,4
85215,2.0,5.0,4.0,1.0,3.0,1.0,0.4,0.4,10.0,19,3.75,3,2,0,0,5
85215,2.0,5.0,4.0,1.0,3.0,1.0,0.4,0.4,10.0,20,0,3,2,0,0,5
85215,2.0,5.0,4.0,1.0,3.0,1.0,0.4,0.4,10.0,21,0,3,2,0,0,5
85215,2.0,5.0,4.0,1.0,3.0,1.0,0.4,0.4,10.0,22,0,2,1,0,0,3
85215,2.0,5.0,4.0,1.0,3.0,1.0,0.4,0.4,10.0,23,0,1,1,0,0,2
85215,2.0,5.0,4.0,1.0,3.0,1.0,0.4,0.4,10.0,24,0,0,1,0,0,1