Exp Num,agent:svo_convergence_factor,agent:params:metabolism,agent:params:consumption_factor,agent:params:procreate_cost_factor,agent:params:procreate_req_factor,agent:params:start_energy_factor,agent:params:caught_chance,agent:params:caught_cooldown_factor,agent:params:maximum_age,Epoch,Resource,A,B,C,D,E
85260,2.0,5.0,4.0,1.0,3.0,2.0,0.1,0.30000000000000004,10.0,0,3540.0,26,39,19,30,106
85260,2.0,5.0,4.0,1.0,3.0,2.0,0.1,0.30000000000000004,10.0,1,2885.0,30,60,38,38,150
85260,2.0,5.0,4.0,1.0,3.0,2.0,0.1,0.30000000000000004,10.0,2,1866.25,39,81,53,46,196
85260,2.0,5.0,4.0,1.0,3.0,2.0,0.1,0.30000000000000004,10.0,3,0,47,110,72,53,251
85260,2.0,5.0,4.0,1.0,3.0,2.0,0.1,0.30000000000000004,10.0,4,0,52,119,72,45,259
85260,2.0,5.0,4.0,1.0,3.0,2.0,0.1,0.30000000000000004,10.0,5,0,51,99,56,30,216
85260,2.0,5.0,4.0,1.0,3.0,2.0,0.1,0.30000000000000004,10.0,6,0,35,69,34,20,142
85260,2.0,5.0,4.0,1.0,3.0,2.0,0.1,0.30000000000000004,10.0,7,0,27,47,20,15,97
85260,2.0,5.0,4.0,1.0,3.0,2.0,0.1,0.30000000000000004,10.0,8,0,19,32,17,7,70
85260,2.0,5.0,4.0,1.0,3.0,2.0,0.1,0.30000000000000004,10.0,9,0,15,28,14,2,58
85260,2.0,5.0,4.0,1.0,3.0,2.0,0.1,0.30000000000000004,10.0,10,0,12,21,7,0,40
85260,2.0,5.0,4.0,1.0,3.0,2.0,0.1,0.30000000000000004,10.0,11,0,9,10,4,0,23
85260,2.0,5.0,4.0,1.0,3.0,2.0,0.1,0.30000000000000004,10.0,12,0,4,8,2,0,14
85260,2.0,5.0,4.0,1.0,3.0,2.0,0.1,0.30000000000000004,10.0,13,0,2,4,1,0,7
85260,2.0,5.0,4.0,1.0,3.0,2.0,0.1,0.30000000000000004,10.0,14,60.0,3,2,1,0,6
85260,2.0,5.0,4.0,1.0,3.0,2.0,0.1,0.30000000000000004,10.0,15,0,3,2,1,0,6
85260,2.0,5.0,4.0,1.0,3.0,2.0,0.1,0.30000000000000004,10.0,16,0,1,3,1,0,5
85260,2.0,5.0,4.0,1.0,3.0,2.0,0.1,0.30000000000000004,10.0,17,0,1,3,1,0,5
85260,2.0,5.0,4.0,1.0,3.0,2.0,0.1,0.30000000000000004,10.0,18,0,1,0,1,0,2
85260,2.0,5.0,4.0,1.0,3.0,2.0,0.1,0.30000000000000004,10.0,19,0,1,0,0,0,1