Exp Num,agent:svo_convergence_factor,agent:params:metabolism,agent:params:consumption_factor,agent:params:procreate_cost_factor,agent:params:procreate_req_factor,agent:params:start_energy_factor,agent:params:caught_chance,agent:params:caught_cooldown_factor,agent:params:maximum_age,Epoch,Resource,A,B,C,D,E
84682,2.0,5.0,4.0,1.0,1.0,3.0,0.30000000000000004,0.2,30.0,0,3620.0,24,51,22,30,120
84682,2.0,5.0,4.0,1.0,1.0,3.0,0.30000000000000004,0.2,30.0,1,3105.0,30,76,33,41,168
84682,2.0,5.0,4.0,1.0,1.0,3.0,0.30000000000000004,0.2,30.0,2,2441.25,39,105,64,52,243
84682,2.0,5.0,4.0,1.0,1.0,3.0,0.30000000000000004,0.2,30.0,3,591.5625,45,142,89,74,316
84682,2.0,5.0,4.0,1.0,1.0,3.0,0.30000000000000004,0.2,30.0,4,0,56,180,103,90,377
84682,2.0,5.0,4.0,1.0,1.0,3.0,0.30000000000000004,0.2,30.0,5,0,47,181,108,72,363
84682,2.0,5.0,4.0,1.0,1.0,3.0,0.30000000000000004,0.2,30.0,6,0,37,171,81,55,309
84682,2.0,5.0,4.0,1.0,1.0,3.0,0.30000000000000004,0.2,30.0,7,0,30,149,65,47,257
84682,2.0,5.0,4.0,1.0,1.0,3.0,0.30000000000000004,0.2,30.0,8,0,22,117,50,28,198
84682,2.0,5.0,4.0,1.0,1.0,3.0,0.30000000000000004,0.2,30.0,9,0,19,85,41,20,149
84682,2.0,5.0,4.0,1.0,1.0,3.0,0.30000000000000004,0.2,30.0,10,0,16,71,28,12,116
84682,2.0,5.0,4.0,1.0,1.0,3.0,0.30000000000000004,0.2,30.0,11,0,12,45,20,10,78
84682,2.0,5.0,4.0,1.0,1.0,3.0,0.30000000000000004,0.2,30.0,12,0,11,33,15,4,60
84682,2.0,5.0,4.0,1.0,1.0,3.0,0.30000000000000004,0.2,30.0,13,0,8,21,11,4,40
84682,2.0,5.0,4.0,1.0,1.0,3.0,0.30000000000000004,0.2,30.0,14,0,5,17,6,4,28
84682,2.0,5.0,4.0,1.0,1.0,3.0,0.30000000000000004,0.2,30.0,15,0,4,16,7,3,27
84682,2.0,5.0,4.0,1.0,1.0,3.0,0.30000000000000004,0.2,30.0,16,0,6,12,4,1,22
84682,2.0,5.0,4.0,1.0,1.0,3.0,0.30000000000000004,0.2,30.0,17,0,4,10,1,0,15
84682,2.0,5.0,4.0,1.0,1.0,3.0,0.30000000000000004,0.2,30.0,18,0,2,9,1,0,12
84682,2.0,5.0,4.0,1.0,1.0,3.0,0.30000000000000004,0.2,30.0,19,0,1,6,1,0,8
84682,2.0,5.0,4.0,1.0,1.0,3.0,0.30000000000000004,0.2,30.0,20,0,1,3,2,0,6
84682,2.0,5.0,4.0,1.0,1.0,3.0,0.30000000000000004,0.2,30.0,21,0,0,2,1,0,3
84682,2.0,5.0,4.0,1.0,1.0,3.0,0.30000000000000004,0.2,30.0,22,0,0,1,0,0,1