Exp Num,agent:svo_convergence_factor,agent:params:metabolism,agent:params:consumption_factor,agent:params:procreate_cost_factor,agent:params:procreate_req_factor,agent:params:start_energy_factor,agent:params:caught_chance,agent:params:caught_cooldown_factor,agent:params:maximum_age,Epoch,Resource,A,B,C,D,E
84809,2.0,5.0,4.0,1.0,2.0,1.0,0.30000000000000004,0.2,50.0,0,3000.0,26,42,22,32,118
84809,2.0,5.0,4.0,1.0,2.0,1.0,0.30000000000000004,0.2,50.0,1,2750.0,34,60,38,44,163
84809,2.0,5.0,4.0,1.0,2.0,1.0,0.30000000000000004,0.2,50.0,2,1337.5,33,70,51,52,192
84809,2.0,5.0,4.0,1.0,2.0,1.0,0.30000000000000004,0.2,50.0,3,31.875,40,89,71,71,242
84809,2.0,5.0,4.0,1.0,2.0,1.0,0.30000000000000004,0.2,50.0,4,0,46,83,62,57,212
84809,2.0,5.0,4.0,1.0,2.0,1.0,0.30000000000000004,0.2,50.0,5,0,38,68,45,42,158
84809,2.0,5.0,4.0,1.0,2.0,1.0,0.30000000000000004,0.2,50.0,6,0,25,57,34,28,121
84809,2.0,5.0,4.0,1.0,2.0,1.0,0.30000000000000004,0.2,50.0,7,0,19,40,15,21,77
84809,2.0,5.0,4.0,1.0,2.0,1.0,0.30000000000000004,0.2,50.0,8,0,14,25,7,12,47
84809,2.0,5.0,4.0,1.0,2.0,1.0,0.30000000000000004,0.2,50.0,9,0,8,14,5,8,27
84809,2.0,5.0,4.0,1.0,2.0,1.0,0.30000000000000004,0.2,50.0,10,0,7,10,2,3,19
84809,2.0,5.0,4.0,1.0,2.0,1.0,0.30000000000000004,0.2,50.0,11,0,2,6,1,3,9
84809,2.0,5.0,4.0,1.0,2.0,1.0,0.30000000000000004,0.2,50.0,12,0,1,5,0,3,6
84809,2.0,5.0,4.0,1.0,2.0,1.0,0.30000000000000004,0.2,50.0,13,0,1,4,0,1,5
84809,2.0,5.0,4.0,1.0,2.0,1.0,0.30000000000000004,0.2,50.0,14,0,0,2,0,1,2
84809,2.0,5.0,4.0,1.0,2.0,1.0,0.30000000000000004,0.2,50.0,15,80.0,0,1,0,1,1
84809,2.0,5.0,4.0,1.0,2.0,1.0,0.30000000000000004,0.2,50.0,16,80.0,0,2,0,1,2
84809,2.0,5.0,4.0,1.0,2.0,1.0,0.30000000000000004,0.2,50.0,17,60.0,0,2,1,1,3
84809,2.0,5.0,4.0,1.0,2.0,1.0,0.30000000000000004,0.2,50.0,18,35.0,0,2,3,1,5
84809,2.0,5.0,4.0,1.0,2.0,1.0,0.30000000000000004,0.2,50.0,19,43.75,0,3,3,1,6
84809,2.0,5.0,4.0,1.0,2.0,1.0,0.30000000000000004,0.2,50.0,20,0,0,2,4,0,6
84809,2.0,5.0,4.0,1.0,2.0,1.0,0.30000000000000004,0.2,50.0,21,0,0,1,4,0,5
84809,2.0,5.0,4.0,1.0,2.0,1.0,0.30000000000000004,0.2,50.0,22,0,0,1,3,0,4
84809,2.0,5.0,4.0,1.0,2.0,1.0,0.30000000000000004,0.2,50.0,23,0,0,1,1,0,2
84809,2.0,5.0,4.0,1.0,2.0,1.0,0.30000000000000004,0.2,50.0,24,0,0,0,1,0,1