Exp Num,agent:svo_convergence_factor,agent:params:metabolism,agent:params:consumption_factor,agent:params:procreate_cost_factor,agent:params:procreate_req_factor,agent:params:start_energy_factor,agent:params:caught_chance,agent:params:caught_cooldown_factor,agent:params:maximum_age,Epoch,Resource,A,B,C,D,E
85071,2.0,5.0,4.0,1.0,2.0,3.0,0.30000000000000004,0.5,20.0,0,3660.0,32,30,18,46,104
85071,2.0,5.0,4.0,1.0,2.0,3.0,0.30000000000000004,0.5,20.0,1,3655.0,42,33,23,57,126
85071,2.0,5.0,4.0,1.0,2.0,3.0,0.30000000000000004,0.5,20.0,2,2928.75,51,50,41,73,178
85071,2.0,5.0,4.0,1.0,2.0,3.0,0.30000000000000004,0.5,20.0,3,1420.9375,51,70,56,96,216
85071,2.0,5.0,4.0,1.0,2.0,3.0,0.30000000000000004,0.5,20.0,4,0,60,88,76,118,265
85071,2.0,5.0,4.0,1.0,2.0,3.0,0.30000000000000004,0.5,20.0,5,0,57,82,68,93,238
85071,2.0,5.0,4.0,1.0,2.0,3.0,0.30000000000000004,0.5,20.0,6,0,50,74,44,62,181
85071,2.0,5.0,4.0,1.0,2.0,3.0,0.30000000000000004,0.5,20.0,7,0,40,54,25,37,128
85071,2.0,5.0,4.0,1.0,2.0,3.0,0.30000000000000004,0.5,20.0,8,0,32,37,17,17,92
85071,2.0,5.0,4.0,1.0,2.0,3.0,0.30000000000000004,0.5,20.0,9,0,26,20,11,9,60
85071,2.0,5.0,4.0,1.0,2.0,3.0,0.30000000000000004,0.5,20.0,10,0,18,16,7,3,43
85071,2.0,5.0,4.0,1.0,2.0,3.0,0.30000000000000004,0.5,20.0,11,0,14,8,2,2,26
85071,2.0,5.0,4.0,1.0,2.0,3.0,0.30000000000000004,0.5,20.0,12,0,9,2,2,2,14
85071,2.0,5.0,4.0,1.0,2.0,3.0,0.30000000000000004,0.5,20.0,13,0,7,0,1,1,9
85071,2.0,5.0,4.0,1.0,2.0,3.0,0.30000000000000004,0.5,20.0,14,0,6,0,0,1,7
85071,2.0,5.0,4.0,1.0,2.0,3.0,0.30000000000000004,0.5,20.0,15,60.0,7,0,0,0,8
85071,2.0,5.0,4.0,1.0,2.0,3.0,0.30000000000000004,0.5,20.0,16,35.0,5,1,0,0,7
85071,2.0,5.0,4.0,1.0,2.0,3.0,0.30000000000000004,0.5,20.0,17,0,5,1,1,0,8
85071,2.0,5.0,4.0,1.0,2.0,3.0,0.30000000000000004,0.5,20.0,18,0,4,0,1,0,7
85071,2.0,5.0,4.0,1.0,2.0,3.0,0.30000000000000004,0.5,20.0,19,0,2,0,1,0,4
85071,2.0,5.0,4.0,1.0,2.0,3.0,0.30000000000000004,0.5,20.0,20,0,2,0,1,0,3
85071,2.0,5.0,4.0,1.0,2.0,3.0,0.30000000000000004,0.5,20.0,21,0,1,0,1,0,2
85071,2.0,5.0,4.0,1.0,2.0,3.0,0.30000000000000004,0.5,20.0,22,0,1,0,0,0,1