Exp Num,agent:svo_convergence_factor,agent:params:metabolism,agent:params:consumption_factor,agent:params:procreate_cost_factor,agent:params:procreate_req_factor,agent:params:start_energy_factor,agent:params:caught_chance,agent:params:caught_cooldown_factor,agent:params:maximum_age,Epoch,Resource,A,B,C,D,E
80768,2.0,5.0,3.0,3.0,3.0,2.0,0.1,0.4,40.0,0,3500.0,20,24,10,31,69
80768,2.0,5.0,3.0,3.0,3.0,2.0,0.1,0.4,40.0,1,2920.0,20,24,10,31,69
80768,2.0,5.0,3.0,3.0,3.0,2.0,0.1,0.4,40.0,2,2570.0,20,24,10,31,69
80768,2.0,5.0,3.0,3.0,3.0,2.0,0.1,0.4,40.0,3,2372.5,28,33,12,34,89
80768,2.0,5.0,3.0,3.0,3.0,2.0,0.1,0.4,40.0,4,2080.625,30,41,18,36,105
80768,2.0,5.0,3.0,3.0,3.0,2.0,0.1,0.4,40.0,5,1610.78125,34,43,18,36,111
80768,2.0,5.0,3.0,3.0,3.0,2.0,0.1,0.4,40.0,6,1038.4765625,43,54,19,37,132
80768,2.0,5.0,3.0,3.0,3.0,2.0,0.1,0.4,40.0,7,248.095703125,48,62,21,36,147
80768,2.0,5.0,3.0,3.0,3.0,2.0,0.1,0.4,40.0,8,0,50,62,21,36,149
80768,2.0,5.0,3.0,3.0,3.0,2.0,0.1,0.4,40.0,9,0,50,61,20,35,147
80768,2.0,5.0,3.0,3.0,3.0,2.0,0.1,0.4,40.0,10,0,45,54,17,27,123
80768,2.0,5.0,3.0,3.0,3.0,2.0,0.1,0.4,40.0,11,0,44,52,16,25,115
80768,2.0,5.0,3.0,3.0,3.0,2.0,0.1,0.4,40.0,12,0,38,47,16,21,104
80768,2.0,5.0,3.0,3.0,3.0,2.0,0.1,0.4,40.0,13,0,30,33,7,11,72
80768,2.0,5.0,3.0,3.0,3.0,2.0,0.1,0.4,40.0,14,0,22,27,3,6,52
80768,2.0,5.0,3.0,3.0,3.0,2.0,0.1,0.4,40.0,15,0,15,21,3,4,39
80768,2.0,5.0,3.0,3.0,3.0,2.0,0.1,0.4,40.0,16,0,12,14,2,1,28
80768,2.0,5.0,3.0,3.0,3.0,2.0,0.1,0.4,40.0,17,0,9,7,2,0,18
80768,2.0,5.0,3.0,3.0,3.0,2.0,0.1,0.4,40.0,18,0,8,3,1,0,12
80768,2.0,5.0,3.0,3.0,3.0,2.0,0.1,0.4,40.0,19,25.0,5,3,1,0,9
80768,2.0,5.0,3.0,3.0,3.0,2.0,0.1,0.4,40.0,20,1.25,4,3,1,0,8
80768,2.0,5.0,3.0,3.0,3.0,2.0,0.1,0.4,40.0,21,0,4,2,1,0,7
80768,2.0,5.0,3.0,3.0,3.0,2.0,0.1,0.4,40.0,22,0,3,1,1,0,5
80768,2.0,5.0,3.0,3.0,3.0,2.0,0.1,0.4,40.0,23,0,2,0,1,0,3
80768,2.0,5.0,3.0,3.0,3.0,2.0,0.1,0.4,40.0,24,0,0,0,1,0,1