Exp Num,agent:svo_convergence_factor,agent:params:metabolism,agent:params:consumption_factor,agent:params:procreate_cost_factor,agent:params:procreate_req_factor,agent:params:start_energy_factor,agent:params:caught_chance,agent:params:caught_cooldown_factor,agent:params:maximum_age,Epoch,Resource,A,B,C,D,E
80182,2.0,5.0,3.0,3.0,1.0,3.0,0.30000000000000004,0.2,30.0,0,3500.0,23,51,22,36,114
80182,2.0,5.0,3.0,3.0,1.0,3.0,0.30000000000000004,0.2,30.0,1,3505.0,27,72,36,42,153
80182,2.0,5.0,3.0,3.0,1.0,3.0,0.30000000000000004,0.2,30.0,2,2626.25,26,94,64,50,202
80182,2.0,5.0,3.0,3.0,1.0,3.0,0.30000000000000004,0.2,30.0,3,1272.8125,23,120,83,56,245
80182,2.0,5.0,3.0,3.0,1.0,3.0,0.30000000000000004,0.2,30.0,4,0,23,143,106,54,289
80182,2.0,5.0,3.0,3.0,1.0,3.0,0.30000000000000004,0.2,30.0,5,0,12,128,94,34,243
80182,2.0,5.0,3.0,3.0,1.0,3.0,0.30000000000000004,0.2,30.0,6,0,6,107,77,21,195
80182,2.0,5.0,3.0,3.0,1.0,3.0,0.30000000000000004,0.2,30.0,7,0,3,85,58,12,149
80182,2.0,5.0,3.0,3.0,1.0,3.0,0.30000000000000004,0.2,30.0,8,0,0,70,40,6,112
80182,2.0,5.0,3.0,3.0,1.0,3.0,0.30000000000000004,0.2,30.0,9,0,0,51,30,5,82
80182,2.0,5.0,3.0,3.0,1.0,3.0,0.30000000000000004,0.2,30.0,10,0,0,33,27,2,60
80182,2.0,5.0,3.0,3.0,1.0,3.0,0.30000000000000004,0.2,30.0,11,0,0,27,14,2,41
80182,2.0,5.0,3.0,3.0,1.0,3.0,0.30000000000000004,0.2,30.0,12,0,0,15,11,2,26
80182,2.0,5.0,3.0,3.0,1.0,3.0,0.30000000000000004,0.2,30.0,13,0,0,9,9,0,18
80182,2.0,5.0,3.0,3.0,1.0,3.0,0.30000000000000004,0.2,30.0,14,0,0,5,7,0,12
80182,2.0,5.0,3.0,3.0,1.0,3.0,0.30000000000000004,0.2,30.0,15,0,0,5,7,0,12
80182,2.0,5.0,3.0,3.0,1.0,3.0,0.30000000000000004,0.2,30.0,16,0,0,5,4,0,9
80182,2.0,5.0,3.0,3.0,1.0,3.0,0.30000000000000004,0.2,30.0,17,0,0,4,3,0,7
80182,2.0,5.0,3.0,3.0,1.0,3.0,0.30000000000000004,0.2,30.0,18,0,0,3,4,0,7
80182,2.0,5.0,3.0,3.0,1.0,3.0,0.30000000000000004,0.2,30.0,19,0,0,2,3,0,5
80182,2.0,5.0,3.0,3.0,1.0,3.0,0.30000000000000004,0.2,30.0,20,0,0,2,2,0,4
80182,2.0,5.0,3.0,3.0,1.0,3.0,0.30000000000000004,0.2,30.0,21,0,0,0,2,0,2
80182,2.0,5.0,3.0,3.0,1.0,3.0,0.30000000000000004,0.2,30.0,22,0,0,0,1,0,1