Exp Num,agent:svo_convergence_factor,agent:params:metabolism,agent:params:consumption_factor,agent:params:procreate_cost_factor,agent:params:procreate_req_factor,agent:params:start_energy_factor,agent:params:caught_chance,agent:params:caught_cooldown_factor,agent:params:maximum_age,Epoch,Resource,A,B,C,D,E
81035,2.0,5.0,3.0,5.0,1.0,1.0,0.2,0.30000000000000004,10.0,0,3500.0,12,36,11,23,77
81035,2.0,5.0,3.0,5.0,1.0,1.0,0.2,0.30000000000000004,10.0,1,2950.0,17,56,20,32,115
81035,2.0,5.0,3.0,5.0,1.0,1.0,0.2,0.30000000000000004,10.0,2,1932.5,19,64,28,36,135
81035,2.0,5.0,3.0,5.0,1.0,1.0,0.2,0.30000000000000004,10.0,3,1380.625,19,77,36,41,156
81035,2.0,5.0,3.0,5.0,1.0,1.0,0.2,0.30000000000000004,10.0,4,120.78125,17,89,45,42,175
81035,2.0,5.0,3.0,5.0,1.0,1.0,0.2,0.30000000000000004,10.0,5,0,11,94,44,37,171
81035,2.0,5.0,3.0,5.0,1.0,1.0,0.2,0.30000000000000004,10.0,6,0,10,81,47,32,155
81035,2.0,5.0,3.0,5.0,1.0,1.0,0.2,0.30000000000000004,10.0,7,0,7,66,45,18,124
81035,2.0,5.0,3.0,5.0,1.0,1.0,0.2,0.30000000000000004,10.0,8,0,5,58,35,8,103
81035,2.0,5.0,3.0,5.0,1.0,1.0,0.2,0.30000000000000004,10.0,9,0,5,44,28,3,80
81035,2.0,5.0,3.0,5.0,1.0,1.0,0.2,0.30000000000000004,10.0,10,0,3,36,22,2,64
81035,2.0,5.0,3.0,5.0,1.0,1.0,0.2,0.30000000000000004,10.0,11,0,2,28,15,2,46
81035,2.0,5.0,3.0,5.0,1.0,1.0,0.2,0.30000000000000004,10.0,12,0,2,19,11,0,32
81035,2.0,5.0,3.0,5.0,1.0,1.0,0.2,0.30000000000000004,10.0,13,0,0,14,9,0,23
81035,2.0,5.0,3.0,5.0,1.0,1.0,0.2,0.30000000000000004,10.0,14,0,0,8,6,0,14
81035,2.0,5.0,3.0,5.0,1.0,1.0,0.2,0.30000000000000004,10.0,15,0,0,5,5,0,10
81035,2.0,5.0,3.0,5.0,1.0,1.0,0.2,0.30000000000000004,10.0,16,40.0,0,5,4,0,9
81035,2.0,5.0,3.0,5.0,1.0,1.0,0.2,0.30000000000000004,10.0,17,20.0,0,6,4,0,10
81035,2.0,5.0,3.0,5.0,1.0,1.0,0.2,0.30000000000000004,10.0,18,0,0,6,3,0,9
81035,2.0,5.0,3.0,5.0,1.0,1.0,0.2,0.30000000000000004,10.0,19,0,0,4,2,0,6
81035,2.0,5.0,3.0,5.0,1.0,1.0,0.2,0.30000000000000004,10.0,20,0,0,3,1,0,4
81035,2.0,5.0,3.0,5.0,1.0,1.0,0.2,0.30000000000000004,10.0,21,0,0,2,1,0,3
81035,2.0,5.0,3.0,5.0,1.0,1.0,0.2,0.30000000000000004,10.0,22,0,0,1,1,0,2
81035,2.0,5.0,3.0,5.0,1.0,1.0,0.2,0.30000000000000004,10.0,23,0,0,1,0,0,1