Exp Num,agent:svo_convergence_factor,agent:params:metabolism,agent:params:consumption_factor,agent:params:procreate_cost_factor,agent:params:procreate_req_factor,agent:params:start_energy_factor,agent:params:caught_chance,agent:params:caught_cooldown_factor,agent:params:maximum_age,Epoch,Resource,A,B,C,D,E
86261,2.0,5.0,4.0,3.0,3.0,1.0,0.1,0.30000000000000004,20.0,0,3000.0,8,38,11,27,73
86261,2.0,5.0,4.0,3.0,3.0,1.0,0.1,0.30000000000000004,20.0,1,2950.0,8,38,11,27,73
86261,2.0,5.0,4.0,3.0,3.0,1.0,0.1,0.30000000000000004,20.0,2,2907.5,10,45,13,27,84
86261,2.0,5.0,4.0,3.0,3.0,1.0,0.1,0.30000000000000004,20.0,3,2754.375,15,50,19,28,101
86261,2.0,5.0,4.0,3.0,3.0,1.0,0.1,0.30000000000000004,20.0,4,2142.96875,17,57,20,27,111
86261,2.0,5.0,4.0,3.0,3.0,1.0,0.1,0.30000000000000004,20.0,5,1358.7109375,21,71,20,27,129
86261,2.0,5.0,4.0,3.0,3.0,1.0,0.1,0.30000000000000004,20.0,6,238.388671875,30,89,20,27,156
86261,2.0,5.0,4.0,3.0,3.0,1.0,0.1,0.30000000000000004,20.0,7,0,30,95,20,27,162
86261,2.0,5.0,4.0,3.0,3.0,1.0,0.1,0.30000000000000004,20.0,8,0,30,89,18,15,146
86261,2.0,5.0,4.0,3.0,3.0,1.0,0.1,0.30000000000000004,20.0,9,0,27,87,17,15,135
86261,2.0,5.0,4.0,3.0,3.0,1.0,0.1,0.30000000000000004,20.0,10,0,25,84,14,15,127
86261,2.0,5.0,4.0,3.0,3.0,1.0,0.1,0.30000000000000004,20.0,11,0,25,79,13,13,121
86261,2.0,5.0,4.0,3.0,3.0,1.0,0.1,0.30000000000000004,20.0,12,0,13,63,11,8,90
86261,2.0,5.0,4.0,3.0,3.0,1.0,0.1,0.30000000000000004,20.0,13,0,6,42,7,5,57
86261,2.0,5.0,4.0,3.0,3.0,1.0,0.1,0.30000000000000004,20.0,14,0,5,27,6,2,40
86261,2.0,5.0,4.0,3.0,3.0,1.0,0.1,0.30000000000000004,20.0,15,0,1,19,4,1,24
86261,2.0,5.0,4.0,3.0,3.0,1.0,0.1,0.30000000000000004,20.0,16,0,1,11,2,1,14
86261,2.0,5.0,4.0,3.0,3.0,1.0,0.1,0.30000000000000004,20.0,17,0,1,6,1,0,8
86261,2.0,5.0,4.0,3.0,3.0,1.0,0.1,0.30000000000000004,20.0,18,20.0,1,4,1,0,6
86261,2.0,5.0,4.0,3.0,3.0,1.0,0.1,0.30000000000000004,20.0,19,0,1,3,1,0,5
86261,2.0,5.0,4.0,3.0,3.0,1.0,0.1,0.30000000000000004,20.0,20,0,1,3,1,0,5
86261,2.0,5.0,4.0,3.0,3.0,1.0,0.1,0.30000000000000004,20.0,21,0,1,2,1,0,4
86261,2.0,5.0,4.0,3.0,3.0,1.0,0.1,0.30000000000000004,20.0,22,0,1,1,1,0,3
86261,2.0,5.0,4.0,3.0,3.0,1.0,0.1,0.30000000000000004,20.0,23,0,1,0,0,0,1