Exp Num,agent:svo_convergence_factor,agent:params:metabolism,agent:params:consumption_factor,agent:params:procreate_cost_factor,agent:params:procreate_req_factor,agent:params:start_energy_factor,agent:params:caught_chance,agent:params:caught_cooldown_factor,agent:params:maximum_age,Epoch,Resource,A,B,C,D,E
85904,2.0,5.0,4.0,3.0,2.0,1.0,0.2,0.1,50.0,0,3000.0,19,28,8,29,71
85904,2.0,5.0,4.0,3.0,2.0,1.0,0.2,0.1,50.0,1,2850.0,24,35,14,33,89
85904,2.0,5.0,4.0,3.0,2.0,1.0,0.2,0.1,50.0,2,2682.5,30,41,20,37,107
85904,2.0,5.0,4.0,3.0,2.0,1.0,0.2,0.1,50.0,3,2373.125,36,48,28,38,128
85904,2.0,5.0,4.0,3.0,2.0,1.0,0.2,0.1,50.0,4,1646.40625,38,50,33,34,137
85904,2.0,5.0,4.0,3.0,2.0,1.0,0.2,0.1,50.0,5,758.0078125,42,62,36,33,156
85904,2.0,5.0,4.0,3.0,2.0,1.0,0.2,0.1,50.0,6,0,46,70,39,34,171
85904,2.0,5.0,4.0,3.0,2.0,1.0,0.2,0.1,50.0,7,0,42,69,36,30,163
85904,2.0,5.0,4.0,3.0,2.0,1.0,0.2,0.1,50.0,8,0,41,61,33,22,141
85904,2.0,5.0,4.0,3.0,2.0,1.0,0.2,0.1,50.0,9,0,35,52,31,10,121
85904,2.0,5.0,4.0,3.0,2.0,1.0,0.2,0.1,50.0,10,0,32,42,25,4,102
85904,2.0,5.0,4.0,3.0,2.0,1.0,0.2,0.1,50.0,11,0,26,30,16,4,74
85904,2.0,5.0,4.0,3.0,2.0,1.0,0.2,0.1,50.0,12,0,17,18,12,4,47
85904,2.0,5.0,4.0,3.0,2.0,1.0,0.2,0.1,50.0,13,0,12,12,7,1,31
85904,2.0,5.0,4.0,3.0,2.0,1.0,0.2,0.1,50.0,14,0,6,6,5,1,17
85904,2.0,5.0,4.0,3.0,2.0,1.0,0.2,0.1,50.0,15,0,4,2,3,1,9
85904,2.0,5.0,4.0,3.0,2.0,1.0,0.2,0.1,50.0,16,0,2,1,2,1,5
85904,2.0,5.0,4.0,3.0,2.0,1.0,0.2,0.1,50.0,17,60.0,2,0,2,1,4
85904,2.0,5.0,4.0,3.0,2.0,1.0,0.2,0.1,50.0,18,75.0,1,0,1,1,2
85904,2.0,5.0,4.0,3.0,2.0,1.0,0.2,0.1,50.0,19,73.75,0,0,1,1,1
85904,2.0,5.0,4.0,3.0,2.0,1.0,0.2,0.1,50.0,20,92.1875,0,0,1,1,1
85904,2.0,5.0,4.0,3.0,2.0,1.0,0.2,0.1,50.0,21,115.234375,0,0,1,1,1
85904,2.0,5.0,4.0,3.0,2.0,1.0,0.2,0.1,50.0,22,124.04296875,0,0,1,1,1
85904,2.0,5.0,4.0,3.0,2.0,1.0,0.2,0.1,50.0,23,155.0537109375,0,0,0,1,0