Exp Num,agent:svo_convergence_factor,agent:params:metabolism,agent:params:consumption_factor,agent:params:procreate_cost_factor,agent:params:procreate_req_factor,agent:params:start_energy_factor,agent:params:caught_chance,agent:params:caught_cooldown_factor,agent:params:maximum_age,Epoch,Resource,A,B,C,D,E
82427,2.0,5.0,3.0,7.0,1.0,3.0,0.30000000000000004,0.1,30.0,0,3500.0,18,32,7,31,69
82427,2.0,5.0,3.0,7.0,1.0,3.0,0.30000000000000004,0.1,30.0,1,2935.0,25,50,14,45,103
82427,2.0,5.0,3.0,7.0,1.0,3.0,0.30000000000000004,0.1,30.0,2,1958.75,27,60,22,49,123
82427,2.0,5.0,3.0,7.0,1.0,3.0,0.30000000000000004,0.1,30.0,3,1428.4375,29,72,29,54,144
82427,2.0,5.0,3.0,7.0,1.0,3.0,0.30000000000000004,0.1,30.0,4,525.546875,23,74,36,50,146
82427,2.0,5.0,3.0,7.0,1.0,3.0,0.30000000000000004,0.1,30.0,5,0,23,80,43,50,158
82427,2.0,5.0,3.0,7.0,1.0,3.0,0.30000000000000004,0.1,30.0,6,0,19,80,43,49,154
82427,2.0,5.0,3.0,7.0,1.0,3.0,0.30000000000000004,0.1,30.0,7,0,15,68,41,31,130
82427,2.0,5.0,3.0,7.0,1.0,3.0,0.30000000000000004,0.1,30.0,8,0,9,61,39,20,112
82427,2.0,5.0,3.0,7.0,1.0,3.0,0.30000000000000004,0.1,30.0,9,0,8,53,35,14,97
82427,2.0,5.0,3.0,7.0,1.0,3.0,0.30000000000000004,0.1,30.0,10,0,7,42,29,11,78
82427,2.0,5.0,3.0,7.0,1.0,3.0,0.30000000000000004,0.1,30.0,11,0,4,37,26,6,67
82427,2.0,5.0,3.0,7.0,1.0,3.0,0.30000000000000004,0.1,30.0,12,0,2,30,18,3,50
82427,2.0,5.0,3.0,7.0,1.0,3.0,0.30000000000000004,0.1,30.0,13,0,1,23,15,2,39
82427,2.0,5.0,3.0,7.0,1.0,3.0,0.30000000000000004,0.1,30.0,14,0,1,16,11,1,28
82427,2.0,5.0,3.0,7.0,1.0,3.0,0.30000000000000004,0.1,30.0,15,0,1,11,7,0,19
82427,2.0,5.0,3.0,7.0,1.0,3.0,0.30000000000000004,0.1,30.0,16,0,0,11,4,0,15
82427,2.0,5.0,3.0,7.0,1.0,3.0,0.30000000000000004,0.1,30.0,17,0,0,7,4,0,11
82427,2.0,5.0,3.0,7.0,1.0,3.0,0.30000000000000004,0.1,30.0,18,0,0,7,2,0,9
82427,2.0,5.0,3.0,7.0,1.0,3.0,0.30000000000000004,0.1,30.0,19,0,0,4,2,0,6
82427,2.0,5.0,3.0,7.0,1.0,3.0,0.30000000000000004,0.1,30.0,20,0,0,2,1,0,3
82427,2.0,5.0,3.0,7.0,1.0,3.0,0.30000000000000004,0.1,30.0,21,0,0,2,0,0,2
82427,2.0,5.0,3.0,7.0,1.0,3.0,0.30000000000000004,0.1,30.0,22,0,0,2,0,0,2
82427,2.0,5.0,3.0,7.0,1.0,3.0,0.30000000000000004,0.1,30.0,23,0,0,1,0,0,1