Exp Num,agent:svo_convergence_factor,agent:params:metabolism,agent:params:consumption_factor,agent:params:procreate_cost_factor,agent:params:procreate_req_factor,agent:params:start_energy_factor,agent:params:caught_chance,agent:params:caught_cooldown_factor,agent:params:maximum_age,Epoch,Resource,A,B,C,D,E
89660,2.0,5.0,4.0,9.0,3.0,1.0,0.2,0.30000000000000004,10.0,0,3000.0,17,22,13,28,72
89660,2.0,5.0,4.0,9.0,3.0,1.0,0.2,0.30000000000000004,10.0,1,3050.0,17,22,13,28,72
89660,2.0,5.0,4.0,9.0,3.0,1.0,0.2,0.30000000000000004,10.0,2,3072.5,17,22,13,28,72
89660,2.0,5.0,4.0,9.0,3.0,1.0,0.2,0.30000000000000004,10.0,3,3360.625,17,22,13,28,72
89660,2.0,5.0,4.0,9.0,3.0,1.0,0.2,0.30000000000000004,10.0,4,3380.78125,12,20,12,25,64
89660,2.0,5.0,4.0,9.0,3.0,1.0,0.2,0.30000000000000004,10.0,5,3665.9765625,12,20,12,24,64
89660,2.0,5.0,4.0,9.0,3.0,1.0,0.2,0.30000000000000004,10.0,6,4142.470703125,12,20,12,24,64
89660,2.0,5.0,4.0,9.0,3.0,1.0,0.2,0.30000000000000004,10.0,7,4678.08837890625,12,20,12,24,64
89660,2.0,5.0,4.0,9.0,3.0,1.0,0.2,0.30000000000000004,10.0,8,4847.6104736328125,12,18,11,24,60
89660,2.0,5.0,4.0,9.0,3.0,1.0,0.2,0.30000000000000004,10.0,9,4779.513092041016,13,18,11,24,61
89660,2.0,5.0,4.0,9.0,3.0,1.0,0.2,0.30000000000000004,10.0,10,5134.3913650512695,8,10,6,11,37
89660,2.0,5.0,4.0,9.0,3.0,1.0,0.2,0.30000000000000004,10.0,11,5977.989206314087,4,6,6,7,19
89660,2.0,5.0,4.0,9.0,3.0,1.0,0.2,0.30000000000000004,10.0,12,7192.486507892609,3,3,3,4,10
89660,2.0,5.0,4.0,9.0,3.0,1.0,0.2,0.30000000000000004,10.0,13,8850.60813486576,2,2,1,3,5
89660,2.0,5.0,4.0,9.0,3.0,1.0,0.2,0.30000000000000004,10.0,14,9900.0,2,1,0,1,3
89660,2.0,5.0,4.0,9.0,3.0,1.0,0.2,0.30000000000000004,10.0,15,9980.0,1,0,0,1,1
89660,2.0,5.0,4.0,9.0,3.0,1.0,0.2,0.30000000000000004,10.0,16,9980.0,1,0,0,0,1