Exp Num,agent:svo_convergence_factor,agent:params:metabolism,agent:params:consumption_factor,agent:params:procreate_cost_factor,agent:params:procreate_req_factor,agent:params:start_energy_factor,agent:params:caught_chance,agent:params:caught_cooldown_factor,agent:params:maximum_age,Epoch,Resource,A,B,C,D,E
81287,2.0,5.0,3.0,5.0,1.0,3.0,0.2,0.30000000000000004,30.0,0,3500.0,18,43,17,42,108
81287,2.0,5.0,3.0,5.0,1.0,3.0,0.2,0.30000000000000004,30.0,1,2590.0,19,49,27,49,126
81287,2.0,5.0,3.0,5.0,1.0,3.0,0.2,0.30000000000000004,30.0,2,2262.5,21,59,38,50,151
81287,2.0,5.0,3.0,5.0,1.0,3.0,0.2,0.30000000000000004,30.0,3,1013.125,20,66,54,52,173
81287,2.0,5.0,3.0,5.0,1.0,3.0,0.2,0.30000000000000004,30.0,4,0,20,80,73,52,208
81287,2.0,5.0,3.0,5.0,1.0,3.0,0.2,0.30000000000000004,30.0,5,0,18,72,69,41,188
81287,2.0,5.0,3.0,5.0,1.0,3.0,0.2,0.30000000000000004,30.0,6,0,15,70,65,21,162
81287,2.0,5.0,3.0,5.0,1.0,3.0,0.2,0.30000000000000004,30.0,7,0,7,60,62,12,134
81287,2.0,5.0,3.0,5.0,1.0,3.0,0.2,0.30000000000000004,30.0,8,0,7,53,51,7,114
81287,2.0,5.0,3.0,5.0,1.0,3.0,0.2,0.30000000000000004,30.0,9,0,4,41,43,5,89
81287,2.0,5.0,3.0,5.0,1.0,3.0,0.2,0.30000000000000004,30.0,10,0,1,34,31,2,67
81287,2.0,5.0,3.0,5.0,1.0,3.0,0.2,0.30000000000000004,30.0,11,0,0,26,21,1,47
81287,2.0,5.0,3.0,5.0,1.0,3.0,0.2,0.30000000000000004,30.0,12,0,0,25,12,1,37
81287,2.0,5.0,3.0,5.0,1.0,3.0,0.2,0.30000000000000004,30.0,13,0,0,19,7,0,26
81287,2.0,5.0,3.0,5.0,1.0,3.0,0.2,0.30000000000000004,30.0,14,0,0,14,4,0,18
81287,2.0,5.0,3.0,5.0,1.0,3.0,0.2,0.30000000000000004,30.0,15,0,0,11,4,0,15
81287,2.0,5.0,3.0,5.0,1.0,3.0,0.2,0.30000000000000004,30.0,16,0,0,6,3,0,9
81287,2.0,5.0,3.0,5.0,1.0,3.0,0.2,0.30000000000000004,30.0,17,0,0,6,2,0,8
81287,2.0,5.0,3.0,5.0,1.0,3.0,0.2,0.30000000000000004,30.0,18,0,0,5,1,0,6
81287,2.0,5.0,3.0,5.0,1.0,3.0,0.2,0.30000000000000004,30.0,19,0,0,4,1,0,5
81287,2.0,5.0,3.0,5.0,1.0,3.0,0.2,0.30000000000000004,30.0,20,0,0,3,0,0,3
81287,2.0,5.0,3.0,5.0,1.0,3.0,0.2,0.30000000000000004,30.0,21,0,0,2,0,0,2
81287,2.0,5.0,3.0,5.0,1.0,3.0,0.2,0.30000000000000004,30.0,22,0,0,1,0,0,1