Exp Num,agent:svo_convergence_factor,agent:params:metabolism,agent:params:consumption_factor,agent:params:procreate_cost_factor,agent:params:procreate_req_factor,agent:params:start_energy_factor,agent:params:caught_chance,agent:params:caught_cooldown_factor,agent:params:maximum_age,Epoch,Resource,A,B,C,D,E
96800,2.0,10.0,2.0,3.0,1.0,1.0,0.30000000000000004,0.1,10.0,0,3000.0,16,28,9,35,65
96800,2.0,10.0,2.0,3.0,1.0,1.0,0.30000000000000004,0.1,10.0,1,2990.0,21,36,13,37,82
96800,2.0,10.0,2.0,3.0,1.0,1.0,0.30000000000000004,0.1,10.0,2,2037.5,17,35,14,36,78
96800,2.0,10.0,2.0,3.0,1.0,1.0,0.30000000000000004,0.1,10.0,3,1326.875,19,40,21,38,92
96800,2.0,10.0,2.0,3.0,1.0,1.0,0.30000000000000004,0.1,10.0,4,0,21,49,25,37,106
96800,2.0,10.0,2.0,3.0,1.0,1.0,0.30000000000000004,0.1,10.0,5,0,13,41,20,24,82
96800,2.0,10.0,2.0,3.0,1.0,1.0,0.30000000000000004,0.1,10.0,6,0,8,36,12,17,60
96800,2.0,10.0,2.0,3.0,1.0,1.0,0.30000000000000004,0.1,10.0,7,0,6,26,7,11,42
96800,2.0,10.0,2.0,3.0,1.0,1.0,0.30000000000000004,0.1,10.0,8,0,2,21,4,5,29
96800,2.0,10.0,2.0,3.0,1.0,1.0,0.30000000000000004,0.1,10.0,9,0,1,16,4,0,21
96800,2.0,10.0,2.0,3.0,1.0,1.0,0.30000000000000004,0.1,10.0,10,0,0,10,4,0,14
96800,2.0,10.0,2.0,3.0,1.0,1.0,0.30000000000000004,0.1,10.0,11,0,0,8,2,0,10
96800,2.0,10.0,2.0,3.0,1.0,1.0,0.30000000000000004,0.1,10.0,12,0,0,6,2,0,8
96800,2.0,10.0,2.0,3.0,1.0,1.0,0.30000000000000004,0.1,10.0,13,0,0,4,1,0,5
96800,2.0,10.0,2.0,3.0,1.0,1.0,0.30000000000000004,0.1,10.0,14,0,0,4,1,0,5
96800,2.0,10.0,2.0,3.0,1.0,1.0,0.30000000000000004,0.1,10.0,15,20.0,0,5,1,0,6
96800,2.0,10.0,2.0,3.0,1.0,1.0,0.30000000000000004,0.1,10.0,16,0,0,6,0,0,6
96800,2.0,10.0,2.0,3.0,1.0,1.0,0.30000000000000004,0.1,10.0,17,0,0,4,0,0,4
96800,2.0,10.0,2.0,3.0,1.0,1.0,0.30000000000000004,0.1,10.0,18,0,0,2,0,0,2
96800,2.0,10.0,2.0,3.0,1.0,1.0,0.30000000000000004,0.1,10.0,19,0,0,2,0,0,2
96800,2.0,10.0,2.0,3.0,1.0,1.0,0.30000000000000004,0.1,10.0,20,0,0,1,0,0,1