Exp Num,agent:svo_convergence_factor,agent:params:metabolism,agent:params:consumption_factor,agent:params:procreate_cost_factor,agent:params:procreate_req_factor,agent:params:start_energy_factor,agent:params:caught_chance,agent:params:caught_cooldown_factor,agent:params:maximum_age,Epoch,Resource,A,B,C,D,E
96068,2.0,10.0,2.0,1.0,2.0,1.0,0.30000000000000004,0.4,40.0,0,3000.0,19,42,20,42,108
96068,2.0,10.0,2.0,1.0,2.0,1.0,0.30000000000000004,0.4,40.0,1,1470.0,24,55,37,58,149
96068,2.0,10.0,2.0,1.0,2.0,1.0,0.30000000000000004,0.4,40.0,2,0,21,62,44,60,157
96068,2.0,10.0,2.0,1.0,2.0,1.0,0.30000000000000004,0.4,40.0,3,0,12,40,27,36,95
96068,2.0,10.0,2.0,1.0,2.0,1.0,0.30000000000000004,0.4,40.0,4,0,2,26,17,18,54
96068,2.0,10.0,2.0,1.0,2.0,1.0,0.30000000000000004,0.4,40.0,5,0,1,19,8,9,31
96068,2.0,10.0,2.0,1.0,2.0,1.0,0.30000000000000004,0.4,40.0,6,0,1,11,4,3,18
96068,2.0,10.0,2.0,1.0,2.0,1.0,0.30000000000000004,0.4,40.0,7,0,1,7,1,1,9
96068,2.0,10.0,2.0,1.0,2.0,1.0,0.30000000000000004,0.4,40.0,8,0,1,3,0,1,4
96068,2.0,10.0,2.0,1.0,2.0,1.0,0.30000000000000004,0.4,40.0,9,0,1,2,0,0,3
96068,2.0,10.0,2.0,1.0,2.0,1.0,0.30000000000000004,0.4,40.0,10,0,0,1,0,0,1