Exp Num,agent:svo_convergence_factor,agent:params:metabolism,agent:params:consumption_factor,agent:params:procreate_cost_factor,agent:params:procreate_req_factor,agent:params:start_energy_factor,agent:params:caught_chance,agent:params:caught_cooldown_factor,agent:params:maximum_age,Epoch,Resource,A,B,C,D,E
97625,2.0,10.0,2.0,3.0,3.0,2.0,0.1,0.1,10.0,0,3460.0,21,22,17,22,78
97625,2.0,10.0,2.0,3.0,3.0,2.0,0.1,0.1,10.0,1,2925.0,21,21,17,22,77
97625,2.0,10.0,2.0,3.0,3.0,2.0,0.1,0.1,10.0,2,2736.25,21,21,17,22,77
97625,2.0,10.0,2.0,3.0,3.0,2.0,0.1,0.1,10.0,3,2020.3125,21,20,17,22,76
97625,2.0,10.0,2.0,3.0,3.0,2.0,0.1,0.1,10.0,4,1665.390625,21,20,17,22,76
97625,2.0,10.0,2.0,3.0,3.0,2.0,0.1,0.1,10.0,5,621.73828125,21,20,17,22,76
97625,2.0,10.0,2.0,3.0,3.0,2.0,0.1,0.1,10.0,6,0,26,21,17,22,82
97625,2.0,10.0,2.0,3.0,3.0,2.0,0.1,0.1,10.0,7,0,25,21,13,10,67
97625,2.0,10.0,2.0,3.0,3.0,2.0,0.1,0.1,10.0,8,0,25,19,11,8,58
97625,2.0,10.0,2.0,3.0,3.0,2.0,0.1,0.1,10.0,9,0,24,14,7,3,46
97625,2.0,10.0,2.0,3.0,3.0,2.0,0.1,0.1,10.0,10,0,15,13,5,0,34
97625,2.0,10.0,2.0,3.0,3.0,2.0,0.1,0.1,10.0,11,0,12,7,3,0,22
97625,2.0,10.0,2.0,3.0,3.0,2.0,0.1,0.1,10.0,12,0,7,4,1,0,12
97625,2.0,10.0,2.0,3.0,3.0,2.0,0.1,0.1,10.0,13,0,4,2,1,0,7
97625,2.0,10.0,2.0,3.0,3.0,2.0,0.1,0.1,10.0,14,0,3,0,1,0,4
97625,2.0,10.0,2.0,3.0,3.0,2.0,0.1,0.1,10.0,15,0,2,0,0,0,2
97625,2.0,10.0,2.0,3.0,3.0,2.0,0.1,0.1,10.0,16,0,2,0,0,0,2
97625,2.0,10.0,2.0,3.0,3.0,2.0,0.1,0.1,10.0,17,80.0,2,0,0,0,2
97625,2.0,10.0,2.0,3.0,3.0,2.0,0.1,0.1,10.0,18,60.0,2,0,0,0,2
97625,2.0,10.0,2.0,3.0,3.0,2.0,0.1,0.1,10.0,19,35.0,2,0,0,0,2
97625,2.0,10.0,2.0,3.0,3.0,2.0,0.1,0.1,10.0,20,23.75,2,0,0,0,2
97625,2.0,10.0,2.0,3.0,3.0,2.0,0.1,0.1,10.0,21,0,2,0,0,0,2
97625,2.0,10.0,2.0,3.0,3.0,2.0,0.1,0.1,10.0,22,0,1,0,0,0,1