Exp Num,agent:svo_convergence_factor,agent:params:metabolism,agent:params:consumption_factor,agent:params:procreate_cost_factor,agent:params:procreate_req_factor,agent:params:start_energy_factor,agent:params:caught_chance,agent:params:caught_cooldown_factor,agent:params:maximum_age,Epoch,Resource,A,B,C,D,E
95948,2.0,10.0,2.0,1.0,1.0,3.0,0.30000000000000004,0.5,40.0,0,3540.0,27,26,24,42,108
95948,2.0,10.0,2.0,1.0,1.0,3.0,0.30000000000000004,0.5,40.0,1,3205.0,33,38,35,69,142
95948,2.0,10.0,2.0,1.0,1.0,3.0,0.30000000000000004,0.5,40.0,2,1846.25,34,52,55,95,183
95948,2.0,10.0,2.0,1.0,1.0,3.0,0.30000000000000004,0.5,40.0,3,0,34,63,75,119,218
95948,2.0,10.0,2.0,1.0,1.0,3.0,0.30000000000000004,0.5,40.0,4,0,28,60,64,87,179
95948,2.0,10.0,2.0,1.0,1.0,3.0,0.30000000000000004,0.5,40.0,5,0,17,45,54,60,131
95948,2.0,10.0,2.0,1.0,1.0,3.0,0.30000000000000004,0.5,40.0,6,0,7,37,43,38,98
95948,2.0,10.0,2.0,1.0,1.0,3.0,0.30000000000000004,0.5,40.0,7,0,6,28,36,20,78
95948,2.0,10.0,2.0,1.0,1.0,3.0,0.30000000000000004,0.5,40.0,8,0,4,17,31,14,57
95948,2.0,10.0,2.0,1.0,1.0,3.0,0.30000000000000004,0.5,40.0,9,0,3,10,23,10,39
95948,2.0,10.0,2.0,1.0,1.0,3.0,0.30000000000000004,0.5,40.0,10,0,2,8,16,7,28
95948,2.0,10.0,2.0,1.0,1.0,3.0,0.30000000000000004,0.5,40.0,11,0,2,7,13,3,23
95948,2.0,10.0,2.0,1.0,1.0,3.0,0.30000000000000004,0.5,40.0,12,0,0,4,9,3,14
95948,2.0,10.0,2.0,1.0,1.0,3.0,0.30000000000000004,0.5,40.0,13,0,0,2,3,3,6
95948,2.0,10.0,2.0,1.0,1.0,3.0,0.30000000000000004,0.5,40.0,14,0,0,2,5,3,7
95948,2.0,10.0,2.0,1.0,1.0,3.0,0.30000000000000004,0.5,40.0,15,0,0,0,4,3,4
95948,2.0,10.0,2.0,1.0,1.0,3.0,0.30000000000000004,0.5,40.0,16,0,0,0,4,2,4
95948,2.0,10.0,2.0,1.0,1.0,3.0,0.30000000000000004,0.5,40.0,17,0,0,0,2,1,2
95948,2.0,10.0,2.0,1.0,1.0,3.0,0.30000000000000004,0.5,40.0,18,0,0,0,2,0,2
95948,2.0,10.0,2.0,1.0,1.0,3.0,0.30000000000000004,0.5,40.0,19,0,0,0,1,0,1