Exp Num,agent:svo_convergence_factor,agent:params:metabolism,agent:params:consumption_factor,agent:params:procreate_cost_factor,agent:params:procreate_req_factor,agent:params:start_energy_factor,agent:params:caught_chance,agent:params:caught_cooldown_factor,agent:params:maximum_age,Epoch,Resource,A,B,C,D,E
99615,2.0,10.0,2.0,7.0,2.0,2.0,0.5,0.4,10.0,0,3760.0,20,27,10,26,74
99615,2.0,10.0,2.0,7.0,2.0,2.0,0.5,0.4,10.0,1,3440.0,17,23,8,24,65
99615,2.0,10.0,2.0,7.0,2.0,2.0,0.5,0.4,10.0,2,3420.0,16,23,8,24,64
99615,2.0,10.0,2.0,7.0,2.0,2.0,0.5,0.4,10.0,3,3295.0,14,20,7,22,57
99615,2.0,10.0,2.0,7.0,2.0,2.0,0.5,0.4,10.0,4,3418.75,14,19,7,22,56
99615,2.0,10.0,2.0,7.0,2.0,2.0,0.5,0.4,10.0,5,3293.4375,11,17,6,21,50
99615,2.0,10.0,2.0,7.0,2.0,2.0,0.5,0.4,10.0,6,3356.796875,10,15,6,21,47
99615,2.0,10.0,2.0,7.0,2.0,2.0,0.5,0.4,10.0,7,3335.99609375,8,13,6,19,42
99615,2.0,10.0,2.0,7.0,2.0,2.0,0.5,0.4,10.0,8,3129.9951171875,8,13,6,19,42
99615,2.0,10.0,2.0,7.0,2.0,2.0,0.5,0.4,10.0,9,2892.493896484375,8,12,6,19,41
99615,2.0,10.0,2.0,7.0,2.0,2.0,0.5,0.4,10.0,10,2895.6173706054688,3,6,4,15,21
99615,2.0,10.0,2.0,7.0,2.0,2.0,0.5,0.4,10.0,11,3159.521713256836,1,4,2,10,13
99615,2.0,10.0,2.0,7.0,2.0,2.0,0.5,0.4,10.0,12,3669.402141571045,1,3,2,6,7
99615,2.0,10.0,2.0,7.0,2.0,2.0,0.5,0.4,10.0,13,4446.752676963806,1,3,0,2,5
99615,2.0,10.0,2.0,7.0,2.0,2.0,0.5,0.4,10.0,14,5478.440846204758,0,1,0,1,2
99615,2.0,10.0,2.0,7.0,2.0,2.0,0.5,0.4,10.0,15,6808.051057755947,0,0,0,0,1