Exp Num,agent:svo_convergence_factor,agent:params:metabolism,agent:params:consumption_factor,agent:params:procreate_cost_factor,agent:params:procreate_req_factor,agent:params:start_energy_factor,agent:params:caught_chance,agent:params:caught_cooldown_factor,agent:params:maximum_age,Epoch,Resource,A,B,C,D,E
9150,1.0,5.0,2.0,7.0,1.0,2.0,0.2,0.1,10.0,0,4000.0,16,26,12,27,73
9150,1.0,5.0,2.0,7.0,1.0,2.0,0.2,0.1,10.0,1,4000.0,16,26,12,27,73
9150,1.0,5.0,2.0,7.0,1.0,2.0,0.2,0.1,10.0,2,4000.0,16,26,12,27,73
9150,1.0,5.0,2.0,7.0,1.0,2.0,0.2,0.1,10.0,3,4000.0,16,26,12,27,73
9150,1.0,5.0,2.0,7.0,1.0,2.0,0.2,0.1,10.0,4,4000.0,18,39,29,41,109
9150,1.0,5.0,2.0,7.0,1.0,2.0,0.2,0.1,10.0,5,3500.0,18,44,41,48,127
9150,1.0,5.0,2.0,7.0,1.0,2.0,0.2,0.1,10.0,6,2825.0,18,49,62,58,154
9150,1.0,5.0,2.0,7.0,1.0,2.0,0.2,0.1,10.0,7,2581.25,18,53,77,67,173
9150,1.0,5.0,2.0,7.0,1.0,2.0,0.2,0.1,10.0,8,1756.5625,13,53,93,72,183
9150,1.0,5.0,2.0,7.0,1.0,2.0,0.2,0.1,10.0,9,1005.703125,13,54,106,77,197
9150,1.0,5.0,2.0,7.0,1.0,2.0,0.2,0.1,10.0,10,17.12890625,7,39,110,57,166
9150,1.0,5.0,2.0,7.0,1.0,2.0,0.2,0.1,10.0,11,0,4,31,92,42,136
9150,1.0,5.0,2.0,7.0,1.0,2.0,0.2,0.1,10.0,12,0,2,20,82,31,110
9150,1.0,5.0,2.0,7.0,1.0,2.0,0.2,0.1,10.0,13,0,2,14,74,21,92
9150,1.0,5.0,2.0,7.0,1.0,2.0,0.2,0.1,10.0,14,0,2,12,73,14,88
9150,1.0,5.0,2.0,7.0,1.0,2.0,0.2,0.1,10.0,15,0,1,5,68,12,74
9150,1.0,5.0,2.0,7.0,1.0,2.0,0.2,0.1,10.0,16,0,0,4,60,7,64
9150,1.0,5.0,2.0,7.0,1.0,2.0,0.2,0.1,10.0,17,0,0,3,51,4,54
9150,1.0,5.0,2.0,7.0,1.0,2.0,0.2,0.1,10.0,18,0,0,1,44,4,45
9150,1.0,5.0,2.0,7.0,1.0,2.0,0.2,0.1,10.0,19,0,0,0,32,1,32
9150,1.0,5.0,2.0,7.0,1.0,2.0,0.2,0.1,10.0,20,0,0,0,22,1,22
9150,1.0,5.0,2.0,7.0,1.0,2.0,0.2,0.1,10.0,21,0,0,0,14,0,14
9150,1.0,5.0,2.0,7.0,1.0,2.0,0.2,0.1,10.0,22,50.0,0,0,13,0,13
9150,1.0,5.0,2.0,7.0,1.0,2.0,0.2,0.1,10.0,23,0,0,0,12,0,12
9150,1.0,5.0,2.0,7.0,1.0,2.0,0.2,0.1,10.0,24,0,0,0,8,0,8
9150,1.0,5.0,2.0,7.0,1.0,2.0,0.2,0.1,10.0,25,0,0,0,7,0,7
9150,1.0,5.0,2.0,7.0,1.0,2.0,0.2,0.1,10.0,26,0,0,0,4,0,4
9150,1.0,5.0,2.0,7.0,1.0,2.0,0.2,0.1,10.0,27,0,0,0,2,0,2
9150,1.0,5.0,2.0,7.0,1.0,2.0,0.2,0.1,10.0,28,0,0,0,1,0,1