Exp Num,agent:svo_convergence_factor,agent:params:metabolism,agent:params:consumption_factor,agent:params:procreate_cost_factor,agent:params:procreate_req_factor,agent:params:start_energy_factor,agent:params:caught_chance,agent:params:caught_cooldown_factor,agent:params:maximum_age,Epoch,Resource,A,B,C,D,E
97884,2.0,10.0,2.0,5.0,1.0,1.0,0.1,0.2,50.0,0,3000.0,11,37,11,24,76
97884,2.0,10.0,2.0,5.0,1.0,1.0,0.1,0.2,50.0,1,2830.0,11,37,11,24,76
97884,2.0,10.0,2.0,5.0,1.0,1.0,0.1,0.2,50.0,2,2177.5,10,34,8,24,69
97884,2.0,10.0,2.0,5.0,1.0,1.0,0.1,0.2,50.0,3,1921.875,13,38,8,24,75
97884,2.0,10.0,2.0,5.0,1.0,1.0,0.1,0.2,50.0,4,962.34375,14,39,7,24,75
97884,2.0,10.0,2.0,5.0,1.0,1.0,0.1,0.2,50.0,5,102.9296875,16,47,7,24,85
97884,2.0,10.0,2.0,5.0,1.0,1.0,0.1,0.2,50.0,6,0,14,37,5,14,66
97884,2.0,10.0,2.0,5.0,1.0,1.0,0.1,0.2,50.0,7,0,13,30,3,10,52
97884,2.0,10.0,2.0,5.0,1.0,1.0,0.1,0.2,50.0,8,0,11,21,3,7,39
97884,2.0,10.0,2.0,5.0,1.0,1.0,0.1,0.2,50.0,9,0,9,18,1,3,31
97884,2.0,10.0,2.0,5.0,1.0,1.0,0.1,0.2,50.0,10,0,6,14,0,1,23
97884,2.0,10.0,2.0,5.0,1.0,1.0,0.1,0.2,50.0,11,0,5,11,0,0,18
97884,2.0,10.0,2.0,5.0,1.0,1.0,0.1,0.2,50.0,12,0,4,9,0,0,13
97884,2.0,10.0,2.0,5.0,1.0,1.0,0.1,0.2,50.0,13,0,4,6,0,0,10
97884,2.0,10.0,2.0,5.0,1.0,1.0,0.1,0.2,50.0,14,0,2,4,0,0,6
97884,2.0,10.0,2.0,5.0,1.0,1.0,0.1,0.2,50.0,15,0,1,4,0,0,5
97884,2.0,10.0,2.0,5.0,1.0,1.0,0.1,0.2,50.0,16,0,0,4,0,0,4
97884,2.0,10.0,2.0,5.0,1.0,1.0,0.1,0.2,50.0,17,60.0,0,3,0,0,3
97884,2.0,10.0,2.0,5.0,1.0,1.0,0.1,0.2,50.0,18,15.0,0,3,0,0,3
97884,2.0,10.0,2.0,5.0,1.0,1.0,0.1,0.2,50.0,19,0,0,3,0,0,3
97884,2.0,10.0,2.0,5.0,1.0,1.0,0.1,0.2,50.0,20,0,0,2,0,0,2
97884,2.0,10.0,2.0,5.0,1.0,1.0,0.1,0.2,50.0,21,0,0,2,0,0,2
97884,2.0,10.0,2.0,5.0,1.0,1.0,0.1,0.2,50.0,22,0,0,2,0,0,2
97884,2.0,10.0,2.0,5.0,1.0,1.0,0.1,0.2,50.0,23,0,0,1,0,0,1