Exp Num,agent:svo_convergence_factor,agent:params:metabolism,agent:params:consumption_factor,agent:params:procreate_cost_factor,agent:params:procreate_req_factor,agent:params:start_energy_factor,agent:params:caught_chance,agent:params:caught_cooldown_factor,agent:params:maximum_age,Epoch,Resource,A,B,C,D,E
91119,2.0,10.0,1.0,1.0,3.0,3.0,0.5,0.4,50.0,0,4000.0,28,47,17,39,111
91119,2.0,10.0,1.0,1.0,3.0,3.0,0.5,0.4,50.0,1,3500.0,28,47,17,39,111
91119,2.0,10.0,1.0,1.0,3.0,3.0,0.5,0.4,50.0,2,2965.0,28,47,17,39,111
91119,2.0,10.0,1.0,1.0,3.0,3.0,0.5,0.4,50.0,3,2716.25,27,46,16,39,108
91119,2.0,10.0,1.0,1.0,3.0,3.0,0.5,0.4,50.0,4,2545.3125,25,40,15,36,99
91119,2.0,10.0,1.0,1.0,3.0,3.0,0.5,0.4,50.0,5,2311.640625,20,34,14,33,87
91119,2.0,10.0,1.0,1.0,3.0,3.0,0.5,0.4,50.0,6,2039.55078125,14,31,12,33,75
91119,2.0,10.0,1.0,1.0,3.0,3.0,0.5,0.4,50.0,7,1699.4384765625,10,28,12,33,68
91119,2.0,10.0,1.0,1.0,3.0,3.0,0.5,0.4,50.0,8,1314.298095703125,9,26,12,32,65
91119,2.0,10.0,1.0,1.0,3.0,3.0,0.5,0.4,50.0,9,802.8726196289062,6,25,12,32,61
91119,2.0,10.0,1.0,1.0,3.0,3.0,0.5,0.4,50.0,10,163.5907745361328,5,23,11,32,57
91119,2.0,10.0,1.0,1.0,3.0,3.0,0.5,0.4,50.0,11,0,3,16,5,17,38
91119,2.0,10.0,1.0,1.0,3.0,3.0,0.5,0.4,50.0,12,0,0,9,4,7,20
91119,2.0,10.0,1.0,1.0,3.0,3.0,0.5,0.4,50.0,13,0,0,4,2,4,9
91119,2.0,10.0,1.0,1.0,3.0,3.0,0.5,0.4,50.0,14,0,0,2,1,1,5
91119,2.0,10.0,1.0,1.0,3.0,3.0,0.5,0.4,50.0,15,0,0,1,0,1,2
91119,2.0,10.0,1.0,1.0,3.0,3.0,0.5,0.4,50.0,16,0,0,0,0,0,1