Exp Num,agent:svo_convergence_factor,agent:params:metabolism,agent:params:consumption_factor,agent:params:procreate_cost_factor,agent:params:procreate_req_factor,agent:params:start_energy_factor,agent:params:caught_chance,agent:params:caught_cooldown_factor,agent:params:maximum_age,Epoch,Resource,A,B,C,D,E
97527,2.0,10.0,2.0,3.0,3.0,1.0,0.2,0.1,30.0,0,3000.0,17,28,7,26,74
97527,2.0,10.0,2.0,3.0,3.0,1.0,0.2,0.1,30.0,1,3170.0,17,28,7,26,74
97527,2.0,10.0,2.0,3.0,3.0,1.0,0.2,0.1,30.0,2,2742.5,11,26,6,24,64
97527,2.0,10.0,2.0,3.0,3.0,1.0,0.2,0.1,30.0,3,2748.125,10,26,5,24,62
97527,2.0,10.0,2.0,3.0,3.0,1.0,0.2,0.1,30.0,4,2255.15625,10,23,5,22,59
97527,2.0,10.0,2.0,3.0,3.0,1.0,0.2,0.1,30.0,5,2198.9453125,10,22,5,21,58
97527,2.0,10.0,2.0,3.0,3.0,1.0,0.2,0.1,30.0,6,1928.681640625,9,21,5,19,55
97527,2.0,10.0,2.0,3.0,3.0,1.0,0.2,0.1,30.0,7,1650.85205078125,8,21,5,19,54
97527,2.0,10.0,2.0,3.0,3.0,1.0,0.2,0.1,30.0,8,1343.5650634765625,7,19,3,19,49
97527,2.0,10.0,2.0,3.0,3.0,1.0,0.2,0.1,30.0,9,1119.4563293457031,8,19,3,19,50
97527,2.0,10.0,2.0,3.0,3.0,1.0,0.2,0.1,30.0,10,759.3204116821289,8,17,3,18,48
97527,2.0,10.0,2.0,3.0,3.0,1.0,0.2,0.1,30.0,11,489.15051460266113,8,17,3,18,48
97527,2.0,10.0,2.0,3.0,3.0,1.0,0.2,0.1,30.0,12,51.438143253326416,6,17,3,17,44
97527,2.0,10.0,2.0,3.0,3.0,1.0,0.2,0.1,30.0,13,0,6,15,3,13,37
97527,2.0,10.0,2.0,3.0,3.0,1.0,0.2,0.1,30.0,14,0,6,13,3,9,28
97527,2.0,10.0,2.0,3.0,3.0,1.0,0.2,0.1,30.0,15,0,5,13,2,5,22
97527,2.0,10.0,2.0,3.0,3.0,1.0,0.2,0.1,30.0,16,0,4,10,2,1,17
97527,2.0,10.0,2.0,3.0,3.0,1.0,0.2,0.1,30.0,17,0,4,7,1,0,12
97527,2.0,10.0,2.0,3.0,3.0,1.0,0.2,0.1,30.0,18,0,3,5,1,0,9
97527,2.0,10.0,2.0,3.0,3.0,1.0,0.2,0.1,30.0,19,0,2,4,0,0,6
97527,2.0,10.0,2.0,3.0,3.0,1.0,0.2,0.1,30.0,20,0,2,2,0,0,4
97527,2.0,10.0,2.0,3.0,3.0,1.0,0.2,0.1,30.0,21,0,1,2,0,0,3
97527,2.0,10.0,2.0,3.0,3.0,1.0,0.2,0.1,30.0,22,0,1,2,0,0,3
97527,2.0,10.0,2.0,3.0,3.0,1.0,0.2,0.1,30.0,23,0,0,2,0,0,2
97527,2.0,10.0,2.0,3.0,3.0,1.0,0.2,0.1,30.0,24,60.0,0,2,0,0,2
97527,2.0,10.0,2.0,3.0,3.0,1.0,0.2,0.1,30.0,25,35.0,0,2,0,0,2
97527,2.0,10.0,2.0,3.0,3.0,1.0,0.2,0.1,30.0,26,43.75,0,2,0,0,2
97527,2.0,10.0,2.0,3.0,3.0,1.0,0.2,0.1,30.0,27,34.6875,0,2,0,0,2
97527,2.0,10.0,2.0,3.0,3.0,1.0,0.2,0.1,30.0,28,43.359375,0,1,0,0,1