Exp Num,agent:svo_convergence_factor,agent:params:metabolism,agent:params:consumption_factor,agent:params:procreate_cost_factor,agent:params:procreate_req_factor,agent:params:start_energy_factor,agent:params:caught_chance,agent:params:caught_cooldown_factor,agent:params:maximum_age,Epoch,Resource,A,B,C,D,E
90205,2.0,10.0,1.0,1.0,1.0,2.0,0.4,0.2,10.0,0,4000.0,16,42,30,52,98
90205,2.0,10.0,1.0,1.0,1.0,2.0,0.4,0.2,10.0,1,3500.0,18,62,61,68,157
90205,2.0,10.0,1.0,1.0,1.0,2.0,0.4,0.2,10.0,2,3105.0,12,53,69,55,144
90205,2.0,10.0,1.0,1.0,1.0,2.0,0.4,0.2,10.0,3,2741.25,7,42,69,46,126
90205,2.0,10.0,1.0,1.0,1.0,2.0,0.4,0.2,10.0,4,2386.5625,3,46,63,35,119
90205,2.0,10.0,1.0,1.0,1.0,2.0,0.4,0.2,10.0,5,2133.203125,3,40,59,30,105
90205,2.0,10.0,1.0,1.0,1.0,2.0,0.4,0.2,10.0,6,1956.50390625,2,35,65,26,104
90205,2.0,10.0,1.0,1.0,1.0,2.0,0.4,0.2,10.0,7,1805.6298828125,2,29,58,18,91
90205,2.0,10.0,1.0,1.0,1.0,2.0,0.4,0.2,10.0,8,1587.037353515625,2,20,49,12,72
90205,2.0,10.0,1.0,1.0,1.0,2.0,0.4,0.2,10.0,9,1353.7966918945312,1,22,53,12,76
90205,2.0,10.0,1.0,1.0,1.0,2.0,0.4,0.2,10.0,10,1162.245864868164,1,18,58,7,77
90205,2.0,10.0,1.0,1.0,1.0,2.0,0.4,0.2,10.0,11,1062.807331085205,1,9,57,5,67
90205,2.0,10.0,1.0,1.0,1.0,2.0,0.4,0.2,10.0,12,978.5091638565063,0,6,47,3,53
90205,2.0,10.0,1.0,1.0,1.0,2.0,0.4,0.2,10.0,13,813.1364548206329,0,4,50,0,54
90205,2.0,10.0,1.0,1.0,1.0,2.0,0.4,0.2,10.0,14,686.4205685257912,0,5,52,0,57
90205,2.0,10.0,1.0,1.0,1.0,2.0,0.4,0.2,10.0,15,538.025710657239,0,6,49,0,55
90205,2.0,10.0,1.0,1.0,1.0,2.0,0.4,0.2,10.0,16,412.5321383215487,0,3,39,0,42
90205,2.0,10.0,1.0,1.0,1.0,2.0,0.4,0.2,10.0,17,325.6651729019359,0,2,33,0,35
90205,2.0,10.0,1.0,1.0,1.0,2.0,0.4,0.2,10.0,18,227.08146612741984,0,3,26,0,29
90205,2.0,10.0,1.0,1.0,1.0,2.0,0.4,0.2,10.0,19,163.8518326592748,0,2,21,0,23
90205,2.0,10.0,1.0,1.0,1.0,2.0,0.4,0.2,10.0,20,94.8147908240935,0,2,16,0,18
90205,2.0,10.0,1.0,1.0,1.0,2.0,0.4,0.2,10.0,21,38.51848853011688,0,1,12,0,13
90205,2.0,10.0,1.0,1.0,1.0,2.0,0.4,0.2,10.0,22,0,0,1,12,0,13
90205,2.0,10.0,1.0,1.0,1.0,2.0,0.4,0.2,10.0,23,0,0,0,7,0,7
90205,2.0,10.0,1.0,1.0,1.0,2.0,0.4,0.2,10.0,24,0,0,0,4,0,4
90205,2.0,10.0,1.0,1.0,1.0,2.0,0.4,0.2,10.0,25,0,0,0,2,0,2
90205,2.0,10.0,1.0,1.0,1.0,2.0,0.4,0.2,10.0,26,0,0,0,1,0,1