Exp Num,agent:svo_convergence_factor,agent:params:metabolism,agent:params:consumption_factor,agent:params:procreate_cost_factor,agent:params:procreate_req_factor,agent:params:start_energy_factor,agent:params:caught_chance,agent:params:caught_cooldown_factor,agent:params:maximum_age,Epoch,Resource,A,B,C,D,E
96816,2.0,10.0,2.0,3.0,1.0,1.0,0.30000000000000004,0.4,20.0,0,3000.0,15,27,18,21,79
96816,2.0,10.0,2.0,3.0,1.0,1.0,0.30000000000000004,0.4,20.0,1,2890.0,20,36,23,23,98
96816,2.0,10.0,2.0,3.0,1.0,1.0,0.30000000000000004,0.4,20.0,2,1832.5,19,39,22,21,99
96816,2.0,10.0,2.0,3.0,1.0,1.0,0.30000000000000004,0.4,20.0,3,850.625,23,47,25,24,114
96816,2.0,10.0,2.0,3.0,1.0,1.0,0.30000000000000004,0.4,20.0,4,0,27,46,28,23,113
96816,2.0,10.0,2.0,3.0,1.0,1.0,0.30000000000000004,0.4,20.0,5,0,20,31,22,17,82
96816,2.0,10.0,2.0,3.0,1.0,1.0,0.30000000000000004,0.4,20.0,6,0,15,26,13,10,60
96816,2.0,10.0,2.0,3.0,1.0,1.0,0.30000000000000004,0.4,20.0,7,0,15,18,9,5,44
96816,2.0,10.0,2.0,3.0,1.0,1.0,0.30000000000000004,0.4,20.0,8,0,8,12,7,2,28
96816,2.0,10.0,2.0,3.0,1.0,1.0,0.30000000000000004,0.4,20.0,9,0,5,10,5,2,21
96816,2.0,10.0,2.0,3.0,1.0,1.0,0.30000000000000004,0.4,20.0,10,0,2,5,4,2,12
96816,2.0,10.0,2.0,3.0,1.0,1.0,0.30000000000000004,0.4,20.0,11,0,2,2,1,2,6
96816,2.0,10.0,2.0,3.0,1.0,1.0,0.30000000000000004,0.4,20.0,12,0,1,1,0,1,3
96816,2.0,10.0,2.0,3.0,1.0,1.0,0.30000000000000004,0.4,20.0,13,0,1,1,1,1,3
96816,2.0,10.0,2.0,3.0,1.0,1.0,0.30000000000000004,0.4,20.0,14,0,0,1,2,1,3
96816,2.0,10.0,2.0,3.0,1.0,1.0,0.30000000000000004,0.4,20.0,15,40.0,0,1,3,1,4
96816,2.0,10.0,2.0,3.0,1.0,1.0,0.30000000000000004,0.4,20.0,16,30.0,0,0,4,1,4
96816,2.0,10.0,2.0,3.0,1.0,1.0,0.30000000000000004,0.4,20.0,17,0,0,0,3,1,3
96816,2.0,10.0,2.0,3.0,1.0,1.0,0.30000000000000004,0.4,20.0,18,0,0,0,2,1,2
96816,2.0,10.0,2.0,3.0,1.0,1.0,0.30000000000000004,0.4,20.0,19,0,0,0,1,1,1
96816,2.0,10.0,2.0,3.0,1.0,1.0,0.30000000000000004,0.4,20.0,20,0,0,0,1,0,1