Exp Num,agent:svo_convergence_factor,agent:params:metabolism,agent:params:consumption_factor,agent:params:procreate_cost_factor,agent:params:procreate_req_factor,agent:params:start_energy_factor,agent:params:caught_chance,agent:params:caught_cooldown_factor,agent:params:maximum_age,Epoch,Resource,A,B,C,D,E
97173,2.0,10.0,2.0,3.0,2.0,1.0,0.2,0.5,40.0,0,3000.0,17,30,10,23,77
97173,2.0,10.0,2.0,3.0,2.0,1.0,0.2,0.5,40.0,1,2770.0,17,30,10,23,77
97173,2.0,10.0,2.0,3.0,2.0,1.0,0.2,0.5,40.0,2,2262.5,14,29,7,22,70
97173,2.0,10.0,2.0,3.0,2.0,1.0,0.2,0.5,40.0,3,2108.125,14,29,7,22,70
97173,2.0,10.0,2.0,3.0,2.0,1.0,0.2,0.5,40.0,4,1735.15625,12,28,6,20,65
97173,2.0,10.0,2.0,3.0,2.0,1.0,0.2,0.5,40.0,5,1588.9453125,14,26,6,19,65
97173,2.0,10.0,2.0,3.0,2.0,1.0,0.2,0.5,40.0,6,1086.181640625,10,24,6,19,59
97173,2.0,10.0,2.0,3.0,2.0,1.0,0.2,0.5,40.0,7,717.72705078125,11,22,6,19,58
97173,2.0,10.0,2.0,3.0,2.0,1.0,0.2,0.5,40.0,8,297.1588134765625,11,18,5,17,53
97173,2.0,10.0,2.0,3.0,2.0,1.0,0.2,0.5,40.0,9,11.448516845703125,11,17,5,17,52
97173,2.0,10.0,2.0,3.0,2.0,1.0,0.2,0.5,40.0,10,0,11,16,4,10,39
97173,2.0,10.0,2.0,3.0,2.0,1.0,0.2,0.5,40.0,11,0,10,13,2,6,28
97173,2.0,10.0,2.0,3.0,2.0,1.0,0.2,0.5,40.0,12,0,9,10,1,2,22
97173,2.0,10.0,2.0,3.0,2.0,1.0,0.2,0.5,40.0,13,0,8,5,1,0,15
97173,2.0,10.0,2.0,3.0,2.0,1.0,0.2,0.5,40.0,14,0,6,4,1,0,12
97173,2.0,10.0,2.0,3.0,2.0,1.0,0.2,0.5,40.0,15,0,3,3,1,0,7
97173,2.0,10.0,2.0,3.0,2.0,1.0,0.2,0.5,40.0,16,0,1,2,1,0,4
97173,2.0,10.0,2.0,3.0,2.0,1.0,0.2,0.5,40.0,17,0,1,1,0,0,2
97173,2.0,10.0,2.0,3.0,2.0,1.0,0.2,0.5,40.0,18,0,1,0,0,0,1