Exp Num,agent:svo_convergence_factor,agent:params:metabolism,agent:params:consumption_factor,agent:params:procreate_cost_factor,agent:params:procreate_req_factor,agent:params:start_energy_factor,agent:params:caught_chance,agent:params:caught_cooldown_factor,agent:params:maximum_age,Epoch,Resource,A,B,C,D,E
99126,2.0,10.0,2.0,7.0,1.0,2.0,0.1,0.1,20.0,0,3620.0,12,20,17,34,66
99126,2.0,10.0,2.0,7.0,1.0,2.0,0.1,0.1,20.0,1,3185.0,12,19,16,32,64
99126,2.0,10.0,2.0,7.0,1.0,2.0,0.1,0.1,20.0,2,3281.25,12,19,16,32,64
99126,2.0,10.0,2.0,7.0,1.0,2.0,0.1,0.1,20.0,3,2981.5625,10,19,16,30,62
99126,2.0,10.0,2.0,7.0,1.0,2.0,0.1,0.1,20.0,4,3126.953125,13,18,17,30,64
99126,2.0,10.0,2.0,7.0,1.0,2.0,0.1,0.1,20.0,5,2508.69140625,13,19,16,30,64
99126,2.0,10.0,2.0,7.0,1.0,2.0,0.1,0.1,20.0,6,2175.8642578125,14,22,16,30,68
99126,2.0,10.0,2.0,7.0,1.0,2.0,0.1,0.1,20.0,7,1379.830322265625,15,25,16,30,72
99126,2.0,10.0,2.0,7.0,1.0,2.0,0.1,0.1,20.0,8,784.7879028320312,16,29,16,30,77
99126,2.0,10.0,2.0,7.0,1.0,2.0,0.1,0.1,20.0,9,0,17,29,13,27,72
99126,2.0,10.0,2.0,7.0,1.0,2.0,0.1,0.1,20.0,10,0,16,24,11,22,62
99126,2.0,10.0,2.0,7.0,1.0,2.0,0.1,0.1,20.0,11,0,14,20,9,9,49
99126,2.0,10.0,2.0,7.0,1.0,2.0,0.1,0.1,20.0,12,0,11,20,8,5,41
99126,2.0,10.0,2.0,7.0,1.0,2.0,0.1,0.1,20.0,13,0,9,18,4,2,32
99126,2.0,10.0,2.0,7.0,1.0,2.0,0.1,0.1,20.0,14,0,7,18,2,2,27
99126,2.0,10.0,2.0,7.0,1.0,2.0,0.1,0.1,20.0,15,0,5,13,2,0,20
99126,2.0,10.0,2.0,7.0,1.0,2.0,0.1,0.1,20.0,16,0,1,12,1,0,14
99126,2.0,10.0,2.0,7.0,1.0,2.0,0.1,0.1,20.0,17,0,1,10,0,0,11
99126,2.0,10.0,2.0,7.0,1.0,2.0,0.1,0.1,20.0,18,0,0,8,0,0,8
99126,2.0,10.0,2.0,7.0,1.0,2.0,0.1,0.1,20.0,19,0,0,6,0,0,6
99126,2.0,10.0,2.0,7.0,1.0,2.0,0.1,0.1,20.0,20,0.0,0,6,0,0,6
99126,2.0,10.0,2.0,7.0,1.0,2.0,0.1,0.1,20.0,21,0,0,5,0,0,5
99126,2.0,10.0,2.0,7.0,1.0,2.0,0.1,0.1,20.0,22,0,0,3,0,0,3
99126,2.0,10.0,2.0,7.0,1.0,2.0,0.1,0.1,20.0,23,0,0,2,0,0,2
99126,2.0,10.0,2.0,7.0,1.0,2.0,0.1,0.1,20.0,24,0,0,1,0,0,1