Exp Num,agent:svo_convergence_factor,agent:params:metabolism,agent:params:consumption_factor,agent:params:procreate_cost_factor,agent:params:procreate_req_factor,agent:params:start_energy_factor,agent:params:caught_chance,agent:params:caught_cooldown_factor,agent:params:maximum_age,Epoch,Resource,A,B,C,D,E
96263,2.0,10.0,2.0,1.0,2.0,3.0,0.1,0.30000000000000004,40.0,0,3520.0,23,38,19,44,106
96263,2.0,10.0,2.0,1.0,2.0,3.0,0.1,0.30000000000000004,40.0,1,2580.0,29,52,41,57,153
96263,2.0,10.0,2.0,1.0,2.0,3.0,0.1,0.30000000000000004,40.0,2,285.0,32,74,72,73,217
96263,2.0,10.0,2.0,1.0,2.0,3.0,0.1,0.30000000000000004,40.0,3,0,30,63,62,52,173
96263,2.0,10.0,2.0,1.0,2.0,3.0,0.1,0.30000000000000004,40.0,4,0,21,35,40,33,102
96263,2.0,10.0,2.0,1.0,2.0,3.0,0.1,0.30000000000000004,40.0,5,0,14,16,19,19,53
96263,2.0,10.0,2.0,1.0,2.0,3.0,0.1,0.30000000000000004,40.0,6,0,9,9,10,8,31
96263,2.0,10.0,2.0,1.0,2.0,3.0,0.1,0.30000000000000004,40.0,7,0,6,6,4,3,18
96263,2.0,10.0,2.0,1.0,2.0,3.0,0.1,0.30000000000000004,40.0,8,0,4,2,3,1,11
96263,2.0,10.0,2.0,1.0,2.0,3.0,0.1,0.30000000000000004,40.0,9,0,3,1,2,0,7
96263,2.0,10.0,2.0,1.0,2.0,3.0,0.1,0.30000000000000004,40.0,10,0,3,0,0,0,3
96263,2.0,10.0,2.0,1.0,2.0,3.0,0.1,0.30000000000000004,40.0,11,0,1,0,0,0,1