Exp Num,agent:svo_convergence_factor,agent:params:metabolism,agent:params:consumption_factor,agent:params:procreate_cost_factor,agent:params:procreate_req_factor,agent:params:start_energy_factor,agent:params:caught_chance,agent:params:caught_cooldown_factor,agent:params:maximum_age,Epoch,Resource,A,B,C,D,E
90538,2.0,10.0,1.0,1.0,2.0,2.0,0.2,0.30000000000000004,40.0,0,4000.0,33,35,22,35,115
90538,2.0,10.0,1.0,1.0,2.0,2.0,0.2,0.30000000000000004,40.0,1,3500.0,34,44,29,40,135
90538,2.0,10.0,1.0,1.0,2.0,2.0,0.2,0.30000000000000004,40.0,2,2685.0,34,48,32,42,142
90538,2.0,10.0,1.0,1.0,2.0,2.0,0.2,0.30000000000000004,40.0,3,1596.25,34,49,32,42,143
90538,2.0,10.0,1.0,1.0,2.0,2.0,0.2,0.30000000000000004,40.0,4,165.3125,34,49,32,42,143
90538,2.0,10.0,1.0,1.0,2.0,2.0,0.2,0.30000000000000004,40.0,5,0,16,29,17,21,81
90538,2.0,10.0,1.0,1.0,2.0,2.0,0.2,0.30000000000000004,40.0,6,0,8,9,11,11,40
90538,2.0,10.0,1.0,1.0,2.0,2.0,0.2,0.30000000000000004,40.0,7,0,5,5,4,6,19
90538,2.0,10.0,1.0,1.0,2.0,2.0,0.2,0.30000000000000004,40.0,8,0,2,3,2,3,9
90538,2.0,10.0,1.0,1.0,2.0,2.0,0.2,0.30000000000000004,40.0,9,0,1,2,2,0,6
90538,2.0,10.0,1.0,1.0,2.0,2.0,0.2,0.30000000000000004,40.0,10,0,1,1,1,0,3
90538,2.0,10.0,1.0,1.0,2.0,2.0,0.2,0.30000000000000004,40.0,11,0,0,1,0,0,1