Exp Num,agent:svo_convergence_factor,agent:params:metabolism,agent:params:consumption_factor,agent:params:procreate_cost_factor,agent:params:procreate_req_factor,agent:params:start_energy_factor,agent:params:caught_chance,agent:params:caught_cooldown_factor,agent:params:maximum_age,Epoch,Resource,A,B,C,D,E
99397,2.0,10.0,2.0,7.0,2.0,1.0,0.1,0.5,30.0,0,3000.0,13,23,10,32,68
99397,2.0,10.0,2.0,7.0,2.0,1.0,0.1,0.5,30.0,1,3050.0,13,23,10,32,68
99397,2.0,10.0,2.0,7.0,2.0,1.0,0.1,0.5,30.0,2,2312.5,13,20,10,31,65
99397,2.0,10.0,2.0,7.0,2.0,1.0,0.1,0.5,30.0,3,1930.625,12,20,9,31,63
99397,2.0,10.0,2.0,7.0,2.0,1.0,0.1,0.5,30.0,4,1133.28125,12,20,9,31,62
99397,2.0,10.0,2.0,7.0,2.0,1.0,0.1,0.5,30.0,5,716.6015625,12,20,9,31,62
99397,2.0,10.0,2.0,7.0,2.0,1.0,0.1,0.5,30.0,6,0,10,19,9,26,56
99397,2.0,10.0,2.0,7.0,2.0,1.0,0.1,0.5,30.0,7,0,9,18,9,23,50
99397,2.0,10.0,2.0,7.0,2.0,1.0,0.1,0.5,30.0,8,0,9,15,7,13,36
99397,2.0,10.0,2.0,7.0,2.0,1.0,0.1,0.5,30.0,9,0,9,12,4,5,28
99397,2.0,10.0,2.0,7.0,2.0,1.0,0.1,0.5,30.0,10,0,7,10,3,2,22
99397,2.0,10.0,2.0,7.0,2.0,1.0,0.1,0.5,30.0,11,0,7,9,2,1,19
99397,2.0,10.0,2.0,7.0,2.0,1.0,0.1,0.5,30.0,12,0,5,8,0,0,13
99397,2.0,10.0,2.0,7.0,2.0,1.0,0.1,0.5,30.0,13,0,5,5,0,0,10
99397,2.0,10.0,2.0,7.0,2.0,1.0,0.1,0.5,30.0,14,0,3,3,0,0,6
99397,2.0,10.0,2.0,7.0,2.0,1.0,0.1,0.5,30.0,15,0,2,2,0,0,4
99397,2.0,10.0,2.0,7.0,2.0,1.0,0.1,0.5,30.0,16,0,2,1,0,0,3
99397,2.0,10.0,2.0,7.0,2.0,1.0,0.1,0.5,30.0,17,80.0,2,0,0,0,2
99397,2.0,10.0,2.0,7.0,2.0,1.0,0.1,0.5,30.0,18,80.0,2,0,0,0,2
99397,2.0,10.0,2.0,7.0,2.0,1.0,0.1,0.5,30.0,19,80.0,2,0,0,0,2
99397,2.0,10.0,2.0,7.0,2.0,1.0,0.1,0.5,30.0,20,100.0,1,0,0,0,1