Exp Num,agent:svo_convergence_factor,agent:params:metabolism,agent:params:consumption_factor,agent:params:procreate_cost_factor,agent:params:procreate_req_factor,agent:params:start_energy_factor,agent:params:caught_chance,agent:params:caught_cooldown_factor,agent:params:maximum_age,Epoch,Resource,A,B,C,D,E
96681,2.0,10.0,2.0,1.0,3.0,3.0,0.30000000000000004,0.2,20.0,0,3760.0,18,41,15,32,99
96681,2.0,10.0,2.0,1.0,3.0,3.0,0.30000000000000004,0.2,20.0,1,3820.0,23,49,20,36,117
96681,2.0,10.0,2.0,1.0,3.0,3.0,0.30000000000000004,0.2,20.0,2,3495.0,28,50,21,36,123
96681,2.0,10.0,2.0,1.0,3.0,3.0,0.30000000000000004,0.2,20.0,3,2828.75,30,50,23,35,127
96681,2.0,10.0,2.0,1.0,3.0,3.0,0.30000000000000004,0.2,20.0,4,2315.9375,30,50,22,34,125
96681,2.0,10.0,2.0,1.0,3.0,3.0,0.30000000000000004,0.2,20.0,5,1494.921875,25,52,23,32,123
96681,2.0,10.0,2.0,1.0,3.0,3.0,0.30000000000000004,0.2,20.0,6,268.65234375,27,58,21,32,131
96681,2.0,10.0,2.0,1.0,3.0,3.0,0.30000000000000004,0.2,20.0,7,0,24,48,13,24,105
96681,2.0,10.0,2.0,1.0,3.0,3.0,0.30000000000000004,0.2,20.0,8,0,18,24,9,13,63
96681,2.0,10.0,2.0,1.0,3.0,3.0,0.30000000000000004,0.2,20.0,9,0,13,14,6,6,40
96681,2.0,10.0,2.0,1.0,3.0,3.0,0.30000000000000004,0.2,20.0,10,0,8,11,4,2,25
96681,2.0,10.0,2.0,1.0,3.0,3.0,0.30000000000000004,0.2,20.0,11,0,5,6,2,0,14
96681,2.0,10.0,2.0,1.0,3.0,3.0,0.30000000000000004,0.2,20.0,12,0,3,2,1,0,7
96681,2.0,10.0,2.0,1.0,3.0,3.0,0.30000000000000004,0.2,20.0,13,0,2,0,0,0,3
96681,2.0,10.0,2.0,1.0,3.0,3.0,0.30000000000000004,0.2,20.0,14,0,1,0,0,0,1