Exp Num,agent:svo_convergence_factor,agent:params:metabolism,agent:params:consumption_factor,agent:params:procreate_cost_factor,agent:params:procreate_req_factor,agent:params:start_energy_factor,agent:params:caught_chance,agent:params:caught_cooldown_factor,agent:params:maximum_age,Epoch,Resource,A,B,C,D,E
97082,2.0,10.0,2.0,3.0,1.0,3.0,0.4,0.2,30.0,0,3820.0,16,32,18,45,84
97082,2.0,10.0,2.0,3.0,1.0,3.0,0.4,0.2,30.0,1,3355.0,18,37,22,50,95
97082,2.0,10.0,2.0,3.0,1.0,3.0,0.4,0.2,30.0,2,3273.75,17,42,26,49,103
97082,2.0,10.0,2.0,3.0,1.0,3.0,0.4,0.2,30.0,3,2692.1875,13,35,32,46,97
97082,2.0,10.0,2.0,3.0,1.0,3.0,0.4,0.2,30.0,4,2085.234375,11,41,36,48,104
97082,2.0,10.0,2.0,3.0,1.0,3.0,0.4,0.2,30.0,5,986.54296875,9,45,42,46,112
97082,2.0,10.0,2.0,3.0,1.0,3.0,0.4,0.2,30.0,6,0,8,51,42,40,115
97082,2.0,10.0,2.0,3.0,1.0,3.0,0.4,0.2,30.0,7,0,5,40,33,26,88
97082,2.0,10.0,2.0,3.0,1.0,3.0,0.4,0.2,30.0,8,0,3,33,25,13,65
97082,2.0,10.0,2.0,3.0,1.0,3.0,0.4,0.2,30.0,9,0,2,23,18,4,45
97082,2.0,10.0,2.0,3.0,1.0,3.0,0.4,0.2,30.0,10,0,1,17,10,3,29
97082,2.0,10.0,2.0,3.0,1.0,3.0,0.4,0.2,30.0,11,0,0,13,9,2,22
97082,2.0,10.0,2.0,3.0,1.0,3.0,0.4,0.2,30.0,12,0,0,7,7,0,14
97082,2.0,10.0,2.0,3.0,1.0,3.0,0.4,0.2,30.0,13,0,0,6,5,0,11
97082,2.0,10.0,2.0,3.0,1.0,3.0,0.4,0.2,30.0,14,0,0,5,3,0,8
97082,2.0,10.0,2.0,3.0,1.0,3.0,0.4,0.2,30.0,15,0,0,4,2,0,6
97082,2.0,10.0,2.0,3.0,1.0,3.0,0.4,0.2,30.0,16,0,0,2,1,0,3
97082,2.0,10.0,2.0,3.0,1.0,3.0,0.4,0.2,30.0,17,80.0,0,1,1,0,2
97082,2.0,10.0,2.0,3.0,1.0,3.0,0.4,0.2,30.0,18,80.0,0,1,1,0,2
97082,2.0,10.0,2.0,3.0,1.0,3.0,0.4,0.2,30.0,19,100.0,0,1,1,0,2
97082,2.0,10.0,2.0,3.0,1.0,3.0,0.4,0.2,30.0,20,105.0,0,1,1,0,2
97082,2.0,10.0,2.0,3.0,1.0,3.0,0.4,0.2,30.0,21,111.25,0,1,1,0,2
97082,2.0,10.0,2.0,3.0,1.0,3.0,0.4,0.2,30.0,22,139.0625,0,0,1,0,1