Exp Num,agent:svo_convergence_factor,agent:params:metabolism,agent:params:consumption_factor,agent:params:procreate_cost_factor,agent:params:procreate_req_factor,agent:params:start_energy_factor,agent:params:caught_chance,agent:params:caught_cooldown_factor,agent:params:maximum_age,Epoch,Resource,A,B,C,D,E
90312,2.0,10.0,1.0,1.0,1.0,3.0,0.30000000000000004,0.30000000000000004,30.0,0,4000.0,28,41,25,29,121
90312,2.0,10.0,1.0,1.0,1.0,3.0,0.30000000000000004,0.30000000000000004,30.0,1,3500.0,38,64,42,47,178
90312,2.0,10.0,1.0,1.0,1.0,3.0,0.30000000000000004,0.30000000000000004,30.0,2,2545.0,50,93,84,68,269
90312,2.0,10.0,1.0,1.0,1.0,3.0,0.30000000000000004,0.30000000000000004,30.0,3,1561.25,39,72,74,49,211
90312,2.0,10.0,1.0,1.0,1.0,3.0,0.30000000000000004,0.30000000000000004,30.0,4,661.5625,21,77,59,34,174
90312,2.0,10.0,1.0,1.0,1.0,3.0,0.30000000000000004,0.30000000000000004,30.0,5,0,16,78,52,21,155
90312,2.0,10.0,1.0,1.0,1.0,3.0,0.30000000000000004,0.30000000000000004,30.0,6,0,6,61,38,15,107
90312,2.0,10.0,1.0,1.0,1.0,3.0,0.30000000000000004,0.30000000000000004,30.0,7,0,3,40,28,11,74
90312,2.0,10.0,1.0,1.0,1.0,3.0,0.30000000000000004,0.30000000000000004,30.0,8,0,1,31,20,6,55
90312,2.0,10.0,1.0,1.0,1.0,3.0,0.30000000000000004,0.30000000000000004,30.0,9,0,0,21,18,2,40
90312,2.0,10.0,1.0,1.0,1.0,3.0,0.30000000000000004,0.30000000000000004,30.0,10,0,0,11,12,0,23
90312,2.0,10.0,1.0,1.0,1.0,3.0,0.30000000000000004,0.30000000000000004,30.0,11,0,0,6,10,0,16
90312,2.0,10.0,1.0,1.0,1.0,3.0,0.30000000000000004,0.30000000000000004,30.0,12,0,0,5,7,0,12
90312,2.0,10.0,1.0,1.0,1.0,3.0,0.30000000000000004,0.30000000000000004,30.0,13,0,0,3,5,0,8
90312,2.0,10.0,1.0,1.0,1.0,3.0,0.30000000000000004,0.30000000000000004,30.0,14,0,0,2,2,0,4
90312,2.0,10.0,1.0,1.0,1.0,3.0,0.30000000000000004,0.30000000000000004,30.0,15,0,0,1,1,0,2
90312,2.0,10.0,1.0,1.0,1.0,3.0,0.30000000000000004,0.30000000000000004,30.0,16,90.0,0,0,1,0,1