Exp Num,agent:svo_convergence_factor,agent:params:metabolism,agent:params:consumption_factor,agent:params:procreate_cost_factor,agent:params:procreate_req_factor,agent:params:start_energy_factor,agent:params:caught_chance,agent:params:caught_cooldown_factor,agent:params:maximum_age,Epoch,Resource,A,B,C,D,E
98218,2.0,10.0,2.0,5.0,1.0,3.0,0.4,0.4,40.0,0,3700.0,19,20,14,24,76
98218,2.0,10.0,2.0,5.0,1.0,3.0,0.4,0.4,40.0,1,3705.0,23,25,18,29,90
98218,2.0,10.0,2.0,5.0,1.0,3.0,0.4,0.4,40.0,2,3271.25,24,23,16,31,87
98218,2.0,10.0,2.0,5.0,1.0,3.0,0.4,0.4,40.0,3,2869.0625,27,25,19,35,95
98218,2.0,10.0,2.0,5.0,1.0,3.0,0.4,0.4,40.0,4,2586.328125,25,23,23,33,95
98218,2.0,10.0,2.0,5.0,1.0,3.0,0.4,0.4,40.0,5,2292.91015625,21,23,25,32,93
98218,2.0,10.0,2.0,5.0,1.0,3.0,0.4,0.4,40.0,6,1806.1376953125,21,23,24,32,92
98218,2.0,10.0,2.0,5.0,1.0,3.0,0.4,0.4,40.0,7,1277.672119140625,17,22,23,30,86
98218,2.0,10.0,2.0,5.0,1.0,3.0,0.4,0.4,40.0,8,557.0901489257812,16,22,23,30,84
98218,2.0,10.0,2.0,5.0,1.0,3.0,0.4,0.4,40.0,9,0,14,22,22,27,80
98218,2.0,10.0,2.0,5.0,1.0,3.0,0.4,0.4,40.0,10,0,11,19,21,17,66
98218,2.0,10.0,2.0,5.0,1.0,3.0,0.4,0.4,40.0,11,0,6,18,16,8,47
98218,2.0,10.0,2.0,5.0,1.0,3.0,0.4,0.4,40.0,12,0,4,11,15,3,34
98218,2.0,10.0,2.0,5.0,1.0,3.0,0.4,0.4,40.0,13,0,3,9,8,1,22
98218,2.0,10.0,2.0,5.0,1.0,3.0,0.4,0.4,40.0,14,0,2,6,6,1,15
98218,2.0,10.0,2.0,5.0,1.0,3.0,0.4,0.4,40.0,15,0,2,3,5,0,10
98218,2.0,10.0,2.0,5.0,1.0,3.0,0.4,0.4,40.0,16,0,1,1,4,0,6
98218,2.0,10.0,2.0,5.0,1.0,3.0,0.4,0.4,40.0,17,0,0,1,5,0,6
98218,2.0,10.0,2.0,5.0,1.0,3.0,0.4,0.4,40.0,18,0,0,1,4,0,5
98218,2.0,10.0,2.0,5.0,1.0,3.0,0.4,0.4,40.0,19,0,0,1,2,0,3
98218,2.0,10.0,2.0,5.0,1.0,3.0,0.4,0.4,40.0,20,100,0,1,2,0,3
98218,2.0,10.0,2.0,5.0,1.0,3.0,0.4,0.4,40.0,21,105.0,0,1,2,0,3
98218,2.0,10.0,2.0,5.0,1.0,3.0,0.4,0.4,40.0,22,131.25,0,1,2,0,3
98218,2.0,10.0,2.0,5.0,1.0,3.0,0.4,0.4,40.0,23,144.0625,0,0,2,0,2
98218,2.0,10.0,2.0,5.0,1.0,3.0,0.4,0.4,40.0,24,160.078125,0,0,2,0,2
98218,2.0,10.0,2.0,5.0,1.0,3.0,0.4,0.4,40.0,25,180.09765625,0,0,1,0,1