Exp Num,agent:svo_convergence_factor,agent:params:metabolism,agent:params:consumption_factor,agent:params:procreate_cost_factor,agent:params:procreate_req_factor,agent:params:start_energy_factor,agent:params:caught_chance,agent:params:caught_cooldown_factor,agent:params:maximum_age,Epoch,Resource,A,B,C,D,E
99955,2.0,10.0,2.0,7.0,3.0,2.0,0.4,0.2,10.0,0,3740.0,15,29,14,32,68
99955,2.0,10.0,2.0,7.0,3.0,2.0,0.4,0.2,10.0,1,3295.0,13,26,13,32,60
99955,2.0,10.0,2.0,7.0,3.0,2.0,0.4,0.2,10.0,2,3298.75,12,26,13,31,59
99955,2.0,10.0,2.0,7.0,3.0,2.0,0.4,0.2,10.0,3,3203.4375,11,22,11,31,52
99955,2.0,10.0,2.0,7.0,3.0,2.0,0.4,0.2,10.0,4,3464.296875,11,22,11,30,52
99955,2.0,10.0,2.0,7.0,3.0,2.0,0.4,0.2,10.0,5,3390.37109375,11,21,11,28,51
99955,2.0,10.0,2.0,7.0,3.0,2.0,0.4,0.2,10.0,6,3637.9638671875,11,20,11,26,50
99955,2.0,10.0,2.0,7.0,3.0,2.0,0.4,0.2,10.0,7,3607.454833984375,10,19,10,23,47
99955,2.0,10.0,2.0,7.0,3.0,2.0,0.4,0.2,10.0,8,3569.3185424804688,10,17,10,22,45
99955,2.0,10.0,2.0,7.0,3.0,2.0,0.4,0.2,10.0,9,3461.648178100586,7,15,9,21,39
99955,2.0,10.0,2.0,7.0,3.0,2.0,0.4,0.2,10.0,10,3647.0602226257324,4,7,6,12,23
99955,2.0,10.0,2.0,7.0,3.0,2.0,0.4,0.2,10.0,11,4118.8252782821655,2,5,3,7,15
99955,2.0,10.0,2.0,7.0,3.0,2.0,0.4,0.2,10.0,12,4888.531597852707,2,4,2,1,11
99955,2.0,10.0,2.0,7.0,3.0,2.0,0.4,0.2,10.0,13,5950.664497315884,0,4,1,0,7
99955,2.0,10.0,2.0,7.0,3.0,2.0,0.4,0.2,10.0,14,7358.330621644855,0,1,1,0,4
99955,2.0,10.0,2.0,7.0,3.0,2.0,0.4,0.2,10.0,15,9157.913277056068,0,0,0,0,2
99955,2.0,10.0,2.0,7.0,3.0,2.0,0.4,0.2,10.0,16,9980.0,0,0,0,0,1