Exp Num,agent:svo_convergence_factor,agent:params:metabolism,agent:params:consumption_factor,agent:params:procreate_cost_factor,agent:params:procreate_req_factor,agent:params:start_energy_factor,agent:params:caught_chance,agent:params:caught_cooldown_factor,agent:params:maximum_age,Epoch,Resource,A,B,C,D,E
99791,2.0,10.0,2.0,7.0,3.0,1.0,0.2,0.4,20.0,0,3000.0,14,26,11,29,71
99791,2.0,10.0,2.0,7.0,3.0,1.0,0.2,0.4,20.0,1,2890.0,14,26,11,29,71
99791,2.0,10.0,2.0,7.0,3.0,1.0,0.2,0.4,20.0,2,2292.5,13,24,10,24,67
99791,2.0,10.0,2.0,7.0,3.0,1.0,0.2,0.4,20.0,3,2185.625,13,24,10,23,67
99791,2.0,10.0,2.0,7.0,3.0,1.0,0.2,0.4,20.0,4,1712.03125,13,22,9,20,64
99791,2.0,10.0,2.0,7.0,3.0,1.0,0.2,0.4,20.0,5,1540.0390625,13,21,9,20,63
99791,2.0,10.0,2.0,7.0,3.0,1.0,0.2,0.4,20.0,6,1025.048828125,10,16,7,20,53
99791,2.0,10.0,2.0,7.0,3.0,1.0,0.2,0.4,20.0,7,801.31103515625,10,16,7,19,53
99791,2.0,10.0,2.0,7.0,3.0,1.0,0.2,0.4,20.0,8,301.6387939453125,10,15,5,18,49
99791,2.0,10.0,2.0,7.0,3.0,1.0,0.2,0.4,20.0,9,17.048492431640625,8,14,5,17,46
99791,2.0,10.0,2.0,7.0,3.0,1.0,0.2,0.4,20.0,10,0,7,13,4,13,30
99791,2.0,10.0,2.0,7.0,3.0,1.0,0.2,0.4,20.0,11,0,7,11,4,11,24
99791,2.0,10.0,2.0,7.0,3.0,1.0,0.2,0.4,20.0,12,0,6,10,3,5,20
99791,2.0,10.0,2.0,7.0,3.0,1.0,0.2,0.4,20.0,13,0,5,9,2,2,17
99791,2.0,10.0,2.0,7.0,3.0,1.0,0.2,0.4,20.0,14,0,5,6,0,1,12
99791,2.0,10.0,2.0,7.0,3.0,1.0,0.2,0.4,20.0,15,0,4,5,0,1,9
99791,2.0,10.0,2.0,7.0,3.0,1.0,0.2,0.4,20.0,16,0,4,4,0,0,8
99791,2.0,10.0,2.0,7.0,3.0,1.0,0.2,0.4,20.0,17,0,2,3,0,0,5
99791,2.0,10.0,2.0,7.0,3.0,1.0,0.2,0.4,20.0,18,0,2,1,0,0,3
99791,2.0,10.0,2.0,7.0,3.0,1.0,0.2,0.4,20.0,19,0,1,1,0,0,2
99791,2.0,10.0,2.0,7.0,3.0,1.0,0.2,0.4,20.0,20,0,0,1,0,0,1