Exp Num,agent:svo_convergence_factor,agent:params:metabolism,agent:params:consumption_factor,agent:params:procreate_cost_factor,agent:params:procreate_req_factor,agent:params:start_energy_factor,agent:params:caught_chance,agent:params:caught_cooldown_factor,agent:params:maximum_age,Epoch,Resource,A,B,C,D,E
97630,2.0,10.0,2.0,3.0,3.0,2.0,0.1,0.2,10.0,0,3520.0,15,19,18,27,73
97630,2.0,10.0,2.0,3.0,3.0,2.0,0.1,0.2,10.0,1,3100.0,14,19,18,26,72
97630,2.0,10.0,2.0,3.0,3.0,2.0,0.1,0.2,10.0,2,2995.0,14,19,18,26,72
97630,2.0,10.0,2.0,3.0,3.0,2.0,0.1,0.2,10.0,3,2623.75,13,17,17,26,68
97630,2.0,10.0,2.0,3.0,3.0,2.0,0.1,0.2,10.0,4,2619.6875,13,17,17,26,68
97630,2.0,10.0,2.0,3.0,3.0,2.0,0.1,0.2,10.0,5,2094.609375,11,17,16,25,65
97630,2.0,10.0,2.0,3.0,3.0,2.0,0.1,0.2,10.0,6,1978.26171875,13,18,16,25,68
97630,2.0,10.0,2.0,3.0,3.0,2.0,0.1,0.2,10.0,7,1192.8271484375,13,17,16,22,67
97630,2.0,10.0,2.0,3.0,3.0,2.0,0.1,0.2,10.0,8,711.033935546875,13,19,16,22,69
97630,2.0,10.0,2.0,3.0,3.0,2.0,0.1,0.2,10.0,9,0,15,17,16,16,66
97630,2.0,10.0,2.0,3.0,3.0,2.0,0.1,0.2,10.0,10,0,9,11,8,8,39
97630,2.0,10.0,2.0,3.0,3.0,2.0,0.1,0.2,10.0,11,0,6,6,5,3,22
97630,2.0,10.0,2.0,3.0,3.0,2.0,0.1,0.2,10.0,12,0,5,5,3,1,16
97630,2.0,10.0,2.0,3.0,3.0,2.0,0.1,0.2,10.0,13,0,4,4,1,0,10
97630,2.0,10.0,2.0,3.0,3.0,2.0,0.1,0.2,10.0,14,0,4,4,0,0,8
97630,2.0,10.0,2.0,3.0,3.0,2.0,0.1,0.2,10.0,15,0,4,4,0,0,8
97630,2.0,10.0,2.0,3.0,3.0,2.0,0.1,0.2,10.0,16,0,3,3,0,0,6
97630,2.0,10.0,2.0,3.0,3.0,2.0,0.1,0.2,10.0,17,0,1,3,0,0,4
97630,2.0,10.0,2.0,3.0,3.0,2.0,0.1,0.2,10.0,18,0,0,2,0,0,2
97630,2.0,10.0,2.0,3.0,3.0,2.0,0.1,0.2,10.0,19,0,0,2,0,0,2
97630,2.0,10.0,2.0,3.0,3.0,2.0,0.1,0.2,10.0,20,100,0,1,0,0,1