Exp Num,agent:svo_convergence_factor,agent:params:metabolism,agent:params:consumption_factor,agent:params:procreate_cost_factor,agent:params:procreate_req_factor,agent:params:start_energy_factor,agent:params:caught_chance,agent:params:caught_cooldown_factor,agent:params:maximum_age,Epoch,Resource,A,B,C,D,E
99846,2.0,10.0,2.0,7.0,3.0,1.0,0.4,0.5,20.0,0,3000.0,18,34,6,22,78
99846,2.0,10.0,2.0,7.0,3.0,1.0,0.4,0.5,20.0,1,3250.0,18,34,6,22,78
99846,2.0,10.0,2.0,7.0,3.0,1.0,0.4,0.5,20.0,2,2942.5,12,25,5,20,62
99846,2.0,10.0,2.0,7.0,3.0,1.0,0.4,0.5,20.0,3,3118.125,12,21,5,20,58
99846,2.0,10.0,2.0,7.0,3.0,1.0,0.4,0.5,20.0,4,3197.65625,10,16,5,18,51
99846,2.0,10.0,2.0,7.0,3.0,1.0,0.4,0.5,20.0,5,3497.0703125,10,15,5,18,50
99846,2.0,10.0,2.0,7.0,3.0,1.0,0.4,0.5,20.0,6,3571.337890625,5,12,4,17,40
99846,2.0,10.0,2.0,7.0,3.0,1.0,0.4,0.5,20.0,7,3624.17236328125,4,9,3,16,35
99846,2.0,10.0,2.0,7.0,3.0,1.0,0.4,0.5,20.0,8,3610.2154541015625,4,8,3,16,34
99846,2.0,10.0,2.0,7.0,3.0,1.0,0.4,0.5,20.0,9,3592.769317626953,4,7,3,16,33
99846,2.0,10.0,2.0,7.0,3.0,1.0,0.4,0.5,20.0,10,3550.9616470336914,4,7,3,16,33
99846,2.0,10.0,2.0,7.0,3.0,1.0,0.4,0.5,20.0,11,3538.7020587921143,2,7,3,16,31
99846,2.0,10.0,2.0,7.0,3.0,1.0,0.4,0.5,20.0,12,3483.377573490143,2,7,3,16,31
99846,2.0,10.0,2.0,7.0,3.0,1.0,0.4,0.5,20.0,13,3414.2219668626785,2,7,3,16,31
99846,2.0,10.0,2.0,7.0,3.0,1.0,0.4,0.5,20.0,14,3327.777458578348,2,7,3,16,31
99846,2.0,10.0,2.0,7.0,3.0,1.0,0.4,0.5,20.0,15,3219.721823222935,2,7,3,16,31
99846,2.0,10.0,2.0,7.0,3.0,1.0,0.4,0.5,20.0,16,3084.652279028669,2,7,3,16,31
99846,2.0,10.0,2.0,7.0,3.0,1.0,0.4,0.5,20.0,17,2915.8153487858362,2,7,3,16,31
99846,2.0,10.0,2.0,7.0,3.0,1.0,0.4,0.5,20.0,18,2704.7691859822953,2,7,3,16,31
99846,2.0,10.0,2.0,7.0,3.0,1.0,0.4,0.5,20.0,19,2440.961482477869,2,8,3,16,32
99846,2.0,10.0,2.0,7.0,3.0,1.0,0.4,0.5,20.0,20,2411.2018530973364,1,6,1,11,21
99846,2.0,10.0,2.0,7.0,3.0,1.0,0.4,0.5,20.0,21,2574.0023163716705,0,4,1,8,13
99846,2.0,10.0,2.0,7.0,3.0,1.0,0.4,0.5,20.0,22,2977.502895464588,0,2,0,5,7
99846,2.0,10.0,2.0,7.0,3.0,1.0,0.4,0.5,20.0,23,3561.878619330735,0,2,0,2,5
99846,2.0,10.0,2.0,7.0,3.0,1.0,0.4,0.5,20.0,24,4372.348274163419,0,1,0,2,2
99846,2.0,10.0,2.0,7.0,3.0,1.0,0.4,0.5,20.0,25,5405.435342704273,0,1,0,1,1
99846,2.0,10.0,2.0,7.0,3.0,1.0,0.4,0.5,20.0,26,6716.794178380342,0,1,0,1,1
99846,2.0,10.0,2.0,7.0,3.0,1.0,0.4,0.5,20.0,27,8355.992722975427,0,1,0,1,1
99846,2.0,10.0,2.0,7.0,3.0,1.0,0.4,0.5,20.0,28,9980.0,0,1,0,0,1