Exp Num,agent:svo_convergence_factor,agent:params:metabolism,agent:params:consumption_factor,agent:params:procreate_cost_factor,agent:params:procreate_req_factor,agent:params:start_energy_factor,agent:params:caught_chance,agent:params:caught_cooldown_factor,agent:params:maximum_age,Epoch,Resource,A,B,C,D,E
90142,2.0,10.0,1.0,1.0,1.0,2.0,0.1,0.4,30.0,0,4000.0,19,41,25,38,112
90142,2.0,10.0,1.0,1.0,1.0,2.0,0.1,0.4,30.0,1,3500.0,24,57,57,52,173
90142,2.0,10.0,1.0,1.0,1.0,2.0,0.1,0.4,30.0,2,3045.0,11,52,72,46,159
90142,2.0,10.0,1.0,1.0,1.0,2.0,0.1,0.4,30.0,3,2616.25,10,44,78,34,147
90142,2.0,10.0,1.0,1.0,1.0,2.0,0.1,0.4,30.0,4,2340.3125,6,34,78,26,126
90142,2.0,10.0,1.0,1.0,1.0,2.0,0.1,0.4,30.0,5,2065.390625,6,30,66,22,106
90142,2.0,10.0,1.0,1.0,1.0,2.0,0.1,0.4,30.0,6,1741.73828125,2,28,64,18,96
90142,2.0,10.0,1.0,1.0,1.0,2.0,0.1,0.4,30.0,7,1507.1728515625,0,28,65,12,93
90142,2.0,10.0,1.0,1.0,1.0,2.0,0.1,0.4,30.0,8,1303.966064453125,0,26,56,7,82
90142,2.0,10.0,1.0,1.0,1.0,2.0,0.1,0.4,30.0,9,1089.9575805664062,0,23,55,7,78
90142,2.0,10.0,1.0,1.0,1.0,2.0,0.1,0.4,30.0,10,902.4469757080078,0,21,51,5,72
90142,2.0,10.0,1.0,1.0,1.0,2.0,0.1,0.4,30.0,11,708.0587196350098,0,16,49,2,65
90142,2.0,10.0,1.0,1.0,1.0,2.0,0.1,0.4,30.0,12,535.0733995437622,0,13,41,1,54
90142,2.0,10.0,1.0,1.0,1.0,2.0,0.1,0.4,30.0,13,368.84174942970276,0,11,35,0,46
90142,2.0,10.0,1.0,1.0,1.0,2.0,0.1,0.4,30.0,14,251.05218678712845,0,9,26,0,35
90142,2.0,10.0,1.0,1.0,1.0,2.0,0.1,0.4,30.0,15,113.81523348391056,0,8,21,0,29
90142,2.0,10.0,1.0,1.0,1.0,2.0,0.1,0.4,30.0,16,0,0,5,17,0,22
90142,2.0,10.0,1.0,1.0,1.0,2.0,0.1,0.4,30.0,17,0,0,4,11,0,15
90142,2.0,10.0,1.0,1.0,1.0,2.0,0.1,0.4,30.0,18,0,0,2,10,0,12
90142,2.0,10.0,1.0,1.0,1.0,2.0,0.1,0.4,30.0,19,0,0,1,5,0,6
90142,2.0,10.0,1.0,1.0,1.0,2.0,0.1,0.4,30.0,20,0,0,1,4,0,5
90142,2.0,10.0,1.0,1.0,1.0,2.0,0.1,0.4,30.0,21,0,0,0,3,0,3
90142,2.0,10.0,1.0,1.0,1.0,2.0,0.1,0.4,30.0,22,0,0,0,2,0,2
90142,2.0,10.0,1.0,1.0,1.0,2.0,0.1,0.4,30.0,23,0,0,0,1,0,1