Exp Num,agent:svo_convergence_factor,agent:params:metabolism,agent:params:consumption_factor,agent:params:procreate_cost_factor,agent:params:procreate_req_factor,agent:params:start_energy_factor,agent:params:caught_chance,agent:params:caught_cooldown_factor,agent:params:maximum_age,Epoch,Resource,A,B,C,D,E
96595,2.0,10.0,2.0,1.0,3.0,2.0,0.4,0.5,10.0,0,3760.0,23,33,18,42,89
96595,2.0,10.0,2.0,1.0,3.0,2.0,0.4,0.5,10.0,1,3600.0,21,34,24,41,94
96595,2.0,10.0,2.0,1.0,3.0,2.0,0.4,0.5,10.0,2,3480.0,18,34,21,39,87
96595,2.0,10.0,2.0,1.0,3.0,2.0,0.4,0.5,10.0,3,3250.0,14,34,20,39,82
96595,2.0,10.0,2.0,1.0,3.0,2.0,0.4,0.5,10.0,4,3142.5,10,33,22,37,79
96595,2.0,10.0,2.0,1.0,3.0,2.0,0.4,0.5,10.0,5,2828.125,7,35,24,36,80
96595,2.0,10.0,2.0,1.0,3.0,2.0,0.4,0.5,10.0,6,2615.15625,4,31,22,37,71
96595,2.0,10.0,2.0,1.0,3.0,2.0,0.4,0.5,10.0,7,2308.9453125,4,30,21,38,69
96595,2.0,10.0,2.0,1.0,3.0,2.0,0.4,0.5,10.0,8,2026.181640625,1,32,19,37,66
96595,2.0,10.0,2.0,1.0,3.0,2.0,0.4,0.5,10.0,9,1632.72705078125,0,34,16,32,64
96595,2.0,10.0,2.0,1.0,3.0,2.0,0.4,0.5,10.0,10,1320.9088134765625,0,32,15,28,58
96595,2.0,10.0,2.0,1.0,3.0,2.0,0.4,0.5,10.0,11,1031.1360168457031,0,28,12,24,46
96595,2.0,10.0,2.0,1.0,3.0,2.0,0.4,0.5,10.0,12,768.9200210571289,0,25,12,16,41
96595,2.0,10.0,2.0,1.0,3.0,2.0,0.4,0.5,10.0,13,521.1500263214111,0,21,11,14,34
96595,2.0,10.0,2.0,1.0,3.0,2.0,0.4,0.5,10.0,14,231.43753290176392,0,16,12,14,29
96595,2.0,10.0,2.0,1.0,3.0,2.0,0.4,0.5,10.0,15,0,0,14,14,13,28
96595,2.0,10.0,2.0,1.0,3.0,2.0,0.4,0.5,10.0,16,0,0,4,8,12,12
96595,2.0,10.0,2.0,1.0,3.0,2.0,0.4,0.5,10.0,17,0,0,4,4,5,8
96595,2.0,10.0,2.0,1.0,3.0,2.0,0.4,0.5,10.0,18,0,0,1,2,4,3
96595,2.0,10.0,2.0,1.0,3.0,2.0,0.4,0.5,10.0,19,0,0,1,1,1,2
96595,2.0,10.0,2.0,1.0,3.0,2.0,0.4,0.5,10.0,20,0,0,0,1,0,1